	statistic_less	pvalue_less	statistic_greater	pvalue_greater	mean_MCF102A	median_MCF102A	std_MCF102A	mean_SKBR3	median_SKBR3	std_SKBR3
EX_lac__L_e	8474758307.0	1.0	8474758307.0	0.0	5.088668894197155	5.27498729744365	1.0794429559854535	3.6611888545264892	3.6624250855998732	0.8093653878324611
EX_glc__D_e_r	8198910611.0	1.0	8198910611.0	0.0	3.003851572192993	3.114099243482975	0.6374556852468853	2.2512434548699622	2.2523655557753433	0.49891682759767497
EX_gluIN__L_e	10000000000.0	1.0	10000000000.0	0.0	0.02127641787040594	0.021145012893216998	0.01069499900632105	0.0	0.0	0.0
EX_gluOUT__L_e	14062067.0	0.0	14062067.0	1.0	0.040251258700464525	0.0413095566728317	0.008062458671229518	0.14214435801245695	0.1427650634790639	0.03891093388140167
EX_gln__L_e_r	9705912498.0	1.0	9705912498.0	0.0	0.661870711827713	0.6849816349212647	0.14104811123830516	0.33539262531905345	0.33522019695666627	0.07416901561509344
EX_asp__L_e	10000000000.0	1.0	10000000000.0	0.0	0.022590589329401646	0.022473482220742552	0.013238419788274064	0.0	0.0	0.0
DM_asp__L_e	8430193654.0	1.0	8430193654.0	0.0	2.541259145390829	1.785939836161479	2.366204196370596	0.4906436676293348	0.38516270827465315	0.42416681406469525
EX_co2_e	9999346745.0	1.0	9999346745.0	0.0	138.0549310459039	136.0774100803893	18.419906436135868	65.87550567516924	64.85945241538579	8.664595178334796
EX_h_e_f	5655866082.0	1.0	5655866082.0	0.0	290.32390130659707	327.6133950653091	135.04467548191306	282.9797081033714	281.2734007321364	91.37907730341905
EX_h2o_e_f	6521187248.0	1.0	6521187248.0	0.0	128.31211912457817	131.03167844402552	35.47641297342021	106.2355279093212	108.18520255956858	42.472985046818835
EX_ump_e_r	4543304574.0	2.0412383787601558e-274	4543304574.0	1.0	1.0760786668266578e-05	1.0309004173115144e-05	6.508565225883925e-06	1.1779870808809152e-05	1.1305262780573734e-05	6.3337258722668525e-06
EX_pi_e_r	6647039270.0	1.0	6647039270.0	0.0	0.00020769270972581787	0.00021156209538545002	1.9440488749480913e-05	0.00019528806751514753	0.00020016870714945	2.322793286684411e-05
EX_nh4_e	9930084777.0	1.0	9930084777.0	0.0	97.25160842994727	93.58494295927126	21.270989282415332	38.18693645036858	35.11816935559651	12.422195602500818
EX_o2_e_r	9999639072.0	1.0	9999639072.0	0.0	103.18476935803037	102.56317485115	11.777848754810295	50.66948720519676	50.98205437981089	6.105330320873407
EX_arg__L_e_r	8140552553.0	1.0	8140552553.0	0.0	0.09580909636753893	0.09969274996304539	0.0193114113279853	0.07740267255224678	0.0788207951793686	0.0049436898064761335
EX_pro__L_e	10000000000.0	1.0	10000000000.0	0.0	5.1713036224007725e-05	5.039113278895154e-05	2.1792983042232053e-05	0.0	0.0	0.0
EX_leu__L_e_r	6612819691.0	1.0	6612819691.0	0.0	0.00014468660682245493	0.00014701146980495	1.4795069625597866e-05	0.0001358205934308119	0.0001383281193443	1.6592224849100866e-05
EX_ile__L_e_r	6252800822.0	1.0	6252800822.0	0.0	6.63733831449742e-05	6.793611901855618e-05	5.897304601315852e-06	6.343893470406847e-05	6.524480393803133e-05	7.302971006540802e-06
EX_met__L_e_r	7957014876.0	1.0	7957014876.0	0.0	0.003055185975040292	0.0032086506849818503	0.0011975014960557851	0.0018273461630648566	0.00195352422832965	0.0007877572860833736
EX_gly_e_r	9010929821.0	1.0	9010929821.0	0.0	0.13138357382759897	0.13425731133125665	0.06666218491553194	0.03310604646284727	0.0316918642776595	0.021312601147012854
EX_phe__L_e_r	8960063479.0	1.0	8960063479.0	0.0	9.8549760410977e-05	0.00010077395097484999	8.683974299304476e-06	7.697351598901543e-05	7.674541546829296e-05	1.4566459506972493e-05
EX_ser__L_e_r	9097996291.0	1.0	9097996291.0	0.0	0.12340811011898299	0.12506085177576026	0.0722667593282623	0.02070131319060107	0.017522622549679	0.015388309390650003
EX_ala__L_e_f	8225710765.0	1.0	8225710765.0	0.0	2.309809300088073	1.7606412584574938	2.0023503018506044	0.568796321388284	0.4109211684444817	0.5292710488165553
EX_ribflv_e					0.0	0.0	0.0	0.0	0.0	0.0
EX_asn__L_e	10000000000.0	1.0	10000000000.0	0.0	0.030028172437411266	0.0305454170989339	0.009096464863373841	0.0	0.0	0.0
EX_fol_e_r	18354766.0	0.0	18354766.0	1.0	0.0001728367152934119	0.00018230444041265	5.1525312876454215e-05	0.0009510899297465825	0.0009989548052183	0.0002356325261349511
EX_urea_e	0.0	0.0	0.0	1.0	0.0	0.0	0.0	0.027524309812686533	0.026158755908624348	0.017413909906368263
EX_pyr_e	10000000000.0	1.0	10000000000.0	0.0	0.24836370486938059	0.24708288461138483	0.13110771908113017	0.0	0.0	0.0
PYRt2	10000000000.0	1.0	10000000000.0	0.0	0.24836370486938059	0.24708288461138483	0.13110771908113017	0.0	0.0	0.0
EX_gudac_e	6066440089.0	1.0	6066440089.0	0.0	0.034113681816753824	0.0303432225742053	0.024254176958780793	0.024412474687612012	0.0219707982143675	0.01646554195970947
EX_hdca_e_f	9944252031.0	1.0	9944252031.0	0.0	2.0242174479416986	1.9962047227567967	0.824632445122147	0.15416339625250874	0.11648517853657836	0.13682406028677718
EX_ptrcIN_e	10000000000.0	1.0	10000000000.0	0.0	0.0003110562200102187	0.0003215310246112	9.160096379053145e-05	0.0	0.0	0.0
EX_ptrcOUT_e	8102993466.0	1.0	8102993466.0	0.0	0.043348358799608	0.0404489619358308	0.02747243939245692	0.015679081003642938	0.012406371837081251	0.012735588989047456
EX_biomassx	6252800822.0	1.0	6252800822.0	0.0	0.00023201149038011164	0.0002374741120203	2.0614324070064034e-05	0.00022175397864937637	0.00022806648514745	2.552790150427743e-05
EX_gthox_e	5203416258.0	1.0	5203416258.0	3.0977739155641064e-56	0.5549558841222578	0.4352819257940057	0.4567024104358603	0.4781450084815891	0.42001414099147055	0.31927930691109524
EX_2obut_e	1027106210.0	0.0	1027106210.0	1.0	0.012941159811578225	0.013277716583494751	0.003137826224304887	0.02323213421175961	0.023769524389499398	0.006998449373367404
EX_crn_e	9999972176.0	1.0	9999972176.0	0.0	18.536226255245307	18.636011048599542	2.451521737797018	2.530343199091542	2.364957919423813	1.5074706267950504
EX_val__L_e_r	0.0	0.0	0.0	1.0	0.020551196737587193	0.02150179003501795	0.005863595728518961	0.12319362231867091	0.12575304124588385	0.02145558002558914
EX_spmd_e	1031315354.0	0.0	1031315354.0	1.0	0.0022083340486190473	0.00191338180920325	0.001549501184422216	0.015193714382797933	0.01213720261322835	0.011959558628416559
EX_sprm_e	167221861.0	0.0	167221861.0	1.0	0.00137013055973348	0.00124767152328785	0.0008715475946835618	0.027929327331493118	0.02619013441813285	0.01638493102597949
EX_5mthf_e	18354768.0	0.0	18354768.0	1.0	0.0001728367216984159	0.0001823044466744	5.1525313382526505e-05	0.0009510899294923854	0.0009989548049638502	0.000235632526131359
EX_tmlys_e_r	9999972176.0	1.0	9999972176.0	0.0	18.53622625524526	18.636011048599677	2.451521737796993	2.5303431990916048	2.364957919423862	1.5074706267950455
EX_thbpt_e_r	9440846887.0	1.0	9440846887.0	0.0	3.835066704798389e-05	3.9130480563723994e-05	3.408822093950569e-06	1.943589816476568e-05	1.893412135638734e-05	1.1127048978766716e-05
EX_CE2705_e	9440846887.0	1.0	9440846887.0	0.0	3.835066704798389e-05	3.9130480563723994e-05	3.408822093950569e-06	1.943589816476568e-05	1.893412135638734e-05	1.1127048978766716e-05
EX_crtn_e	8810422977.0	1.0	8810422977.0	0.0	0.061612062106156135	0.0620518298347165	0.024408839522314086	0.02538622071846068	0.02277537884494835	0.01712733552791868
EX_his__L_e_r	3468698216.0	0.0	3468698216.0	1.0	0.08247766124620488	0.08350014573572234	0.03666325799702187	0.10663034108772648	0.10859940882225655	0.04717588220667286
EX_lys__L_e_r	5402503296.0	1.0	5402503296.0	1.0689519993268031e-213	0.008951746527661853	0.008542858437907551	0.005568035249626493	0.007926996914644643	0.008426355333368801	0.0039994285495656735
EX_carn_e_r	9999725377.0	1.0	9999725377.0	0.0	24.44910711134431	24.10061629310841	3.132311298288697	8.00436654143864	8.054087550311245	0.6362593132836463
EX_csn_e_r	6978130715.0	1.0	6978130715.0	0.0	13.166905942223737	11.112196515652027	9.94307885678559	6.872424029838573	5.298244432167735	6.0161642395161445
EX_cys__L_e	10000000000.0	1.0	10000000000.0	0.0	0.03464431174095911	0.0346181788549604	0.009001590194515442	0.0	0.0	0.0
EX_cyan_e_r	5402209650.0	1.0	5402209650.0	2.1734281573712215e-213	0.09703690209108115	0.0967192105034979	0.04201596376410903	0.09457696991844822	0.08715933392026184	0.05474548329550362
EX_tcyntc	5351712725.0	1.0	5351712725.0	9.926355311239635e-164	0.043904560751722665	0.037809634974851555	0.03269378839527011	0.03974723510455907	0.03194404593416675	0.03050550416204552
EX_tcynt_e	5075406292.0	0.9999999974045157	5075406292.0	2.5954854633425183e-09	0.05313234133935949	0.04662130216047225	0.037362545412503986	0.0548297348138886	0.04395083147421755	0.044077726068497435
EX_so3_e	208232567.0	0.0	208232567.0	1.0	0.031152250539179204	0.0310292532735884	0.01113009946846365	0.14985159756635172	0.14768569590697284	0.06460372859005661
EX_thr__L_e_r	789048677.0	0.0	789048677.0	1.0	0.010012201628123848	0.010348012258906001	0.0029318749562284013	0.02152296606831473	0.022166460801136448	0.007124563105516046
EX_trp__L_e_r	9365740843.0	1.0	9365740843.0	0.0	0.02819463324109863	0.0299180317855782	0.010846845460049215	0.007958427879159458	0.0079106852641966	0.0025278426821714723
EX_anth_e	9579997177.0	1.0	9579997177.0	0.0	0.027923388722432135	0.0296823033426542	0.010877686232377297	0.0051843551920559465	0.005103790462701201	0.0023816009867036465
EX_tyr__L_e_r	0.0	0.0	0.0	1.0	0.0	0.0	0.0	1.8177703027910676e-05	1.8400859555456515e-05	1.0728237665325401e-05
EX_cystinex_r	3048425.0	0.0	3048425.0	1.0	0.0850421677867167	0.0871077631422354	0.011034376474813654	0.1764757107616585	0.1814215038034669	0.02029055059333249
EX_3hydroxybutanoatex_r	9049471499.0	1.0	9049471499.0	0.0	8.678269127430948	8.142184870544236	4.332463725574638	3.2758312987225224	3.36352087351847	0.6146768946132021
EX_gthrd_e_r	5331065953.0	1.0	5331065953.0	2.45399475574264e-145	1.0671758710446333	0.8259955428059231	0.9104780185960917	0.8861411147799492	0.7679789239842512	0.6376453321137443
EX_cmp_e_r	3468149237.0	0.0	3468149237.0	1.0	3.9805230839064415e-06	3.529745930783524e-06	2.8419900659761004e-06	5.5313699351093325e-06	5.425302539174698e-06	2.923761217785672e-06
HEX1	5372080921.0	1.0	5372080921.0	5.819793177677661e-183	17.680444739515103	14.67353198569384	12.05907843889132	17.314930431254428	12.905230467705469	14.357921161968118
G6PP	5131074167.0	1.0	5131074167.0	1.6077100637372904e-24	14.676593167317522	11.686642987461354	12.083370513027258	15.063686976384318	10.6935062495567	14.292131966594264
PGI	8709814571.0	1.0	8709814571.0	0.0	2.2791734450360144	2.336421294419329	0.7381647337348461	1.1120812593257454	1.0447292464159812	0.6730196012516049
PFK	695611629.0	0.0	695611629.0	1.0	1.7744696400394957	1.7732360372035956	0.7631200191162368	14.168418712271226	10.59089864373906	12.135027114285107
FBP	216936076.0	0.0	216936076.0	1.0	0.30531020067272324	0.2539513945039331	0.239469948708878	13.278136546164149	9.694428704566157	12.079984239678542
FBA	7189312999.0	1.0	7189312999.0	0.0	1.469159439369694	1.4528631547218405	0.758990970992225	0.8902821661068383	0.8806807623037567	0.5535693733649676
TPI	8712290934.0	1.0	8712290934.0	0.0	2.758926224270826	2.8616561252385138	0.6430072057569097	1.8240916511432612	1.8004035277376653	0.45207366748630257
GAPD	8574661374.0	1.0	8574661374.0	0.0	5.757728838191531	5.975220212700622	1.2729477359700476	4.004188498195703	3.9861055026671104	0.9269072397310784
PGK	6357904780.0	1.0	6357904780.0	0.0	3.0780352242846973	3.029987907236526	1.7462994077866967	2.2628579582796995	2.195533530710928	1.2118935536871618
DPGM	6741155379.0	1.0	6741155379.0	0.0	2.6796936139208003	2.5412722502858633	1.5546247243460103	1.7413305399157566	1.7878161871970657	1.0084955588843572
DPGase	6741155379.0	1.0	6741155379.0	0.0	2.679693613920828	2.5412722502858447	1.5546247243459899	1.7413305399157588	1.7878161871970581	1.008495558884366
PGM_f	9903304441.0	1.0	9903304441.0	0.0	7.215582578942971	7.378408695027227	1.5545566670444668	2.831722211608633	2.9958462661983702	0.6103349567237315
ENO_f	3585199514.0	0.0	3585199514.0	1.0	7.227087889711345	7.396736629093558	1.6774452213588524	8.154798916749044	8.459263455714655	2.492966448748799
PYK	142559.0	0.0	142559.0	1.0	4.654864766294681	4.809247607033326	1.414100571468237	25.088106033574327	23.70066090601975	8.138929344860362
LDH_L	8474758307.0	1.0	8474758307.0	0.0	5.088668894180211	5.274987297455221	1.0794429559905867	3.661188854526424	3.6624250855998106	0.8093653878324746
r0407	6240169853.0	1.0	6240169853.0	0.0	1.2897667849011323	1.1837395083907178	0.7859463095998442	0.9338094850364766	0.9107873016010807	0.5327122288356885
PRPPS	2123874.0	0.0	2123874.0	1.0	0.004985110484410753	0.00523092781573585	0.0016210783818567654	0.07108558245350184	0.0681024892923314	0.02958936607380148
G6PDH2r	3388173971.0	0.0	3388173971.0	1.0	0.7246142793890298	0.7472285906439808	0.419969446294965	1.1391011701798217	1.0480410189795084	0.721994767423827
PGL	3388173971.0	0.0	3388173971.0	1.0	0.7246142794028722	0.7472285906116387	0.4199694462934084	1.139101170179824	1.0480410189795109	0.721994767423827
GND	3388173971.0	0.0	3388173971.0	1.0	0.7246142793818622	0.747228590577466	0.4199694462974062	1.139101170179687	1.0480410189793736	0.7219947674238371
RPI	2813305782.0	0.0	2813305782.0	1.0	0.24486150013362112	0.2524386757171435	0.13998744764524948	0.4270907783622806	0.39892445456503944	0.24132703445842318
TKT2_f	5402215516.0	1.0	5402215516.0	2.1428462298729533e-213	0.5247029385799425	0.5245645008800313	0.17150400418530004	0.5057887517391826	0.47954141144541534	0.23452701497851108
RPE_f	5454407795.0	1.0	5454407795.0	1.0656529280658169e-271	0.8543342393561159	0.8542793239691291	0.2886266319930982	0.8188517271463794	0.76045708780045	0.4840520806576977
TKT1_f	4588299518.0	1.8311490323789847e-223	4588299518.0	1.0	0.4258860427999491	0.428959688163685	0.1794736495499606	0.4735133645165102	0.44656900875288785	0.25063156577402673
TALA_f	1450077552.0	0.0	1450077552.0	1.0	0.8808737614650429	0.907150113876278	0.373834560339842	2.3454635225320217	2.30158086584275	1.2052065830373384
r0408	6240169853.0	1.0	6240169853.0	0.0	1.2897667849178462	1.1837395084166518	0.7859463096046129	0.9338094850364849	0.9107873016010888	0.5327122288356881
PDHm	9999745637.0	1.0	9999745637.0	0.0	28.240318344143553	28.305742596928056	4.368645956658552	9.04038713762064	8.964040312370926	1.660769150696917
PCm	7135012377.0	1.0	7135012377.0	0.0	79.21516309316169	71.5480784000475	44.823830296458304	49.67934443350505	48.34721931593185	16.578641496745664
PEPCK_re	0.0	0.0	0.0	1.0	0.0	0.0	0.0	23.24763491710769	21.91166391303598	8.14483977939438
CSm	9998528681.0	1.0	9998528681.0	0.0	50.81737272653953	50.551506671789724	9.099666175567984	18.878939402671453	18.565553070565365	3.117006920809023
ACONTm_f	5070996328.0	0.9999999809390345	5070996328.0	1.9060973884615424e-08	11.935782306853772	9.818523708669613	8.695663501224375	10.282921433664896	10.739447848930972	4.187492286854976
ICDHxm	4156979246.0	0.0	4156979246.0	1.0	16.01085067592397	13.580544936286582	12.211782486699327	19.17948624945972	17.70966751948707	11.922586932544405
ICDHym_f	1174529950.0	0.0	1174529950.0	1.0	7.266066156126047	6.671883381357105	4.675035334293598	33.263149685729736	33.459487109187734	20.042088700567636
AKGDm	400466327.0	0.0	400466327.0	1.0	6.884453346980794	6.438362407870022	4.0597928846371	16.301408147007965	16.351001297846437	2.8699775373269985
SUCOAS1m_f	80655494.0	0.0	80655494.0	1.0	7.140247339973307	7.154945659728769	3.4127740834841886	18.757139861663703	18.867981789837884	3.3594450200646717
SUCD1m	9999614110.0	1.0	9999614110.0	0.0	43.97739342338941	43.91870462438645	5.1576338156794765	21.485224880922047	21.57652786663483	2.2273697637171086
FUMm_f	6994657615.0	1.0	6994657615.0	0.0	177.94300167490036	187.93206847153326	66.85740443032999	126.51526069181868	123.34223574748913	73.638651439906
MDHm_f	3252958535.0	0.0	3252958535.0	1.0	218.24447228188612	217.61659655681058	105.97559224284164	352.6877398745272	343.0418656227506	211.05213965776497
ME1m	8222772256.0	1.0	8222772256.0	0.0	57.808698507700775	47.00023104336006	46.397250388612285	16.413593879432376	13.159641703149827	13.402251105591914
ME2m	7702755244.0	1.0	7702755244.0	0.0	7.466991594779313	7.017631685708702	4.481140018321121	3.5387287020550087	3.1538248008129335	2.3867164044319877
ME2	7335220222.0	1.0	7335220222.0	0.0	24.70891895733129	22.731536731518474	15.425139533116571	13.011042328413438	10.839690791345966	9.749027381592612
ACITL	9882015631.0	1.0	9882015631.0	0.0	21.395995455800588	21.183346978935003	7.41062636027784	4.49957652690881	4.070423389813879	2.7410212403523286
FUM_f	5186849158.0	1.0	5186849158.0	8.942607624280225e-48	110.8332697355845	107.45917315162754	33.01386228827328	107.23927269274128	107.61151200991549	33.23887200129568
MDH_f	5007791751.0	0.7269268946499433	5007791751.0	0.27307313110645565	204.0301315377949	195.59669639430456	116.0136529829997	202.14857493366318	199.62091212790506	114.88781046312045
AKGMALtm_f	883651692.0	0.0	883651692.0	1.0	58.8974544469528	59.61338213599023	26.906621361973176	248.7793345501126	229.6816165104925	145.66184449659755
ACONT	9998190245.0	1.0	9998190245.0	0.0	62.47323102489496	61.41514074563079	19.600305552683373	7.84110228770898	7.921032080088468	3.9608500346087894
ICDHyr	9998190245.0	1.0	9998190245.0	0.0	62.47323102488372	61.415140745624484	19.600305552681306	7.84110228770898	7.921032080088475	3.9608500346087845
PPA	5151582340.0	1.0	5151582340.0	3.904997112373698e-32	24.84772974277432	24.137574033670333	8.957384261418996	24.744513918182854	23.380272510057075	10.287300995844653
Complex1ROS	8936006623.0	1.0	8936006623.0	0.0	72.86409115199527	71.77742039769691	14.791285358817316	49.720590788010455	50.22658045293962	11.684579229505005
FADH2ETC	8766088092.0	1.0	8766088092.0	0.0	59.13246878434522	57.618393635956224	11.590599862057227	40.99101026789618	40.1472487019538	10.786245964340578
CYOR_u10mi	9900230967.0	1.0	9900230967.0	0.0	128.35336571708112	126.88690998287463	16.216996346726344	88.2255797102982	88.76888683536465	9.866596594603719
CYOOm2i	9900230967.0	1.0	9900230967.0	0.0	64.17668285854066	63.44345499143721	8.10849817336317	44.1127898551491	44.38444341768232	4.933298297301859
ATPS4mi	9260751518.0	1.0	9260751518.0	0.0	218.36299928359045	212.28269077760322	38.10090436936517	161.44943300520166	162.84469518486802	21.48444837260687
GLUCYS	3463411094.0	0.0	3463411094.0	1.0	0.04273589719984137	0.0355053629257477	0.033279705595243916	0.07014890218326188	0.05789473321765585	0.05215448164918866
GTHS	3463411094.0	0.0	3463411094.0	1.0	0.04273589719983839	0.03550536292576615	0.03327970559524442	0.0701489021832622	0.057894733217655245	0.05215448164918901
SPODMm	8936006623.0	1.0	8936006623.0	0.0	1.8216022787998183	1.7944355099423714	0.36978213397044324	1.243014769700222	1.2556645113234417	0.29211448073761764
GTHPi	8380198766.0	1.0	8380198766.0	0.0	0.04910997672965079	0.048482346957649	0.026590947327799947	0.01852088250082583	0.0160596613601953	0.013334146737712643
GTHPm	8936006623.0	1.0	8936006623.0	0.0	1.8216022787998216	1.7944355099423732	0.3697821339704412	1.2430147697002274	1.2556645113234497	0.2921144807376162
GDR	5114224700.0	1.0	5114224700.0	4.463669070542154e-19	0.03888822219234012	0.0351803555384122	0.026604305273995064	0.041748619381711795	0.03128047757529355	0.03614044342217577
GTHOr	4258855083.0	0.0	4258855083.0	1.0	0.043112796834940084	0.0390644217691971	0.02876580984726322	0.05324764595227377	0.0490499400982159	0.03615705822503734
GDRm	6681081620.0	1.0	6681081620.0	0.0	0.5969889256126126	0.5179119698150403	0.4320327186403882	0.3452822581753459	0.3047360278492383	0.243859079436217
GTHOm	6615027429.0	1.0	6615027429.0	0.0	0.6696574690649704	0.6130025088887596	0.45747777691989405	0.4195875030433074	0.3515799872458474	0.31525998681516293
r0885	5203416258.0	1.0	5203416258.0	3.0977739155641064e-56	1.1099117682444881	0.8705638515872998	0.9134048208714556	0.9562900169631838	0.8400282819829338	0.638558613822191
PYRt2m_f	4861094290.0	2.6711421301282805e-27	4861094290.0	1.0	116.32383664079383	111.75803697812529	47.996332805274726	116.64007653598304	115.44311662171472	40.97594574904795
HMR_4964	9999625710.0	1.0	9999625710.0	0.0	83.86922648068344	82.42685399087341	23.92412220583359	12.34067881461781	12.363606215865728	4.717077928995527
r2420	7244786268.0	1.0	7244786268.0	0.0	120.6782233048006	121.95484370203184	29.938065340532493	93.8912808634029	94.75040082002761	32.65453431847777
ATPtm	7953348134.0	1.0	7953348134.0	0.0	139.14278317065927	139.81206459148822	20.517584134779923	111.73962938243287	111.244108242924	25.02620404591175
FUMtm_f	932882666.0	0.0	932882666.0	1.0	23.588771432264675	23.529305038851916	9.830923127903848	132.25259651095365	127.74210110340857	81.79904858322689
CO2tm_f	1475319611.0	0.0	1475319611.0	1.0	137.8862195935177	132.7488125786992	67.69097052613859	229.2862768487368	237.47079077334556	50.54375987875772
O2tm	9900974473.0	1.0	9900974473.0	0.0	65.9982851373367	65.21028842305378	8.37706801807133	45.355804624849235	45.64716659547055	5.078792817205667
r0801_f	139927025.0	0.0	139927025.0	1.0	11.19277142822892	11.459965664568914	4.349188652479518	28.427671750426555	29.016914932790378	6.45300303295725
THD1m	9833218481.0	1.0	9833218481.0	0.0	140.53979940529112	117.83372073686701	85.54298075494579	21.22973506583668	22.264400229675225	8.990245063382359
H2Otm_f	5777993912.0	1.0	5777993912.0	0.0	8.278870690659728	7.7169520446923485	5.259327109139517	6.8979065546512235	5.684030181724536	5.001801679970802
NH4tm_f	5459948400.0	1.0	5459948400.0	2.641639627601586e-278	102.381271521472	104.04321564295643	47.49706756099852	93.9439026851326	97.97277704361883	50.71633486931786
HCO3E	9882016019.0	1.0	9882016019.0	0.0	18.721481814968257	18.535413395943934	6.484297218702095	3.937109388876688	3.561607312347185	2.398391794254031
HCO3Em	7132788408.0	1.0	7132788408.0	0.0	79.22014882457007	71.55196826813511	44.82313456633926	49.70944721953962	48.37750869699366	16.581623809329486
GLUN	5058774432.0	0.9999973511127952	5058774432.0	2.6488881803925892e-06	14.594782491418128	10.636075387886834	13.14424972583559	14.245230612983773	10.524273260587439	12.810357728148198
GLNS	4457596275.0	0.0	4457596275.0	1.0	16.56830111106645	12.768405724665145	13.382623985881137	18.38201115036157	15.064598575642261	13.182646394766433
GLUt2m	5948563310.0	1.0	5948563310.0	0.0	1.6035723585249737	1.312629665887703	1.3050563368712857	1.1800934409153474	0.8969628137107339	0.9973214406463039
GLNtm_1	6920539776.0	1.0	6920539776.0	0.0	2.255022722403301	1.6464665597316364	2.038221391119716	1.0055467043346513	0.7841289392393969	0.8590742606904088
GLUNm	6920539776.0	1.0	6920539776.0	0.0	2.255022722404738	1.646466559734887	2.038221391117941	1.0055467043346382	0.7841289392393866	0.8590742606904057
GLUPRT	6252871247.0	1.0	6252871247.0	0.0	2.6176980712835443e-05	2.6793328095434765e-05	2.325826898148538e-06	2.5019614628203207e-05	2.5731829472870027e-05	2.880211020368479e-06
PRAGSr	6252871250.0	1.0	6252871250.0	0.0	2.6176980712775114e-05	2.679332809574598e-05	2.3258268981393642e-06	2.5019614627537927e-05	2.5731829469835924e-05	2.8802110202283573e-06
GARFT	6252871251.0	1.0	6252871251.0	0.0	2.6176980713406834e-05	2.6793328096334483e-05	2.3258268981058713e-06	2.5019614628758823e-05	2.5731829470478226e-05	2.8802110202681437e-06
PRFGS	6252871248.0	1.0	6252871248.0	0.0	2.6176980713044853e-05	2.6793328096119025e-05	2.325826898108081e-06	2.5019614628758674e-05	2.5731829470478077e-05	2.8802110202681445e-06
PRAIS	6252871248.0	1.0	6252871248.0	0.0	2.617698071253063e-05	2.6793328095275143e-05	2.3258268980817113e-06	2.5019614628758833e-05	2.57318294704783e-05	2.8802110202681297e-06
AIRCr	6252871248.0	1.0	6252871248.0	0.0	2.6176980712530585e-05	2.679332809527514e-05	2.325826898081706e-06	2.5019614628758867e-05	2.5731829470478307e-05	2.8802110202681314e-06
PRASCSi	6252871248.0	1.0	6252871248.0	0.0	2.617698071269857e-05	2.6793328095654777e-05	2.325826898055538e-06	2.5019614628758816e-05	2.5731829470478185e-05	2.880211020268125e-06
ADSL2r	6252871251.0	1.0	6252871251.0	0.0	2.6176980714088614e-05	2.6793328096158023e-05	2.3258268981673756e-06	2.5019614628758803e-05	2.5731829470478226e-05	2.8802110202681085e-06
AICART	6252871250.0	1.0	6252871250.0	0.0	2.6176980714175452e-05	2.679332809649309e-05	2.325826898136575e-06	2.501961462875864e-05	2.5731829470478056e-05	2.88021102026814e-06
IMPC	6252871250.0	1.0	6252871250.0	0.0	2.6176980714175462e-05	2.6793328096493146e-05	2.3258268981365804e-06	2.50196146287588e-05	2.573182947047826e-05	2.8802110202681174e-06
ADSS	6252920158.0	1.0	6252920158.0	0.0	1.550097198375381e-05	1.5865961551148903e-05	1.3772587770428228e-06	1.4815605071857474e-05	1.52373499325476e-05	1.705544625385072e-06
ADSL1r	6252920158.0	1.0	6252920158.0	0.0	1.5500971983856673e-05	1.5865961552229937e-05	1.3772587771003844e-06	1.4815605071857462e-05	1.5237349932547596e-05	1.7055446253850773e-06
IMPDH2	6252800018.0	1.0	6252800018.0	0.0	1.0676008730305015e-05	1.0927371262339882e-05	9.485681218906534e-07	1.0204009551715009e-05	1.0494479534730836e-05	1.1746663948666373e-06
GMPS	4173745016.0	0.0	4173745016.0	1.0	6.061023314456696e-06	6.390051931187549e-06	3.0445033092505666e-06	6.9264369772015965e-06	7.452088500089917e-06	2.879923735680256e-06
GMPS2	6302702788.0	1.0	6302702788.0	0.0	4.614985415725751e-06	4.2163533460470806e-06	3.0271791259338665e-06	3.277572574513534e-06	2.5157341528572936e-06	2.630207334837354e-06
GK1	6252800011.0	1.0	6252800011.0	0.0	1.0676008730363065e-05	1.0927371262483837e-05	9.48568121887109e-07	1.0204009552597719e-05	1.0494479532978352e-05	1.1746663950078038e-06
RNDR2	6252800822.0	1.0	6252800822.0	0.0	2.296449731787254e-06	2.3505187607602435e-06	2.040405796467167e-07	2.1949208806720256e-06	2.2574020699901425e-06	2.526751690893464e-07
ADK1	5151582159.0	1.0	5151582159.0	3.905644594436111e-32	24.847716844278676	24.137561352783685	8.957384199345864	24.74450158976925	23.380260411609704	10.287300934746703
RNDR1	6252800811.0	1.0	6252800811.0	0.0	3.0586074765426036e-06	3.130621217621444e-06	2.7175863429355977e-07	2.923382700535392e-06	3.0066004736998115e-06	3.3653432553089847e-07
CBPS	5967034405.0	1.0	5967034405.0	0.0	1.0338335612194433e-05	9.80245318879013e-06	6.328163797251498e-06	8.193793110443147e-06	7.642440767705428e-06	5.669304942630517e-06
ASPCT	5967034405.0	1.0	5967034405.0	0.0	1.0338335612126077e-05	9.802453188642174e-06	6.328163797212236e-06	8.193793110443359e-06	7.642440767705975e-06	5.669304942630589e-06
DHORTS	5967034404.0	1.0	5967034404.0	0.0	1.0338335612088423e-05	9.802453188423575e-06	6.32816379707489e-06	8.193793110443478e-06	7.642440767706112e-06	5.669304942630588e-06
DHORD9	5967034404.0	1.0	5967034404.0	0.0	1.0338335611932573e-05	9.802453187876998e-06	6.328163797298007e-06	8.193793110443249e-06	7.642440767705778e-06	5.669304942630603e-06
ORPT	5967034404.0	1.0	5967034404.0	0.0	1.0338335611932576e-05	9.802453187877003e-06	6.328163797298004e-06	8.193793110443256e-06	7.6424407677058e-06	5.669304942630611e-06
OMPDC	5967034404.0	1.0	5967034404.0	0.0	1.0338335611932588e-05	9.802453187877025e-06	6.3281637972980045e-06	8.19379311044324e-06	7.642440767705695e-06	5.669304942630626e-06
UMPK	5934995863.0	1.0	5934995863.0	0.0	2.1099122308667933e-05	2.1521550356870784e-05	3.6745226580370903e-06	1.9973663919254344e-05	1.994566373629596e-05	3.7325264233247068e-06
RNDR4	570203669.0	0.0	570203669.0	1.0	1.4321062338980816e-06	1.4068580294863953e-06	8.557484471768443e-07	2.9029813344996273e-06	2.985618357066187e-06	3.341857585924962e-07
TMDS	570203669.0	0.0	570203669.0	1.0	1.4321062338977032e-06	1.4068580294877749e-06	8.557484471764964e-07	2.902981334499637e-06	2.985618357066196e-06	3.341857585924959e-07
URIDK2r	570203669.0	0.0	570203669.0	1.0	1.4321062338977171e-06	1.4068580294877763e-06	8.557484471765023e-07	2.9029813344996324e-06	2.985618357066197e-06	3.341857585924961e-07
NDPK2	7020458756.0	1.0	7020458756.0	0.0	1.9667016074903364e-05	1.998723184596366e-05	3.469806475648041e-06	1.7070682584754487e-05	1.7011878876963346e-05	3.5283846668442102e-06
NDPK3_f	3286381619.0	0.0	3286381619.0	1.0	4.2148817181356905e-06	4.408419736102122e-06	1.6315417450670368e-06	5.422592437712833e-06	5.547877777654422e-06	2.025079318589832e-06
CYTK1_r	3468149237.0	0.0	3468149237.0	1.0	3.980523083906438e-06	3.529745930783516e-06	2.8419900659761004e-06	5.531369935109339e-06	5.4253025391747e-06	2.923761217785679e-06
CTPS1	6903776651.0	1.0	6903776651.0	0.0	7.266929959979194e-06	7.637385673939577e-06	2.9766811714978413e-06	5.218819441857656e-06	5.22629408501597e-06	2.9521868092857565e-06
RNDR3	6252800820.0	1.0	6252800820.0	0.0	2.190652492142824e-06	2.2422305657008166e-06	1.9464044786935704e-07	2.0938010664079103e-06	2.153403752763073e-06	2.4103444600340456e-07
GDHm	8928403504.0	1.0	8928403504.0	0.0	102.15008616807468	78.53273336166473	83.67655266456707	14.004174857392384	10.533760979509303	11.23816507944664
GLUDym_f	9330827211.0	1.0	9330827211.0	0.0	174.35313363088335	166.69225117496435	78.7338214094405	58.37684382349869	57.48474198558401	23.630262556818014
ASPTA_f	7062903316.0	1.0	7062903316.0	0.0	135.3543747728029	135.08417839333183	65.69967467199359	90.04652845262262	82.0907045583285	45.48772443780049
ASPTAm	4264903041.0	0.0	4264903041.0	1.0	17.976760240650353	14.410896740218963	14.75618467282921	20.61760019755275	18.88249979598006	13.406028307221977
ASPGLUm	4278063004.0	0.0	4278063004.0	1.0	17.95966016735982	14.395628641093504	14.757314029756056	20.538016176561396	18.797975471352878	13.397612961521842
ASPT	7174514897.0	1.0	7174514897.0	0.0	2.1240733302344537	1.537932860269399	1.9914851344229987	0.8569862923567978	0.6245557175417159	0.7880408822493719
CBPSam					0.0	0.0	0.0	0.0	0.0	0.0
OCBTm					0.0	0.0	0.0	0.0	0.0	0.0
ORNt4m					0.0	0.0	0.0	0.0	0.0	0.0
ARGSS	6518898540.0	1.0	6518898540.0	0.0	1.5599992901461026	1.1693709036386442	1.4262506868422826	0.8629393431031119	0.6486801849102106	0.7666236326193455
ARGSL	6518898540.0	1.0	6518898540.0	0.0	1.5599992901458617	1.169370903638494	1.426250686842286	0.8629393431031107	0.6486801849102066	0.7666236326193447
ARGN	0.0	0.0	0.0	1.0	0.0	0.0	0.0	0.027524309812686505	0.0261587559086244	0.017413909906368263
ORNDC	8140218826.0	1.0	8140218826.0	0.0	0.09572574391760423	0.0996094049661989	0.01931078316505564	0.07732300521875675	0.0787399629443789	0.004943058332432101
SPMS	2514636.0	0.0	2514636.0	1.0	0.0035784646083525645	0.00363056554678835	0.0013243705541981991	0.04312304171429062	0.04249651851788925	0.015517341146584948
SPRMS	167221861.0	0.0	167221861.0	1.0	0.0013701305597334716	0.00124767152328785	0.0008715475946835591	0.02792932733149307	0.0261901344181329	0.01638493102597949
ADMDC	2116828.0	0.0	2116828.0	1.0	0.004948595168086191	0.0051945128533804	0.0016205404125555717	0.07105236904585753	0.06806786331262946	0.029588454494685414
MTAP	2116828.0	0.0	2116828.0	1.0	0.004948595168087309	0.00519451285338055	0.00162054041255529	0.07105236904578272	0.06806786331253695	0.029588454494695018
ADPT	2116828.0	0.0	2116828.0	1.0	0.00494859516808603	0.00519451285338035	0.0016205404125555914	0.07105236904578252	0.0680678633125369	0.029588454494695
MTRI	2116828.0	0.0	2116828.0	1.0	0.004948595168086033	0.00519451285338035	0.0016205404125555977	0.07105236904578273	0.06806786331253689	0.029588454494694993
MDRPD	2116828.0	0.0	2116828.0	1.0	0.004948595168086028	0.00519451285338035	0.0016205404125555932	0.07105236904578276	0.06806786331253689	0.029588454494695066
DKMPPD	2116828.0	0.0	2116828.0	1.0	0.004948595168086028	0.00519451285338035	0.0016205404125555932	0.07105236904578244	0.0680678633125366	0.029588454494694938
SPMDtex2	1031315354.0	0.0	1031315354.0	1.0	0.0022083340486190465	0.00191338180920325	0.001549501184422215	0.015193714382798169	0.0121372026132289	0.011959558628416602
SPRMti	167221861.0	0.0	167221861.0	1.0	0.0013701305597334814	0.00124767152328785	0.0008715475946835617	0.027929327331493174	0.026190134418132997	0.016384931025979498
GLYAMDTRc	9514811158.0	1.0	9514811158.0	0.0	0.09572574391760451	0.0996094049661995	0.019310783165055658	0.049798695406072686	0.0508338639840598	0.01778265789549071
ARGDr	6518898540.0	1.0	6518898540.0	0.0	1.5599992901478137	1.1693709036400612	1.4262506868420217	0.8629393431031119	0.6486801849102106	0.7666236326193455
r0074_f	1391914583.0	0.0	1391914583.0	1.0	6.706459029701707e-05	6.973662131206287e-05	2.0622177646830497e-05	9.146996812921559e-05	9.407377605959115e-05	1.0529850924077562e-05
GLU5SAtmc_f	9721295163.0	1.0	9721295163.0	0.0	0.0006012772928009207	0.0006195148836951	0.00027646692752486936	9.146996812921574e-05	9.407377605959124e-05	1.0529850924077592e-05
G5SADs_f	1266533898.0	0.0	1266533898.0	1.0	6.638575265617506e-05	6.825973397966018e-05	1.9799964428393857e-05	9.146996812921609e-05	9.407377605959227e-05	1.0529850924077779e-05
PRO1x	2748362827.0	0.0	2748362827.0	1.0	2.0988306724779954e-05	1.7361808387952473e-05	1.627248776704443e-05	4.3000587915911384e-05	3.823270081443679e-05	2.8881589957408565e-05
P5CR	2300457623.0	0.0	2300457623.0	1.0	2.299968464916096e-05	1.8950567696820024e-05	1.787668288929247e-05	4.846938021331966e-05	5.1491979527873416e-05	2.6855321857044024e-05
PROD2					0.0	0.0	0.0	0.0	0.0	0.0
EXRiboflavin					0.0	0.0	0.0	0.0	0.0	0.0
RBFK					0.0	0.0	0.0	0.0	0.0	0.0
FMNAT					0.0	0.0	0.0	0.0	0.0	0.0
TransportFAD					0.0	0.0	0.0	0.0	0.0	0.0
ASNS1	955131608.0	0.0	955131608.0	1.0	0.3763495804815558	0.32508310817852654	0.2619192815891914	3.436618175248885	2.532442585932184	3.1997703337050094
ASNN	1029447836.0	0.0	1029447836.0	1.0	0.4063129230990855	0.3556000227682945	0.25456454922926747	3.4365562116433983	2.5323816395447443	3.199770169910554
METS	4875611338.0	2.8423795363352342e-22	4875611338.0	1.0	4.380838262342394	3.34909326215414	3.850238191529254	4.71911337504825	3.536260711778154	4.285565488285779
METAT	4807254407.0	1.0517709398619607e-50	4807254407.0	1.0	4.3888065415513005	3.3569945118255538	3.8503515827789028	4.791959157906884	3.6107810015701673	4.284029081026038
HMR_3915	4839833689.0	1.2063225361333716e-35	4839833689.0	1.0	4.32224588427708	3.2925796608249094	3.8472250854419414	4.695520568142387	3.5147885978367146	4.284128557622689
AHCi	4876899422.0	7.472216712925022e-22	4876899422.0	1.0	4.383857946379727	3.352383856322618	3.850184637523033	4.720906788860764	3.5384329693037184	4.28554434458287
ADNK1	4876899422.0	7.472216712925022e-22	4876899422.0	1.0	4.383857946379727	3.3523838563226365	3.8501846375230353	4.72090678886081	3.5384329693037575	4.28554434458287
CYSTS	7954181449.0	1.0	7954181449.0	0.0	0.0030196840498178767	0.0031733774478106998	0.0011975089269161254	0.0017934138126657908	0.0019204417531446	0.0007881124508854051
CYSTGL	7954181449.0	1.0	7954181449.0	0.0	0.0030196840498177106	0.0031733774478115004	0.0011975089269166083	0.0017934138126657778	0.00192044175314465	0.0007881124508854018
MTHFR3	8691191342.0	1.0	8691191342.0	0.0	0.05876521483357864	0.0590697584746174	0.02420187375265841	0.02454389683528382	0.022048978611826052	0.017143381493217303
MetSynthesis	946015890.0	0.0	946015890.0	1.0	0.0038740864805110933	0.00403371236076365	0.001770336791071158	0.029874481608598857	0.024063301884834798	0.02404472381181854
UNK3	118895805.0	0.0	118895805.0	1.0	0.0010745086875770134	0.00085393915428295	0.000812780330957787	0.04117788743714703	0.0350808634830213	0.02911395951648961
5MTHFt	18354768.0	0.0	18354768.0	1.0	0.00017283672169841628	0.0001823044466744	5.152531338252649e-05	0.0009510899294923854	0.0009989548049638502	0.000235632526131359
ILETA					0.0	0.0	0.0	0.0	0.0	0.0
3MOPt2im					0.0	0.0	0.0	0.0	0.0	0.0
ILETAm					0.0	0.0	0.0	0.0	0.0	0.0
LEUTA	5743511690.0	1.0	5743511690.0	0.0	6.24131025328197e-06	5.1405261454988055e-06	4.832329065400222e-06	4.827528020494651e-06	4.036387778292273e-06	3.6357606293791474e-06
4MOPt2im	5743511692.0	1.0	5743511692.0	0.0	6.241310254174747e-06	5.14052614561883e-06	4.832329064969741e-06	4.8275280204947066e-06	4.036387778292561e-06	3.635760629379184e-06
LEUTAm	5748330402.0	1.0	5748330402.0	0.0	1.18728200612604e-05	1.2602032650340196e-05	7.36552255825026e-06	1.0016512882056104e-05	9.373214915527022e-06	6.146486370355988e-06
OIVD1m	6482099088.0	1.0	6482099088.0	0.0	1.811413031551345e-05	1.9253749479135773e-05	7.074224170871906e-06	1.4844040902550873e-05	1.4734058605964359e-05	6.0812199982427895e-06
ACOAD8m	6482099088.0	1.0	6482099088.0	0.0	1.8114130315513463e-05	1.9253749479135797e-05	7.074224170871887e-06	1.4844040902550844e-05	1.4734058605964379e-05	6.081219998242791e-06
MCCCrm	6482099088.0	1.0	6482099088.0	0.0	1.811413031552607e-05	1.925374947958648e-05	7.074224170815576e-06	1.4844040902550761e-05	1.4734058605964394e-05	6.0812199982427785e-06
MGCHrm	6482099088.0	1.0	6482099088.0	0.0	1.8114130315526077e-05	1.9253749479586547e-05	7.074224170815542e-06	1.4844040902550717e-05	1.4734058605964403e-05	6.08121999824275e-06
HMGCOAtm	6483998154.0	1.0	6483998154.0	0.0	1.8178196998378274e-05	1.931807703784566e-05	7.069933898139327e-06	1.4905417637401942e-05	1.4789769369840044e-05	6.084589527135396e-06
VALTA	2843424565.0	0.0	2843424565.0	1.0	0.01189117749994074	0.0115292186281181	0.0068114388972258695	0.018403931086435777	0.01902268916356955	0.008741851165658166
3MOBt2im	2843424565.0	0.0	2843424565.0	1.0	0.011891177499940756	0.0115292186281181	0.006811438897225863	0.01840393108643623	0.0190226891635699	0.008741851165658166
VALTAim	58914.0	0.0	58914.0	1.0	0.008578210362063353	0.00704729769836915	0.006447725037760047	0.10471149922708342	0.10743236121617915	0.023327130812484647
OIVD2m	0.0	0.0	0.0	1.0	0.020469387862012883	0.0214210192773795	0.005863795811383369	0.12311543031351913	0.12568088577587105	0.021455345907940068
ACOAD9m	0.0	0.0	0.0	1.0	0.020469387862003446	0.0214210192774096	0.005863795811387954	0.12311543031351913	0.125680885775871	0.021455345907940043
ECOAH12m	0.0	0.0	0.0	1.0	0.020469387862003453	0.02142101927740955	0.005863795811387949	0.12311543031351896	0.12568088577587044	0.021455345907939977
3HBCOAHLm	0.0	0.0	0.0	1.0	0.020469387862003485	0.0214210192774096	0.005863795811387969	0.12311543031351896	0.12568088577587044	0.021455345907939977
HIBDm	0.0	0.0	0.0	1.0	0.020469387862003415	0.0214210192773936	0.005863795811389652	0.12311543031351896	0.12568088577587044	0.021455345907939977
r0643	1249344963.0	0.0	1249344963.0	1.0	0.008832140610935117	0.00763632318712305	0.006323164795351847	0.042630696912954576	0.03928265944917145	0.02917968535700079
MMSAD1m	1123401443.0	0.0	1123401443.0	1.0	0.004949439081168318	0.0044139057975166995	0.003549827365557718	0.030073036577250654	0.023524475889604102	0.024084307859634554
MMTSADm	756994127.0	0.0	756994127.0	1.0	0.0066878081698997895	0.0052628594170659	0.005468819446652495	0.0504116968233138	0.04663018095067015	0.033085046803548936
PCC	1124164723.0	0.0	1124164723.0	1.0	0.004967617278164782	0.0044328659186186	0.0035499600400162516	0.030087941994887197	0.023536419314342902	0.024084117037420198
MMALH	1249344963.0	0.0	1249344963.0	1.0	0.008832140610935124	0.00763632318712305	0.006323164795351846	0.04263069691295449	0.0392826594491714	0.029179685357000763
MMEm	277650542.0	0.0	277650542.0	1.0	0.013799757889099665	0.01335243673772145	0.006368217110441008	0.07271863890784043	0.07385997750577394	0.030912996690011064
MMMm	0.0	0.0	0.0	1.0	0.020487566058999845	0.02143837050379275	0.00586303240347694	0.12313033573115759	0.1256952136147408	0.02145649733918522
ILEtmi					0.0	0.0	0.0	0.0	0.0	0.0
LEUt5m	5748330402.0	1.0	5748330402.0	0.0	1.1872820061270796e-05	1.2602032650324487e-05	7.365522558250682e-06	1.0016512882056588e-05	9.373214915527547e-06	6.146486370355906e-06
VALt5m	58914.0	0.0	58914.0	1.0	0.008578210362057866	0.00704729769837735	0.006447725037759637	0.10471149922708217	0.1074323612161773	0.02332713081248474
PGCD	2235896512.0	0.0	2235896512.0	1.0	1.1028640718714515	0.9379674575513861	0.8271246251356464	2.1637173817293456	2.0769170978331237	1.1212808255220628
PSERT	2235896512.0	0.0	2235896512.0	1.0	1.1028640719017397	0.9379674575384405	0.8271246251420322	2.1637173817293456	2.0769170978331886	1.1212808255220528
PSP_L	2235896512.0	0.0	2235896512.0	1.0	1.1028640719388674	0.937967457559894	0.8271246251229631	2.163717381729816	2.076917097834774	1.1212808255218984
GHMT2r_f	7115817917.0	1.0	7115817917.0	0.0	50.360446136356714	50.55408065463911	23.832645257279797	33.338037085716195	34.177679430213416	16.01459820916005
SERD_L	9999862315.0	1.0	9999862315.0	0.0	19.75215840968932	19.822146867749332	2.5450310933398748	4.625895364253752	4.5993104364760224	1.7596315740510196
ALATA_L_f	8134305681.0	1.0	8134305681.0	0.0	2.306367711190423	1.7576516592097762	2.0010583538244266	0.5957278472007512	0.4381611778399541	0.5300682556220387
r1435	1397975170.0	0.0	1397975170.0	1.0	4.8307543981653556e-05	3.6513841649868805e-05	4.102651361415039e-05	0.00023621033801932923	0.00018963573736785	0.0001899415636883053
GLYtm_r	1397975170.0	0.0	1397975170.0	1.0	4.8307543981653576e-05	3.651384164986883e-05	4.102651361415047e-05	0.00023621033801931994	0.0001896357373678	0.00018994156368830597
GHMT2rm	1397975170.0	0.0	1397975170.0	1.0	4.830754398165362e-05	3.651384164986884e-05	4.102651361415052e-05	0.00023621033801932002	0.0001896357373678	0.00018994156368830597
MLTHFtm_r	338370475.0	0.0	338370475.0	1.0	0.0001155954005539458	0.00011559430206664999	5.249244100246734e-05	0.000592613563080282	0.0005761717672987999	0.00027796863253056766
r0962	338370475.0	0.0	338370475.0	1.0	0.00011559540055314246	0.00011559430206455	5.249244100253747e-05	0.0005926135630802787	0.0005761717672987999	0.00027796863253056793
FORtm_r	1274572856.0	0.0	1274572856.0	1.0	6.728785656711419e-05	5.588361944996647e-05	5.024596819160412e-05	0.00035640322505853413	0.0003012336940077	0.00026407150707129516
r0514	338370475.0	0.0	338370475.0	1.0	0.00011559540055314246	0.00011559430206455	5.2492441002537546e-05	0.0005926135630802743	0.0005761717672987999	0.00027796863253056814
DHFRim	338370475.0	0.0	338370475.0	1.0	0.00011559540055314249	0.00011559430206455	5.249244100253751e-05	0.0005926135630802787	0.0005761717672987999	0.00027796863253056814
FTHFLmi	1274572856.0	0.0	1274572856.0	1.0	6.728785657130542e-05	5.588361944972345e-05	5.024596819531485e-05	0.00035640322506091943	0.00030123369401395	0.00026407150707097353
MTHFCm	1274572856.0	0.0	1274572856.0	1.0	6.728785657206903e-05	5.588361945184444e-05	5.024596819507232e-05	0.00035640322506091943	0.00030123369401395	0.00026407150707097375
MTHFDm	1274572856.0	0.0	1274572856.0	1.0	6.728785657230585e-05	5.588361945136182e-05	5.0245968195100804e-05	0.0003564032250609192	0.00030123369401395	0.00026407150707097375
FOLR2	930423525.0	0.0	930423525.0	1.0	5.724131474027757e-05	4.800987345005418e-05	4.331048939207415e-05	0.0003584763666662794	0.0003219452538686	0.0002485713667501633
DHFR	906119440.0	0.0	906119440.0	1.0	5.8673420952230076e-05	4.946828505854213e-05	4.326552206012628e-05	0.00036137934792279284	0.00032481116966185004	0.00024855284475354297
FTHFLi	653423719.0	0.0	653423719.0	1.0	0.033077586674138786	0.03483681391498315	0.010807950973934699	0.07865596704435734	0.07605482074046971	0.02986150334698865
FTHFDH	1782719977.0	0.0	1782719977.0	1.0	2.859452987548019	2.522258199157295	2.087491197811532	5.321297412452461	5.493263569857801	1.6257652854376419
MTHFC_f	8720846248.0	1.0	8720846248.0	0.0	0.3225832597180164	0.3312696567330885	0.14237642681225088	0.12528619486710427	0.1160257179336525	0.07627989076098213
MTHFD	9229062853.0	1.0	9229062853.0	0.0	40.76984902083343	39.2244935946117	16.766603392689355	13.578687971931599	11.39068326201252	10.443783769928874
MTHFD2i_f	8489172419.0	1.0	8489172419.0	0.0	88.26923838094466	87.52463818048693	46.388092519711776	33.17747289724263	29.896093304751556	20.899548290106186
ACACT1r	4309285587.0	0.0	4309285587.0	1.0	8.916241153328627e-06	7.338606852871643e-06	6.778288105522965e-06	1.003267820541495e-05	9.543332684793723e-06	5.920918273227835e-06
HMGCOAS	3945567058.0	0.0	3945567058.0	1.0	1.022140149259394e-05	8.71782222400137e-06	6.846597181023264e-06	1.2238599873159566e-05	1.1951013467999517e-05	6.064975644488554e-06
HMGCOAR	6252800820.0	1.0	6252800820.0	0.0	2.8399598491315904e-05	2.906825615598435e-05	2.523316952126286e-06	2.714401751056146e-05	2.791670618096764e-05	3.1247683115325996e-06
MEVK1	6252800821.0	1.0	6252800821.0	0.0	2.839959849135786e-05	2.9068256155971868e-05	2.5233169521226484e-06	2.71440175105615e-05	2.7916706180967606e-05	3.1247683115326e-06
PMEVK	6252800821.0	1.0	6252800821.0	0.0	2.8399598491360526e-05	2.9068256155954216e-05	2.523316952117831e-06	2.7144017510561428e-05	2.7916706180967627e-05	3.1247683115326076e-06
IPDDI	6252800821.0	1.0	6252800821.0	0.0	9.466532830453745e-06	9.689418718651187e-06	8.41105650705928e-07	9.048005836853952e-06	9.305568726989626e-06	1.041589437177524e-06
DPMVD	6252800821.0	1.0	6252800821.0	0.0	2.8399598491360485e-05	2.9068256155954196e-05	2.5233169521178317e-06	2.7144017510561418e-05	2.7916706180967752e-05	3.1247683115325767e-06
DMATT	6252800821.0	1.0	6252800821.0	0.0	9.466532830453764e-06	9.689418718651187e-06	8.411056507059327e-07	9.048005836853935e-06	9.305568726989636e-06	1.0415894371775214e-06
GRTT	6252800821.0	1.0	6252800821.0	0.0	9.466532830453796e-06	9.689418718651194e-06	8.411056507059367e-07	9.048005836853938e-06	9.305568726989614e-06	1.0415894371775203e-06
HMR_1465	6252800821.0	1.0	6252800821.0	0.0	4.733266415226896e-06	4.844709359325584e-06	4.205528253529672e-07	4.524002918426967e-06	4.652784363494806e-06	5.207947185887583e-07
HMR_1467	6252800821.0	1.0	6252800821.0	0.0	4.733266415226895e-06	4.844709359325602e-06	4.20552825352968e-07	4.524002918426943e-06	4.652784363494743e-06	5.20794718588755e-07
SMO	6252800821.0	1.0	6252800821.0	0.0	4.733266415226891e-06	4.844709359325607e-06	4.2055282535296754e-07	4.524002918426959e-06	4.652784363494783e-06	5.207947185887567e-07
LNSTLS	6252800821.0	1.0	6252800821.0	0.0	4.733266415226878e-06	4.844709359325605e-06	4.2055282535296463e-07	4.524002918426978e-06	4.652784363494808e-06	5.207947185887593e-07
HMR_1477	6252800821.0	1.0	6252800821.0	0.0	4.733266415226893e-06	4.844709359325604e-06	4.205528253529674e-07	4.52400291842699e-06	4.6527843634948e-06	5.207947185887552e-07
HMR_1478	6252800821.0	1.0	6252800821.0	0.0	4.733266415226903e-06	4.844709359325603e-06	4.205528253529685e-07	4.52400291842693e-06	4.652784363494737e-06	5.207947185887503e-07
HMR_1479	6252800822.0	1.0	6252800822.0	0.0	4.733266415226897e-06	4.844709359325596e-06	4.205528253529672e-07	4.524002918383406e-06	4.6527843634656325e-06	5.207947185868045e-07
C14STR	6252800821.0	1.0	6252800821.0	0.0	4.733266415226907e-06	4.844709359325607e-06	4.2055282535296754e-07	4.524002918426934e-06	4.65278436349474e-06	5.2079471858875e-07
HMR_1490	6252800821.0	1.0	6252800821.0	0.0	4.733266415226882e-06	4.844709359325599e-06	4.2055282535296664e-07	4.524002918426944e-06	4.65278436349476e-06	5.207947185887541e-07
HMR_1493	6252800821.0	1.0	6252800821.0	0.0	4.733266415226903e-06	4.844709359325597e-06	4.2055282535296844e-07	4.524002918426968e-06	4.652784363494803e-06	5.20794718588757e-07
HMR_1494	6252800821.0	1.0	6252800821.0	0.0	4.733266415226905e-06	4.844709359325599e-06	4.2055282535296855e-07	4.524002918426969e-06	4.6527843634948196e-06	5.20794718588758e-07
C3STDH1	5430765179.0	1.0	5430765179.0	2.0755612647564015e-244	2.6033477860814973e-06	2.6582689317117606e-06	1.349043487669036e-06	2.397241652359665e-06	2.5467360536362818e-06	1.3282343586795025e-06
HMR_1495	5057390055.0	0.9999956136467163	5057390055.0	4.3863548642578426e-06	2.129918629151393e-06	2.0227428843128815e-06	1.3246539486988388e-06	2.1267612660672968e-06	1.890946871431146e-06	1.4284513259207971e-06
HMR_1500	6252800821.0	1.0	6252800821.0	0.0	4.733266415226903e-06	4.844709359325585e-06	4.2055282535296797e-07	4.52400291842698e-06	4.6527843634948314e-06	5.207947185887586e-07
HMR_1502	6252800821.0	1.0	6252800821.0	0.0	4.733266415226903e-06	4.8447093593256005e-06	4.2055282535296754e-07	4.524002918426927e-06	4.652784363494742e-06	5.207947185887494e-07
HMR_1503	6252800821.0	1.0	6252800821.0	0.0	4.733266415226905e-06	4.844709359325607e-06	4.2055282535296797e-07	4.524002918426927e-06	4.652784363494742e-06	5.207947185887494e-07
HMR_1504	6252800821.0	1.0	6252800821.0	0.0	4.7332664152269005e-06	4.844709359325601e-06	4.205528253529679e-07	4.524002918426937e-06	4.652784363494757e-06	5.207947185887536e-07
HMR_1505	6252800821.0	1.0	6252800821.0	0.0	4.7332664152268785e-06	4.844709359325594e-06	4.2055282535296606e-07	4.524002918426944e-06	4.652784363494757e-06	5.207947185887538e-07
HMR_1509	6252800821.0	1.0	6252800821.0	0.0	4.7332664152269e-06	4.844709359325607e-06	4.2055282535296786e-07	4.524002918426959e-06	4.652784363494799e-06	5.207947185887583e-07
CHLSTI_1	6252800821.0	1.0	6252800821.0	0.0	4.733266415226895e-06	4.844709359325604e-06	4.2055282535296754e-07	4.524002918426973e-06	4.652784363494839e-06	5.207947185887602e-07
HMR_1516	6252800821.0	1.0	6252800821.0	0.0	4.733266415226907e-06	4.844709359325597e-06	4.2055282535296966e-07	4.52400291842698e-06	4.65278436349485e-06	5.207947185887601e-07
RE2410C	6252800821.0	1.0	6252800821.0	0.0	4.733266415226898e-06	4.844709359325599e-06	4.20552825352967e-07	4.524002918426962e-06	4.652784363494785e-06	5.207947185887549e-07
DSMSTOLR	6252800821.0	1.0	6252800821.0	0.0	4.7332664152268785e-06	4.844709359325597e-06	4.2055282535296675e-07	4.524002918426985e-06	4.652784363494809e-06	5.207947185887536e-07
ACCOAC	9882016003.0	1.0	9882016003.0	0.0	18.721471476676452	18.53540687552533	6.4842971050403015	3.9371011950834642	3.561604112306604	2.3983921128280175
FASN	9882016003.0	1.0	9882016003.0	0.0	2.674495925239518	2.647915267932219	0.9263281578628938	0.5624430278690705	0.5088005874723948	0.34262744468971096
MCAT	9882016003.0	1.0	9882016003.0	0.0	18.72147147664215	18.535406875655823	6.484297105026684	3.937101195083469	3.561604112306599	2.3983921128280143
AcetoacetylACPsynthesis	9882016003.0	1.0	9882016003.0	0.0	2.674495925239566	2.6479152679323117	0.9263281578628837	0.5624430278690704	0.508800587472395	0.34262744468971096
r0691	9882016003.0	1.0	9882016003.0	0.0	2.6744959252395812	2.6479152679323104	0.926328157862887	0.5624430278690723	0.5088005874723964	0.3426274446897111
r0681	9882016003.0	1.0	9882016003.0	0.0	2.674495925239563	2.64791526793229	0.9263281578628934	0.5624430278690675	0.5088005874723932	0.3426274446897118
r0682	9882016003.0	1.0	9882016003.0	0.0	2.674495925239579	2.647915267932312	0.9263281578628868	0.5624430278690686	0.5088005874723927	0.3426274446897112
r0760	9882016003.0	1.0	9882016003.0	0.0	2.6744959252395795	2.6479152679323166	0.9263281578628868	0.562443027869069	0.5088005874723939	0.34262744468971146
r0761	9882016003.0	1.0	9882016003.0	0.0	2.6744959252395852	2.6479152679323112	0.9263281578628889	0.5624430278690685	0.5088005874723918	0.3426274446897111
r0762	9882016003.0	1.0	9882016003.0	0.0	2.6744959252395626	2.6479152679322873	0.9263281578628957	0.5624430278690654	0.5088005874723921	0.3426274446897117
r0763	9882016003.0	1.0	9882016003.0	0.0	2.6744959252395777	2.647915267932312	0.9263281578628862	0.562443027869066	0.5088005874723895	0.3426274446897115
r0764	9882016003.0	1.0	9882016003.0	0.0	2.674495925239576	2.647915267932315	0.9263281578628862	0.562443027869069	0.5088005874723939	0.34262744468971146
r0694	9882016003.0	1.0	9882016003.0	0.0	2.6744959252395395	2.6479152679322477	0.9263281578628991	0.5624430278690684	0.5088005874723918	0.34262744468971107
r0695	9882016003.0	1.0	9882016003.0	0.0	2.674495925239526	2.6479152679322278	0.9263281578628975	0.5624430278690651	0.5088005874723909	0.34262744468971135
r0765	9882016003.0	1.0	9882016003.0	0.0	2.674495925239532	2.6479152679322393	0.9263281578628962	0.56244302786907	0.5088005874723945	0.34262744468971124
r0766	9882016003.0	1.0	9882016003.0	0.0	2.6744959252395812	2.6479152679323144	0.9263281578628875	0.5624430278690686	0.5088005874723924	0.3426274446897111
r0692	9882016003.0	1.0	9882016003.0	0.0	2.6744959252395852	2.6479152679323112	0.9263281578628891	0.562443027869069	0.508800587472393	0.34262744468971157
r0693	9882016003.0	1.0	9882016003.0	0.0	2.6744959252395835	2.6479152679323	0.9263281578628905	0.5624430278690695	0.5088005874723935	0.34262744468971135
r0767	9882016003.0	1.0	9882016003.0	0.0	2.6744959252395755	2.647915267932314	0.9263281578628857	0.5624430278690675	0.5088005874723927	0.3426274446897114
r0768	9882016003.0	1.0	9882016003.0	0.0	2.6744959252395795	2.6479152679323166	0.9263281578628868	0.5624430278690653	0.5088005874723879	0.34262744468971174
r0769	9882016003.0	1.0	9882016003.0	0.0	2.6744959252395777	2.647915267932314	0.9263281578628865	0.5624430278690657	0.5088005874723902	0.34262744468971207
r0770	9882016003.0	1.0	9882016003.0	0.0	2.6744959252395795	2.6479152679323117	0.9263281578628888	0.5624430278690692	0.5088005874723931	0.3426274446897118
r0712	9882016003.0	1.0	9882016003.0	0.0	2.6744959252395755	2.6479152679323086	0.9263281578628867	0.5624430278690661	0.5088005874723911	0.3426274446897121
r0713	9882016003.0	1.0	9882016003.0	0.0	2.674495925239583	2.647915267932325	0.9263281578628855	0.5624430278690653	0.5088005874723879	0.34262744468971174
r0701	9882016003.0	1.0	9882016003.0	0.0	2.6744959252395786	2.6479152679323144	0.9263281578628862	0.5624430278690657	0.5088005874723902	0.34262744468971207
r0702	9882016003.0	1.0	9882016003.0	0.0	2.6744959252395817	2.6479152679323255	0.9263281578628867	0.5624430278690683	0.5088005874723923	0.3426274446897118
r0771	9882016003.0	1.0	9882016003.0	0.0	2.6744959252395715	2.647915267932309	0.9263281578628862	0.5624430278690692	0.5088005874723883	0.3426274446897112
r0772	9882016003.0	1.0	9882016003.0	0.0	2.674495925239576	2.6479152679322997	0.9263281578628877	0.5624430278690749	0.5088005874723938	0.3426274446897107
r0696	9882016003.0	1.0	9882016003.0	0.0	2.6744959252395772	2.6479152679323033	0.9263281578628871	0.5624430278690693	0.5088005874723893	0.34262744468971124
r0697	9882016003.0	1.0	9882016003.0	0.0	2.6744959252052825	2.647915268062347	0.926328157849531	0.5624430278690702	0.5088005874723905	0.342627444689711
r0773	9882016003.0	1.0	9882016003.0	0.0	2.6744959252052842	2.647915268062339	0.9263281578495307	0.5624430278690689	0.5088005874723884	0.3426274446897111
FA160ACPH	9882016003.0	1.0	9882016003.0	0.0	2.6744959252052936	2.6479152680623583	0.9263281578495315	0.5624430278690729	0.508800587472392	0.34262744468971146
TMLYStd_r	9999972176.0	1.0	9999972176.0	0.0	18.536226255245296	18.636011048599528	2.4515217377969893	2.530343199091605	2.364957919423861	1.507470626795046
TMLYSOX	9999972176.0	1.0	9999972176.0	0.0	18.53622625524521	18.636011048599467	2.4515217377969862	2.5303431990916057	2.364957919423861	1.5074706267950466
GHMT3	9999972176.0	1.0	9999972176.0	0.0	18.536226255245293	18.636011048599595	2.4515217377969822	2.5303431990915706	2.364957919423855	1.5074706267950413
TMABADH	9999972176.0	1.0	9999972176.0	0.0	18.53622625524523	18.63601104859946	2.4515217377969885	2.5303431990915626	2.36495791942384	1.507470626795043
BBHOX	9999972176.0	1.0	9999972176.0	0.0	18.536226255245325	18.636011048599556	2.451521737796994	2.5303431990915626	2.3649579194238415	1.5074706267950408
SUCFUMtm_r	9999972176.0	1.0	9999972176.0	0.0	37.07245251049077	37.272022097199	4.903043475593997	5.060686398182987	4.729915838847488	3.0149412535900266
palmitateActivation	6112982244.0	1.0	6112982244.0	0.0	0.6502939082826271	0.4888239979779666	0.5875011785801981	0.4082195276399347	0.34146204356000587	0.3229088860689754
carnitineAcylTransferaseI	6112982244.0	1.0	6112982244.0	0.0	0.6502939082826364	0.48882399797795495	0.5875011785802002	0.40821952763993663	0.3414620435600062	0.3229088860689753
CARN160t_m	6112982244.0	1.0	6112982244.0	0.0	0.6502939082826354	0.488823997977957	0.5875011785802003	0.4082195276399282	0.3414620435599802	0.3229088860689744
carnitineAcylTransferaseII	6112982244.0	1.0	6112982244.0	0.0	0.6502939082826408	0.4888239979779601	0.5875011785802	0.4082195276399338	0.34146204356000853	0.32290888606897583
betaOxidation	6112982244.0	1.0	6112982244.0	0.0	0.6502939082826353	0.4888239979779639	0.5875011785801988	0.40821952763991665	0.34146204355994586	0.32290888606897217
Biomass	6252800822.0	1.0	6252800822.0	0.0	0.0002320114903801098	0.0002374741120203	2.0614324070064088e-05	0.00022175397864937648	0.00022806648514745	2.55279015042774e-05
GLCt1_r	8198910613.0	1.0	8198910613.0	0.0	3.0038515722670587	3.1140992439887443	0.6374556852767321	2.251243454869951	2.2523655557753397	0.4989168275976829
O2t_r	9999639072.0	1.0	9999639072.0	0.0	103.18476935803041	102.56317485114988	11.777848754810286	50.66948720519667	50.982054379811274	6.105330320873387
GLNt_r	9705912498.0	1.0	9705912498.0	0.0	0.6618707118249024	0.6849816349196514	0.1410481112388541	0.33539262531905273	0.3352201969566554	0.0741690156150954
r0963_r	18354766.0	0.0	18354766.0	1.0	0.00017283671529341174	0.00018230444041265	5.152531287645427e-05	0.0009510899297465825	0.0009989548052183	0.0002356325261349511
THBPTt_r	9440846887.0	1.0	9440846887.0	0.0	3.835066704802688e-05	3.913048056377674e-05	3.4088220939515906e-06	1.9435898164765658e-05	1.8934121356386974e-05	1.1127048978766674e-05
ARGt5r_r	8140552553.0	1.0	8140552553.0	0.0	0.09580909636753875	0.0996927499630443	0.01931141132798527	0.07740267255224678	0.0788207951793686	0.0049436898064761335
PHEtec_r	8960063479.0	1.0	8960063479.0	0.0	9.854976041097702e-05	0.00010077395097484999	8.683974299304473e-06	7.697351598901543e-05	7.674541546829296e-05	1.4566459506972493e-05
ILEtec_r	6252800822.0	1.0	6252800822.0	0.0	6.637338314497417e-05	6.793611901855615e-05	5.897304601315852e-06	6.343893470406847e-05	6.524480393803133e-05	7.302971006540802e-06
LEUtec_r	6612819691.0	1.0	6612819691.0	0.0	0.0001446866068224549	0.00014701146980495	1.4795069625597884e-05	0.00013582059343082595	0.0001383281193443	1.6592224849097565e-05
VALtec_r	0.0	0.0	0.0	1.0	0.020551196737587166	0.02150179003501795	0.005863595728518949	0.12319362231867091	0.12575304124588385	0.02145558002558914
METtec_r	7957014876.0	1.0	7957014876.0	0.0	0.0030551859750402987	0.0032086506849818503	0.0011975014960557838	0.0018273461630648566	0.00195352422832965	0.0007877572860833736
r2526_r	9229861003.0	1.0	9229861003.0	0.0	0.19370550242481466	0.19308214941149227	0.07196555418251045	0.08386863102119829	0.0811245732536859	0.02606344128705733
GLYt4_r	9010929821.0	1.0	9010929821.0	0.0	0.13138357382759897	0.13425731133125665	0.06666218491553194	0.03310604646284184	0.03169186427765465	0.021312601147013572
r2532_r	10000000000.0	1.0	10000000000.0	0.0	0.03002817243741133	0.030545417098933797	0.009096464863373841	0.0	0.0	0.0
PROPAT4te_r	10000000000.0	1.0	10000000000.0	0.0	5.171303622399389e-05	5.039113278893611e-05	2.179298304223393e-05	0.0	0.0	0.0
HDCAt	10000000000.0	1.0	10000000000.0	0.0	6.864039133013473e-05	7.132728392340469e-05	3.545449099607878e-05	0.0	0.0	0.0
CRNt	9999972176.0	1.0	9999972176.0	0.0	18.536226255245307	18.636011048599585	2.4515217377969987	2.530343199091491	2.3649579194237162	1.5074706267950282
GTHRDt2_r	5331065953.0	1.0	5331065953.0	2.45399475574264e-145	1.0671758710446362	0.8259955428059206	0.9104780185960897	0.8861411147799628	0.7679789239842173	0.6376453321137506
DmLact	8474758307.0	1.0	8474758307.0	0.0	5.088668894180079	5.274987297455036	1.0794429559905971	3.661188854526487	3.6624250855999008	0.8093653878324397
UREAt	0.0	0.0	0.0	1.0	0.0	0.0	0.0	0.027524309812686498	0.026158755908624348	0.017413909906368277
DmBiomass	6252800822.0	1.0	6252800822.0	0.0	0.00023201149038010839	0.0002374741120203	2.0614324070064098e-05	0.00022175397864937683	0.00022806648514745	2.5527901504277585e-05
NH4t	9930084777.0	1.0	9930084777.0	0.0	97.25160842994774	93.58494295927215	21.27098928241537	38.186936450368606	35.11816935559679	12.422195602500818
PTRCtex2_f	8107530953.0	1.0	8107530953.0	0.0	0.043351749470729437	0.040463858194486904	0.027432283726525702	0.015679081003643014	0.012406371837081352	0.01273558898904744
GUDACtr2	6066440089.0	1.0	6066440089.0	0.0	0.034113681816753186	0.03034322257420595	0.024254176958780488	0.024412474687612186	0.0219707982143677	0.016465541959709444
CE2705t	9440846887.0	1.0	9440846887.0	0.0	3.835066704802688e-05	3.913048056377674e-05	3.4088220939515906e-06	1.9435898164765658e-05	1.8934121356386974e-05	1.1127048978766674e-05
Dm2oxobutyrate	1027106210.0	0.0	1027106210.0	1.0	0.012941159811578227	0.013277716583494699	0.0031378262243048926	0.023232134211759677	0.023769524389499648	0.006998449373367394
H2Ot_f	6526001913.0	1.0	6526001913.0	0.0	133.29719634844062	128.2765377877327	38.13472308408065	109.08652180165952	105.49236222679346	50.09621223732994
PHLACHt_f	5545323485.0	1.0	5545323485.0	0.0	376.3056863882056	382.3922227857214	154.82306516223176	344.6947741028465	335.7935452593212	178.85275004563974
CO2t	9999346745.0	1.0	9999346745.0	0.0	138.05493104590346	136.07741008038738	18.41990643613522	65.87550567516924	64.85945241538579	8.664595178334796
DmGSSG	5203416258.0	1.0	5203416258.0	3.0977739155641064e-56	0.5549558841222579	0.43528192579400554	0.4567024104358597	0.4781450084815891	0.42001414099147055	0.31927930691109524
GLUt4	1189801303.0	0.0	1189801303.0	1.0	0.0042300653535362305	0.0043182209165374	0.0020967889863256145	0.028835965081399195	0.023528807110896652	0.023196189742245143
ALAPAT4te	10000000000.0	1.0	10000000000.0	0.0	0.0277913491684256	0.029064579986622048	0.013804645172848275	0.0	0.0	0.0
DmAla	8192305818.0	1.0	8192305818.0	0.0	2.2983065834018825	1.7475521464574053	2.0013924909470675	0.5687963213882519	0.4109211684445402	0.5292710488165503
ASPte_r	8853826771.0	1.0	8853826771.0	0.0	335.3800629131053	328.084167363224	186.81219726162144	97.12878525506187	102.74233475330763	39.36875747962169
DmAsp	8885335007.0	1.0	8885335007.0	0.0	337.89873146916176	330.9975593990857	186.3315222343483	97.61942892269097	103.2344518773022	39.291355555926664
DmPalm	9944248852.0	1.0	9944248852.0	0.0	2.02420777317914	1.9962549040078819	0.8246372345060067	0.15416339625250652	0.11648517853657825	0.13682406028677738
ATPM	4620466102.0	2.8701219916120913e-190	4620466102.0	1.0	13.407351754069012	10.000895472981577	11.95489891972022	15.296699426980757	11.60834485746522	13.354966519655656
GACMTRc	8810422977.0	1.0	8810422977.0	0.0	0.06161206210615762	0.062051829834716396	0.024408839522314433	0.02538622071846064	0.022775378844948048	0.017127335527918678
CKc_cho	8810422977.0	1.0	8810422977.0	0.0	0.06161206210615718	0.06205182983471675	0.024408839522314145	0.025386220718460754	0.022775378844948402	0.01712733552791867
CRTNsyn_cho	8810422977.0	1.0	8810422977.0	0.0	0.06161206210615718	0.06205182983471675	0.024408839522314155	0.025386220718460722	0.02277537884494835	0.017127335527918678
CRTNtr	8810422977.0	1.0	8810422977.0	0.0	0.06161206210615721	0.06205182983471675	0.024408839522314152	0.02538622071846087	0.0227753788449486	0.017127335527918675
NDPK1	1142814519.0	0.0	1142814519.0	1.0	1.7733520951498358	1.2501030865224299	1.744468097528122	10.098950557784828	8.481409668976218	7.806720563683212
NDPK5	6252800822.0	1.0	6252800822.0	0.0	2.296449731787258e-06	2.3505187607602502e-06	2.0404057964671649e-07	2.194920880672024e-06	2.257402069990164e-06	2.526751690893438e-07
NDPK8	6252800822.0	1.0	6252800822.0	0.0	3.0586074776815716e-06	3.130621218764177e-06	2.7175863421565026e-07	2.923382700535412e-06	3.0066004736998267e-06	3.3653432553090106e-07
NDPK7	6252800820.0	1.0	6252800820.0	0.0	2.1906524921428213e-06	2.242230565700826e-06	1.9464044786935534e-07	2.093801066407904e-06	2.15340375276305e-06	2.4103444600340054e-07
DTMPK	6252800822.0	1.0	6252800822.0	0.0	3.0372624205350955e-06	3.1087736004538654e-06	2.698621164036421e-07	2.9029813344996447e-06	2.9856183570662132e-06	3.3418575859249777e-07
NDPK4	6252800822.0	1.0	6252800822.0	0.0	3.037262420562715e-06	3.1087736004616962e-06	2.6986211640118906e-07	2.9029813344996353e-06	2.985618357066195e-06	3.341857585924942e-07
HIStiDF_r	3468698216.0	0.0	3468698216.0	1.0	0.0824776612462052	0.0835001457357224	0.036663257997021866	0.10663034108772713	0.10859940882225544	0.04717588220667242
PTRCOX1	8380198766.0	1.0	8380198766.0	0.0	0.04910997672965061	0.04848234695764905	0.026590947327800027	0.018520882500828794	0.01605966136019355	0.013334146737712079
ABUTD	8380198766.0	1.0	8380198766.0	0.0	0.04910997672965155	0.0484823469576502	0.026590947327800166	0.018520882500828353	0.01605966136019285	0.013334146737713794
r0465_1	6066988242.0	1.0	6066988242.0	0.0	9.480974619575381	8.472458751929658	5.818412988739701	7.948916950421641	6.030162129003951	6.755792627469414
ABUTH	4568477737.0	2.9229739121913074e-245	4568477737.0	1.0	6.363543270689421	4.905050939645507	5.675159365137444	7.548187107284811	5.63113024337086	6.760656649829564
GLUDC	9915180101.0	1.0	9915180101.0	0.0	7.478546333917498	7.471492551903438	3.1289954444178956	0.8503573745221414	0.765299644633485	0.5402869024117576
HISDr	9999719798.0	1.0	9999719798.0	0.0	21.41412409605952	21.788716564372972	1.593834421057188	7.710239008356337	7.842035310559002	0.49098096935833624
URCN	9999719798.0	1.0	9999719798.0	0.0	21.414124096059567	21.788716564373367	1.5938344210572515	7.710239008356326	7.842035310559011	0.49098096935833474
IZPN	9999719798.0	1.0	9999719798.0	0.0	21.414124096059524	21.788716564373146	1.593834421057232	7.710239008356205	7.842035310558996	0.4909809693583662
GluForTx	9999719798.0	1.0	9999719798.0	0.0	21.414124096059563	21.788716564373416	1.5938344210572633	7.7102390083561625	7.842035310559081	0.49098096935838614
FTCD	9999719798.0	1.0	9999719798.0	0.0	21.4141240960594	21.788716564373303	1.5938344210573223	7.710239008356245	7.842035310559076	0.4909809693583685
CARPEPT1tc_r	9999725377.0	1.0	9999725377.0	0.0	24.449107111344333	24.100616293108462	3.132311298288699	8.004366541438644	8.054087550311255	0.6362593132836445
NBAHH_ir	9531889685.0	1.0	9531889685.0	0.0	32.83538742282917	31.565580834912158	7.370527830764516	15.229102168898816	13.262956739411695	6.896819420532687
r0283	5629541492.0	1.0	5629541492.0	0.0	8.386280311485292	6.723471635251478	6.705694800403443	7.224735627459777	5.223378609319298	6.8952423582761275
ASP1DC	9527162942.0	1.0	9527162942.0	0.0	1.2977741316446043	1.030846146482003	1.044742733750035	0.08341680054340446	0.06892824076104695	0.06298968578379402
CSNt_r	6978130715.0	1.0	6978130715.0	0.0	13.166905942223712	11.112196515652014	9.943078856785581	6.872424029838554	5.298244432167749	6.016164239516149
bAlaSynthesis	6978130715.0	1.0	6978130715.0	0.0	13.166905942272546	11.112196516038193	9.943078856618321	6.872424029838577	5.298244432167762	6.016164239516157
LYSt5r_r	5402503296.0	1.0	5402503296.0	1.0689519993268031e-213	0.008951746527661812	0.00854285843790745	0.005568035249626501	0.007926996914644638	0.008426355333368801	0.003999428549565681
LYStm	5399082538.0	1.0	5399082538.0	4.02889916943144e-210	0.0088143692760471	0.008406958803266099	0.0055682005657769745	0.007795693279330475	0.0082992172673914	0.003997046488326665
SACCD3m	5399082538.0	1.0	5399082538.0	4.02889916943144e-210	0.008814369276041716	0.008406958803262449	0.005568200565775663	0.007795693279330475	0.0082992172673914	0.003997046488326665
r0525	5399082538.0	1.0	5399082538.0	4.02889916943144e-210	0.008814369276047236	0.0084069588032664	0.005568200565776957	0.007795693279330475	0.0082992172673914	0.003997046488326665
AASAD3m	5399082538.0	1.0	5399082538.0	4.02889916943144e-210	0.008814369276047195	0.0084069588032664	0.0055682005657769545	0.00779569327933051	0.00829921726739145	0.003997046488326703
r0450	5399082538.0	1.0	5399082538.0	4.02889916943144e-210	0.008814369276047186	0.0084069588032664	0.005568200565776952	0.007795693279330525	0.00829921726739145	0.003997046488326714
2OXOADOXm	4081911153.0	0.0	4081911153.0	1.0	0.009082526649823631	0.0086957696986738	0.005536698145764579	0.010566815307994143	0.01099108415837145	0.003949267240172109
GLUTCOADHm	4081911153.0	0.0	4081911153.0	1.0	0.009082526649823636	0.0086957696986738	0.005536698145764578	0.010566815307994146	0.01099108415837145	0.0039492672401720864
3HBCDm	4081911153.0	0.0	4081911153.0	1.0	0.009082526649823624	0.0086957696986738	0.005536698145764576	0.01056681530799417	0.01099108415837145	0.0039492672401720665
HACD1m	4081911153.0	0.0	4081911153.0	1.0	0.00908252664982365	0.0086957696986738	0.005536698145764574	0.010566815307994176	0.01099108415837145	0.003949267240172079
HMGCOASm	5194735355.0	1.0	5194735355.0	1.0303580187879976e-51	6.406668297266494e-08	6.532702569485872e-08	6.524924142411407e-08	6.137673496513288e-08	5.98417813477977e-08	5.2797637928214895e-08
CYStec_r	10000000000.0	1.0	10000000000.0	0.0	0.03464431174095914	0.0346181788549604	0.009001590194515414	0.0	0.0	0.0
CYSTA	5402209650.0	1.0	5402209650.0	2.1734281573712215e-213	0.097036902091082	0.09671921050349694	0.042015963764109245	0.09457696991844722	0.08715933392026355	0.054745483295502634
CYANt_r	5402209650.0	1.0	5402209650.0	2.1734281573712215e-213	0.0970369020910813	0.0967192105034977	0.04201596376410907	0.0945769699184487	0.08715933392026315	0.05474548329550352
MCPST	5402209650.0	1.0	5402209650.0	2.1734281573712215e-213	0.09703690209108141	0.0967192105034976	0.042015963764109106	0.09457696991844748	0.08715933392026226	0.05474548329550277
TCYNTt	5075406292.0	0.9999999974045157	5075406292.0	2.5954854633425183e-09	0.0531323413393592	0.04662130216047225	0.037362545412503924	0.05482973481388854	0.04395083147421745	0.044077726068497414
CYSO	208232567.0	0.0	208232567.0	1.0	0.03115225053939093	0.03102925327397335	0.011130099468405222	0.14985159756634903	0.14768569590697006	0.06460372859005759
3SALATAi	1261309990.0	0.0	1261309990.0	1.0	0.014052177239135908	0.0129837341689554	0.009431875517538773	0.07026757657453137	0.06123845783797065	0.05122290610124569
3SALAASPm	1368518977.0	0.0	1368518977.0	1.0	0.017100073300255786	0.01496418295578365	0.0117922970243616	0.07958402099182446	0.06751864535577864	0.058730131479763685
3SALATAim	1368518977.0	0.0	1368518977.0	1.0	0.01710007330025585	0.0149641829557837	0.011792297024361575	0.0795840209918244	0.06751864535577834	0.05873013147976371
3SPYRSP	1261309990.0	0.0	1261309990.0	1.0	0.014052177239135917	0.0129837341689554	0.009431875517538765	0.07026757657453217	0.061238457837972	0.051222906101245684
3SPYRSPm	1368518977.0	0.0	1368518977.0	1.0	0.01710007330025582	0.0149641829557837	0.011792297024361582	0.07958402099182443	0.0675186453557784	0.058730131479763734
HMR_3951	1261309990.0	0.0	1261309990.0	1.0	0.014052177239135946	0.0129837341689554	0.00943187551753876	0.07026757657453225	0.06123845783797225	0.05122290610124572
ExSulfitem	1368518977.0	0.0	1368518977.0	1.0	0.017100073300043275	0.01496418295559735	0.01179229702442321	0.07958402099182443	0.0675186453557785	0.05873013147976374
PHETHPTOX2	9440846887.0	1.0	9440846887.0	0.0	3.835066704802524e-05	3.91304805637755e-05	3.408822093951622e-06	1.943589816476558e-05	1.8934121356386988e-05	1.1127048978766694e-05
TYRt_r	0.0	0.0	0.0	1.0	0.0	0.0	0.0	1.8177703027910666e-05	1.840085955545648e-05	1.0728237665325384e-05
TYRTA	3189083608.0	0.0	3189083608.0	1.0	1.3051603675364615e-06	1.187815080309804e-06	8.962925227302389e-07	2.205921667744608e-06	2.01930135535581e-06	1.4233529297815118e-06
34HPPOR	3189083547.0	0.0	3189083547.0	1.0	1.3051603390027177e-06	1.1878150287783523e-06	8.96292523087606e-07	2.2059216677446104e-06	2.0193013553558354e-06	1.4233529297815105e-06
HGNTOR	3189083547.0	0.0	3189083547.0	1.0	1.3051603390027177e-06	1.1878150287783523e-06	8.96292523087606e-07	2.205921667744588e-06	2.0193013553558083e-06	1.4233529297815082e-06
MACACI	3189083547.0	0.0	3189083547.0	1.0	1.3051603390027326e-06	1.1878150287783595e-06	8.962925230876011e-07	2.205921667744629e-06	2.0193013553558612e-06	1.4233529297815112e-06
FUMAC	3189083549.0	0.0	3189083549.0	1.0	1.3051603390424508e-06	1.1878150287942706e-06	8.962925230828088e-07	2.2059216677446096e-06	2.0193013553558354e-06	1.4233529297815103e-06
AACOAT	3189083549.0	0.0	3189083549.0	1.0	1.3051603390424567e-06	1.1878150287942695e-06	8.962925230828068e-07	2.2059216677446193e-06	2.0193013553558295e-06	1.4233529297815122e-06
r2534_r	789048677.0	0.0	789048677.0	1.0	0.010012201628123848	0.010348012258906001	0.0029318749562284013	0.02152296606831473	0.022166460801136448	0.007124563105516046
THRD_L	788582726.0	0.0	788582726.0	1.0	0.009939653955196978	0.010276115282749649	0.002932927197038117	0.021453625816730323	0.0220965332759901	0.007124725860496118
OBDHc	6483998154.0	1.0	6483998154.0	0.0	1.8178196996549743e-05	1.9318077036203575e-05	7.0699338975277594e-06	1.4905417636324207e-05	1.4789769370437991e-05	6.084589527435785e-06
PPCOAtm	6483998154.0	1.0	6483998154.0	0.0	1.817819699650789e-05	1.9318077037030215e-05	7.069933896912217e-06	1.4905417636328536e-05	1.4789769370446096e-05	6.084589527434339e-06
r1616_r	9365740843.0	1.0	9365740843.0	0.0	0.02819463324109859	0.02991803178557815	0.010846845460049203	0.007958427879159458	0.0079106852641966	0.0025278426821714723
TRPO2	9365725078.0	1.0	9365725078.0	0.0	0.02819154609620785	0.0299149355390206	0.010846848074976682	0.00795547722071939	0.00790756456427175	0.0025278273494376345
FKYNH	9365725078.0	1.0	9365725078.0	0.0	0.028191546096208258	0.029914935539021602	0.010846848074977641	0.007955477220719405	0.007907564564271899	0.002527827349437626
KYN	9579997177.0	1.0	9579997177.0	0.0	0.02792338872243211	0.029682303342654	0.010877686232377337	0.0051843551920559465	0.005103790462701201	0.0023816009867036465
ANTHte	9579997177.0	1.0	9579997177.0	0.0	0.02792338872243215	0.0296823033426542	0.010877686232377306	0.0051843551920559465	0.005103790462701201	0.0023816009867036465
KYN3OX	184176772.0	0.0	184176772.0	1.0	0.00026815737377671914	0.00024925127651015	0.00016817736721940854	0.0027711220286633985	0.0029581793587961	0.00098884388930056
HKYNH	184176772.0	0.0	184176772.0	1.0	0.00026815737377671914	0.00024925127651015	0.00016817736721940854	0.002771122028663421	0.00295817935879615	0.0009888438893005567
3HAO	184176772.0	0.0	184176772.0	1.0	0.00026815737377671996	0.00024925127651015	0.00016817736721940862	0.00277112202866339	0.0029581793587961	0.0009888438893005608
PCLAD	184176772.0	0.0	184176772.0	1.0	0.0002681573737767191	0.00024925127651015	0.00016817736721940873	0.0027711220286634076	0.0029581793587961	0.000988843889300558
AM6SAD	184176772.0	0.0	184176772.0	1.0	0.0002681573737767176	0.00024925127651015	0.00016817736721940865	0.002771122028663415	0.0029581793587961	0.0009888438893005565
AMCOXO	184176772.0	0.0	184176772.0	1.0	0.0002681573737767148	0.00024925127651015	0.00016817736721940884	0.0027711220286634076	0.0029581793587961	0.000988843889300558
2OXOADPTm	184176772.0	0.0	184176772.0	1.0	0.0002681573737767148	0.00024925127651015	0.00016817736721940884	0.002771122028663415	0.0029581793587961	0.000988843889300556
ExCystineGlu	5012718.0	0.0	5012718.0	1.0	0.014744775480881182	0.013272819726366649	0.010069535169326647	0.11330839293105686	0.11549904280273525	0.031056257208053783
ExCystineSer	5942029693.0	1.0	5942029693.0	0.0	0.07029739230583393	0.0717133822963339	0.014268934793635786	0.0631673178305973	0.0627398762466959	0.028384422404796817
CystinePyruvate	4903025533.0	2.920650075654543e-14	4903025533.0	0.9999999999999708	0.018406238265168802	0.01634866802894755	0.013212504265931254	0.020078519181686787	0.0152096505090751	0.016405453382486057
CystineReductaseNADPH	1246983100.0	0.0	1246983100.0	1.0	0.00845943547367998	0.00740615702428335	0.00605058742203387	0.042112367745531745	0.036865600766873396	0.03059448526834454
CystineReductaseNADH	4084564976.0	0.0	4084564976.0	1.0	0.02528545175023801	0.022778826692278202	0.01754011913990728	0.037809441001280295	0.02836018789723715	0.031619519838801236
CystineGSH	1891896449.0	0.0	1891896449.0	1.0	0.032891042297630485	0.0309591889111476	0.019602070402637492	0.07647538283315464	0.0731048480662077	0.04198799086522149
Ex3HB	9049471499.0	1.0	9049471499.0	0.0	8.678269127430928	8.142184870544245	4.332463725574644	3.2758312987225184	3.3635208735184636	0.6146768946132033
Transport3HB_forward	9049471500.0	1.0	9049471500.0	0.0	8.67826912751169	8.142184870575383	4.332463725559681	3.275831298722514	3.3635208735184934	0.6146768946131995
bBDH	9049471500.0	1.0	9049471500.0	0.0	8.678269127519242	8.142184870614969	4.332463725561269	3.27583129872252	3.3635208735184943	0.6146768946131975
OCOAT1m	9049471500.0	1.0	9049471500.0	0.0	8.678269127519245	8.142184870614974	4.332463725561283	3.2758312987225224	3.363520873518497	0.6146768946131977
ACACT1m	9048577239.0	1.0	9048577239.0	0.0	8.68735159009446	8.151334173165825	4.332360117024728	3.28639805265388	3.3735880737226522	0.6154542666410017
G3PD1ir	3214953939.0	0.0	3214953939.0	1.0	10.57344797439477	7.841496930707317	9.448019076526098	16.51455160383189	15.298515981260119	10.426840634590777
GLYC3Ptm	3214953939.0	0.0	3214953939.0	1.0	10.573447974394766	7.84149693070723	9.448019076526093	16.51455160383192	15.29851598126007	10.42684063459076
G3PDm	3214953939.0	0.0	3214953939.0	1.0	10.573447974394806	7.841496930707485	9.448019076526114	16.514551603831894	15.298515981260048	10.426840634590762
DHAPtm	3214953939.0	0.0	3214953939.0	1.0	10.573447974394783	7.841496930707425	9.448019076526107	16.514551603831897	15.29851598126006	10.426840634590764
CMPuptake_r	3468149237.0	0.0	3468149237.0	1.0	3.980523083906436e-06	3.529745930783515e-06	2.841990065976101e-06	5.531369935109321e-06	5.4253025391747e-06	2.923761217785669e-06
UMPuptake_r	4543304574.0	2.0412383787601558e-274	4543304574.0	1.0	1.0760786668266566e-05	1.0309004173115139e-05	6.508565225883923e-06	1.1779870808809139e-05	1.1305262780573727e-05	6.3337258722668525e-06
Transport_ala_B_c_e	9803604272.0	1.0	9803604272.0	0.0	38.913787185261626	36.945257105114095	11.014868123518545	14.960207371820664	13.385506923934237	6.105128203083573
EX_ala_B	9803604272.0	1.0	9803604272.0	0.0	38.91378718526159	36.9452571051141	11.014868123518514	14.960207371820747	13.385506923934361	6.105128203083572
Transport_octanoyl_ACP_c_e					0.0	0.0	0.0	0.0	0.0	0.0
EX_octanoyl_ACP					0.0	0.0	0.0	0.0	0.0	0.0
TMDK1	10000000000.0	1.0	10000000000.0	0.0	1.6051561837806913e-06	1.5794120103535014e-06	8.655335748942624e-07	0.0	0.0	0.0
THYMDt1_r	10000000000.0	1.0	10000000000.0	0.0	1.6051561837806972e-06	1.5794120103535022e-06	8.655335748942602e-07	0.0	0.0	0.0
EX_thymd	10000000000.0	1.0	10000000000.0	0.0	1.6051561837806947e-06	1.5794120103535005e-06	8.655335748942617e-07	0.0	0.0	0.0
Transport_HC00576_c_e	9017450675.0	1.0	9017450675.0	0.0	3.117431348781713	2.507141919840362	2.5531734375694612	0.4007298431367523	0.2933961396456445	0.36386897370548815
EX_HC00576	9017450675.0	1.0	9017450675.0	0.0	3.1174313487817273	2.507141919840387	2.553173437569462	0.4007298431367391	0.2933961396456335	0.36386897370548843
Transport_4abut_c_e	9348599123.0	1.0	9348599123.0	0.0	4.4102249616674785	3.7968401067284123	3.1853228856206792	0.46814841388632833	0.34282557934125574	0.42768427103787765
EX_4abut	9348599123.0	1.0	9348599123.0	0.0	4.410224961667495	3.7968401067284163	3.1853228856206828	0.46814841388632505	0.3428255793412551	0.42768427103787765
EX_h_e_b	6340061663.0	1.0	6340061663.0	0.0	339.65912151484736	377.98246348489437	137.40352981145088	300.5882273563969	299.80851771030797	93.43118364541054
EX_h2o_e_b	9012661104.0	1.0	9012661104.0	0.0	233.68009624752332	234.1148573105899	53.89623369426772	138.22809414947082	139.4491308298447	50.98442074864142
EX_ala__L_e_b	10000000000.0	1.0	10000000000.0	0.0	0.039294065854595904	0.03953603878420105	0.0054289048199030856	0.0	0.0	0.0
EX_hdca_e_b	10000000000.0	1.0	10000000000.0	0.0	7.831515382866542e-05	7.91972154769087e-05	3.2811116742210715e-05	0.0	0.0	0.0
PGM_b	8107023013.0	1.0	8107023013.0	0.0	2.5607178126484604	2.331029968871764	1.623490089223947	0.9912510951424851	0.69300794023273	0.9540395040498811
ENO_b	1404410393.0	0.0	1404410393.0	1.0	2.5722231234169444	2.3296560433671853	1.7598265742431365	6.314327800282979	6.502236349229252	2.800471096986081
TKT2_b	8729959704.0	1.0	8729959704.0	0.0	0.2848265489580303	0.2846347872967091	0.10157623944618478	0.1497835558303882	0.1540541496167673	0.049237417688113884
RPE_b	9627231416.0	1.0	9627231416.0	0.0	0.37458146008480225	0.38532466729243686	0.12475773955161036	0.10684133532894372	0.10726355661747586	0.05164352230715643
TKT1_b	6842688722.0	1.0	6842688722.0	0.0	0.18600965315053014	0.1837484528175478	0.11030465463057039	0.11750816860772755	0.11603392103651586	0.05655025818334884
TALA_b	2752194779.0	0.0	2752194779.0	1.0	1.9307641567731268	1.8847679790747778	0.8043271032131607	2.9232678116596897	2.866694402732425	1.2964452985625576
ACONTm_b	9856308188.0	1.0	9856308188.0	0.0	44.98763606083264	42.77278410575801	22.47898208905979	3.744660845611492	3.140771380710871	2.873642522614901
ICDHym_b	6410868751.0	1.0	6410868751.0	0.0	56.32877058602917	56.56128556888652	17.183447112407844	45.90437534713655	47.57863992149798	20.368397264313515
SUCOAS1m_b	7799341055.0	1.0	7799341055.0	0.0	8.91357555452992	9.183258563799827	3.386711715749027	5.608432677646991	5.499185685129215	2.358932083153982
FUMm_b	6788419092.0	1.0	6788419092.0	0.0	188.8392041820231	198.80130896504528	70.50620005445263	142.0440679290952	137.63128220125935	74.84399940488412
MDHm_b	3280889892.0	0.0	3280889892.0	1.0	228.66550240884956	235.29857099620315	100.46049753952111	362.87054470781277	351.28221432171495	211.8580207094134
FUM_b	3493836688.0	0.0	3493836688.0	1.0	52.27555820159682	49.00718492374094	29.34320014175595	68.50527289794798	69.33656410464017	30.976667549310175
MDH_b	5771200693.0	1.0	5771200693.0	0.0	235.93220144396477	231.09563394873362	113.78830965088513	201.72394245275407	201.7881330928713	112.04053579213989
AKGMALtm_b	336778498.0	0.0	336778498.0	1.0	40.77909044909878	40.045556283043865	21.131707844197045	261.736980720971	243.20910238938004	142.90475180745324
PYRt2m_b	4642598334.0	5.418647771057147e-169	4642598334.0	1.0	74.16114537895857	68.91362161202107	44.19970959029691	77.952251567337	76.7971607194165	41.247064308115135
FUMtm_b	517339560.0	0.0	517339560.0	1.0	41.38991485228432	40.3358119606834	14.94001804777489	164.20594223096222	160.32668699344896	81.85623968770778
CO2tm_b	1073313974.0	0.0	1073313974.0	1.0	126.05828080294656	121.68574195518411	64.96351421554388	231.58354502493032	240.2911672218488	48.42184828199381
r0801_b	3696382202.0	0.0	3696382202.0	1.0	12.966099642847942	13.37441356075604	4.205825606162064	15.27896456641044	15.996519897580466	6.126641778332357
H2Otm_b	8206195004.0	1.0	8206195004.0	0.0	228.72947686967842	231.6926757226874	12.58285674201016	199.48691623711838	200.17370258898177	27.60613073955528
NH4tm_b	5612319144.0	1.0	5612319144.0	0.0	108.52106415880772	109.71457829400623	47.47090945727986	97.25531096704545	101.11509207576958	50.60102856141589
NDPK3_b	2765373116.0	0.0	2765373116.0	1.0	6.0047522966855015e-06	5.741394527497985e-06	3.0597108662751903e-06	8.86016130641435e-06	8.733547345909898e-06	3.595992953161829e-06
GLUDym_b	7203026404.0	1.0	7203026404.0	0.0	76.08781737774598	76.58275876255057	39.45629075626655	46.678530543686726	47.59313802342171	19.54153682210824
ASPTA_b	7440459883.0	1.0	7440459883.0	0.0	124.84830032242775	123.43717985337693	63.38233550197167	71.72310254332547	61.047436064227	44.4040367031242
r0074_b	10000000000.0	1.0	10000000000.0	0.0	2.3076598922503884e-05	2.102315145628924e-05	1.608755031110343e-05	0.0	0.0	0.0
GLU5SAtmc_b	10000000000.0	1.0	10000000000.0	0.0	0.0005572893014262735	0.0005706380242346	0.0002704046229466487	0.0	0.0	0.0
G5SADs_b	10000000000.0	1.0	10000000000.0	0.0	2.2397761281221492e-05	2.008033109311042e-05	1.5118903979114273e-05	0.0	0.0	0.0
GHMT2r_b	8666921017.0	1.0	8666921017.0	0.0	68.88949142596894	69.0624395837299	24.10990768368005	35.78163042318229	36.28197017807362	15.793491496495102
ALATA_L_b	9691482520.0	1.0	9691482520.0	0.0	0.06392671201292692	0.06545882749317344	0.00918750683762261	0.03477487845601066	0.0361737353709201	0.013493572697321472
MTHFC_b	2012609147.0	0.0	2012609147.0	1.0	3.1490110145572134	2.802084943652811	2.1031972811270845	5.367977679504681	5.534090512697652	1.6306413063627794
MTHFD2i_b	9034300060.0	1.0	9034300060.0	0.0	110.45139106062172	107.88636850279084	45.536976878921124	44.28861334545447	41.61105477370158	23.17427896959596
PTRCtex2_b	10000000000.0	1.0	10000000000.0	0.0	0.00031444689113305186	0.00032830067300800003	0.00011662610026149933	0.0	0.0	0.0
H2Ot_b	1645955495.0	0.0	1645955495.0	1.0	27.929219225496134	28.203723060395777	13.241796778936648	77.09395556150702	73.71699443165178	45.56775952579416
PHLACHt_b	5699753994.0	1.0	5699753994.0	0.0	392.265166652803	400.1820027484255	152.39423257201986	351.0230955157077	341.5924267999992	178.8943989982325
