	statistic_less	pvalue_less	statistic_greater	pvalue_greater	mean_MCF7	median_MCF7	std_MCF7	mean_SKBR3	median_SKBR3	std_SKBR3
EX_lac__L_e	802595056248.5	1.0	802595056248.5	0.0	4.538471354150004	4.63799343995	0.3871782106967645	3.7430959076328403	3.7782480409000003	0.7944475177057041
EX_glc__D_e_r	736556016119.0	1.0	736556016119.0	0.0	2.6792576884665493	2.73625206635	0.23053992192562203	2.3029159661757777	2.32416907	0.48838925608487677
EX_gluIN__L_e					0.0	0.0	0.0	0.0	0.0	0.0
EX_gluOUT__L_e	51304577241.0	0.0	51304577241.0	1.0	0.07479645906688476	0.0764152713	0.006382527546857524	0.14315617184401574	0.1455391603	0.039637324371152895
EX_gln__L_e_r	1000000000000.0	1.0	1000000000000.0	0.0	1.1792674117115134	1.2048641415999999	0.10044407677236583	0.34307443861396053	0.3462062306	0.072208309032681
EX_asp__L_e					0.0	0.0	0.0	0.0	0.0	0.0
DM_asp__L_e	347725663742.5	0.0	347725663742.5	1.0	0.31130135657935826	0.23027793530000001	0.2849226486963958	0.5367271095747126	0.41455258679999996	0.4619166889237079
EX_co2_e	17161703.0	0.0	17161703.0	1.0	35.42154546677956	35.536597485499996	2.3075613744281953	64.99888093774602	64.26610582859999	8.201764815652643
EX_h_e_f	291170823924.5	0.0	291170823924.5	1.0	210.37733019447396	206.3970500713	119.24324720543008	298.2409150417959	311.2389413875	103.87445401948767
EX_h2o_e_f	361467744938.0	0.0	361467744938.0	1.0	88.03473036468803	84.2984347762	52.133700522719735	112.22619885975215	115.13170225675	43.64050488877861
EX_ump_e_r	771144820678.5	1.0	771144820678.5	0.0	2.0634793138300133e-05	1.99129e-05	1.1542073791856103e-05	1.035602737650023e-05	1.01642e-05	5.5115773512197e-06
EX_pi_e_r	992278995180.5	1.0	992278995180.5	0.0	0.0003950043231758946	0.00040586050000000003	6.728320934409056e-05	0.00019387471824619895	0.0001993317	2.570534381616243e-05
EX_nh4_e	366609377.0	0.0	366609377.0	1.0	13.616173444766623	13.3136661101	2.5123634442716853	36.856499797504355	34.109679958049995	10.93131318965487
EX_o2_e_r	4252.0	0.0	4252.0	1.0	19.599517956066844	19.660874611049998	1.3686663878948275	51.2538270283336	51.474400345099994	6.396236139049575
EX_arg__L_e_r	968023377957.0	1.0	968023377957.0	0.0	0.1914189548225661	0.20067038015	0.054092057184064304	0.076796966491881	0.07810945229999999	0.005038868890143426
EX_pro__L_e					0.0	0.0	0.0	0.0	0.0	0.0
EX_leu__L_e_r	991706320208.5	1.0	991706320208.5	0.0	0.0002769260971668938	0.0002840303	4.846621126408806e-05	0.00013536869679219975	0.00013876	1.839904506538325e-05
EX_ile__L_e_r	992723456765.5	1.0	992723456765.5	0.0	0.0001273850773805969	0.000131169	2.140819050420373e-05	6.268246026059824e-05	6.46613e-05	7.96478975991867e-06
EX_met__L_e_r	940516594036.5	1.0	940516594036.5	0.0	0.015790512820005608	0.01537389845	0.00976263280822933	0.0016861776839876695	0.0017818373000000002	0.0008180404880070304
EX_gly_e_r	848985399194.5	1.0	848985399194.5	0.0	0.11602121719173286	0.1147538112	0.06394230565854292	0.03907448115578615	0.03632731345	0.024480549962389107
EX_phe__L_e_r	984918823609.0	1.0	984918823609.0	0.0	0.00015484221372549987	0.0001568483	3.2785518644309824e-05	7.419475376489768e-05	7.33707e-05	1.4857528956985633e-05
EX_ser__L_e_r	942579977787.0	1.0	942579977787.0	0.0	0.14673198141772878	0.1533280332	0.06688927560956288	0.027926681081556007	0.02350033205	0.021362456982264227
EX_ala__L_e_f	353788599461.5	0.0	353788599461.5	1.0	0.3336559291628672	0.23509090970000002	0.3285682065057621	0.5924174048219857	0.42484118655	0.555608021360291
EX_ribflv_e					0.0	0.0	0.0	0.0	0.0	0.0
EX_asn__L_e					0.0	0.0	0.0	0.0	0.0	0.0
EX_fol_e_r	2956092781.5	0.0	2956092781.5	1.0	0.00016034724291699904	0.00016549615	4.533547088430313e-05	0.0009343945831363807	0.00098823935	0.0002509978924629027
EX_urea_e	741505678676.0	1.0	741505678676.0	0.0	0.06288515416205556	0.052769335449999996	0.04769620070639637	0.02601973163321978	0.0233682643	0.01808092150884528
EX_pyr_e					0.0	0.0	0.0	0.0	0.0	0.0
PYRt2					0.0	0.0	0.0	0.0	0.0	0.0
EX_gudac_e	754534033611.0	1.0	754534033611.0	0.0	0.060627597651596234	0.05034833495	0.046759410655041383	0.02291250503815805	0.0205607854	0.01608553527766427
EX_hdca_e_f	999993470042.0	1.0	999993470042.0	0.0	1.9822545326759318	1.98115087545	0.16093902748153904	0.14640213217316234	0.10979622965	0.13112070745789794
EX_ptrcIN_e					0.0	0.0	0.0	0.0	0.0	0.0
EX_ptrcOUT_e	991076729241.5	1.0	991076729241.5	0.0	0.15843481238222767	0.1668190411	0.05697124416555903	0.015269353215036113	0.0121193076	0.012480197865254054
EX_biomassx	992723456457.5	1.0	992723456457.5	0.0	0.0004452809282559954	0.0004585079	7.483340388014845e-05	0.00021910968425909716	0.0002260268	2.7841322244891232e-05
EX_gthox_e	369387543162.0	0.0	369387543162.0	1.0	0.33869443294001456	0.34637792135	0.14881731487155214	0.5071130832762205	0.4527247157	0.3380481279360905
EX_2obut_e	978522836474.5	1.0	978522836474.5	0.0	0.25752208545790256	0.2536219433	0.14039405637689042	0.025246759052883348	0.0266737642	0.0068850822809899395
EX_crn_e	0.0	0.0	0.0	1.0	0.0	-0.0	0.0	2.835404287091815	2.9006525544499997	1.496678593567842
EX_val__L_e_r	930738565059.0	1.0	930738565059.0	0.0	0.22553874245547337	0.23479002165	0.0629808669285427	0.11408126259376776	0.11764496569999999	0.026892774639205176
EX_spmd_e	141543359519.5	0.0	141543359519.5	1.0	0.002805827974428472	0.00242323465	0.002038327157855897	0.013792717924717498	0.01140177845	0.010975692194842122
EX_sprm_e	18858997447.0	0.0	18858997447.0	1.0	0.0020418015028748297	0.00196111575	0.0012378887676818989	0.028797119935454904	0.0277567205	0.015763354565702534
EX_5mthf_e	2956094028.5	0.0	2956094028.5	1.0	0.00016034727149300058	0.00016549620000000002	4.533546267609222e-05	0.0009343945829716805	0.00098823935	0.0002509978924713228
EX_tmlys_e_r	0.0	0.0	0.0	1.0	0.0	0.0	0.0	2.83540428709188	2.9006525544499997	1.4966785935678573
EX_thbpt_e_r	818188344671.5	1.0	818188344671.5	0.0	3.930695242620115e-05	3.95988e-05	1.9861438522315003e-05	1.73432404422013e-05	1.62988e-05	1.1225227916858424e-05
EX_CE2705_e	818188344671.5	1.0	818188344671.5	0.0	3.930695242620115e-05	3.95988e-05	1.9861438522315003e-05	1.73432404422013e-05	1.62988e-05	1.1225227916858424e-05
EX_crtn_e	821367922638.5	1.0	821367922638.5	0.0	0.06774623138227232	0.0597357307	0.04050500083331913	0.0277860124763018	0.02517958555	0.018008683395699943
EX_his__L_e_r	694758354567.0	1.0	694758354567.0	0.0	0.13817719465065847	0.14939984395	0.04817573614866413	0.10250547067185085	0.10297434764999999	0.052697238872104195
EX_lys__L_e_r	247511663788.5	0.0	247511663788.5	1.0	0.004247170032887726	0.00441151675	0.0020118533026585125	0.0077527996437284545	0.0082717904	0.004033571615244804
EX_carn_e_r	27447956726.5	0.0	27447956726.5	1.0	5.069943639043523	4.9634655441	1.3131629171883727	8.074178302212351	8.1020913824	0.5992729128957226
EX_csn_e_r	154496152799.5	0.0	154496152799.5	1.0	1.2622390679636506	0.9534840474499999	1.1273834014922954	6.026650570627317	4.61842677355	5.277837663071448
EX_cys__L_e					0.0	0.0	0.0	0.0	0.0	0.0
EX_cyan_e_r	887624494763.5	1.0	887624494763.5	0.0	0.20685194705552884	0.20873672	0.06284406386871219	0.10041133211599114	0.09192796265	0.057569846291375536
EX_tcyntc	751622800313.5	1.0	751622800313.5	0.0	0.09912253398333756	0.08918988535	0.06927020225741566	0.043415407273240905	0.032223939	0.038856416187645
EX_tcynt_e	724119582621.5	1.0	724119582621.5	0.0	0.10772941307220643	0.0988961088	0.0694292632864818	0.05699592484269475	0.044540508699999995	0.04785560260708355
EX_so3_e	137365272138.0	0.0	137365272138.0	1.0	0.07100024024084148	0.07541877745	0.026153938277252663	0.15566223874788063	0.1532389364	0.06979671507581808
EX_thr__L_e_r	957180682159.0	1.0	957180682159.0	0.0	0.24197294928147642	0.23944620049999998	0.13903999034983128	0.02367853046798678	0.025093366399999997	0.006857719999933671
EX_trp__L_e_r	686493901229.5	1.0	686493901229.5	0.0	0.013615679581430304	0.0125805214	0.008900519574613528	0.007763329689522259	0.00789480075	0.0029327136977911777
EX_anth_e	786303501962.0	1.0	786303501962.0	0.0	0.013609754638894219	0.01257447435	0.008900444246767624	0.005198783090242047	0.0052910540999999995	0.0025745307623797936
EX_tyr__L_e_r	688977542425.5	1.0	688977542425.5	0.0	3.2041642913601615e-05	3.0599549999999994e-05	1.872264172518566e-05	1.9948521194899477e-05	2.0281250000000002e-05	1.0980742441733043e-05
EX_cystinex_r	503657803982.5	1.0	503657803982.5	1.6270606417386562e-19	0.17881601113691745	0.18295333945	0.01781035001223113	0.17855786720157907	0.18274201915	0.018121990975781717
EX_3hydroxybutanoatex_r	1000000000000.0	1.0	1000000000000.0	0.0	11.821260485402469	11.98575380865	0.5821070211734949	3.0974520488223325	3.25207380135	0.792127262234342
EX_gthrd_e_r	378664120346.5	0.0	378664120346.5	1.0	0.6339171624532448	0.6464182647	0.2993278906531642	0.9517087708170537	0.84284858065	0.6713565890641934
EX_cmp_e_r	779989474860.5	1.0	779989474860.5	0.0	1.125931286649985e-05	1.09233e-05	5.683706755763967e-06	5.833432334399902e-06	5.9431e-06	3.0125863563807636e-06
HEX1	179087011929.5	0.0	179087011929.5	1.0	5.487418380705312	4.71279492265	2.6991278405000236	17.077484108669267	12.7605207177	14.245025927945795
G6PP	156876301637.0	0.0	156876301637.0	1.0	2.808160692238928	2.02932024325	2.681166202232005	14.774568142493509	10.4686729019	14.187092961493082
PGI	291978136084.0	0.0	291978136084.0	1.0	0.660684012203065	0.4855044653	0.5958361019995662	1.1268290099316858	1.0811862256	0.6808856803789762
PFK	177717569835.0	0.0	177717569835.0	1.0	3.8444175509251095	3.0637171494	2.83013559964538	14.219503440810167	10.6504486691	12.308509714955097
FBP	170479853945.5	0.0	170479853945.5	1.0	2.8943002850628505	2.0590202518	2.7721760981538677	13.342209403208415	9.783369457500001	12.255295760504815
FBA	533127145749.0	1.0	533127145749.0	0.0	0.9501172658619894	0.898898194	0.5881926313721266	0.8772940376010209	0.82436223535	0.5530770677932845
TPI	604942922814.0	1.0	604942922814.0	0.0	2.0016787772341167	1.9773302023500001	0.25906600490721765	1.863232988643695	1.85975892425	0.4380627528671694
GAPD	702923513612.0	1.0	702923513612.0	0.0	4.673854937027518	4.7344802560999995	0.44407445359431735	4.09466796664357	4.12339976415	0.8960781322189746
PGK	550291670546.5	1.0	550291670546.5	0.0	2.8768862081634916	3.06443236605	1.3899008897046667	2.6879986076697	2.6758798886	1.2356513876310644
DPGM	569219520773.0	1.0	569219520773.0	0.0	1.7969687288639582	1.5456734670999999	1.3177308311268734	1.4066693589740498	1.29700352355	0.9311321976030345
DPGase	569219520773.0	1.0	569219520773.0	0.0	1.7969687288640288	1.5456734670999999	1.3177308311268794	1.4066693589740689	1.29700352355	0.9311321976030382
PGM_f	998974038349.0	1.0	998974038349.0	0.0	6.524770343036028	6.4851015369	1.246960702609622	2.7190162898139674	2.91344560455	0.7068698491626879
ENO_f	291494052503.5	0.0	291494052503.5	1.0	6.321001707772103	6.4639079851000005	0.7502568408927692	7.939102807611898	8.157571787750001	2.711567614137514
PYK	2380294.0	0.0	2380294.0	1.0	4.4057699967753825	4.4590253289	0.4988265234675647	24.23358077811088	22.136208784449998	9.2581548310157
LDH_L	802595056249.5	1.0	802595056249.5	0.0	4.5384713541554795	4.63799343995	0.3871782106967224	3.743095907632808	3.7782480409000003	0.7944475177057122
r0407	540365983287.0	1.0	540365983287.0	0.0	1.0515615113943593	1.07047353185	0.5528714787619883	0.9859389510427488	0.95403687245	0.5715541419082426
PRPPS	1839529743.5	0.0	1839529743.5	1.0	0.006958990120828383	0.00727432325	0.0020450666839393703	0.0714206905055335	0.0700360733	0.029778736685545457
G6PDH2r	803655683962.0	1.0	803655683962.0	0.0	2.0184511376273173	2.1588586484	0.6244779608521578	1.1760266585736452	1.1084635982	0.7423923280349385
PGL	803655683962.0	1.0	803655683962.0	0.0	2.018451137627344	2.1588586484	0.6244779608521659	1.1760266585736465	1.1084635982	0.7423923280349389
GND	803655683962.0	1.0	803655683962.0	0.0	2.0184511376273377	2.1588586484	0.6244779608521662	1.176026658573529	1.1084635982	0.7423923280349343
RPI	768355497798.5	1.0	768355497798.5	0.0	0.6774563726429632	0.72421469565	0.2081705395641671	0.4396226798615126	0.41727249395	0.24795172459974027
TKT2_f	746674706585.0	1.0	746674706585.0	0.0	0.7313830236948262	0.7758676744	0.20856443485506895	0.5171951599326534	0.4964624618	0.2493898589208712
RPE_f	859893252980.0	1.0	859893252980.0	0.0	1.5742893157129039	1.64621060465	0.45319535656857074	0.8280079549754986	0.78377672105	0.49338710261213703
TKT1_f	793980967741.5	1.0	793980967741.5	0.0	0.7402197010786769	0.7847887167500001	0.20711500376270192	0.47160213386967964	0.4504854116	0.2493503710629096
TALA_f	381879817133.0	0.0	381879817133.0	1.0	1.6240303212448042	1.6798460184000001	0.6643525363837027	2.1079675876039268	2.04124913425	1.1365885435422802
r0408	540365983287.0	1.0	540365983287.0	0.0	1.0515615113943462	1.07047353185	0.5528714787619942	0.9859389510427556	0.95403687245	0.571554141908244
PDHm	48322466.0	0.0	48322466.0	1.0	1.73445479899466	1.6902900603	0.5598894243516069	9.302142778101643	9.379957885300001	1.7658596351688847
PCm	2527830367.0	0.0	2527830367.0	1.0	8.096985294018074	7.27354874095	5.04069317526219	50.52176361077196	48.373933230700004	18.710476575897882
PEPCK_re	0.0	0.0	0.0	1.0	0.0	0.0	0.0	22.446780940071076	20.314770510499997	9.249934880989295
CSm	952611745717.5	1.0	952611745717.5	0.0	26.193058930012846	26.335402449900002	1.5717910795799774	19.01890721809684	18.6591882873	3.6127290074472778
ACONTm_f	830432777954.0	1.0	830432777954.0	0.0	21.876615202522817	21.93848622805	9.91646783462185	11.027542233291824	11.676159934600001	4.060552718517862
ICDHxm	271410035794.5	0.0	271410035794.5	1.0	11.582273490863308	8.2088472502	11.170635465600952	20.218026484720763	19.5598354594	11.573857089247884
ICDHym_f	679571541878.0	1.0	679571541878.0	0.0	49.437829240364586	49.267564436399994	23.349844214995205	34.85276355750993	34.677487453750004	18.016020937712632
AKGDm	64165931895.5	0.0	64165931895.5	1.0	11.423109185463248	11.56878559715	0.6065070198702756	15.668032790653113	15.6693397554	2.7194614304611746
SUCOAS1m_f	120438129349.5	0.0	120438129349.5	1.0	10.584444207107543	10.8839789573	4.683479913181256	17.55351447253861	17.47883145075	3.4936985067190913
SUCD1m	96049135.0	0.0	96049135.0	1.0	11.648524924553275	11.79633971765	0.6024572672342455	21.452861275787093	21.5791740249	2.422126694577543
FUMm_f	285064926930.0	0.0	285064926930.0	1.0	79.16289603362749	78.73346300360001	36.643632035031686	137.52454499716242	135.1578634553	80.8054293859219
MDHm_f	628063873007.0	1.0	628063873007.0	0.0	450.838719065669	444.44107157015003	240.9566588697457	342.7111110460067	337.77886684939995	167.37736969312257
ME1m	137630239917.5	0.0	137630239917.5	1.0	3.01978435808812	2.1765682271999998	2.8631694550253344	17.63301739754824	12.97615317645	15.797336376284758
ME2m	417942679987.5	0.0	417942679987.5	1.0	3.825065662627417	2.8260055244	3.425597810251035	4.437756011675319	3.9543509008499997	2.982294466736091
ME2	131562487240.0	0.0	131562487240.0	1.0	2.792900428359766	1.96353826235	2.7654231414884256	12.47608249847468	10.441434040699999	9.435720081874862
ACITL	998786643592.0	1.0	998786643592.0	0.0	16.667178901327354	16.62885418755	1.477665476577644	4.673211456428595	4.11334666065	2.976246829474834
FUM_f	24097327568.0	0.0	24097327568.0	1.0	34.07742285873641	34.3652434497	17.352295845083734	112.69546812950912	113.8647394848	36.08803883814817
MDH_f	324847839956.5	0.0	324847839956.5	1.0	134.69066661369138	128.73076890599998	81.18980949894703	201.10497030971283	200.7957006621	109.87271773617364
AKGMALtm_f	548042807919.0	1.0	548042807919.0	0.0	268.2560586989844	264.31080036674996	119.58463775241003	249.75479441253557	238.07864699434998	141.31431193863946
ACONT	999981053448.0	1.0	999981053448.0	0.0	44.216625964985205	43.8441922902	7.464868583721917	7.574120284923818	7.52035760545	3.8359354081797004
ICDHyr	999981053448.0	1.0	999981053448.0	0.0	44.21662596498311	43.8441922902	7.464868583721705	7.574120284923802	7.52035760545	3.8359354081797057
PPA	14411185379.0	0.0	14411185379.0	1.0	6.597885394169872	6.3242009357499995	2.450006128458306	24.79387505556432	23.71388925915	9.802559017485628
Complex1ROS	6195694798.0	0.0	6195694798.0	1.0	23.803320814601424	24.0323873992	3.2124823265737117	52.99422145919611	53.46841730815	10.799446928425693
FADH2ETC	3712060149.5	0.0	3712060149.5	1.0	15.15646437683376	14.54441700345	2.759321876737587	37.65408032257265	36.05033001065	10.462766504855802
CYOR_u10mi	3126744.0	0.0	3126744.0	1.0	37.76963847058553	37.88748466605	2.6466102066633823	87.99859972024545	88.49321037440001	10.082411226595722
CYOOm2i	3126744.0	0.0	3126744.0	1.0	18.884819235292767	18.943742333049997	1.3233051033317655	43.99929986012247	44.246605187200004	5.0412056132977945
ATPS4mi	2124365.0	0.0	2124365.0	1.0	63.590388709351906	63.46878036905	7.086598437786858	163.80921482084807	164.6434420715	21.021902048321603
GLUCYS	386848293393.5	0.0	386848293393.5	1.0	0.043471703426724066	0.034075250599999996	0.03643607661731334	0.06251739573532887	0.0516086427	0.048603360699993416
GTHS	386848293393.5	0.0	386848293393.5	1.0	0.04347170342672729	0.034075250599999996	0.03643607661731529	0.06251739573532877	0.0516086427	0.04860336069999329
SPODMm	6195694797.5	0.0	6195694797.5	1.0	0.595083020365076	0.600809685	0.08031205816433139	1.3248555364798675	1.3367104327	0.2699861732106777
GTHPi	672446034101.0	1.0	672446034101.0	0.0	0.027976541336287825	0.028145739	0.015289069755617899	0.01885905807248876	0.0161595855	0.013943793817810536
GTHPm	6195694797.5	0.0	6195694797.5	1.0	0.5950830203650772	0.600809685	0.0803120581643306	1.324855536479872	1.3367104327	0.2699861732106772
GDR	584093791905.0	1.0	584093791905.0	0.0	0.05622597757740219	0.04986579055	0.03853134753452931	0.04553937216437314	0.037656664150000005	0.03524117754446917
GTHOr	436486659605.0	0.0	436486659605.0	1.0	0.04791772283254642	0.04117046615	0.03539886041077115	0.05704956793212601	0.0509889078	0.03997940776550978
GDRm	212654435676.5	0.0	212654435676.5	1.0	0.12526862566403738	0.09830165495	0.1018777633592485	0.38288557874983686	0.32030775015	0.2939218158245703
GTHOm	186766946561.0	0.0	186766946561.0	1.0	0.13111996176093912	0.1102454779	0.10085307482181904	0.4348568744539317	0.37314532170000003	0.3199205665281862
r0885	369387543164.0	0.0	369387543164.0	1.0	0.6773888658799486	0.69275584275	0.2976346297431144	1.0142261665523074	0.9054494313	0.6760962558721951
PYRt2m_f	36315531940.0	0.0	36315531940.0	1.0	33.99865781789804	32.3686746797	18.615793020871745	113.33305170001869	111.7211446881	42.423812260585
HMR_4964	999999337984.0	1.0	999999337984.0	0.0	60.883804866310946	60.6950485859	8.15393081311556	12.24733174135242	12.11932615745	5.026308185230591
r2420	108658742392.0	0.0	108658742392.0	1.0	53.943824305296246	54.03253484025	7.7897969184965445	96.56508379211247	97.23787723915001	32.65197859410091
ATPtm	11597578179.0	0.0	11597578179.0	1.0	55.4164400753388	55.235018147199995	6.719852684325	113.26283982148978	113.12771062715001	25.11981886662606
FUMtm_f	128818065368.0	0.0	128818065368.0	1.0	39.62156710096068	37.823841453	21.156479193576473	132.5202905360754	129.12166713239998	74.49603027998293
CO2tm_f	326298023626.0	0.0	326298023626.0	1.0	151.92738047165545	152.21329110675	70.33883099849838	193.9549949732548	199.83929586575	63.94157810109883
O2tm	3122413.0	0.0	3122413.0	1.0	19.479902255657777	19.540107248349997	1.3682542265147395	45.32415539660474	45.59580696255	5.1738556863289835
r0801_f	17208417671.0	0.0	17208417671.0	1.0	11.906857004078772	12.2128117997	5.46642053490716	29.346650856284985	29.97502601285	5.956115507633631
THD1m	970360876256.0	1.0	970360876256.0	0.0	54.058953846099016	51.8403962048	17.679034259771985	21.76678477562528	23.3983302048	8.861435841140903
H2Otm_f	871260583025.0	1.0	871260583025.0	0.0	26.62566194491193	26.743338089749997	14.89499434504641	7.479782640421429	6.480851181549999	5.339372194032655
NH4tm_f	509045191044.0	1.0	509045191044.0	4.555688754839735e-109	87.0791151787785	86.953880683	48.55716305288193	85.75410088310149	84.6356687229	48.79576745324918
HCO3E	998786609916.0	1.0	998786609916.0	0.0	14.58374748563467	14.55020764875	1.2929556074402995	4.089044426857668	3.59915967415	2.6042170689418214
HCO3Em	2566792176.0	0.0	2566792176.0	1.0	8.173888812869547	7.3510999231500005	5.043030921910661	50.54601949165118	48.39823029735	18.71004699009394
GLUN	166831462166.0	0.0	166831462166.0	1.0	3.3585611808357982	2.4834775373999998	2.9855732786719837	15.278748323887141	11.44606700605	13.71209012692863
GLNS	64328891416.0	0.0	64328891416.0	1.0	3.5162175103503657	2.72204713935	3.008963971807957	19.69953651564414	16.31141017425	14.005629833827125
GLUt2m	196373413713.5	0.0	196373413713.5	1.0	0.271703132905612	0.1913223169	0.26224767823105244	0.9968602601704761	0.7539874292	0.8759432227705516
GLNtm_1	197820993215.0	0.0	197820993215.0	1.0	0.26226776009720143	0.18192325804999998	0.28613936295607506	0.9213651548005861	0.7114231374	0.7929141966284287
GLUNm	197820993215.0	0.0	197820993215.0	1.0	0.2622677600971989	0.18192325804999998	0.2861393629560768	0.9213651548005842	0.7114231374	0.79291419662843
GLUPRT	992723451175.0	1.0	992723451175.0	0.0	5.0239260626898926e-05	5.17316e-05	8.443153267817839e-06	2.472126937100067e-05	2.55017e-05	3.1412250540825117e-06
PRAGSr	992723451175.5	1.0	992723451175.5	0.0	5.0239260626898926e-05	5.17316e-05	8.443153267817839e-06	2.4721269370000666e-05	2.55017e-05	3.1412250537211205e-06
GARFT	992723451179.0	1.0	992723451179.0	0.0	5.0239260624998916e-05	5.17316e-05	8.443153267410608e-06	2.4721269371100667e-05	2.55017e-05	3.1412250540602293e-06
PRFGS	992723451179.0	1.0	992723451179.0	0.0	5.0239260624998916e-05	5.17316e-05	8.443153267449696e-06	2.4721269371100667e-05	2.55017e-05	3.1412250540602293e-06
PRAIS	992723451179.0	1.0	992723451179.0	0.0	5.023926062539891e-05	5.17316e-05	8.443153267569777e-06	2.4721269371100667e-05	2.55017e-05	3.1412250540602293e-06
AIRCr	992723451179.0	1.0	992723451179.0	0.0	5.023926062539891e-05	5.17316e-05	8.443153267569777e-06	2.4721269371100667e-05	2.55017e-05	3.1412250540602293e-06
PRASCSi	992723451179.0	1.0	992723451179.0	0.0	5.0239260625598907e-05	5.17316e-05	8.443153268061163e-06	2.4721269371100667e-05	2.55017e-05	3.1412250540602293e-06
ADSL2r	992723451179.0	1.0	992723451179.0	0.0	5.02392606252989e-05	5.17316e-05	8.443153267550209e-06	2.4721269371100667e-05	2.55017e-05	3.1412250540602293e-06
AICART	992723451179.0	1.0	992723451179.0	0.0	5.023926062679891e-05	5.17316e-05	8.443153268480927e-06	2.4721269371100667e-05	2.55017e-05	3.1412250540602293e-06
IMPC	992723451179.0	1.0	992723451179.0	0.0	5.023926062679891e-05	5.17316e-05	8.443153268480927e-06	2.4721269371100667e-05	2.55017e-05	3.1412250540602293e-06
ADSS	992723447099.5	1.0	992723447099.5	0.0	2.9749658714800163e-05	3.06334e-05	4.999694286093745e-06	1.4638937124699936e-05	1.51011e-05	1.8601066085222723e-06
ADSL1r	992723447099.5	1.0	992723447099.5	0.0	2.9749658715700163e-05	3.06334e-05	4.999694285459595e-06	1.4638937124699936e-05	1.51011e-05	1.8601066085222723e-06
IMPDH2	992723455692.0	1.0	992723455692.0	0.0	2.0489601897598856e-05	2.10982e-05	3.4434590689733276e-06	1.0082332251600208e-05	1.04006e-05	1.2811184701175876e-06
GMPS	420351339336.0	0.0	420351339336.0	1.0	6.182700953899749e-06	5.4108e-06	4.337701089505863e-06	6.685472626500201e-06	6.9131e-06	2.6124271574879138e-06
GMPS2	968779124031.0	1.0	968779124031.0	0.0	1.430690090079991e-05	1.46708e-05	5.036996904410458e-06	3.3968595685000695e-06	3.0536e-06	2.36693404407973e-06
GK1	992723455683.0	1.0	992723455683.0	0.0	2.0489601897598856e-05	2.10982e-05	3.4434590689733276e-06	1.0082332253100208e-05	1.04006e-05	1.281118469701288e-06
RNDR2	992723460890.0	1.0	992723460890.0	0.0	4.407390635200006e-06	4.5383e-06	7.407009980247177e-07	2.1687476867000287e-06	2.2372e-06	2.755733952212326e-07
ADK1	14411107618.0	0.0	14411107618.0	1.0	6.597860638777076	6.324175653599999	2.450005938268573	24.793862874159952	23.71387610635	9.80255903234926
RNDR1	992723456205.5	1.0	992723456205.5	0.0	5.870138440200091e-06	6.0445e-06	9.86528729070827e-07	2.888522966899972e-06	2.9797e-06	3.6703213671509745e-07
CBPS	769017311729.5	1.0	769017311729.5	0.0	1.9319880030800855e-05	1.826285e-05	1.1752811614108665e-05	9.01144066899973e-06	8.5114e-06	5.731939383196355e-06
ASPCT	769017311729.5	1.0	769017311729.5	0.0	1.9319880030800855e-05	1.826285e-05	1.1752811614108665e-05	9.01144066899973e-06	8.5114e-06	5.731939383196355e-06
DHORTS	769017311729.5	1.0	769017311729.5	0.0	1.9319880030800855e-05	1.826285e-05	1.1752811614108665e-05	9.01144066899973e-06	8.5114e-06	5.731939383196355e-06
DHORD9	769017311729.5	1.0	769017311729.5	0.0	1.9319880030800855e-05	1.826285e-05	1.1752811614108665e-05	9.01144066899973e-06	8.5114e-06	5.731939383196355e-06
ORPT	769017311729.5	1.0	769017311729.5	0.0	1.9319880030800855e-05	1.826285e-05	1.1752811614108665e-05	9.01144066899973e-06	8.5114e-06	5.731939383196355e-06
OMPDC	769017311729.5	1.0	769017311729.5	0.0	1.9319880030800855e-05	1.826285e-05	1.1752811614108665e-05	9.01144066899973e-06	8.5114e-06	5.731939383196355e-06
UMPK	983450717675.0	1.0	983450717675.0	0.0	3.995467313960069e-05	4.0008250000000004e-05	8.840232068256015e-06	1.9367467989600925e-05	1.91241e-05	3.7944226632313003e-06
RNDR4	992723459002.5	1.0	992723459002.5	0.0	5.8291725935999755e-06	6.0023e-06	9.796440976257247e-07	2.8683648518002755e-06	2.9589e-06	3.644707672292334e-07
TMDS	992723459002.5	1.0	992723459002.5	0.0	5.8291725935999755e-06	6.0023e-06	9.796440976257247e-07	2.8683648518002755e-06	2.9589e-06	3.644707672292334e-07
URIDK2r	992723459002.5	1.0	992723459002.5	0.0	5.8291725935999755e-06	6.0023e-06	9.796440976257247e-07	2.8683648518002755e-06	2.9589e-06	3.644707672292334e-07
NDPK2	978538830685.5	1.0	978538830685.5	0.0	3.412550051289946e-05	3.398455e-05	8.090707547355998e-06	1.6499103100400388e-05	1.620845e-05	3.571783764523164e-06
NDPK3_f	84962572626.5	0.0	84962572626.5	1.0	2.505064479900071e-06	2.4419e-06	1.500564906085652e-06	6.2762242913997134e-06	6.3765e-06	2.184601121127319e-06
CYTK1_r	779989474860.5	1.0	779989474860.5	0.0	1.125931286649985e-05	1.09233e-05	5.683706755763967e-06	5.833432334399902e-06	5.9431e-06	3.0125863563807636e-06
CTPS1	781851317742.5	1.0	781851317742.5	0.0	1.0327016085599977e-05	1.00792e-05	5.793493122260465e-06	4.78856690230009e-06	4.4938e-06	2.9696082575755963e-06
RNDR3	992723460172.0	1.0	992723460172.0	0.0	4.204342502000042e-06	4.3292e-06	7.065770351337083e-07	2.0688336131000514e-06	2.1341e-06	2.628777559940296e-07
GDHm	413515262321.5	0.0	413515262321.5	1.0	12.228062174659364	8.5540436225	12.1161655410147	14.343867484110548	12.27016382825	10.30029525026765
GLUDym_f	738603406384.5	1.0	738603406384.5	0.0	103.29689939003686	104.74441771375	54.734799908942044	58.285655704832635	58.93747482615	21.54705832587016
ASPTA_f	749744014314.0	1.0	749744014314.0	0.0	138.88546795156648	139.25576134735002	57.07830719966771	89.79227018493847	86.9694107128	40.82867608746717
ASPTAm	135081046869.5	0.0	135081046869.5	1.0	6.683493953061517	5.0791162947	5.789988651104381	22.94285146935152	21.03429726535	14.3527753493937
ASPGLUm	135978066710.5	0.0	135978066710.5	1.0	6.649424794051386	5.0445434842	5.792434600681088	22.858850800956507	20.949604725900002	14.346983785136707
ASPT	200603353150.5	0.0	200603353150.5	1.0	0.25576636220301097	0.1821106315	0.2434326545425638	0.911302916829625	0.69044606985	0.7933193944692237
CBPSam					0.0	0.0	0.0	0.0	0.0	0.0
OCBTm					0.0	0.0	0.0	0.0	0.0	0.0
ORNt4m					0.0	0.0	0.0	0.0	0.0	0.0
ARGSS	194575349128.5	0.0	194575349128.5	1.0	0.22772429372110878	0.16159829165	0.22030534060269397	0.8697403043239955	0.6466993184000001	0.7830978949654608
ARGSL	194575349129.0	0.0	194575349129.0	1.0	0.2277242937212627	0.16159829165	0.2203053406026918	0.8697403043239947	0.6466993184000001	0.78309789496546
ARGN	741505678676.0	1.0	741505678676.0	0.0	0.06288515416205566	0.052769335449999996	0.04769620070639643	0.026019731633219582	0.0233682643	0.018080921508845254
ORNDC	967910717970.5	1.0	967910717970.5	0.0	0.1912589831958918	0.20051038615	0.05409402145014277	0.07671824914762466	0.0780304197	0.005039250789346601
SPMS	2227732950.0	0.0	2227732950.0	1.0	0.004847629477297874	0.0048306448499999995	0.0016217530911687662	0.04258983786012633	0.04236736885	0.015973030470573565
SPRMS	18858997447.0	0.0	18858997447.0	1.0	0.00204180150287443	0.00196111575	0.0012378887676822092	0.028797119935454904	0.0277567205	0.015763354565702534
ADMDC	1815736597.0	0.0	1815736597.0	1.0	0.006889430980202145	0.0072042337500000005	0.002042088582130016	0.07138695779565822	0.07000299730000001	0.02977878909554748
MTAP	1815736597.0	0.0	1815736597.0	1.0	0.006889430980201144	0.0072042337500000005	0.002042088582130701	0.07138695779560104	0.07000299730000001	0.029778789095546564
ADPT	1815736597.0	0.0	1815736597.0	1.0	0.006889430980202245	0.0072042337500000005	0.0020420885821299793	0.07138695779560054	0.07000299730000001	0.02977878909554623
MTRI	1815736597.0	0.0	1815736597.0	1.0	0.006889430980202245	0.0072042337500000005	0.0020420885821300066	0.07138695779560086	0.07000299730000001	0.029778789095546543
MDRPD	1815736597.0	0.0	1815736597.0	1.0	0.006889430980202245	0.0072042337500000005	0.0020420885821299793	0.07138695779560095	0.07000299730000001	0.029778789095546564
DKMPPD	1815736597.0	0.0	1815736597.0	1.0	0.006889430980202245	0.0072042337500000005	0.0020420885821299793	0.07138695779560104	0.07000299730000001	0.029778789095546643
SPMDtex2	141543359519.5	0.0	141543359519.5	1.0	0.002805827974428472	0.00242323465	0.002038327157855897	0.013792717924717599	0.01140177845	0.010975692194842698
SPRMti	18858997447.0	0.0	18858997447.0	1.0	0.0020418015028748297	0.00196111575	0.0012378887676818989	0.028797119935454904	0.0277567205	0.015763354565702534
GLYAMDTRc	918067617381.0	1.0	918067617381.0	0.0	0.12837382903370834	0.1261605034	0.05267755455794002	0.05069851751439388	0.05302533565	0.018430666225824104
ARGDr	194575349129.0	0.0	194575349129.0	1.0	0.2277242937217068	0.16159829165	0.2203053406027008	0.8697403043239955	0.6466993184000001	0.7830978949654608
r0074_f	992723485045.5	1.0	992723485045.5	0.0	0.00018367129456039338	0.00018912714999999998	3.086757794333805e-05	9.03792389980029e-05	9.32324e-05	1.1484099910290582e-05
GLU5SAtmc_f	992723485045.5	1.0	992723485045.5	0.0	0.00018367129456039338	0.00018912714999999998	3.086757794333805e-05	9.03792389980029e-05	9.32324e-05	1.1484099910290582e-05
G5SADs_f	992723485045.5	1.0	992723485045.5	0.0	0.00018367129456039338	0.00018912714999999998	3.086757794333805e-05	9.03792389980029e-05	9.32324e-05	1.1484099910290582e-05
PRO1x	799626007567.5	1.0	799626007567.5	0.0	9.175558671839454e-05	8.95619e-05	4.917350862469656e-05	4.2117295704500576e-05	3.9876749999999994e-05	2.6640037740898747e-05
P5CR	789973633938.0	1.0	789973633938.0	0.0	9.19156717093997e-05	9.084065e-05	4.458134180524376e-05	4.8261943319001685e-05	4.90492e-05	2.5927505035671125e-05
PROD2					0.0	0.0	0.0	0.0	0.0	0.0
EXRiboflavin					0.0	0.0	0.0	0.0	0.0	0.0
RBFK					0.0	0.0	0.0	0.0	0.0	0.0
FMNAT					0.0	0.0	0.0	0.0	0.0	0.0
TransportFAD					0.0	0.0	0.0	0.0	0.0	0.0
ASNS1	215189263058.0	0.0	215189263058.0	1.0	1.069722114130323	0.8165559426	0.9550618293121286	3.8106563643997133	2.7641574424	3.590292298224089
ASNN	215176864503.0	0.0	215176864503.0	1.0	1.0695976915061367	0.8164412275499999	0.9550613307099919	3.8105951396762703	2.7641057009	3.590292092605502
METS	172381405228.0	0.0	172381405228.0	1.0	1.0585514924802641	0.77723235955	0.9569074546147815	4.64480842642456	3.4494136817000003	4.177826912559053
METAT	164370869384.5	0.0	164370869384.5	1.0	1.0811633002832934	0.7996913576	0.9571952845936283	4.717848034178121	3.522063848	4.178367542256656
HMR_3915	167940094415.5	0.0	167940094415.5	1.0	1.0065276379207937	0.7252103432999999	0.9556032017772552	4.618675063906298	3.42304021625	4.1765394542983545
AHCi	174677259391.5	0.0	174677259391.5	1.0	1.0742738693080902	0.79276055915	0.9572349442257939	4.646461076382527	3.4510940187	4.1778240064793986
ADNK1	174677259391.5	0.0	174677259391.5	1.0	1.0742738693080924	0.79276055915	0.9572349442257926	4.646461076382546	3.4510940187	4.177824006479393
CYSTS	939278663868.5	1.0	939278663868.5	0.0	0.01572237682833967	0.01530617575	0.00976223522200846	0.0016526499581759836	0.0017483487	0.000818059875005394
CYSTGL	939278663868.5	1.0	939278663868.5	0.0	0.01572237682833977	0.01530617575	0.00976223522200851	0.0016526499581759836	0.0017483487	0.000818059875005394
MTHFR3	683437907384.5	1.0	683437907384.5	0.0	0.05218420182541184	0.0436979532	0.04032478109409896	0.0270677571010042	0.02447637775	0.018073092486157395
MetSynthesis	105257109780.0	0.0	105257109780.0	1.0	0.0046546018950451955	0.0046670029	0.0023686623896849207	0.031707831451553925	0.025327295149999998	0.02559674797458442
UNK3	30648676648.0	0.0	30648676648.0	1.0	0.0022348290849642347	0.0020111504499999997	0.0015796101609931573	0.039679126344062336	0.03444209845	0.027821062391991135
5MTHFt	2956094028.0	0.0	2956094028.0	1.0	0.00016034727149110065	0.00016549620000000002	4.533546267650921e-05	0.0009343945829716805	0.00098823935	0.0002509978924713228
ILETA					0.0	0.0	0.0	0.0	0.0	0.0
3MOPt2im					0.0	0.0	0.0	0.0	0.0	0.0
ILETAm					0.0	0.0	0.0	0.0	0.0	0.0
LEUTA	410472348635.5	0.0	410472348635.5	1.0	3.3871706272999655e-06	3.2151e-06	2.105770291717942e-06	4.840301207299958e-06	3.964e-06	3.7433407990323127e-06
4MOPt2im	410472348405.5	0.0	410472348405.5	1.0	3.387170628099965e-06	3.2151e-06	2.105770299636508e-06	4.840301207299958e-06	3.964e-06	3.7433407990323127e-06
LEUTAm	873252911117.0	1.0	873252911117.0	0.0	3.061858783490052e-05	3.14127e-05	1.4704943589549566e-05	1.0994421986899984e-05	1.06592e-05	6.238572681359428e-06
OIVD1m	846935396262.5	1.0	846935396262.5	0.0	3.4005758516301124e-05	3.48495e-05	1.5059172715698025e-05	1.583472315799971e-05	1.61619e-05	6.254766585128309e-06
ACOAD8m	846935396390.5	1.0	846935396390.5	0.0	3.40057585186011e-05	3.48495e-05	1.5059172713071783e-05	1.583472315799971e-05	1.61619e-05	6.254766585128309e-06
MCCCrm	846935396390.5	1.0	846935396390.5	0.0	3.40057585186011e-05	3.48495e-05	1.5059172713071783e-05	1.583472315799971e-05	1.61619e-05	6.254766585128309e-06
MGCHrm	846935396390.5	1.0	846935396390.5	0.0	3.40057585186011e-05	3.48495e-05	1.5059172713071783e-05	1.583472315799971e-05	1.61619e-05	6.254766585128309e-06
HMGCOAtm	845894017491.5	1.0	845894017491.5	0.0	3.40057585186011e-05	3.48495e-05	1.5059172713071783e-05	1.5907966011100046e-05	1.62327e-05	6.257881369370978e-06
VALTA	393763214140.5	0.0	393763214140.5	1.0	0.014743965509894914	0.0156842798	0.005568491484705213	0.017600912987309963	0.01836318605	0.009043533822756194
3MOBt2im	393763214409.0	0.0	393763214409.0	1.0	0.014743965518989913	0.015684279750000002	0.005568491484529982	0.017600912987309866	0.01836318605	0.009043533822756215
VALTAim	933051115711.0	1.0	933051115711.0	0.0	0.21063776781812973	0.21959776575	0.06330070077967978	0.09640308999805379	0.0995162952	0.02942563528187393
OIVD2m	930605714223.0	1.0	930605714223.0	0.0	0.22538173333706235	0.23463193124999998	0.06297900115177799	0.11400400298533028	0.11756812764999999	0.02689259582163643
ACOAD9m	930605714223.0	1.0	930605714223.0	0.0	0.2253817333370455	0.23463193124999998	0.06297900115177378	0.11400400298533028	0.11756812764999999	0.02689259582163643
ECOAH12m	930605714223.0	1.0	930605714223.0	0.0	0.2253817333370763	0.23463193124999998	0.06297900115177742	0.11400400298532967	0.11756812764999999	0.026892595821636254
3HBCOAHLm	930605714223.0	1.0	930605714223.0	0.0	0.22538173333707498	0.23463193124999998	0.06297900115177839	0.11400400298532967	0.11756812764999999	0.026892595821636254
HIBDm	930605714223.0	1.0	930605714223.0	0.0	0.2253817333370755	0.23463193124999998	0.06297900115177822	0.11400400298532967	0.11756812764999999	0.026892595821636254
r0643	624825301440.5	1.0	624825301440.5	0.0	0.06413916830433951	0.05400251575	0.0490737508378007	0.04187911870270727	0.03659028005	0.030026437663666854
MMSAD1m	823463624269.5	1.0	823463624269.5	0.0	0.07683550735254947	0.0687287596	0.052495824957965107	0.024224138189078738	0.0191732767	0.01997849171516794
MMTSADm	673081683969.0	1.0	673081683969.0	0.0	0.08440705765487751	0.07329507265	0.060961665062807376	0.04790074609359775	0.0430314765	0.03293816983813107
PCC	823595451487.5	1.0	823595451487.5	0.0	0.07686951309312015	0.0687611088	0.0524961263549919	0.024240046155155435	0.01918908575	0.019978489498277675
MMALH	624825301440.5	1.0	624825301440.5	0.0	0.06413916830433883	0.05400251575	0.04907375083780028	0.04187911870270716	0.03659028005	0.030026437663666847
MMEm	848076300969.5	1.0	848076300969.5	0.0	0.1410086813974691	0.13800203025000002	0.06289494068012388	0.06611916485782926	0.06405504265	0.03171112000823846
MMMm	930641185337.5	1.0	930641185337.5	0.0	0.22541573905231138	0.23466403154999999	0.06297784446784659	0.11401991095143324	0.11758407245	0.026892329615485124
ILEtmi					0.0	0.0	0.0	0.0	0.0	0.0
LEUt5m	873252911117.0	1.0	873252911117.0	0.0	3.061858783490052e-05	3.14127e-05	1.4704943589549566e-05	1.0994421986899984e-05	1.06592e-05	6.238572681359428e-06
VALt5m	933051115622.5	1.0	933051115622.5	0.0	0.21063776777336002	0.2195977657	0.06330070078599694	0.09640308999805228	0.0995162952	0.029425635281874907
PGCD	24949878976.5	0.0	24949878976.5	1.0	0.2680849402157848	0.19618653445	0.24783210818308915	2.307868128603004	2.2739056791000003	1.1005405432844393
PSERT	24949878976.5	0.0	24949878976.5	1.0	0.2680849402157866	0.19618653445	0.24783210818308962	2.307868128603015	2.2739056791000003	1.1005405432844362
PSP_L	24949878976.5	0.0	24949878976.5	1.0	0.26808494021544244	0.19618653445	0.2478321081830653	2.307868128603206	2.2739056791000003	1.1005405432843844
GHMT2r_f	848762436615.5	1.0	848762436615.5	0.0	68.36794780363297	71.419547756	30.15057781365499	30.587692017011424	30.62251967925	15.68612077537388
SERD_L	983577409.0	0.0	983577409.0	1.0	0.34280524849428656	0.28148377865	0.25659455836977446	5.095176211189136	5.114365052249999	1.8249781700408096
ALATA_L_f	354905986379.0	0.0	354905986379.0	1.0	0.36652131515001307	0.26844557895	0.327860135071019	0.6246140141569261	0.4574143903	0.5556406524190638
r1435	123474506361.5	0.0	123474506361.5	1.0	3.880139933219753e-05	3.32896e-05	2.9336307718620016e-05	0.00023553976531869505	0.0001832441	0.00019826858515152758
GLYtm_r	123474564504.5	0.0	123474564504.5	1.0	3.880141836529785e-05	3.32896e-05	2.9336312745043657e-05	0.00023553976531869505	0.0001832441	0.00019826858515152758
GHMT2rm	123474564504.5	0.0	123474564504.5	1.0	3.880141836529785e-05	3.32896e-05	2.9336312745043657e-05	0.00023553976531869505	0.0001832441	0.00019826858515152758
MLTHFtm_r	26864143649.5	0.0	26864143649.5	1.0	9.862256233459753e-05	9.51578e-05	4.80963619072096e-05	0.0005910474694356776	0.0005812112	0.00027805855139017785
r0962	26864143649.0	0.0	26864143649.0	1.0	9.862256233409752e-05	9.51578e-05	4.809636190762289e-05	0.0005910474694356776	0.0005812112	0.00027805855139017785
FORtm_r	110897446737.0	0.0	110897446737.0	1.0	5.982114379650221e-05	5.05727e-05	4.517764315935699e-05	0.0003555077040256137	0.00030408089999999996	0.0002607192431163575
r0514	26864143649.0	0.0	26864143649.0	1.0	9.862256233409752e-05	9.51578e-05	4.809636190762289e-05	0.0005910474694356776	0.0005812112	0.00027805855139017785
DHFRim	26864143649.0	0.0	26864143649.0	1.0	9.862256233409752e-05	9.51578e-05	4.809636190762289e-05	0.0005910474694356776	0.0005812112	0.00027805855139017785
FTHFLmi	110897446935.0	0.0	110897446935.0	1.0	5.98211438874023e-05	5.05727e-05	4.517764315424469e-05	0.0003555077040289137	0.00030408089999999996	0.00026071924311558503
MTHFCm	110897446935.0	0.0	110897446935.0	1.0	5.98211438874023e-05	5.05727e-05	4.517764315424469e-05	0.0003555077040289137	0.00030408089999999996	0.00026071924311558503
MTHFDm	110897446935.0	0.0	110897446935.0	1.0	5.98211438874023e-05	5.05727e-05	4.517764315424469e-05	0.0003555077040289137	0.00030408089999999996	0.00026071924311558503
FOLR2	121971387983.0	0.0	121971387983.0	1.0	6.172468061769925e-05	5.21057e-05	4.592416026983386e-05	0.00034334711374961116	0.00028888385	0.00025911664893632584
DHFR	127674092532.5	0.0	127674092532.5	1.0	6.75538531065994e-05	5.7940649999999996e-05	4.595282550878776e-05	0.0003462154784516022	0.0002917414	0.0002591082473752352
FTHFLi	21124960713.5	0.0	21124960713.5	1.0	0.020448448685852515	0.0195238217	0.009236382687037699	0.0787963343642553	0.07756285295000001	0.030138649022739116
FTHFDH	315608366333.0	0.0	315608366333.0	1.0	4.037955592706873	4.17415492735	0.7385517265242699	5.050539910866823	4.9847785086	1.6037063730474108
MTHFC_f	751339366861.0	1.0	751339366861.0	0.0	0.33895936303109464	0.29460042254999996	0.2470096544328414	0.12906617691730152	0.12034014074999999	0.07639514538618862
MTHFD	848314351176.5	1.0	848314351176.5	0.0	24.50452479849489	23.3311464606	6.113678360101422	13.122474559635457	11.17899282755	9.755251073377735
MTHFD2i_f	715507624027.0	1.0	715507624027.0	0.0	69.19128531659244	66.42017949115001	40.73639459827627	39.21332759821446	37.81602333675	20.56257336844371
ACACT1r	746983725443.5	1.0	746983725443.5	0.0	2.024915452190038e-05	1.76025e-05	1.4451164538293661e-05	8.606074679900156e-06	7.6333e-06	5.976684170473419e-06
HMGCOAS	689872343847.0	1.0	689872343847.0	0.0	2.0499298790299842e-05	1.78526e-05	1.4438770949137009e-05	1.0912373936599761e-05	1.01058e-05	5.941430595646666e-06
HMGCOAR	992723457250.0	1.0	992723457250.0	0.0	5.450505733299843e-05	5.61241e-05	9.160057626358323e-06	2.6820340010600584e-05	2.7667e-05	3.407944881284002e-06
MEVK1	992723456873.5	1.0	992723456873.5	0.0	5.450505723519824e-05	5.61241e-05	9.160057638089968e-06	2.6820340010600584e-05	2.7667e-05	3.407944881284002e-06
PMEVK	992723456873.5	1.0	992723456873.5	0.0	5.450505723519824e-05	5.61241e-05	9.160057638089968e-06	2.6820340010600584e-05	2.7667e-05	3.407944881284002e-06
IPDDI	992723456016.0	1.0	992723456016.0	0.0	1.8168352391799436e-05	1.8708e-05	3.05335252495718e-06	8.940113340399834e-06	9.2223e-06	1.1359816247406008e-06
DPMVD	992723456873.5	1.0	992723456873.5	0.0	5.450505723519824e-05	5.61241e-05	9.160057638089968e-06	2.6820340010600584e-05	2.7667e-05	3.407944881284002e-06
DMATT	992723456016.0	1.0	992723456016.0	0.0	1.8168352391799436e-05	1.8708e-05	3.05335252495718e-06	8.940113340399834e-06	9.2223e-06	1.1359816247406008e-06
GRTT	992723456016.0	1.0	992723456016.0	0.0	1.8168352391799436e-05	1.8708e-05	3.05335252495718e-06	8.940113340399834e-06	9.2223e-06	1.1359816247406008e-06
HMR_1465	992723455075.5	1.0	992723455075.5	0.0	9.084176242999983e-06	9.354e-06	1.5266762799436972e-06	4.470056690099917e-06	4.6112e-06	5.679908347050495e-07
HMR_1467	992723455075.5	1.0	992723455075.5	0.0	9.084176242999983e-06	9.354e-06	1.5266762799436972e-06	4.470056690099917e-06	4.6112e-06	5.679908347050495e-07
SMO	992723455075.5	1.0	992723455075.5	0.0	9.084176242999983e-06	9.354e-06	1.5266762799436972e-06	4.470056690099917e-06	4.6112e-06	5.679908347050495e-07
LNSTLS	992723455075.5	1.0	992723455075.5	0.0	9.084176242999983e-06	9.354e-06	1.5266762799436972e-06	4.470056690099917e-06	4.6112e-06	5.679908347050495e-07
HMR_1477	992723455075.5	1.0	992723455075.5	0.0	9.084176242999983e-06	9.354e-06	1.5266762799436972e-06	4.470056690099917e-06	4.6112e-06	5.679908347050495e-07
HMR_1478	992723455075.5	1.0	992723455075.5	0.0	9.084176242999983e-06	9.354e-06	1.5266762799436972e-06	4.470056690099917e-06	4.6112e-06	5.679908347050495e-07
HMR_1479	992723455075.5	1.0	992723455075.5	0.0	9.084176242999983e-06	9.354e-06	1.5266762799436972e-06	4.470056690099917e-06	4.6112e-06	5.679908347050495e-07
C14STR	992723455075.5	1.0	992723455075.5	0.0	9.084176242999983e-06	9.354e-06	1.5266762799436972e-06	4.470056690099917e-06	4.6112e-06	5.679908347050495e-07
HMR_1490	992723455075.5	1.0	992723455075.5	0.0	9.084176242999983e-06	9.354e-06	1.5266762799436972e-06	4.470056690099917e-06	4.6112e-06	5.679908347050495e-07
HMR_1493	992723455075.5	1.0	992723455075.5	0.0	9.084176242999983e-06	9.354e-06	1.5266762799436972e-06	4.470056690099917e-06	4.6112e-06	5.679908347050495e-07
HMR_1494	992723455075.5	1.0	992723455075.5	0.0	9.084176242999983e-06	9.354e-06	1.5266762799436972e-06	4.470056690099917e-06	4.6112e-06	5.679908347050495e-07
C3STDH1	538361643605.0	1.0	538361643605.0	0.0	2.723497052399877e-06	2.5006e-06	1.6885033424296217e-06	2.3869820219000264e-06	2.4259e-06	1.2823455810354624e-06
HMR_1495	956779630921.0	1.0	956779630921.0	0.0	6.360679114999676e-06	6.4455e-06	2.027204983486806e-06	2.0830746643000127e-06	1.9723e-06	1.3175866230973984e-06
HMR_1500	992723455222.5	1.0	992723455222.5	0.0	9.084176263099981e-06	9.354e-06	1.5266762772456274e-06	4.470056690099917e-06	4.6112e-06	5.679908347050495e-07
HMR_1502	992723455222.5	1.0	992723455222.5	0.0	9.084176263099981e-06	9.354e-06	1.5266762772456274e-06	4.470056690099917e-06	4.6112e-06	5.679908347050495e-07
HMR_1503	992723455222.5	1.0	992723455222.5	0.0	9.084176263099981e-06	9.354e-06	1.5266762772456274e-06	4.470056690099917e-06	4.6112e-06	5.679908347050495e-07
HMR_1504	992723455222.5	1.0	992723455222.5	0.0	9.084176263099981e-06	9.354e-06	1.5266762772456274e-06	4.470056690099917e-06	4.6112e-06	5.679908347050495e-07
HMR_1505	992723455222.5	1.0	992723455222.5	0.0	9.084176263099981e-06	9.354e-06	1.5266762772456274e-06	4.470056690099917e-06	4.6112e-06	5.679908347050495e-07
HMR_1509	992723455222.5	1.0	992723455222.5	0.0	9.084176263099981e-06	9.354e-06	1.5266762772456274e-06	4.470056690099917e-06	4.6112e-06	5.679908347050495e-07
CHLSTI_1	992723455222.5	1.0	992723455222.5	0.0	9.084176263099981e-06	9.354e-06	1.5266762772456274e-06	4.470056690099917e-06	4.6112e-06	5.679908347050495e-07
HMR_1516	992723455222.5	1.0	992723455222.5	0.0	9.084176263099981e-06	9.354e-06	1.5266762772456274e-06	4.470056690099917e-06	4.6112e-06	5.679908347050495e-07
RE2410C	992723455222.5	1.0	992723455222.5	0.0	9.084176263099981e-06	9.354e-06	1.5266762772456274e-06	4.470056690099917e-06	4.6112e-06	5.679908347050495e-07
DSMSTOLR	992723455222.5	1.0	992723455222.5	0.0	9.084176263099981e-06	9.354e-06	1.5266762772456274e-06	4.470056690099917e-06	4.6112e-06	5.679908347050495e-07
ACCOAC	998786594028.0	1.0	998786594028.0	0.0	14.583728165754634	14.55018770755	1.2929560760299912	4.08903541541705	3.59914563555	2.6042171300093
FASN	998786594028.0	1.0	998786594028.0	0.0	2.083389737964997	2.0785982439	0.18470801086142816	0.5841479164881888	0.51416366225	0.37203101857277665
MCAT	998786594028.0	1.0	998786594028.0	0.0	14.583728165754662	14.55018770755	1.2929560760299894	4.089035415417066	3.59914563555	2.604217130009299
AcetoacetylACPsynthesis	998786594028.0	1.0	998786594028.0	0.0	2.0833897379650073	2.0785982439	0.18470801086143032	0.5841479164881869	0.51416366225	0.3720310185727769
r0691	998786594028.0	1.0	998786594028.0	0.0	2.083389737965002	2.0785982439	0.18470801086143185	0.5841479164881901	0.51416366225	0.3720310185727767
r0681	998786594028.0	1.0	998786594028.0	0.0	2.0833897379649957	2.0785982439	0.1847080108614309	0.5841479164881858	0.51416366225	0.3720310185727762
r0682	998786594028.0	1.0	998786594028.0	0.0	2.083389737965008	2.0785982439	0.18470801086143218	0.5841479164881871	0.51416366225	0.37203101857277676
r0760	998786594028.0	1.0	998786594028.0	0.0	2.083389737964999	2.0785982439	0.18470801086143124	0.5841479164881859	0.51416366225	0.37203101857277676
r0761	998786594028.0	1.0	998786594028.0	0.0	2.083389737965009	2.0785982439	0.1847080108614305	0.5841479164881865	0.51416366225	0.37203101857277676
r0762	998786594028.0	1.0	998786594028.0	0.0	2.0833897379649953	2.0785982439	0.18470801086143143	0.5841479164881851	0.51416366225	0.37203101857277665
r0763	998786594028.0	1.0	998786594028.0	0.0	2.0833897379650095	2.0785982439	0.18470801086143165	0.5841479164881856	0.51416366225	0.3720310185727762
r0764	998786594028.0	1.0	998786594028.0	0.0	2.083389737964999	2.0785982439	0.18470801086143124	0.5841479164881859	0.51416366225	0.37203101857277676
r0694	998786594028.0	1.0	998786594028.0	0.0	2.0833897379650113	2.0785982439	0.18470801086142996	0.5841479164881866	0.51416366225	0.3720310185727762
r0695	998786594028.0	1.0	998786594028.0	0.0	2.0833897379649953	2.0785982439	0.18470801086143143	0.5841479164881846	0.51416366225	0.37203101857277604
r0765	998786594028.0	1.0	998786594028.0	0.0	2.0833897379650073	2.0785982439	0.1847080108614309	0.5841479164881864	0.51416366225	0.3720310185727767
r0766	998786594028.0	1.0	998786594028.0	0.0	2.083389737964997	2.0785982439	0.1847080108614308	0.5841479164881862	0.51416366225	0.37203101857277615
r0692	998786594028.0	1.0	998786594028.0	0.0	2.0833897379650086	2.0785982439	0.18470801086143035	0.5841479164881892	0.51416366225	0.3720310185727765
r0693	998786594028.0	1.0	998786594028.0	0.0	2.0833897379650077	2.0785982439	0.18470801086143065	0.5841479164881869	0.51416366225	0.37203101857277554
r0767	998786594028.0	1.0	998786594028.0	0.0	2.0833897379649993	2.0785982439	0.1847080108614309	0.5841479164881878	0.51416366225	0.37203101857277643
r0768	998786594028.0	1.0	998786594028.0	0.0	2.083389737965009	2.0785982439	0.18470801086143185	0.5841479164881844	0.51416366225	0.3720310185727765
r0769	998786594028.0	1.0	998786594028.0	0.0	2.0833897379650073	2.0785982439	0.1847080108614304	0.5841479164881873	0.51416366225	0.3720310185727766
r0770	998786594028.0	1.0	998786594028.0	0.0	2.0833897379650077	2.0785982439	0.18470801086143065	0.5841479164881863	0.51416366225	0.3720310185727762
r0712	998786594028.0	1.0	998786594028.0	0.0	2.0833897379649993	2.0785982439	0.1847080108614309	0.5841479164881874	0.51416366225	0.3720310185727762
r0713	998786594028.0	1.0	998786594028.0	0.0	2.083389737965009	2.0785982439	0.18470801086143185	0.5841479164881844	0.51416366225	0.3720310185727765
r0701	998786594028.0	1.0	998786594028.0	0.0	2.0833897379650073	2.0785982439	0.1847080108614304	0.5841479164881873	0.51416366225	0.3720310185727766
r0702	998786594028.0	1.0	998786594028.0	0.0	2.0833897379650077	2.0785982439	0.18470801086143065	0.5841479164881844	0.51416366225	0.37203101857277693
r0771	998786594028.0	1.0	998786594028.0	0.0	2.0833897379650006	2.0785982439	0.1847080108614302	0.5841479164881856	0.51416366225	0.3720310185727766
r0772	998786594028.0	1.0	998786594028.0	0.0	2.083389737965006	2.0785982439	0.18470801086143135	0.5841479164881884	0.51416366225	0.37203101857277676
r0696	998786594028.0	1.0	998786594028.0	0.0	2.0833897379650086	2.0785982439	0.18470801086143157	0.5841479164881864	0.51416366225	0.3720310185727764
r0697	998786594028.0	1.0	998786594028.0	0.0	2.0833897379650086	2.0785982439	0.18470801086143002	0.5841479164881863	0.51416366225	0.3720310185727763
r0773	998786594028.0	1.0	998786594028.0	0.0	2.0833897379649993	2.0785982439	0.1847080108614309	0.5841479164881855	0.51416366225	0.37203101857277654
FA160ACPH	998786594028.0	1.0	998786594028.0	0.0	2.0833897379650095	2.0785982439	0.18470801086143276	0.5841479164881876	0.51416366225	0.37203101857277604
TMLYStd_r	0.0	0.0	0.0	1.0	0.0	0.0	0.0	2.8354042870918788	2.9006525544499997	1.4966785935678568
TMLYSOX	0.0	0.0	0.0	1.0	0.0	0.0	0.0	2.8354042870918774	2.9006525544499997	1.4966785935678573
GHMT3	0.0	0.0	0.0	1.0	0.0	0.0	0.0	2.83540428709182	2.9006525544499997	1.496678593567842
TMABADH	0.0	0.0	0.0	1.0	0.0	0.0	0.0	2.835404287091816	2.9006525544499997	1.4966785935678437
BBHOX	0.0	0.0	0.0	1.0	0.0	0.0	0.0	2.8354042870918095	2.9006525544499997	1.4966785935678406
SUCFUMtm_r	0.0	0.0	0.0	1.0	0.0	0.0	0.0	5.6708085741834955	5.80130510895	2.9933571871355924
palmitateActivation	160387547373.5	0.0	160387547373.5	1.0	0.1010145167915078	0.07227933995	0.0971816869342618	0.43768639704527346	0.35106176074999995	0.3583356439458002
carnitineAcylTransferaseI	160387547373.5	0.0	160387547373.5	1.0	0.1010145167915369	0.07227933995	0.09718168693426249	0.43768639704527523	0.35106176074999995	0.3583356439458009
CARN160t_m	160387547373.5	0.0	160387547373.5	1.0	0.1010145167915371	0.07227933995	0.09718168693426256	0.4376863970452783	0.35106176074999995	0.35833564394580236
carnitineAcylTransferaseII	160387547373.5	0.0	160387547373.5	1.0	0.10101451679153692	0.07227933995	0.09718168693426214	0.4376863970452755	0.35106176074999995	0.3583356439458014
betaOxidation	160387547373.5	0.0	160387547373.5	1.0	0.10101451679153792	0.07227933995	0.09718168693426261	0.43768639704526374	0.35106176074999995	0.35833564394580164
Biomass	992723456457.5	1.0	992723456457.5	0.0	0.0004452809282559954	0.0004585079	7.483340388014845e-05	0.00021910968425909716	0.0002260268	2.7841322244891232e-05
GLCt1_r	736556016119.0	1.0	736556016119.0	0.0	2.679257688466542	2.73625206635	0.23053992192562264	2.3029159661757803	2.32416907	0.4883892560848768
O2t_r	4252.0	0.0	4252.0	1.0	19.599517956066798	19.660874611049998	1.3686663878948122	51.253827028333674	51.474400345099994	6.396236139049582
GLNt_r	1000000000000.0	1.0	1000000000000.0	0.0	1.179267411711518	1.2048641415999999	0.10044407677236739	0.3430744386139599	0.3462062306	0.07220830903268229
r0963_r	2956092781.5	0.0	2956092781.5	1.0	0.00016034724291699904	0.00016549615	4.533547088430313e-05	0.0009343945831363807	0.00098823935	0.0002509978924629027
THBPTt_r	818188344671.5	1.0	818188344671.5	0.0	3.930695242620115e-05	3.95988e-05	1.9861438522315003e-05	1.73432404422013e-05	1.62988e-05	1.1225227916858424e-05
ARGt5r_r	968023377957.0	1.0	968023377957.0	0.0	0.19141895482256618	0.20067038015	0.054092057184064166	0.076796966491881	0.07810945229999999	0.005038868890143426
PHEtec_r	984918823609.0	1.0	984918823609.0	0.0	0.00015484221372549987	0.0001568483	3.2785518644309824e-05	7.419475376489768e-05	7.33707e-05	1.4857528956985633e-05
ILEtec_r	992723456765.5	1.0	992723456765.5	0.0	0.0001273850773805969	0.000131169	2.140819050420373e-05	6.268246026059824e-05	6.46613e-05	7.96478975991867e-06
LEUtec_r	991706320208.5	1.0	991706320208.5	0.0	0.0002769260971668938	0.0002840303	4.846621126408806e-05	0.00013536869679219975	0.00013876	1.839904506538325e-05
VALtec_r	930738565059.0	1.0	930738565059.0	0.0	0.22553874245547464	0.23479002165	0.06298086692854268	0.11408126259376776	0.11764496569999999	0.026892774639205176
METtec_r	940516594036.5	1.0	940516594036.5	0.0	0.015790512820005508	0.01537389845	0.00976263280822954	0.0016861776839876695	0.0017818373000000002	0.0008180404880070304
r2526_r	987448229432.5	1.0	987448229432.5	0.0	0.25075153348788076	0.2581131846	0.06436588932809151	0.09214720413188443	0.0931029791	0.02887989542162035
GLYt4_r	848985399194.5	1.0	848985399194.5	0.0	0.11602121719173587	0.1147538112	0.0639423056585432	0.03907448115578565	0.03632731345	0.02448054996239012
r2532_r					0.0	0.0	0.0	0.0	0.0	0.0
PROPAT4te_r					0.0	0.0	0.0	0.0	0.0	0.0
HDCAt					0.0	0.0	0.0	0.0	0.0	0.0
CRNt	0.0	0.0	0.0	1.0	0.0	-0.0	0.0	2.835404287091814	2.9006525544499997	1.4966785935678426
GTHRDt2_r	378664120346.5	0.0	378664120346.5	1.0	0.6339171624532443	0.6464182647	0.29932789065316384	0.9517087708170511	0.84284858065	0.6713565890641955
DmLact	802595056249.0	1.0	802595056249.0	0.0	4.538471354151045	4.63799343995	0.3871782106976575	3.743095907632856	3.7782480409000003	0.7944475177057073
UREAt	741505678676.0	1.0	741505678676.0	0.0	0.06288515416205556	0.052769335449999996	0.04769620070639648	0.026019731633219682	0.0233682643	0.01808092150884533
DmBiomass	992723456457.5	1.0	992723456457.5	0.0	0.0004452809282559954	0.0004585079	7.483340388014845e-05	0.00021910968425909716	0.0002260268	2.7841322244891232e-05
NH4t	366609377.0	0.0	366609377.0	1.0	13.61617344476662	13.3136661101	2.5123634442716685	36.85649979750428	34.109679958049995	10.931313189654883
PTRCtex2_f	991076729241.5	1.0	991076729241.5	0.0	0.15843481238222776	0.1668190411	0.05697124416555872	0.015269353215036113	0.0121193076	0.012480197865254153
GUDACtr2	754534033611.0	1.0	754534033611.0	0.0	0.06062759765159774	0.05034833495	0.04675941065504131	0.02291250503815805	0.0205607854	0.01608553527766427
CE2705t	818188344671.5	1.0	818188344671.5	0.0	3.930695242620115e-05	3.95988e-05	1.9861438522315003e-05	1.73432404422013e-05	1.62988e-05	1.1225227916858424e-05
Dm2oxobutyrate	978522836474.5	1.0	978522836474.5	0.0	0.2575220854579018	0.2536219433	0.14039405637689092	0.025246759052883243	0.0266737642	0.006885082280990073
H2Ot_f	3297587548.0	0.0	3297587548.0	1.0	8.271412649984367	7.4549162265	5.528910320790024	108.51236043587966	105.218805217	51.465520100977365
PHLACHt_f	572319637117.0	1.0	572319637117.0	0.0	363.0892390841751	362.07878542665003	188.02088436132874	316.1991565505368	304.7711344112	170.52985793153633
CO2t	17161703.0	0.0	17161703.0	1.0	35.42154546677949	35.536597485499996	2.3075613744281913	64.99888093774602	64.26610582859999	8.201764815652643
DmGSSG	369387543162.0	0.0	369387543162.0	1.0	0.3386944329400139	0.34637792135	0.1488173148715518	0.5071130832762205	0.4527247157	0.3380481279360905
GLUt4	0.0	0.0	0.0	1.0	0.0	0.0	0.0	0.028818827692791694	0.02281810695	0.023599321970496145
ALAPAT4te					0.0	0.0	0.0	0.0	0.0	0.0
DmAla	353788599461.5	0.0	353788599461.5	1.0	0.3336559291628671	0.23509090970000002	0.3285682065057621	0.5924174048220219	0.42484118655	0.5556080213602882
ASPte_r	104155349074.0	0.0	104155349074.0	1.0	32.5336483626055	34.7188632357	17.327871683667194	96.43875044066925	102.6056247888	42.10778725701314
DmAsp	103083454062.5	0.0	103083454062.5	1.0	32.84494971918536	35.02951649115	17.327557254428847	96.97547755023594	103.12338610165	42.07242395143433
DmPalm	999993470042.0	1.0	999993470042.0	0.0	1.9822545326759373	1.98115087545	0.16093902748154212	0.14640213217316284	0.10979622965	0.1311207074578977
ATPM	151553700979.0	0.0	151553700979.0	1.0	2.920923451664713	2.0445081523499997	2.8542409305183742	15.206912910705373	11.2137091735	13.89412612204522
GACMTRc	821367922638.5	1.0	821367922638.5	0.0	0.067746231382269	0.0597357307	0.04050500083331926	0.0277860124763017	0.02517958555	0.018008683395700074
CKc_cho	821367922638.5	1.0	821367922638.5	0.0	0.06774623138227232	0.0597357307	0.040505000833318976	0.027786012476302	0.02517958555	0.018008683395700262
CRTNsyn_cho	821367922638.5	1.0	821367922638.5	0.0	0.06774623138227241	0.0597357307	0.040505000833319094	0.027786012476302	0.02517958555	0.018008683395700262
CRTNtr	821367922638.5	1.0	821367922638.5	0.0	0.06774623138227232	0.0597357307	0.040505000833318885	0.0277860124763024	0.02517958555	0.018008683395700095
NDPK1	15241856857.0	0.0	15241856857.0	1.0	0.17278139271835039	0.12445574714999999	0.1636173005420392	9.762202839810067	7.34589474375	8.91455279346297
NDPK5	992723460890.0	1.0	992723460890.0	0.0	4.407390635200006e-06	4.5383e-06	7.407009980247177e-07	2.1687476867000287e-06	2.2372e-06	2.755733952212326e-07
NDPK8	992723456205.5	1.0	992723456205.5	0.0	5.870138440200091e-06	6.0445e-06	9.86528729070827e-07	2.888522966899972e-06	2.9797e-06	3.6703213671509745e-07
NDPK7	992723460172.0	1.0	992723460172.0	0.0	4.204342502000042e-06	4.3292e-06	7.065770351337083e-07	2.0688336131000514e-06	2.1341e-06	2.628777559940296e-07
DTMPK	992723459002.5	1.0	992723459002.5	0.0	5.8291725935999755e-06	6.0023e-06	9.796440976257247e-07	2.8683648518002755e-06	2.9589e-06	3.644707672292334e-07
NDPK4	992723459002.5	1.0	992723459002.5	0.0	5.8291725935999755e-06	6.0023e-06	9.796440976257247e-07	2.8683648518002755e-06	2.9589e-06	3.644707672292334e-07
HIStiDF_r	694758354567.0	1.0	694758354567.0	0.0	0.13817719465065834	0.14939984395	0.04817573614866365	0.10250547067185137	0.10297434764999999	0.052697238872104396
PTRCOX1	672446034101.0	1.0	672446034101.0	0.0	0.027976541336287825	0.028145739	0.015289069755617899	0.018859058072490057	0.0161595855	0.013943793817809913
ABUTD	672446034101.0	1.0	672446034101.0	0.0	0.027976541336287825	0.028145739	0.015289069755617899	0.01885905807248745	0.0161595855	0.013943793817810088
r0465_1	233219066671.0	0.0	233219066671.0	1.0	2.5978980509669296	2.2866487368	1.6698254557250969	7.406180982967474	5.6190680587	6.360405659107569
ABUTH	154891790426.0	0.0	154891790426.0	1.0	1.4034568233965268	0.9854358538000001	1.3831749132719184	6.989153101156108	5.1816445138	6.356024653663022
GLUDC	970600255324.0	1.0	970600255324.0	0.0	3.1768927598750616	3.23203679025	0.9596241100625958	0.9036371057488547	0.78638928955	0.6006370142472288
HISDr	1202404.0	0.0	1202404.0	1.0	4.013623319943242	4.14671748625	0.7468988731110043	7.759628194294606	7.88184813825	0.44297446879914165
URCN	1202404.0	0.0	1202404.0	1.0	4.013623319943251	4.14671748625	0.746898873111007	7.759628194294609	7.88184813825	0.4429744687991412
IZPN	1202404.0	0.0	1202404.0	1.0	4.01362331994324	4.14671748625	0.7468988731110024	7.759628194294548	7.88184813825	0.4429744687991336
GluForTx	1202404.0	0.0	1202404.0	1.0	4.013623319943266	4.14671748625	0.7468988731109998	7.759628194294536	7.88184813825	0.4429744687991378
FTCD	1202404.0	0.0	1202404.0	1.0	4.013623319943256	4.14671748625	0.7468988731110029	7.759628194294552	7.88184813825	0.44297446879914854
CARPEPT1tc_r	27447956726.5	0.0	27447956726.5	1.0	5.0699436390435215	4.9634655441	1.3131629171883716	8.074178302212353	8.1020913824	0.5992729128957208
NBAHH_ir	34050041021.5	0.0	34050041021.5	1.0	6.583272522396408	6.3402383996000005	1.9578077285253874	15.55448137538539	13.4888248986	7.047334444171772
r0283	163106883488.0	0.0	163106883488.0	1.0	1.5133288833527059	1.09181437865	1.4364151301904602	7.480303073171952	5.386013932	7.04540181793464
ASP1DC	728519762071.0	1.0	728519762071.0	0.0	0.2702778826874242	0.1911099703	0.26271499665504533	0.09841997807494268	0.0776842658	0.08075698053906807
CSNt_r	154496152799.5	0.0	154496152799.5	1.0	1.2622390679636524	0.9534840474499999	1.1273834014922963	6.026650570627313	4.61842677355	5.277837663071452
bAlaSynthesis	154496152799.5	0.0	154496152799.5	1.0	1.2622390679636573	0.9534840474499999	1.1273834014922939	6.026650570627355	4.61842677355	5.277837663071451
LYSt5r_r	247511663788.5	0.0	247511663788.5	1.0	0.004247170032887726	0.00441151675	0.0020118533026585125	0.0077527996437284545	0.0082717904	0.004033571615244804
LYStm	239359333191.5	0.0	239359333191.5	1.0	0.003983512961369161	0.00414700005	0.0020109056354043462	0.007623061732192141	0.00814249255	0.0040324820956727766
SACCD3m	239359332787.0	0.0	239359332787.0	1.0	0.0039835129548438635	0.00414700005	0.0020109056348676696	0.007623061732192141	0.00814249255	0.0040324820956727766
r0525	239359332787.0	0.0	239359332787.0	1.0	0.0039835129548438635	0.00414700005	0.0020109056348676696	0.007623061732192141	0.00814249255	0.0040324820956727766
AASAD3m	239359332787.0	0.0	239359332787.0	1.0	0.0039835129548438635	0.00414700005	0.0020109056348676696	0.007623061732192141	0.00814249255	0.0040324820956727766
r0450	239359332787.0	0.0	239359332787.0	1.0	0.0039835129548438635	0.00414700005	0.0020109056348676696	0.007623061732192141	0.00814249255	0.0040324820956727766
2OXOADOXm	106875120291.0	0.0	106875120291.0	1.0	0.0039835129548438635	0.00414700005	0.0020109056348676696	0.010184692858086519	0.01068303935	0.004093064221822507
GLUTCOADHm	106875120291.0	0.0	106875120291.0	1.0	0.003983512954843363	0.00414700005	0.002010905634867493	0.010184692858086519	0.01068303935	0.004093064221822507
3HBCDm	106875120291.5	0.0	106875120291.5	1.0	0.0039835129548428634	0.00414700005	0.0020109056348688067	0.01018469285808662	0.01068303935	0.0040930642218225816
HACD1m	106875120291.5	0.0	106875120291.5	1.0	0.0039835129548428634	0.00414700005	0.0020109056348688067	0.010184692858086519	0.01068303935	0.004093064221822507
HMGCOASm	148200500000.0	0.0	148200500000.0	1.0	0.0	0.0	0.0	7.324287949999717e-08	7.15e-08	6.663696398160397e-08
CYStec_r					0.0	0.0	0.0	0.0	0.0	0.0
CYSTA	887624494763.5	1.0	887624494763.5	0.0	0.206851947055532	0.20873672	0.06284406386871302	0.10041133211599035	0.09192796265	0.05756984629137465
CYANt_r	887624494763.5	1.0	887624494763.5	0.0	0.20685194705552884	0.20873672	0.06284406386871269	0.10041133211599192	0.09192796265	0.057569846291375466
MCPST	887624494763.5	1.0	887624494763.5	0.0	0.20685194705552895	0.20873672	0.0628440638687123	0.10041133211599024	0.09192796265	0.057569846291374786
TCYNTt	724119582621.5	1.0	724119582621.5	0.0	0.1077294130722074	0.0988961088	0.06942926328648169	0.05699592484269475	0.044540508699999995	0.04785560260708394
CYSO	137365272138.0	0.0	137365272138.0	1.0	0.0710002402408404	0.07541877745	0.026153938277251952	0.15566223874787935	0.1532389364	0.06979671507581915
3SALATAi	323191129714.5	0.0	323191129714.5	1.0	0.03693108122171529	0.0320292937	0.026397225748897336	0.07166157035252213	0.05834029195	0.057317319860313014
3SALAASPm	247677233917.0	0.0	247677233917.0	1.0	0.03406915901918026	0.028539401	0.026073537717344362	0.08400066839537938	0.07047572155000001	0.06338916953018403
3SALATAim	247677233917.0	0.0	247677233917.0	1.0	0.03406915901913992	0.028539401	0.02607353771734966	0.08400066839537947	0.07047572155000001	0.06338916953018403
3SPYRSP	323191129716.0	0.0	323191129716.0	1.0	0.03693108122174668	0.0320292937	0.026397225748898294	0.07166157035252295	0.05834029195	0.0573173198603132
3SPYRSPm	247677233917.0	0.0	247677233917.0	1.0	0.034069159019140025	0.028539401	0.026073537717349816	0.08400066839537929	0.07047572155000001	0.0633891695301842
HMR_3951	323191129716.0	0.0	323191129716.0	1.0	0.03693108122174658	0.0320292937	0.026397225748898356	0.07166157035252255	0.05834029195	0.057317319860312646
ExSulfitem	247677233917.0	0.0	247677233917.0	1.0	0.03406915901914012	0.028539401	0.026073537717349524	0.08400066839537938	0.07047572155000001	0.06338916953018413
PHETHPTOX2	818188344671.5	1.0	818188344671.5	0.0	3.930695242620115e-05	3.95988e-05	1.9861438522315003e-05	1.73432404422013e-05	1.62988e-05	1.1225227916858424e-05
TYRt_r	688977542425.5	1.0	688977542425.5	0.0	3.2041642913601615e-05	3.0599549999999994e-05	1.872264172518566e-05	1.9948521194899477e-05	2.0281250000000002e-05	1.0980742441733043e-05
TYRTA	59815341476.5	0.0	59815341476.5	1.0	2.5014422179999853e-07	2.534e-07	1.4287213461553905e-07	2.306299245100015e-06	2.1937e-06	1.4403023859054857e-06
34HPPOR	59815341476.5	0.0	59815341476.5	1.0	2.5014422179999853e-07	2.534e-07	1.4287213461553905e-07	2.306299245100015e-06	2.1937e-06	1.4403023859054857e-06
HGNTOR	59815341476.5	0.0	59815341476.5	1.0	2.5014422179999853e-07	2.534e-07	1.4287213461553905e-07	2.306299245100015e-06	2.1937e-06	1.4403023859054857e-06
MACACI	59815341495.5	0.0	59815341495.5	1.0	2.501442218999985e-07	2.534e-07	1.4287213477268529e-07	2.306299245100015e-06	2.1937e-06	1.4403023859054857e-06
FUMAC	59815341495.5	0.0	59815341495.5	1.0	2.501442218999985e-07	2.534e-07	1.4287213477268529e-07	2.306299245100015e-06	2.1937e-06	1.4403023859054857e-06
AACOAT	59815341495.5	0.0	59815341495.5	1.0	2.501442218999985e-07	2.534e-07	1.4287213477268529e-07	2.306299245100015e-06	2.1937e-06	1.4403023859054857e-06
r2534_r	957180682159.0	1.0	957180682159.0	0.0	0.2419729492814737	0.23944620049999998	0.13903999034983242	0.02367853046798678	0.025093366399999997	0.006857719999933671
THRD_L	957041080902.0	1.0	957041080902.0	0.0	0.2418337143880171	0.23930751405	0.13904092454979677	0.023610017060781387	0.0250254304	0.006858126233197982
OBDHc	845894016605.0	1.0	845894016605.0	0.0	3.400575845600106e-05	3.48495e-05	1.5059172708355839e-05	1.5907966010000045e-05	1.62327e-05	6.2578813686019745e-06
PPCOAtm	845893740301.0	1.0	845893740301.0	0.0	3.400574057950146e-05	3.4849449999999995e-05	1.5059175700093937e-05	1.5907966010000045e-05	1.62327e-05	6.2578813686019745e-06
r1616_r	686493901229.5	1.0	686493901229.5	0.0	0.013615679581430104	0.0125805214	0.008900519574613639	0.007763329689522259	0.00789480075	0.0029327136977911777
TRPO2	686377885958.0	1.0	686377885958.0	0.0	0.013609754673440782	0.01257447445	0.008900444247472744	0.0077604142161297445	0.007891950799999999	0.0029327433519305023
FKYNH	686377885958.0	1.0	686377885958.0	0.0	0.013609754673440782	0.01257447445	0.008900444247472744	0.007760414216129844	0.007891950799999999	0.002932743351930382
KYN	786303501962.0	1.0	786303501962.0	0.0	0.013609754638894219	0.01257447435	0.008900444246767624	0.005198783090242047	0.0052910540999999995	0.0025745307623797936
ANTHte	786303501962.0	1.0	786303501962.0	0.0	0.013609754638894219	0.01257447435	0.008900444246767624	0.005198783090242047	0.0052910540999999995	0.0025745307623797936
KYN3OX	0.0	0.0	0.0	1.0	0.0	0.0	0.0	0.0025616311258752993	0.0026947094	0.0009946408310345604
HKYNH	0.0	0.0	0.0	1.0	0.0	0.0	0.0	0.0025616311258752993	0.0026947094	0.0009946408310345604
3HAO	0.0	0.0	0.0	1.0	0.0	0.0	0.0	0.0025616311258752993	0.0026947094	0.0009946408310345604
PCLAD	0.0	0.0	0.0	1.0	0.0	0.0	0.0	0.0025616311258752993	0.0026947094	0.0009946408310345604
AM6SAD	0.0	0.0	0.0	1.0	0.0	0.0	0.0	0.0025616311258752993	0.0026947094	0.0009946408310345604
AMCOXO	0.0	0.0	0.0	1.0	0.0	0.0	0.0	0.0025616311258752993	0.0026947094	0.0009946408310345604
2OXOADPTm	0.0	0.0	0.0	1.0	0.0	0.0	0.0	0.0025616311258752993	0.0026947094	0.0009946408310345604
ExCystineGlu	144509550580.5	0.0	144509550580.5	1.0	0.07479645906684786	0.0764152713	0.006382527546856103	0.11433734415124083	0.1154199595	0.03552955166596552
ExCystineSer	848586740865.0	1.0	848586740865.0	0.0	0.10401955207009078	0.1076373998	0.01889610454666475	0.06422052305028354	0.06340925989999999	0.03191524069302885
CystinePyruvate	585088428388.5	1.0	585088428388.5	0.0	0.02600488560049857	0.0212303265	0.020732388742261052	0.020083606802491046	0.01513230885	0.01800589309978294
CystineReductaseNADPH	640561518571.0	1.0	640561518571.0	0.0	0.04961111656877085	0.04683216375	0.030488112123762352	0.035507500097524486	0.02920827655	0.028006364202220396
CystineReductaseNADH	382377668476.5	0.0	382377668476.5	1.0	0.027032849894002505	0.021261039949999998	0.022806145797349846	0.039236878277458934	0.0323302421	0.030204128544602627
CystineGSH	445045978699.0	0.0	445045978699.0	1.0	0.07616715907370926	0.07461388325	0.0364888319396576	0.0837298820240822	0.08424945525	0.0409537636170165
Ex3HB	1000000000000.0	1.0	1000000000000.0	0.0	11.821260485402457	11.98575380865	0.5821070211735039	3.097452048822328	3.25207380135	0.7921272622343418
Transport3HB_forward	1000000000000.0	1.0	1000000000000.0	0.0	11.821260485402334	11.98575380865	0.5821070211734632	3.0974520488223223	3.25207380135	0.7921272622343414
bBDH	1000000000000.0	1.0	1000000000000.0	0.0	11.821260485402329	11.98575380865	0.5821070211734763	3.097452048822324	3.25207380135	0.7921272622343403
OCOAT1m	1000000000000.0	1.0	1000000000000.0	0.0	11.821260485402334	11.98575380865	0.5821070211734674	3.097452048822329	3.25207380135	0.7921272622343412
ACACT1m	1000000000000.0	1.0	1000000000000.0	0.0	11.825243998344225	11.98967631415	0.5820796855325333	3.1076366684375945	3.2624535255	0.7926266419205971
G3PD1ir	122182461055.0	0.0	122182461055.0	1.0	2.5714385827116795	1.81337277415	2.5904738344195293	13.013209736902162	11.193457992199999	9.636132826854537
GLYC3Ptm	122182461053.5	0.0	122182461053.5	1.0	2.5714385826891863	1.81337277425	2.590473834415926	13.013209736902175	11.193457992199999	9.636132826854537
G3PDm	122182461053.5	0.0	122182461053.5	1.0	2.5714385826891912	1.81337277425	2.5904738344159264	13.013209736902144	11.193457992199999	9.636132826854528
DHAPtm	122182461053.5	0.0	122182461053.5	1.0	2.5714385826891872	1.81337277425	2.5904738344159277	13.013209736902162	11.193457992199999	9.636132826854539
CMPuptake_r	779989474860.5	1.0	779989474860.5	0.0	1.125931286649985e-05	1.09233e-05	5.683706755763967e-06	5.833432334399902e-06	5.9431e-06	3.0125863563807636e-06
UMPuptake_r	771144820678.5	1.0	771144820678.5	0.0	2.0634793138300133e-05	1.99129e-05	1.1542073791856103e-05	1.035602737650023e-05	1.01642e-05	5.5115773512197e-06
Transport_ala_B_c_e	25380389011.5	0.0	25380389011.5	1.0	6.60246058969527	6.4357869251	1.6347760087421241	14.19924885091452	12.806450238850001	5.323417056534381
EX_ala_B	25380389011.5	0.0	25380389011.5	1.0	6.602460589695251	6.4357869251	1.6347760087421104	14.19924885091454	12.806450238850001	5.323417056534378
Transport_octanoyl_ACP_c_e					0.0	0.0	0.0	0.0	0.0	0.0
EX_octanoyl_ACP					0.0	0.0	0.0	0.0	0.0	0.0
TMDK1					0.0	0.0	0.0	0.0	0.0	0.0
THYMDt1_r					0.0	0.0	0.0	0.0	0.0	0.0
EX_thymd					0.0	0.0	0.0	0.0	0.0	0.0
Transport_HC00576_c_e	772402181747.0	1.0	772402181747.0	0.0	1.1944412275702294	0.9732014912	0.9484244295018552	0.4170278818111013	0.3049816235	0.3870809887615422
EX_HC00576	772402181747.0	1.0	772402181747.0	0.0	1.194441227570234	0.9732014912	0.9484244295018549	0.4170278818110968	0.3049816235	0.38708098876154123
Transport_4abut_c_e	889636405629.0	1.0	889636405629.0	0.0	2.010428073641252	1.96075956395	1.130582602850585	0.5054682820102664	0.35934626635	0.4896660001103084
EX_4abut	889636405629.0	1.0	889636405629.0	0.0	2.0104280736412603	1.96075956395	1.1305826028505883	0.5054682820102657	0.35934626635	0.48966600011030886
EX_h_e_b	257896803188.5	0.0	257896803188.5	1.0	209.21579623071426	205.15922574635	119.48732153666681	314.5742872458919	327.42366975815	105.36088776882046
EX_h2o_e_b	246714538504.0	0.0	246714538504.0	1.0	91.0371465173102	87.46181697715	52.167446731382086	141.51300059824624	143.51995267185	48.68819620086853
PGM_b	788127851347.5	1.0	788127851347.5	0.0	2.119000346260617	2.04505123285	1.224962627444811	0.9322164517732414	0.72504342515	0.8007878847658998
ENO_b	96946765666.5	0.0	96946765666.5	1.0	1.9152317109967163	1.9651837054499999	0.8153101576193914	6.152302969570973	6.34928092175	2.8546277574438057
TKT2_b	86881407842.0	0.0	86881407842.0	1.0	0.06088564114063181	0.06020254685	0.030604464067466843	0.1489931705766398	0.15486729165	0.05222279349222846
RPE_b	768639031439.5	1.0	768639031439.5	0.0	0.23329455066980925	0.20617049355	0.156085742159951	0.0916039762635101	0.0883683116	0.05204958509112333
TKT1_b	323653713377.5	0.0	323653713377.5	1.0	0.06972231855651173	0.0721616689	0.028772310316142944	0.10340014451371218	0.0995403933	0.05449955279977733
TALA_b	353212980880.5	0.0	353212980880.5	1.0	2.005094450136178	1.98490555605	0.9226596339392866	2.7257045492906644	2.5926652888	1.3911201914281015
ACONTm_b	999999872799.0	1.0	999999872799.0	0.0	56.56736113878756	56.78670369455	12.178235128319566	4.255966756547982	3.57257032655	3.24235815465722
ICDHym_b	915756186602.0	1.0	915756186602.0	0.0	95.71084866749302	95.46325861405	26.36551915933126	48.29921456548788	47.92209316115	21.50431691452217
SUCOAS1m_b	846495524912.0	1.0	846495524912.0	0.0	10.757179767956275	11.057715137	4.684171814627464	4.868913819756917	4.8232111594	2.6447329149685666
FUMm_b	199093503847.0	0.0	199093503847.0	1.0	69.4916401841678	69.15247874295	36.598854567348134	152.13907514427157	148.8206146769	82.02861391437186
MDHm_b	586193631841.0	1.0	586193631841.0	0.0	426.0591514766286	419.17147189265	240.7196809947042	351.2711159693299	345.8617488738	167.64021007824596
FUM_b	143266373704.0	0.0	143266373704.0	1.0	31.6165828886795	32.0449701759	17.322287888688066	74.84699181895262	75.75327471694999	33.82430120900368
MDH_b	376423403270.0	0.0	376423403270.0	1.0	156.9758888322991	151.02117559779998	81.45092779899751	203.85787513064184	203.81405414214998	111.00557877560796
AKGMALtm_b	433041394587.0	0.0	433041394587.0	1.0	229.32541559302348	225.22201822124998	118.82578776401996	265.6327613041834	254.61365192075	139.97499026435497
PYRt2m_b	179306395217.0	0.0	179306395217.0	1.0	31.046136904643642	29.3897576068	18.474119972576492	75.66391938875827	73.55724093365001	41.95102267774166
FUMtm_b	55197993756.0	0.0	55197993756.0	1.0	41.59883617602664	39.8289126837	21.30759986514507	162.91687338478735	160.13031514915	76.36346618077724
CO2tm_b	238176548123.0	0.0	238176548123.0	1.0	129.37537800000933	129.6193356228	70.35120047518878	197.38011329794705	204.04146086135	62.73118484443975
r0801_b	274879404667.0	0.0	274879404667.0	1.0	12.079592564927724	12.382995658799999	5.46167932709938	16.66205020350403	17.43509085145	5.390269697197549
H2Otm_b	204530167.0	0.0	204530167.0	1.0	82.92330819808886	82.6463540179	17.564759870020364	200.64279560389923	201.6414333024	27.93998329474897
NH4tm_b	498118149554.5	2.017491854686766e-06	498118149554.5	0.9999979825081691	88.09380557288034	87.95010620549999	48.580342270338306	88.70526128152036	87.57068775415	48.823697214331695
NDPK3_b	464599697214.5	0.0	464599697214.5	1.0	9.560034691900042e-06	9.3396e-06	5.722201747512914e-06	1.0040822961200089e-05	1.00336e-05	3.354921810518862e-06
GLUDym_b	744849487023.5	1.0	744849487023.5	0.0	91.82125984942567	92.599743422	53.3547260162869	45.97158346433589	47.224686332450005	19.105815178749346
ASPTA_b	817609678603.0	1.0	817609678603.0	0.0	133.26742463428212	133.44971722725	56.56834785641345	69.26579588036579	66.84818145425	37.15548705429173
GHMT2r_b	830736535288.0	1.0	830736535288.0	0.0	68.31187209256518	71.36529148665	30.136356169241783	33.34904761427142	33.317980383	15.715983592624251
ALATA_L_b	617473310379.0	1.0	617473310379.0	0.0	0.04624999507580875	0.04685667585	0.015741427630318227	0.03984623599774714	0.0414573719	0.013574701590444693
MTHFC_b	366224903334.0	0.0	366224903334.0	1.0	4.356566985573497	4.4686491534999995	0.7962208791835221	5.100859195958481	5.03609832655	1.601936628383488
MTHFD2i_b	808106104677.5	1.0	808106104677.5	0.0	93.69979441770064	90.70138996045	41.68118779106441	49.547966982594886	48.63078554775	22.87109070144154
H2Ot_b	29736008070.0	0.0	29736008070.0	1.0	5.268996497361302	4.373472339899999	4.017647931938261	79.22555869737621	75.84743408015001	47.576386081418775
PHLACHt_b	537405990436.0	1.0	537405990436.0	0.0	345.03650099582484	343.84584749500004	188.17519213501944	321.36089840360097	309.70389794805	170.1908946482566
GLU5SAtmc_b					0.0	0.0	0.0	0.0	0.0	0.0
PTRCtex2_b					0.0	0.0	0.0	0.0	0.0	0.0
r0074_b					0.0	0.0	0.0	0.0	0.0	0.0
EX_ala__L_e_b					0.0	0.0	0.0	0.0	0.0	0.0
EX_hdca_e_b					0.0	0.0	0.0	0.0	0.0	0.0
G5SADs_b					0.0	0.0	0.0	0.0	0.0	0.0
