	statistic_less	pvalue_less	statistic_greater	pvalue_greater	mean_MCF102A	median_MCF102A	std_MCF102A	mean_MDAMB231	median_MDAMB231	std_MDAMB231
EX_lac__L_e	605849965045.0	1.0	605849965045.0	0.0	5.056067475935116	5.1764040915	1.0471139462228891	4.848763566523393	4.8935850233	0.20122395160300582
EX_glc__D_e_r	652990888005.0	1.0	652990888005.0	0.0	2.984603135586694	3.05587322345	0.6183154392806585	2.7715002862566163	2.7971028474499997	0.11500919292821718
EX_gluIN__L_e	1000000000000.0	1.0	1000000000000.0	0.0	0.019769709246394988	0.01946197695	0.010843885749068229	0.0	0.0	0.0
EX_gluOUT__L_e	55967.0	0.0	55967.0	1.0	0.040015785418504236	0.04071141005	0.008749042731307612	0.1309067134431719	0.1309696475	0.009473870635460822
EX_gln__L_e_r	478176736419.0	0.0	478176736419.0	1.0	0.6563167463433115	0.6709380807	0.1360623956984784	0.6782512708495189	0.6799826094	0.03737037312910451
EX_asp__L_e	1000000000000.0	1.0	1000000000000.0	0.0	0.02305492397064308	0.0222731542	0.01332700821033435	0.0	0.0	0.0
DM_asp__L_e	966972950969.0	1.0	966972950969.0	0.0	2.1674591688182065	1.6809595747000001	1.8391329981517672	0.09232956078587715	0.06604120685	0.08824330434568933
EX_co2_e	999987845937.0	1.0	999987845937.0	0.0	137.44606883097842	135.89430781795	17.892195247878917	31.38011439765486	31.1878220634	9.495774577725669
EX_h_e_f	749251638188.0	1.0	749251638188.0	0.0	329.21821941396144	352.47014202595	97.7586924370645	220.51578073077215	214.6879504067	125.12573723948837
EX_h2o_e_f	570044696880.0	1.0	570044696880.0	0.0	108.25932404572727	111.99639111925	42.73738015018427	97.6889428853001	96.85828212530001	47.33760213487606
EX_ump_e_r	670414578252.5	1.0	670414578252.5	0.0	1.0616277210600042e-05	1.04967e-05	6.133051611068819e-06	7.052136450299962e-06	7.1443e-06	3.7561322019102764e-06
EX_pi_e_r	995760834714.0	1.0	995760834714.0	0.0	0.00020597843227479582	0.0002099298	2.0096704845288525e-05	0.00013546090046050117	0.00013549415	5.314177962898933e-06
EX_nh4_e	997916313473.0	1.0	997916313473.0	0.0	95.71168732055709	91.6253434665	21.949162654364454	38.46685247078908	38.2326796449	12.366058105734707
EX_o2_e_r	999994000000.0	1.0	999994000000.0	0.0	103.1069071257538	102.95185115314999	11.562761510145489	2.257915135212977	2.1678896024	0.5597223377732732
EX_arg__L_e_r	17469953336.5	0.0	17469953336.5	1.0	0.09350544233301125	0.0978742494	0.02190119943676137	0.18442730428627474	0.1891826979	0.03210478636243176
EX_pro__L_e	1000000000000.0	1.0	1000000000000.0	0.0	4.905844719929681e-05	4.8726550000000005e-05	2.1203675346794316e-05	0.0	0.0	0.0
EX_leu__L_e_r	995002515254.5	1.0	995002515254.5	0.0	0.00014387189961840172	0.0001461141	1.4718689228544372e-05	9.399688945609484e-05	9.418465000000001e-05	5.31143036227425e-06
EX_ile__L_e_r	996027354130.0	1.0	996027354130.0	0.0	6.593540002069841e-05	6.74753e-05	6.025212032924145e-06	4.3687131510397675e-05	4.40287e-05	1.1297441516545768e-06
EX_met__L_e_r	999998000034.0	1.0	999998000034.0	0.0	0.002786982225389451	0.0029293897	0.0012839656798818845	2.3367464297199576e-05	2.35501e-05	6.042799116839448e-07
EX_gly_e_r	492386928501.5	6.537869514091018e-78	492386928501.5	1.0	0.11077992870901429	0.1057024808	0.06759026513605085	0.11424815984234665	0.1064352895	0.07421514174152148
EX_phe__L_e_r	999127932140.0	1.0	999127932140.0	0.0	9.796676831299804e-05	0.0001001906	8.867562433451771e-06	5.199467677730009e-05	5.20351e-05	7.180746373632674e-06
EX_ser__L_e_r	460633619878.0	0.0	460633619878.0	1.0	0.11655444126822463	0.11506795310000001	0.06438403251002343	0.13534825913936555	0.1214600312	0.09189418685308187
EX_ala__L_e_f	945448796542.0	1.0	945448796542.0	0.0	2.484890180008776	1.90246960405	2.1609315375674885	0.1727763709599356	0.1244716926	0.16298976529431525
EX_ribflv_e					0.0	0.0	0.0	0.0	0.0	0.0
EX_asn__L_e	1000000000000.0	1.0	1000000000000.0	0.0	0.0325244285003398	0.033351544250000004	0.008187252899681807	0.0	0.0	0.0
EX_fol_e_r	166116642919.5	0.0	166116642919.5	1.0	0.00017473989243260016	0.00018471685	5.1021887696487265e-05	0.00027088672610841224	0.0002858321	8.045586860830692e-05
EX_urea_e	0.0	0.0	0.0	1.0	0.0	0.0	0.0	0.0602547466385749	0.05141389355	0.044941700762596105
EX_pyr_e	1000000000000.0	1.0	1000000000000.0	0.0	0.2858345917943477	0.29679613685	0.13072018529360768	0.0	0.0	0.0
PYRt2	1000000000000.0	1.0	1000000000000.0	0.0	0.2858345917943477	0.29679613685	0.13072018529360768	0.0	0.0	0.0
EX_gudac_e	239535873839.0	0.0	239535873839.0	1.0	0.03939267187195112	0.035341139699999996	0.027021764506609244	0.0830019910971009	0.07963376964999999	0.05002818304520599
EX_hdca_e_f	979330791023.5	1.0	979330791023.5	0.0	2.0429246426387615	2.0246817984	0.8666787570075499	0.3541501534044319	0.33914232990000004	0.10243193768858092
EX_ptrcIN_e	1000000000000.0	1.0	1000000000000.0	0.0	0.00033813055606759547	0.00035175185	8.88803936448519e-05	0.0	0.0	0.0
EX_ptrcOUT_e	182980002680.5	0.0	182980002680.5	1.0	0.03853546019453831	0.034348339650000004	0.026380864984150224	0.09482865789952066	0.0912892153	0.05279165151706043
EX_biomassx	996027354411.5	1.0	996027354411.5	0.0	0.00023048049855140603	0.0002358632	2.106143079597722e-05	0.00015271055952230682	0.0001539044	3.949077402786765e-06
EX_gthox_e	992091476539.5	1.0	992091476539.5	0.0	0.7050404594505982	0.62064949325	0.48865321999055694	0.020881390067914576	0.0194584935	0.01150607419475249
EX_2obut_e	4240882093.0	0.0	4240882093.0	1.0	0.013539937195258346	0.01390170625	0.0031239395804485443	0.48895214756809247	0.5135787574999999	0.20221531429080447
EX_crn_e	1000000000000.0	1.0	1000000000000.0	0.0	18.3904179851022	18.63055795785	2.5059757666122153	0.0	0.0	0.0
EX_val__L_e_r	797900653.5	0.0	797900653.5	1.0	0.02088323026938103	0.02183063415	0.0057491948828816706	0.30250101762818393	0.30585945685	0.12421353175022941
EX_spmd_e	1000000000000.0	1.0	1000000000000.0	0.0	0.001872461486763488	0.00159784115	0.0013640233919787448	0.0	0.0	0.0
EX_sprm_e	815301610899.5	1.0	815301610899.5	0.0	0.0014157793579916821	0.00133269315	0.0008726523701394581	0.0005157044554401899	0.0005159972000000001	0.00024056015613358844
EX_5mthf_e	166116656310.0	0.0	166116656310.0	1.0	0.0001747398984989976	0.00018471685	5.102188789013756e-05	0.00027088672611381217	0.0002858321	8.045586860767365e-05
EX_tmlys_e_r	1000000000000.0	1.0	1000000000000.0	0.0	18.39041798510219	18.63055795785	2.505975766612234	0.0	0.0	0.0
EX_thbpt_e_r	999663848038.0	1.0	999663848038.0	0.0	3.816491529139858e-05	3.89429e-05	3.4784399538940276e-06	1.23714787620005e-05	1.24425e-05	7.071880064927704e-06
EX_CE2705_e	999663848038.0	1.0	999663848038.0	0.0	3.816491529139858e-05	3.89429e-05	3.4784399538940276e-06	1.23714787620005e-05	1.24425e-05	7.071880064927704e-06
EX_crtn_e	659743703727.5	1.0	659743703727.5	0.0	0.05402996803936315	0.0529520153	0.027589934755668382	0.041115703754932155	0.029460197049999998	0.03816597632952884
EX_his__L_e_r	460066583836.5	0.0	460066583836.5	1.0	0.08811198722638787	0.09246925724999999	0.03909024941203672	0.09601742827905281	0.0973886338	0.0576866055710366
EX_lys__L_e_r	18852523401.5	0.0	18852523401.5	1.0	0.008856684848033609	0.008234591900000001	0.00566810954545444	0.14693272693304157	0.1530537643	0.07018785611154624
EX_carn_e_r	999970042867.0	1.0	999970042867.0	0.0	23.905732225737317	23.69384841495	3.029275873290932	7.914944686034193	7.9506534189	2.895303062089796
EX_csn_e_r	519032350220.5	1.0	519032350220.5	0.0	12.759383440222738	10.384156338499999	10.129306839966837	10.23746458539949	10.0496963143	3.698926322956846
EX_cys__L_e	1000000000000.0	1.0	1000000000000.0	0.0	0.03928407435883896	0.0408410498	0.00897822691009246	0.0	0.0	0.0
EX_cyan_e_r	354196065864.0	0.0	354196065864.0	1.0	0.1002161603444367	0.10026259595	0.04123638305552573	0.13581209231006497	0.1268959827	0.06843834447715332
EX_tcyntc	359484309430.5	0.0	359484309430.5	1.0	0.04566991920667133	0.03775989445	0.0350497002215056	0.07533992886353266	0.06000873265	0.06096196545377873
EX_tcynt_e	485758237955.5	6.267321232166293e-267	485758237955.5	1.0	0.05454624113774881	0.048174018949999994	0.03865074759805033	0.06047216344657591	0.04878240145	0.04944532005071931
EX_so3_e	15484404841.0	0.0	15484404841.0	1.0	0.03188725183097021	0.032571148349999995	0.011065376245939385	0.1826241252148587	0.18830954705	0.06815259959629687
EX_thr__L_e_r	3388106178.5	0.0	3388106178.5	1.0	0.010878493418142829	0.011314383300000001	0.002846014442169039	0.489010609758928	0.5136381174	0.20221540755109363
EX_trp__L_e_r	967536140418.0	1.0	967536140418.0	0.0	0.028106593126913132	0.02960103935	0.010408791953918844	0.0051524290823722	0.005358601750000001	0.002718907577831735
EX_anth_e	965270007832.5	1.0	965270007832.5	0.0	0.027821405401225838	0.02932539245	0.010419448541961142	0.005150397115651584	0.00535659225	0.002718908248124787
EX_tyr__L_e_r	0.0	0.0	0.0	1.0	0.0	0.0	0.0	1.2011968964100155e-05	1.19208e-05	7.078159018826014e-06
EX_cystinex_r	0.0	0.0	0.0	1.0	0.08343710706288289	0.0862103648	0.012832248601695196	0.18410372515279444	0.18709024400000002	0.013427487710625498
EX_3hydroxybutanoatex_r	976824774167.5	1.0	976824774167.5	0.0	8.808318253873823	8.3899697116	4.515517671469069	1.215847649877598	1.01805505905	0.7717686926847288
EX_gthrd_e_r	988658610150.5	1.0	988658610150.5	0.0	1.3684423334373743	1.19831789865	0.9740958488506447	0.02532680883439544	0.02027141215	0.02058546089192841
EX_cmp_e_r	522985543289.5	1.0	522985543289.5	0.0	4.371304528599952e-06	3.8897e-06	3.003479933772559e-06	3.893172977299966e-06	3.9581e-06	2.0380064961155964e-06
HEX1	986177273757.5	1.0	986177273757.5	0.0	17.367379129590464	14.01755768055	12.608758291403538	2.9343888899964874	2.91743467365	0.19934272160927155
G6PP	990943568944.5	1.0	990943568944.5	0.0	14.382775994017342	11.0397811626	12.583554553914583	0.16288860373988787	0.1168732343	0.15612173870156695
PGI	778937232811.0	1.0	778937232811.0	0.0	2.2367311071538425	2.28706072485	0.7342603201985158	1.380345674169757	1.38664004375	0.7844509880001066
PFK	711683474967.5	1.0	711683474967.5	0.0	1.7887758628695005	1.7735240021	0.7650682734248281	1.206743437695713	1.14737814355	0.671102644977884
FBP	717054032809.5	1.0	717054032809.5	0.0	0.311452310598105	0.2618612617	0.23898344293652213	0.15579889475282824	0.10706452085	0.15322959203799474
FBA	659938792172.5	1.0	659938792172.5	0.0	1.477323552267108	1.4628172998	0.7609999558268656	1.0509445429430304	0.99668941255	0.6411391171125196
TPI	734968684018.5	1.0	734968684018.5	0.0	2.7321101416553417	2.8036688538	0.6293755479393499	2.3070505606554694	2.3058560043	0.2771711322772203
GAPD	699162618090.0	1.0	699162618090.0	0.0	5.711909800606196	5.8546234753499995	1.2400569919163558	5.0774535645541805	5.07999656205	0.33398423953774836
PGK	157456279202.5	0.0	157456279202.5	1.0	2.879776787371271	2.6997881997	1.8018580318836872	4.921559136415951	4.9291436189999995	0.3625077963500755
DPGM	976638020680.5	1.0	976638020680.5	0.0	2.832133013244008	2.7729923499	1.6252984512876982	0.15589442813809282	0.11135545315	0.14891585942198984
DPGase	976638020680.5	1.0	976638020680.5	0.0	2.8321330132440687	2.7729923499	1.6252984512876845	0.155894428138092	0.11135545315	0.14891585942198965
PGM_f	39857151428.0	0.0	39857151428.0	1.0	7.36142720566474	7.54459015625	1.4453406595125533	21.174366267512216	21.926614972800003	7.343036691219268
ENO_f	60293978082.0	0.0	60293978082.0	1.0	7.431391128003355	7.6181221793	1.5623148514354328	19.14448783982775	19.34728393145	7.243977197294736
PYK	461395781789.5	0.0	461395781789.5	1.0	4.778652354467271	4.8844014259	1.377746369013517	5.020764511917107	5.02322181605	0.33888755744245147
LDH_L	605849965033.0	1.0	605849965033.0	0.0	5.0560674759123465	5.176404091449999	1.0471139462299033	4.848763566523162	4.8935850233	0.20122395160285492
r0407	489117779218.0	7.648419287493922e-157	489117779218.0	1.0	1.2547865893883496	1.18164831915	0.7490470781306934	1.256106017712407	1.26098684305	0.6593908077600389
PRPPS	984602184694.0	1.0	984602184694.0	0.0	0.0047400498653552515	0.0048729363	0.001659887369070077	0.0010552573281416072	0.00105593435	0.0004812090023547922
G6PDH2r	262064829283.0	0.0	262064829283.0	1.0	0.7478086016479681	0.7553929673499999	0.4163515682972356	1.3911125870571113	1.37867403	0.7855212202506626
PGL	262064829291.5	0.0	262064829291.5	1.0	0.7478086016617794	0.7553929675	0.41635156830029685	1.3911125870571117	1.37867403	0.7855212202506656
GND	262064829291.0	0.0	262064829291.0	1.0	0.7478086016567821	0.75539296745	0.4163515682930652	1.3911125870569758	1.37867402995	0.7855212202506026
RPI	264759433430.0	0.0	264759433430.0	1.0	0.25242956713695147	0.2549686374	0.13878057953160924	0.4644077005713635	0.46028488545	0.26185013537954965
TKT2_f	490191210692.5	7.346114273287923e-128	490191210692.5	1.0	0.5116964247645601	0.5112199397999999	0.17416524610768386	0.5218814333839118	0.51892030165	0.2612027765882302
RPE_f	327590856482.5	0.0	327590856482.5	1.0	0.8110403835472616	0.8125680317499999	0.3071428936020739	1.1186008518609298	1.1132819861	0.5267481511423465
TKT1_f	423257833535.5	0.0	423257833535.5	1.0	0.4634205331282649	0.46422065935	0.1876317860146995	0.5343911189229347	0.531186436	0.2655969220343375
TALA_f	208270393535.0	0.0	208270393535.0	1.0	1.0002341369425873	1.05622218945	0.38712026088417917	1.932422687667338	1.91430853465	0.9626995806882293
r0408	489117779216.5	7.648418537357206e-157	489117779216.5	1.0	1.2547865894009447	1.18164831915	0.749047078135461	1.2561060177124102	1.26098684305	0.6593908077600388
PDHm	999993155557.0	1.0	999993155557.0	0.0	28.089287147798522	28.07612118885	4.525626645812814	0.8046296582070667	0.7981167103	0.331386860117502
PCm	999533793292.0	1.0	999533793292.0	0.0	85.93746768273928	80.64631017845	41.39032223037562	1.6028173657172478	1.3834027477	1.1126985176168305
PEPCK_re					0.0	0.0	0.0	0.0	0.0	0.0
CSm	999993736708.0	1.0	999993736708.0	0.0	51.06680888215629	50.678893834600004	9.470814970357385	3.6669536789299624	3.30809353415	1.5254371700174567
ACONTm_f	48047403617.0	0.0	48047403617.0	1.0	10.892589648456303	9.3271669481	8.046390733316727	90.91195860565385	90.56098487784999	50.59803186614702
ICDHxm	906546005659.5	1.0	906546005659.5	0.0	19.47718427811898	16.186058533649998	15.132612997921653	2.821916202438623	2.07701092915	2.572199806539305
ICDHym_f	642321403745.5	1.0	642321403745.5	0.0	6.917064351640333	6.38229611	4.544655307075602	4.524350447085378	5.02247836195	2.3973311981309737
AKGDm	945178432651.5	1.0	945178432651.5	0.0	7.154275272953973	6.65462402945	4.4544735247821485	0.8697223146787267	0.6621158854	0.7682612188644666
SUCOAS1m_f	382570124413.5	0.0	382570124413.5	1.0	8.289750558472422	8.4748270995	3.3791138353070846	11.229987217896491	10.7851534449	6.846767267764041
SUCD1m	999994000122.0	1.0	999994000122.0	0.0	43.955931406221865	43.903882015700006	5.052125391718409	1.1721801966207173	0.97275481495	0.7729866543991423
FUMm_f	562659679880.5	1.0	562659679880.5	0.0	179.2432683330488	184.18174506719998	62.249947690310684	163.54370505181333	165.10163015895	73.15924937646678
MDHm_f	72657528802.0	0.0	72657528802.0	1.0	223.18093804506978	228.44277442645	93.56442749839415	612.8471707567192	634.1754058705001	230.74395217578632
ME1m	994371516133.0	1.0	994371516133.0	0.0	61.650378391306575	54.9246867771	42.254537025894756	0.7292658968283356	0.5347379322	0.677133547443322
ME2m	921414294172.0	1.0	921414294172.0	0.0	7.687901931126598	6.6840641025	5.450564189579887	1.020226831009785	0.7547452304	0.9273576889997038
ME2	998059562652.0	1.0	998059562652.0	0.0	27.533078055845202	25.9422174698	16.429664984694163	0.15298390795777947	0.10961268565	0.14469377877900427
ACITL	997026687966.5	1.0	997026687966.5	0.0	21.686101879603424	21.46764153435	7.689006579626261	2.9705004809826296	2.8495090533000003	0.8164198292139336
FUM_f	907214103511.0	1.0	907214103511.0	0.0	112.0016773940461	108.92882513555	33.28935565700844	47.28137900195871	42.4099003224	33.59553674844973
MDH_f	327215406154.0	0.0	327215406154.0	1.0	230.63131807190825	232.45939678035	122.45442636592398	327.8237340795097	336.44098665859997	166.20873422789805
AKGMALtm_f	55489279786.0	0.0	55489279786.0	1.0	67.96002333810263	67.4815561032	31.485477370827024	344.910324073653	358.64325555920004	162.85680264169383
ACONT	997325748082.0	1.0	997325748082.0	0.0	59.67360417003854	59.46207235525	20.132094255618313	9.160779401903188	8.47162217935	3.8024692382037637
ICDHyr	997325748082.0	1.0	997325748082.0	0.0	59.67360417002827	59.46207235525	20.132094255617176	9.16077940190323	8.47162217935	3.8024692382037553
PPA	999985195055.0	1.0	999985195055.0	0.0	23.266825343941342	22.404555126250003	8.728842895606105	0.4658558172244024	0.451475766	0.1552340864516467
Complex1ROS	999994025768.0	1.0	999994025768.0	0.0	72.73572003883419	72.14152582575	13.948382761432057	1.9108218596147926	1.89249758055	0.4824172582524196
FADH2ETC	999994000000.0	1.0	999994000000.0	0.0	59.68183479739352	57.926343352749996	12.173544508702223	2.04924048854516	1.89372669445	0.8514210801103088
CYOR_u10mi	999994000000.0	1.0	999994000000.0	0.0	128.78077885972823	127.9686396061	16.29757392593205	3.864527873874812	3.6799937910500002	1.08619678123339
CYOOm2i	999994000000.0	1.0	999994000000.0	0.0	64.39038942986402	63.9843198031	8.148786962965847	1.9322639369374146	1.8399968955500001	0.543098390616705
ATPS4mi	999994217225.0	1.0	999994217225.0	0.0	221.69629221677724	218.14019464095	35.50511462144159	4.111352595845075	3.93428445185	1.5134271699740012
GLUCYS	750229369738.5	1.0	750229369738.5	0.0	0.04163858546366754	0.03403859595	0.032984963806106625	0.016435971301317524	0.0125010618	0.014402627717015695
GTHS	750229369738.5	1.0	750229369738.5	0.0	0.041638585463663544	0.03403859595	0.03298496380610832	0.016435971301318728	0.0125010618	0.014402627717016336
SPODMm	999994025768.0	1.0	999994025768.0	0.0	1.8183930009708955	1.8035381456500001	0.348709569035833	0.04777054649035745	0.0473124395	0.01206043145631661
GTHPi	265635018509.5	0.0	265635018509.5	1.0	0.05193706942391033	0.0509866571	0.027917745425411457	0.08902807913581862	0.08945477635	0.046314411345864434
GTHPm	999994025768.0	1.0	999994025768.0	0.0	1.8183930009708962	1.8035381456500001	0.3487095690358326	0.047770546490356953	0.0473124395	0.01206043145631681
GDR	171402947833.5	0.0	171402947833.5	1.0	0.037637099537142164	0.033153386150000005	0.026266998489454962	0.10150322681258464	0.09744457570000001	0.05970148408492161
GTHOr	343811536145.5	0.0	343811536145.5	1.0	0.04514693549413845	0.04009989685	0.031160617843512674	0.07771636984624443	0.06489939585	0.05904422664316478
GDRm	983034613243.5	1.0	983034613243.5	0.0	0.5672329448156955	0.4781049339	0.43193249117607574	0.012993740886409741	0.01038829805	0.010934303935668233
GTHOm	982572191016.0	1.0	982572191016.0	0.0	0.5461195967046018	0.46458912274999997	0.40819630150434844	0.013895415536132629	0.01140116725	0.011095476350225652
r0885	992091476541.5	1.0	992091476541.5	0.0	1.4100809189010466	1.24129898645	0.9773064399809612	0.0417627801356864	0.038916986949999996	0.023012148389611617
PYRt2m_f	998035841530.0	1.0	998035841530.0	0.0	110.15837135037884	105.67198278974999	41.961864318529166	19.016593075085755	18.214770938500003	9.164820625861942
HMR_4964	999580206612.0	1.0	999580206612.0	0.0	81.35970604962274	80.8800037731	24.271897019036754	12.131279882885739	11.3022652181	4.496302374893549
r2420	999849950238.0	1.0	999849950238.0	0.0	114.67326889644163	116.25445049985001	32.303229386902245	2.252140672237633	2.0290661532499996	1.3989412348079355
ATPtm	999993993956.0	1.0	999993993956.0	0.0	135.75455747758377	136.26633993734998	21.579315869974057	2.4816899283771194	2.2459502767	1.3538142707640137
FUMtm_f	864639117059.0	1.0	864639117059.0	0.0	22.43793082352074	22.5402347335	10.345692579325139	9.43207038844855	9.89305063475	4.0076819133499635
CO2tm_f	624024401152.0	1.0	624024401152.0	0.0	166.7603867155112	166.46424274395002	68.90060135104798	135.29243539806254	131.21678503980002	71.79416583508942
O2tm	999994000000.0	1.0	999994000000.0	0.0	66.20878243083199	65.77871665675	8.389257414776099	1.9800344834277117	1.8874937643499998	0.5512263952529115
r0801_f	677077147492.0	1.0	677077147492.0	0.0	10.191689831115841	10.4155126084	4.918584936126333	7.252367340683588	7.644777261450001	3.565434794436276
THD1m	993878199853.0	1.0	993878199853.0	0.0	127.718236034361	111.09875083265	74.81040374769917	12.632084132210347	12.266144360550001	4.473756313640443
H2Otm_f	1000000000000.0	1.0	1000000000000.0	0.0	7.03052018070631	6.2527364386	4.826513500196124	0.0	0.0	0.0
NH4tm_f	353456285472.0	0.0	353456285472.0	1.0	97.86288348274026	99.26377775435	47.82021911663205	123.21136517383583	129.35859710955	49.53230431670198
HCO3E	997026687202.0	1.0	997026687202.0	0.0	18.975325279633417	18.784167564999997	6.727880031110055	2.599173587953242	2.49330810825	0.7143681085133253
HCO3Em	999526335301.5	1.0	999526335301.5	0.0	85.94166641091849	80.65056530705	41.390091528429096	1.629579052824706	1.41047292295	1.1153526606583897
GLUN	962978005161.5	1.0	962978005161.5	0.0	13.891899666512325	10.255944740050001	12.618863864136767	0.6263970742329003	0.6192824134	0.19865904603171866
GLNS	998515802673.5	1.0	998515802673.5	0.0	15.752947274012756	12.337407319250001	12.642815859870314	0.14695594018019323	0.10497334935	0.1417464096838956
GLUt2m	971517781924.5	1.0	971517781924.5	0.0	2.071876638390724	1.61440424855	1.7959181272694824	0.07331635994543657	0.052185959000000004	0.07118760039479226
GLNtm_1	953626487534.5	1.0	953626487534.5	0.0	2.1829648275940228	1.61063329005	1.9922008062037853	0.11670338950380352	0.0843927741	0.10933629382110736
GLUNm	953626487535.5	1.0	953626487535.5	0.0	2.1829648275986515	1.6106332901	1.9922008062039283	0.11670338950386686	0.0843927741	0.10933629382110013
GLUPRT	996027432980.5	1.0	996027432980.5	0.0	2.6004225180600874e-05	2.66115e-05	2.376279503122694e-06	1.7229721697400155e-05	1.73644e-05	4.455586210819109e-07
PRAGSr	996027432979.5	1.0	996027432979.5	0.0	2.6004225180300876e-05	2.66115e-05	2.376279502828587e-06	1.7229721697500152e-05	1.73644e-05	4.4555862109055746e-07
GARFT	996027432979.5	1.0	996027432979.5	0.0	2.600422518090087e-05	2.66115e-05	2.3762795033431215e-06	1.7229721697700154e-05	1.73644e-05	4.455586211089579e-07
PRFGS	996027432979.5	1.0	996027432979.5	0.0	2.6004225180700872e-05	2.66115e-05	2.3762795030888863e-06	1.7229721697700154e-05	1.73644e-05	4.455586211089579e-07
PRAIS	996027432981.5	1.0	996027432981.5	0.0	2.6004225180500867e-05	2.66115e-05	2.376279503041243e-06	1.7229721697300154e-05	1.73644e-05	4.4555862075333416e-07
AIRCr	996027432981.5	1.0	996027432981.5	0.0	2.6004225180500867e-05	2.66115e-05	2.376279503041243e-06	1.7229721697300154e-05	1.73644e-05	4.4555862075333416e-07
PRASCSi	996027432980.5	1.0	996027432980.5	0.0	2.6004225180600874e-05	2.66115e-05	2.376279503031429e-06	1.7229721697600157e-05	1.73644e-05	4.455586209126599e-07
ADSL2r	996027432984.5	1.0	996027432984.5	0.0	2.600422518140087e-05	2.66115e-05	2.3762795034678907e-06	1.7229721696000152e-05	1.73644e-05	4.455586203881892e-07
AICART	996027432987.5	1.0	996027432987.5	0.0	2.6004225181700875e-05	2.66115e-05	2.3762795034974005e-06	1.722972169480015e-05	1.73644e-05	4.455586203778061e-07
IMPC	996027432987.5	1.0	996027432987.5	0.0	2.6004225181700875e-05	2.66115e-05	2.3762795034974005e-06	1.7229721694900154e-05	1.73644e-05	4.4555862034608485e-07
ADSS	996027492761.0	1.0	996027492761.0	0.0	1.5398665030800195e-05	1.57583e-05	1.4071377614723428e-06	1.0202745307600572e-05	1.02825e-05	2.638418178491244e-07
ADSL1r	996027492776.0	1.0	996027492776.0	0.0	1.5398665031300195e-05	1.57583e-05	1.407137761658727e-06	1.0202745304700573e-05	1.02825e-05	2.638418167723492e-07
IMPDH2	996027353986.5	1.0	996027353986.5	0.0	1.0605560161000183e-05	1.08532e-05	9.691417253610199e-07	7.026976417099305e-06	7.0819e-06	1.8171674112020432e-07
GMPS	609390758306.0	1.0	609390758306.0	0.0	6.166973952699962e-06	6.4044e-06	2.937362913203647e-06	5.338630753599942e-06	5.4269e-06	9.296096205746052e-07
GMPS2	786553480008.5	1.0	786553480008.5	0.0	4.438586107399985e-06	4.1161e-06	2.898722820103942e-06	1.6883456482000095e-06	1.5963e-06	9.1184189590851e-07
GK1	996027353986.5	1.0	996027353986.5	0.0	1.0605560161100182e-05	1.08532e-05	9.691417254436037e-07	7.026976417099305e-06	7.0819e-06	1.8171674112020432e-07
RNDR2	996027357970.0	1.0	996027357970.0	0.0	2.281295981999907e-06	2.3346e-06	2.0846597971633403e-07	1.5115290853997123e-06	1.5233e-06	3.9087984504810534e-08
ADK1	999985195019.0	1.0	999985195019.0	0.0	23.266812530413265	22.404543235	8.728842898268844	0.46584732728101036	0.45146720954999997	0.15523407276833268
RNDR1	996027353339.0	1.0	996027353339.0	0.0	3.0384244090999727e-06	3.1094e-06	2.776528476702083e-07	2.013183333199813e-06	2.0289e-06	5.206075467334738e-08
CBPS	655840115575.5	1.0	655840115575.5	0.0	1.0025437597999723e-05	9.5188e-06	6.217866404114007e-06	6.618695617999867e-06	6.3515e-06	3.992813945442096e-06
ASPCT	655840115559.5	1.0	655840115559.5	0.0	1.0025437597799723e-05	9.5188e-06	6.217866404138283e-06	6.618695617999867e-06	6.3515e-06	3.992813945442096e-06
DHORTS	655840115580.5	1.0	655840115580.5	0.0	1.0025437598199723e-05	9.5188e-06	6.21786640389847e-06	6.618695617999867e-06	6.3515e-06	3.992813945442096e-06
DHORD9	655840115585.0	1.0	655840115585.0	0.0	1.0025437598299723e-05	9.5188e-06	6.217866404028552e-06	6.618695617999867e-06	6.3515e-06	3.992813945442096e-06
ORPT	655840115585.0	1.0	655840115585.0	0.0	1.0025437598299723e-05	9.5188e-06	6.217866404028552e-06	6.618695617999867e-06	6.3515e-06	3.992813945442096e-06
OMPDC	655840115585.0	1.0	655840115585.0	0.0	1.0025437598299723e-05	9.5188e-06	6.217866404028552e-06	6.618695617999867e-06	6.3515e-06	3.992813945442096e-06
UMPK	943498454699.5	1.0	943498454699.5	0.0	2.0641714832500675e-05	2.08957e-05	3.682553892113813e-06	1.3670832039599236e-05	1.35917e-05	2.0623864408093627e-06
RNDR4	329553510280.0	0.0	329553510280.0	1.0	1.5215250521000248e-06	1.4946e-06	8.698733109617487e-07	1.9991339460003034e-06	2.0148e-06	5.169733535167342e-08
TMDS	329553510280.0	0.0	329553510280.0	1.0	1.5215250521000248e-06	1.4946e-06	8.698733109617487e-07	1.9991339460003034e-06	2.0148e-06	5.169733535167342e-08
URIDK2r	329553510280.0	0.0	329553510280.0	1.0	1.5215250521000248e-06	1.4946e-06	8.698733109617487e-07	1.9991339460003034e-06	2.0148e-06	5.169733535167342e-08
NDPK2	961113482457.5	1.0	961113482457.5	0.0	1.9120189814899536e-05	1.93946e-05	3.5140016659962757e-06	1.1671698094299626e-05	1.15929e-05	2.054568403999599e-06
NDPK3_f	903027884689.0	1.0	903027884689.0	0.0	4.457449517300107e-06	4.6215e-06	1.383979593831863e-06	2.115840772100083e-06	2.1494e-06	1.0138203118529628e-06
CYTK1_r	522985543289.5	1.0	522985543289.5	0.0	4.371304528599952e-06	3.8897e-06	3.003479933772559e-06	3.893172977299966e-06	3.9581e-06	2.0380064961155964e-06
CTPS1	800632369362.5	1.0	800632369362.5	0.0	6.80192903599998e-06	7.18215e-06	3.074760658143401e-06	3.5099294919999863e-06	3.4376e-06	2.0360015857070644e-06
RNDR3	996027314167.5	1.0	996027314167.5	0.0	2.1761968861001192e-06	2.227e-06	1.9886204160715318e-07	1.44189313310025e-06	1.4532e-06	3.728721472693336e-08
GDHm	976433044117.0	1.0	976433044117.0	0.0	89.36016596650259	70.82666238305	72.1848575921419	2.782287454427482	2.00940776615	2.6001590951999636
GLUDym_f	605021408264.5	1.0	605021408264.5	0.0	152.3206289288841	140.47767345115	77.05733614324127	121.22164829881746	118.60133281325	65.08990543443386
ASPTA_f	737624973992.0	1.0	737624973992.0	0.0	162.61124163314437	164.85923574075	61.197873706679474	108.35003615306962	103.89475765060001	58.744181574688426
ASPTAm	922060413807.0	1.0	922060413807.0	0.0	16.579394739166165	12.653198617200001	14.48509050408334	1.653609653401142	1.21209235625	1.572801967641889
ASPGLUm	926852768820.5	1.0	926852768820.5	0.0	16.563020564138615	12.635813900350001	14.485621922804919	1.5355149578110843	1.0926941326000001	1.5701048062078986
ASPT	965194174246.5	1.0	965194174246.5	0.0	1.9583282078485924	1.4119736077	1.855419581965459	0.07354258238632166	0.051996857699999996	0.07143452630920517
CBPSam					0.0	0.0	0.0	0.0	0.0	0.0
OCBTm					0.0	0.0	0.0	0.0	0.0	0.0
ORNt4m					0.0	0.0	0.0	0.0	0.0	0.0
ARGSS	978409714136.5	1.0	978409714136.5	0.0	1.495844065378507	1.0932836618000001	1.4214465004714467	0.03610953187904406	0.025577248150000002	0.034838912829397814
ARGSL	978409714136.5	1.0	978409714136.5	0.0	1.495844065378299	1.0932836618000001	1.4214465004714374	0.036109531879062844	0.025577248150000002	0.03483891282939942
ARGN	0.0	0.0	0.0	1.0	0.0	0.0	0.0	0.06025474663857481	0.05141389355	0.04494170076259651
ORNDC	17442386418.5	0.0	17442386418.5	1.0	0.09342263990706313	0.0977922054	0.02190101140254356	0.18437244149066498	0.1891279924	0.032104786582451
SPMS	994056453524.0	1.0	994056453524.0	0.0	0.0032882408446924974	0.0032612747500000002	0.0012432439405448954	0.0005157044554401899	0.0005159972000000001	0.00024056015613358844
SPRMS	815301610899.5	1.0	815301610899.5	0.0	0.0014157793579916821	0.00133269315	0.0008726523701394581	0.0005157044554401899	0.0005159972000000001	0.00024056015613358844
ADMDC	984261380350.0	1.0	984261380350.0	0.0	0.00470402020263736	0.00483671455	0.0016594563854606496	0.0010314089108096587	0.0010319944000000002	0.0004811203121524389
MTAP	984261380350.0	1.0	984261380350.0	0.0	0.0047040202026391595	0.00483671455	0.0016594563854611065	0.0010314089108093589	0.0010319944000000002	0.000481120312152561
ADPT	984261380350.0	1.0	984261380350.0	0.0	0.00470402020263716	0.00483671455	0.0016594563854606726	0.0010314089108092587	0.0010319944000000002	0.000481120312152527
MTRI	984261380350.0	1.0	984261380350.0	0.0	0.00470402020263716	0.00483671455	0.0016594563854606726	0.0010314089108092587	0.0010319944000000002	0.000481120312152527
MDRPD	984261380350.0	1.0	984261380350.0	0.0	0.00470402020263716	0.00483671455	0.0016594563854606726	0.0010314089108098585	0.0010319944000000002	0.0004811203121527152
DKMPPD	984261380350.0	1.0	984261380350.0	0.0	0.00470402020263716	0.00483671455	0.0016594563854606726	0.0010314089108098585	0.0010319944000000002	0.0004811203121527152
SPMDtex2	1000000000000.0	1.0	1000000000000.0	0.0	0.001872461486763488	0.00159784115	0.0013640233919787448	0.0	0.0	0.0
SPRMti	815301610899.5	1.0	815301610899.5	0.0	0.0014157793579916821	0.00133269315	0.0008726523701394581	0.0005157044554400899	0.0005159972000000001	0.00024056015613341502
GLYAMDTRc	298315811130.5	0.0	298315811130.5	1.0	0.09342263990706354	0.0977922054	0.021901011402543375	0.12411769485204294	0.12726821775	0.05053039590740815
ARGDr	978409714138.5	1.0	978409714138.5	0.0	1.4958440653805056	1.0932836618000001	1.421446500471434	0.03610953187904686	0.025577248150000002	0.034838912829398244
r0074_f	645467467958.0	1.0	645467467958.0	0.0	6.911854150560035e-05	7.20742e-05	2.005643466037585e-05	6.299066235170052e-05	6.34831e-05	1.6289311927258878e-06
GLU5SAtmc_f	997451407811.0	1.0	997451407811.0	0.0	0.0006636662568862084	0.0006775926	0.0002343561613923167	6.299066235170052e-05	6.34831e-05	1.6289311927258878e-06
G5SADs_f	605642412657.5	1.0	605642412657.5	0.0	6.718026991550214e-05	6.937615e-05	2.0155256169337576e-05	6.299066235170052e-05	6.34831e-05	1.6289311927258878e-06
PRO1x	448621174446.0	0.0	448621174446.0	1.0	2.0235141314999865e-05	1.656565e-05	1.5939047252195105e-05	2.2620126095899534e-05	1.98397e-05	1.5649399930508302e-05
P5CR	267785770506.0	0.0	267785770506.0	1.0	2.5775929398098896e-05	2.24627e-05	1.864071477205888e-05	4.037053629519982e-05	4.3123e-05	1.5667221008384314e-05
PROD2					0.0	0.0	0.0	0.0	0.0	0.0
EXRiboflavin					0.0	0.0	0.0	0.0	0.0	0.0
RBFK					0.0	0.0	0.0	0.0	0.0	0.0
FMNAT					0.0	0.0	0.0	0.0	0.0	0.0
TransportFAD					0.0	0.0	0.0	0.0	0.0	0.0
ASNS1	846777883768.0	1.0	846777883768.0	0.0	0.3306085871508278	0.2805722471	0.24985126854184467	0.08132670945199498	0.05684566695	0.07922554584308825
ASNN	905430100172.0	1.0	905430100172.0	0.0	0.36306861362931153	0.3142640707	0.24302885072576644	0.08128403830385177	0.056803051699999996	0.07922553006152337
METS	990060929497.0	1.0	990060929497.0	0.0	4.527748199560326	3.35496171295	4.110920141112079	0.09185490532170652	0.0787526502	0.062131313345300136
METAT	990931227558.5	1.0	990931227558.5	0.0	4.5352039343230635	3.3623810342500002	4.110880759920809	0.0928863142324137	0.07979102634999999	0.062143543559058746
HMR_3915	989988910288.5	1.0	989988910288.5	0.0	4.476469946081095	3.30453506945	4.109442946210082	0.050739201566662034	0.03628142345	0.048870213297849824
AHCi	990447293832.0	1.0	990447293832.0	0.0	4.530499914118323	3.35772561075	4.1108868858923175	0.09185490532169303	0.0787526502	0.062131313345285336
ADNK1	990447293832.0	1.0	990447293832.0	0.0	4.530499914118317	3.35772561075	4.110886885892318	0.09185490532169274	0.0787526502	0.062131313345285266
CYSTS	1000000000000.0	1.0	1000000000000.0	0.0	0.002751714570724311	0.00289432005	0.0012841455904792631	0.0	0.0	0.0
CYSTGL	1000000000000.0	1.0	1000000000000.0	0.0	0.0027517145707254107	0.00289432005	0.001284145590479599	0.0	0.0	0.0
MTHFR3	636302801158.0	1.0	636302801158.0	0.0	0.05145299341072773	0.0503830339	0.02754090735283147	0.041386590481061386	0.029730205000000003	0.03817133193017023
MetSynthesis	947907025728.5	1.0	947907025728.5	0.0	0.003649330893977645	0.00369268315	0.0017523293461245994	0.0006874883246683106	0.000635088	0.00044882899393093394
UNK3	793102059508.0	1.0	793102059508.0	0.0	0.0010546893086364887	0.00086806965	0.0008258142082951842	0.0003439205861797897	0.00026766444999999997	0.00028597169854420137
5MTHFt	166116656310.0	0.0	166116656310.0	1.0	0.0001747398984989976	0.00018471685	5.102188789013756e-05	0.00027088672611381217	0.0002858321	8.045586860767365e-05
ILETA					0.0	0.0	0.0	0.0	0.0	0.0
3MOPt2im					0.0	0.0	0.0	0.0	0.0	0.0
ILETAm					0.0	0.0	0.0	0.0	0.0	0.0
LEUTA	602545023982.5	1.0	602545023982.5	0.0	6.724342983799972e-06	5.4831e-06	5.300914561289375e-06	4.739759132700176e-06	3.8399e-06	3.762851073876849e-06
4MOPt2im	602545024146.0	1.0	602545024146.0	0.0	6.7243429857999715e-06	5.4831e-06	5.300914561472026e-06	4.739759132700176e-06	3.8399e-06	3.762851073876849e-06
LEUTAm	740131326420.5	1.0	740131326420.5	0.0	1.1410303582800052e-05	1.10284e-05	6.703995510050824e-06	5.946800778899937e-06	5.1044e-06	4.338037878942523e-06
OIVD1m	812801259279.5	1.0	812801259279.5	0.0	1.8134646533099257e-05	1.898095e-05	6.564956706607888e-06	1.0686560014900166e-05	1.087745e-05	4.736103883969108e-06
ACOAD8m	812801259279.5	1.0	812801259279.5	0.0	1.8134646533099257e-05	1.898095e-05	6.564956706607888e-06	1.0686560014900166e-05	1.087745e-05	4.736103883969108e-06
MCCCrm	812801259270.5	1.0	812801259270.5	0.0	1.813464653299926e-05	1.898095e-05	6.564956706896464e-06	1.0686560014900166e-05	1.087745e-05	4.736103883969108e-06
MGCHrm	812801259270.5	1.0	812801259270.5	0.0	1.813464653299926e-05	1.898095e-05	6.564956706896464e-06	1.0686560014900166e-05	1.087745e-05	4.736103883969108e-06
HMGCOAtm	813888815957.5	1.0	813888815957.5	0.0	1.8201848734599563e-05	1.90473e-05	6.565604479199424e-06	1.071112605310002e-05	1.0904e-05	4.745412340183965e-06
VALTA	34146167097.0	0.0	34146167097.0	1.0	0.01380184762136774	0.0139194349	0.00678694032524389	0.20873012159589968	0.19881380915000002	0.1294754970341009
3MOBt2im	34146167097.0	0.0	34146167097.0	1.0	0.01380184762136774	0.0139194349	0.00678694032524389	0.20873012159591328	0.19881380915000002	0.1294754970340992
VALTAim	57809540859.0	0.0	57809540859.0	1.0	0.007000113610919613	0.0058179244000000005	0.0053602273497416475	0.09371704922008599	0.0707462382	0.08447256444109667
OIVD2m	795708364.0	0.0	795708364.0	1.0	0.020801961232280303	0.021749179049999998	0.00574905580694213	0.302447170815947	0.30580591145	0.12421351132029916
ACOAD9m	795708364.0	0.0	795708364.0	1.0	0.020801961232280106	0.021749179049999998	0.005749055806947261	0.3024471708159475	0.30580591145	0.1242135113202991
ECOAH12m	795708364.0	0.0	795708364.0	1.0	0.020801961232280106	0.021749179049999998	0.005749055806947261	0.30244717081593536	0.30580591145	0.12421351132031754
3HBCOAHLm	795708364.0	0.0	795708364.0	1.0	0.020801961232280106	0.021749179049999998	0.005749055806947261	0.302447170815947	0.30580591145	0.12421351132029974
HIBDm	795708364.0	0.0	795708364.0	1.0	0.020801961232269003	0.021749179049999998	0.005749055806943259	0.3024471708159469	0.30580591145	0.12421351132029941
r0643	216498295012.5	0.0	216498295012.5	1.0	0.008564687071829304	0.00757612205	0.00594445103557748	0.025053979760243223	0.020182119550000002	0.019964565006326096
MMSAD1m	128028092452.5	0.0	128028092452.5	1.0	0.00416239168614441	0.0034616655499999996	0.0031980867239792404	0.02674028942147385	0.0196673899	0.024217182179669075
MMTSADm	7385910803.5	0.0	7385910803.5	1.0	0.008074882474233708	0.0071566832	0.005662285514726748	0.2506529016341628	0.25236541445	0.12601303481123705
PCC	128242303077.0	0.0	128242303077.0	1.0	0.004180593534912141	0.0034793599	0.0031986108887821917	0.026751000547517084	0.0196782676	0.024216932631287637
MMALH	216498295012.5	0.0	216498295012.5	1.0	0.008564687071829304	0.00757612205	0.00594445103557748	0.02505397976024172	0.020182119550000002	0.01996456500632576
MMEm	79549085347.5	0.0	79549085347.5	1.0	0.012745280606705413	0.01227868755	0.006172839418822699	0.05180498030777373	0.04489336335	0.03323544096922997
MMMm	796443532.0	0.0	796443532.0	1.0	0.02082016308094193	0.02176768455	0.0057489772004181644	0.30245788194197115	0.3058179148	0.12421353619030859
ILEtmi					0.0	0.0	0.0	0.0	0.0	0.0
LEUt5m	740131326420.5	1.0	740131326420.5	0.0	1.1410303582800052e-05	1.10284e-05	6.703995510050824e-06	5.946800778899937e-06	5.1044e-06	4.338037878942523e-06
VALt5m	57809540859.0	0.0	57809540859.0	1.0	0.007000113610906819	0.0058179244000000005	0.005360227349740293	0.09371704922008652	0.0707462382	0.08447256444109981
PGCD	955448435248.5	1.0	955448435248.5	0.0	0.9332574461121701	0.7632974403499999	0.7544752847126168	0.056689052636851894	0.0413283072	0.052843206082878506
PSERT	955448435254.0	1.0	955448435254.0	0.0	0.9332574461296615	0.7632974403	0.7544752847166258	0.05668905263685199	0.0413283072	0.05284320608287894
PSP_L	955448435282.5	1.0	955448435282.5	0.0	0.9332574461469462	0.7632974403499999	0.7544752847035795	0.05668905263685068	0.0413283072	0.05284320608287829
GHMT2r_f	657374838194.0	1.0	657374838194.0	0.0	43.50932466943099	41.3355284219	25.592979292001576	30.141903902236578	23.849914589500003	24.633929640767107
SERD_L	999992239163.0	1.0	999992239163.0	0.0	19.412956183790172	19.58794805545	2.649692905183429	0.16557233868485735	0.1489796123	0.11163277999708249
ALATA_L_f	940967618305.5	1.0	940967618305.5	0.0	2.482797445094125	1.9007039316	2.159962994105035	0.18533528598649382	0.1371261512	0.16288995133853218
r1435	333162020401.0	0.0	333162020401.0	1.0	4.6583011078600044e-05	3.71866e-05	3.827311494834385e-05	7.845130825509929e-05	6.65168e-05	5.7616189369376346e-05
GLYtm_r	333162020395.0	0.0	333162020395.0	1.0	4.6583011078600044e-05	3.71866e-05	3.827311494834385e-05	7.845130825629927e-05	6.65168e-05	5.761618936977123e-05
GHMT2rm	333162020395.0	0.0	333162020395.0	1.0	4.6583011078600044e-05	3.71866e-05	3.827311494834385e-05	7.845130825629927e-05	6.65168e-05	5.761618936977123e-05
MLTHFtm_r	326178088592.0	0.0	326178088592.0	1.0	0.00011491098451040122	0.0001133776	5.23896099706402e-05	0.0001620659509126929	0.00015636985	7.864089887548329e-05
r0962	326178088589.5	0.0	326178088589.5	1.0	0.00011491098450940119	0.0001133776	5.238960997063397e-05	0.0001620659509126929	0.00015636985	7.864089887548329e-05
FORtm_r	434620805746.0	0.0	434620805746.0	1.0	6.832797346669962e-05	5.81521e-05	5.010754054840594e-05	8.36146426350005e-05	7.162250000000001e-05	6.131502856742019e-05
r0514	326178088589.5	0.0	326178088589.5	1.0	0.00011491098450940119	0.0001133776	5.238960997063397e-05	0.0001620659509126929	0.00015636985	7.864089887548329e-05
DHFRim	326178088589.5	0.0	326178088589.5	1.0	0.00011491098450940119	0.0001133776	5.238960997063397e-05	0.0001620659509126929	0.00015636985	7.864089887548329e-05
FTHFLmi	434620805746.5	0.0	434620805746.5	1.0	6.832797346779959e-05	5.81521e-05	5.010754055202521e-05	8.361464263480049e-05	7.162250000000001e-05	6.131502856772633e-05
MTHFCm	434620805749.0	0.0	434620805749.0	1.0	6.83279734683996e-05	5.81521e-05	5.01075405521323e-05	8.361464263480049e-05	7.162250000000001e-05	6.131502856772633e-05
MTHFDm	434620805749.0	0.0	434620805749.0	1.0	6.83279734682996e-05	5.81521e-05	5.010754055212783e-05	8.361464263480049e-05	7.162250000000001e-05	6.131502856772633e-05
FOLR2	316568608600.0	0.0	316568608600.0	1.0	5.982890792170308e-05	5.148095e-05	4.444192551121462e-05	0.00010882077523699964	9.522515e-05	7.80592040041919e-05
DHFR	314204241044.0	0.0	314204241044.0	1.0	6.13504328858002e-05	5.3003550000000005e-05	4.443198265260461e-05	0.00011081990925289566	9.722685e-05	7.805926500061979e-05
FTHFLi	988428374211.0	1.0	988428374211.0	0.0	0.03274392061524354	0.034213971499999996	0.010505773307414392	0.006101306831996735	0.0063083291	0.002792150013585256
FTHFDH	81856205569.5	0.0	81856205569.5	1.0	2.754427117747821	2.29922655615	2.1237320196233487	7.924796781075056	7.95698197125	2.8993896875567016
MTHFC_f	837796030314.0	1.0	837796030314.0	0.0	0.32718805344324325	0.338169327	0.13975914989553853	0.15476323345015372	0.1469114769	0.0880080099429012
MTHFD	998745570895.0	1.0	998745570895.0	0.0	40.64013183141966	38.65993803105	16.476324114267864	4.4025977695954195	4.1082097722	1.7226812989336024
MTHFD2i_f	872594774998.5	1.0	872594774998.5	0.0	87.92635124233105	88.21197726135	47.28623631749985	26.792851509671042	26.8755948196	15.27361191619921
ACACT1r	507951632237.5	1.0	507951632237.5	8.530500262527803e-85	8.646483577100069e-06	7.4452e-06	6.260960961108652e-06	7.981562763800018e-06	7.7723e-06	4.743045607427906e-06
HMGCOAS	578000150028.0	1.0	578000150028.0	0.0	1.0010347142999907e-05	8.82055e-06	6.358343433345844e-06	7.981562761200018e-06	7.7723e-06	4.743045607810899e-06
HMGCOAR	996027354078.5	1.0	996027354078.5	0.0	2.8212195907400345e-05	2.88711e-05	2.5780455435108886e-06	1.8692688813500985e-05	1.88388e-05	4.833908032767349e-07
MEVK1	996027354078.5	1.0	996027354078.5	0.0	2.821219590750035e-05	2.88711e-05	2.578045543492699e-06	1.8692688813500985e-05	1.88388e-05	4.833908032767349e-07
PMEVK	996027354078.5	1.0	996027354078.5	0.0	2.821219590750035e-05	2.88711e-05	2.578045543492699e-06	1.8692688813500985e-05	1.88388e-05	4.833908032767349e-07
IPDDI	996027355091.5	1.0	996027355091.5	0.0	9.404065269800173e-06	9.6237e-06	8.593484899364156e-07	6.230896284699972e-06	6.2796e-06	1.6113030507785155e-07
DPMVD	996027354078.5	1.0	996027354078.5	0.0	2.821219590750035e-05	2.88711e-05	2.578045543492699e-06	1.8692688813500985e-05	1.88388e-05	4.833908032767349e-07
DMATT	996027355091.5	1.0	996027355091.5	0.0	9.404065269800173e-06	9.6237e-06	8.593484899364156e-07	6.230896284699972e-06	6.2796e-06	1.6113030507785155e-07
GRTT	996027355091.5	1.0	996027355091.5	0.0	9.404065269800173e-06	9.6237e-06	8.593484899364156e-07	6.230896284699972e-06	6.2796e-06	1.6113030507785155e-07
HMR_1465	996027347455.5	1.0	996027347455.5	0.0	4.7020326520000384e-06	4.8118e-06	4.296742216006744e-07	3.115448136500002e-06	3.1398e-06	8.056518427508279e-08
HMR_1467	996027347455.5	1.0	996027347455.5	0.0	4.7020326520000384e-06	4.8118e-06	4.296742216006744e-07	3.115448136500002e-06	3.1398e-06	8.056518427508279e-08
SMO	996027347455.5	1.0	996027347455.5	0.0	4.7020326520000384e-06	4.8118e-06	4.296742216006744e-07	3.115448136500002e-06	3.1398e-06	8.056518427508279e-08
LNSTLS	996027347455.5	1.0	996027347455.5	0.0	4.7020326520000384e-06	4.8118e-06	4.296742216006744e-07	3.115448136500002e-06	3.1398e-06	8.056518427508279e-08
HMR_1477	996027347455.5	1.0	996027347455.5	0.0	4.7020326520000384e-06	4.8118e-06	4.296742216006744e-07	3.115448136500002e-06	3.1398e-06	8.056518427508279e-08
HMR_1478	996027347455.5	1.0	996027347455.5	0.0	4.7020326520000384e-06	4.8118e-06	4.296742216006744e-07	3.115448136500002e-06	3.1398e-06	8.056518427508279e-08
HMR_1479	996027347455.5	1.0	996027347455.5	0.0	4.7020326520000384e-06	4.8118e-06	4.296742216006744e-07	3.115448136500002e-06	3.1398e-06	8.056518427508279e-08
C14STR	996027347455.5	1.0	996027347455.5	0.0	4.7020326520000384e-06	4.8118e-06	4.296742216006744e-07	3.115448136500002e-06	3.1398e-06	8.056518427508279e-08
HMR_1490	996027347455.5	1.0	996027347455.5	0.0	4.7020326520000384e-06	4.8118e-06	4.296742216006744e-07	3.115448136500002e-06	3.1398e-06	8.056518427508279e-08
HMR_1493	996027347455.5	1.0	996027347455.5	0.0	4.7020326520000384e-06	4.8118e-06	4.296742216006744e-07	3.115448136500002e-06	3.1398e-06	8.056518427508279e-08
HMR_1494	996027347455.5	1.0	996027347455.5	0.0	4.7020326520000384e-06	4.8118e-06	4.296742216006744e-07	3.115448136500002e-06	3.1398e-06	8.056518427508279e-08
C3STDH1	692911448665.0	1.0	692911448665.0	0.0	2.7580824801998967e-06	2.8526e-06	1.236505665994185e-06	1.996681819199993e-06	2.1328e-06	7.748833324138605e-07
HMR_1495	699038873515.5	1.0	699038873515.5	0.0	1.9439501356000165e-06	1.8125e-06	1.2174040621406732e-06	1.118766252600015e-06	9.813e-07	7.740019400620831e-07
HMR_1500	996027347455.5	1.0	996027347455.5	0.0	4.7020326520000384e-06	4.8118e-06	4.296742216006744e-07	3.115448136500002e-06	3.1398e-06	8.056518427508279e-08
HMR_1502	996027347455.5	1.0	996027347455.5	0.0	4.7020326520000384e-06	4.8118e-06	4.296742216006744e-07	3.115448136500002e-06	3.1398e-06	8.056518427508279e-08
HMR_1503	996027347455.5	1.0	996027347455.5	0.0	4.7020326520000384e-06	4.8118e-06	4.296742216006744e-07	3.115448136500002e-06	3.1398e-06	8.056518427508279e-08
HMR_1504	996027347455.5	1.0	996027347455.5	0.0	4.7020326520000384e-06	4.8118e-06	4.296742216006744e-07	3.115448136500002e-06	3.1398e-06	8.056518427508279e-08
HMR_1505	996027347455.5	1.0	996027347455.5	0.0	4.7020326520000384e-06	4.8118e-06	4.296742216006744e-07	3.115448136500002e-06	3.1398e-06	8.056518427508279e-08
HMR_1509	996027347455.5	1.0	996027347455.5	0.0	4.7020326520000384e-06	4.8118e-06	4.296742216006744e-07	3.115448136500002e-06	3.1398e-06	8.056518427508279e-08
CHLSTI_1	996027347455.5	1.0	996027347455.5	0.0	4.7020326520000384e-06	4.8118e-06	4.296742216006744e-07	3.115448136500002e-06	3.1398e-06	8.056518427508279e-08
HMR_1516	996027347455.5	1.0	996027347455.5	0.0	4.7020326520000384e-06	4.8118e-06	4.296742216006744e-07	3.115448136500002e-06	3.1398e-06	8.056518427508279e-08
RE2410C	996027347455.5	1.0	996027347455.5	0.0	4.7020326520000384e-06	4.8118e-06	4.296742216006744e-07	3.115448136500002e-06	3.1398e-06	8.056518427508279e-08
DSMSTOLR	996027347455.5	1.0	996027347455.5	0.0	4.7020326520000384e-06	4.8118e-06	4.296742216006744e-07	3.115448136500002e-06	3.1398e-06	8.056518427508279e-08
ACCOAC	997026681521.0	1.0	997026681521.0	0.0	18.975315254251857	18.7841550215	6.727880224914217	2.599166969257667	2.4932999182	0.7143677481167325
FASN	997026681521.0	1.0	997026681521.0	0.0	2.7107593220359574	2.6834507174	0.9611257464163742	0.371309567036771	0.3561857026	0.1020525354452123
MCAT	997026681521.0	1.0	997026681521.0	0.0	18.975315254217694	18.7841550215	6.727880224911638	2.599166969257658	2.4932999182	0.7143677481167346
AcetoacetylACPsynthesis	997026681521.0	1.0	997026681521.0	0.0	2.710759322035972	2.6834507174	0.9611257464163723	0.371309567036772	0.3561857026	0.10205253544521302
r0691	997026681521.0	1.0	997026681521.0	0.0	2.7107593220359725	2.6834507174	0.9611257464163737	0.3713095670367731	0.3561857026	0.102052535445212
r0681	997026681521.0	1.0	997026681521.0	0.0	2.7107593220359756	2.6834507174	0.9611257464163725	0.3713095670367739	0.3561857026	0.10205253544521192
r0682	997026681521.0	1.0	997026681521.0	0.0	2.710759322035973	2.6834507174	0.9611257464163739	0.37130956703677126	0.3561857026	0.1020525354452131
r0760	997026681521.0	1.0	997026681521.0	0.0	2.7107593220359796	2.6834507174	0.9611257464163715	0.3713095670367721	0.3561857026	0.10205253544521155
r0761	997026681521.0	1.0	997026681521.0	0.0	2.710759322035972	2.6834507174	0.9611257464163735	0.37130956703677315	0.3561857026	0.10205253544521269
r0762	997026681521.0	1.0	997026681521.0	0.0	2.7107593220359716	2.6834507174	0.961125746416373	0.3713095670367709	0.3561857026	0.10205253544521234
r0763	997026681521.0	1.0	997026681521.0	0.0	2.7107593220359725	2.6834507174	0.9611257464163724	0.3713095670367738	0.3561857026	0.10205253544521187
r0764	997026681521.0	1.0	997026681521.0	0.0	2.7107593220359782	2.6834507174	0.9611257464163722	0.37130956703677365	0.3561857026	0.10205253544521199
r0694	997026681521.0	1.0	997026681521.0	0.0	2.7107593220359654	2.6834507174	0.9611257464163753	0.3713095670367729	0.3561857026	0.10205253544521262
r0695	997026681521.0	1.0	997026681521.0	0.0	2.7107593220359543	2.6834507174	0.9611257464163742	0.3713095670367719	0.3561857026	0.10205253544521224
r0765	997026681521.0	1.0	997026681521.0	0.0	2.7107593220359614	2.6834507174	0.9611257464163738	0.3713095670367737	0.3561857026	0.1020525354452121
r0766	997026681521.0	1.0	997026681521.0	0.0	2.7107593220359734	2.6834507174	0.9611257464163714	0.371309567036773	0.3561857026	0.10205253544521176
r0692	997026681521.0	1.0	997026681521.0	0.0	2.710759322035972	2.6834507174	0.9611257464163737	0.3713095670367734	0.3561857026	0.10205253544521274
r0693	997026681521.0	1.0	997026681521.0	0.0	2.7107593220359716	2.6834507174	0.9611257464163742	0.3713095670367739	0.3561857026	0.10205253544521137
r0767	997026681521.0	1.0	997026681521.0	0.0	2.710759322035972	2.6834507174	0.9611257464163718	0.3713095670367732	0.3561857026	0.10205253544521238
r0768	997026681521.0	1.0	997026681521.0	0.0	2.7107593220359796	2.6834507174	0.9611257464163715	0.37130956703677254	0.3561857026	0.10205253544521273
r0769	997026681521.0	1.0	997026681521.0	0.0	2.7107593220359716	2.6834507174	0.9611257464163723	0.3713095670367726	0.3561857026	0.1020525354452119
r0770	997026681521.0	1.0	997026681521.0	0.0	2.7107593220359845	2.6834507174	0.9611257464163712	0.37130956703677315	0.3561857026	0.10205253544521202
r0712	997026681521.0	1.0	997026681521.0	0.0	2.7107593220359703	2.6834507174	0.9611257464163718	0.37130956703677354	0.3561857026	0.10205253544521181
r0713	997026681521.0	1.0	997026681521.0	0.0	2.710759322035993	2.6834507174	0.9611257464163688	0.37130956703677287	0.3561857026	0.1020525354452122
r0701	997026681521.0	1.0	997026681521.0	0.0	2.7107593220359716	2.6834507174	0.9611257464163728	0.3713095670367726	0.3561857026	0.10205253544521202
r0702	997026681521.0	1.0	997026681521.0	0.0	2.710759322035988	2.6834507174	0.9611257464163696	0.3713095670367733	0.3561857026	0.10205253544521187
r0771	997026681521.0	1.0	997026681521.0	0.0	2.7107593220359703	2.6834507174	0.9611257464163723	0.37130956703677315	0.3561857026	0.10205253544521202
r0772	997026681521.0	1.0	997026681521.0	0.0	2.7107593220359663	2.6834507174	0.9611257464163723	0.37130956703677287	0.3561857026	0.1020525354452122
r0696	997026681521.0	1.0	997026681521.0	0.0	2.710759322035968	2.6834507174	0.961125746416373	0.3713095670367726	0.3561857026	0.10205253544521202
r0697	997026681520.5	1.0	997026681520.5	0.0	2.710759322001878	2.68345071735	0.9611257464136789	0.3713095670367733	0.3561857026	0.10205253544521188
r0773	997026681520.5	1.0	997026681520.5	0.0	2.7107593220018806	2.68345071735	0.961125746413679	0.37130956703677054	0.3561857026	0.10205253544521128
FA160ACPH	997026681520.5	1.0	997026681520.5	0.0	2.7107593220018855	2.68345071735	0.9611257464136791	0.3713095670367718	0.3561857026	0.10205253544521245
TMLYStd_r	1000000000000.0	1.0	1000000000000.0	0.0	18.390417985102104	18.63055795785	2.505975766612217	0.0	0.0	0.0
TMLYSOX	1000000000000.0	1.0	1000000000000.0	0.0	18.390417985102005	18.63055795785	2.5059757666122047	0.0	0.0	0.0
GHMT3	1000000000000.0	1.0	1000000000000.0	0.0	18.39041798510216	18.63055795785	2.5059757666122118	0.0	0.0	0.0
TMABADH	1000000000000.0	1.0	1000000000000.0	0.0	18.390417985102065	18.63055795785	2.5059757666122064	0.0	0.0	0.0
BBHOX	1000000000000.0	1.0	1000000000000.0	0.0	18.390417985102204	18.63055795785	2.505975766612211	0.0	0.0	0.0
SUCFUMtm_r	1000000000000.0	1.0	1000000000000.0	0.0	36.78083597020475	37.2611159156	5.0119515332244955	0.0	0.0	0.0
palmitateActivation	977480722193.0	1.0	977480722193.0	0.0	0.6678600947458279	0.4963252765	0.6073418016979963	0.01711802311500957	0.01212353955	0.016346275999290852
carnitineAcylTransferaseI	977480722193.0	1.0	977480722193.0	0.0	0.6678600947458465	0.4963252765	0.6073418016979965	0.017118023115009373	0.01212353955	0.016346275999290866
CARN160t_m	977480722193.0	1.0	977480722193.0	0.0	0.6678600947458457	0.4963252765	0.6073418016979967	0.017118023115009373	0.01212353955	0.016346275999290828
carnitineAcylTransferaseII	977480722193.0	1.0	977480722193.0	0.0	0.6678600947458476	0.4963252765	0.6073418016979963	0.017118023115009373	0.01212353955	0.016346275999290828
betaOxidation	977480722193.0	1.0	977480722193.0	0.0	0.66786009474585	0.4963252765	0.6073418016979969	0.01711802311502814	0.01212353955	0.016346275999272332
Biomass	996027354411.5	1.0	996027354411.5	0.0	0.00023048049855140603	0.0002358632	2.106143079597722e-05	0.00015271055952230682	0.0001539044	3.949077402786765e-06
GLCt1_r	652990887944.5	1.0	652990887944.5	0.0	2.984603135491009	3.05587322325	0.6183154392567279	2.7715002862566194	2.7971028474499997	0.11500919292821606
O2t_r	999994000000.0	1.0	999994000000.0	0.0	103.10690712575376	102.95185115314999	11.562761510145537	2.257915135212981	2.1678896024	0.5597223377732771
GLNt_r	478176736416.0	0.0	478176736416.0	1.0	0.6563167463410876	0.6709380807	0.1360623956994612	0.6782512708495188	0.6799826094	0.037370373129104885
r0963_r	166116642919.5	0.0	166116642919.5	1.0	0.00017473989243260016	0.00018471685	5.1021887696487265e-05	0.00027088672610841224	0.0002858321	8.045586860830692e-05
THBPTt_r	999663848038.0	1.0	999663848038.0	0.0	3.816491529139858e-05	3.89429e-05	3.4784399538940276e-06	1.23714787620005e-05	1.24425e-05	7.071880064927704e-06
ARGt5r_r	17469953336.5	0.0	17469953336.5	1.0	0.09350544233301175	0.0978742494	0.021901199436761533	0.18442730428627474	0.1891826979	0.03210478636243176
PHEtec_r	999127932140.0	1.0	999127932140.0	0.0	9.796676831299804e-05	0.0001001906	8.867562433451771e-06	5.199467677730009e-05	5.20351e-05	7.180746373632674e-06
ILEtec_r	996027354130.0	1.0	996027354130.0	0.0	6.593540002069841e-05	6.74753e-05	6.025212032924145e-06	4.3687131510397675e-05	4.40287e-05	1.1297441516545768e-06
LEUtec_r	995002515254.5	1.0	995002515254.5	0.0	0.00014387189961840172	0.0001461141	1.4718689228544372e-05	9.399688945609484e-05	9.418465000000001e-05	5.31143036227425e-06
VALtec_r	797900653.5	0.0	797900653.5	1.0	0.02088323026938103	0.02183063415	0.0057491948828816706	0.30250101762818393	0.30585945685	0.12421353175022941
METtec_r	999998000034.0	1.0	999998000034.0	0.0	0.002786982225389451	0.0029293897	0.0012839656798818845	2.3367464297199576e-05	2.35501e-05	6.042799116839448e-07
r2526_r	507620630258.0	1.0	507620630258.0	4.623634606898382e-78	0.18369808931681225	0.18163722535	0.06672918860090918	0.18854527084894204	0.17449188005	0.09284323176396478
GLYt4_r	492386928501.5	6.537869514091018e-78	492386928501.5	1.0	0.11077992870901429	0.1057024808	0.06759026513605085	0.11424815984235032	0.1064352895	0.07421514174152033
r2532_r	1000000000000.0	1.0	1000000000000.0	0.0	0.0325244285003397	0.033351544250000004	0.008187252899681734	0.0	0.0	0.0
PROPAT4te_r	1000000000000.0	1.0	1000000000000.0	0.0	4.905844719929681e-05	4.8726550000000005e-05	2.1203675346794316e-05	0.0	0.0	0.0
HDCAt	1000000000000.0	1.0	1000000000000.0	0.0	6.594839656699964e-05	6.7112e-05	3.459629610877298e-05	0.0	0.0	0.0
CRNt	1000000000000.0	1.0	1000000000000.0	0.0	18.390417985102207	18.63055795785	2.505975766612225	0.0	0.0	0.0
GTHRDt2_r	988658610150.5	1.0	988658610150.5	0.0	1.368442333437377	1.19831789865	0.974095848850644	0.025326808834389532	0.02027141215	0.02058546089192953
DmLact	605849965032.5	1.0	605849965032.5	0.0	5.056067475912303	5.176404091449999	1.0471139462299066	4.8487635665233535	4.8935850233	0.20122395160300885
UREAt	0.0	0.0	0.0	1.0	0.0	0.0	0.0	0.0602547466385749	0.05141389355	0.04494170076259665
DmBiomass	996027354411.5	1.0	996027354411.5	0.0	0.00023048049855140603	0.0002358632	2.106143079597722e-05	0.00015271055952230682	0.0001539044	3.949077402786765e-06
NH4t	997916313473.0	1.0	997916313473.0	0.0	95.71168732055742	91.6253434665	21.949162654364514	38.466852470789114	38.2326796449	12.366058105734787
PTRCtex2_f	182773045329.0	0.0	182773045329.0	1.0	0.03849674764653718	0.03431453115	0.02637120457393643	0.09482865789952118	0.0912892153	0.0527916515170604
GUDACtr2	239535873838.5	0.0	239535873838.5	1.0	0.039392671871949815	0.035341139699999996	0.02702176450660927	0.08300199109710141	0.07963376964999999	0.05002818304520604
CE2705t	999663848038.0	1.0	999663848038.0	0.0	3.816491529139858e-05	3.89429e-05	3.4784399538940276e-06	1.23714787620005e-05	1.24425e-05	7.071880064927704e-06
Dm2oxobutyrate	4240882093.0	0.0	4240882093.0	1.0	0.013539937195258447	0.01390170625	0.003123939580448554	0.488952147568094	0.5135787574999999	0.20221531429080358
H2Ot_f	780429007029.0	1.0	780429007029.0	0.0	125.81863487870817	119.32558924150001	40.40484659266243	87.73382360463832	87.30746833895	26.222338966022143
PHLACHt_f	546583216867.0	1.0	546583216867.0	0.0	385.45011677042277	393.40948523765	153.39749243980418	353.10007308445046	363.6192464296	184.48124436755543
CO2t	999987845937.0	1.0	999987845937.0	0.0	137.44606883097828	135.89430781795	17.892195247878877	31.38011439765486	31.1878220634	9.495774577725669
DmGSSG	992091476539.5	1.0	992091476539.5	0.0	0.7050404594505977	0.62064949325	0.4886532199905556	0.020881390067914576	0.0194584935	0.01150607419475249
GLUt4	1000000000000.0	1.0	1000000000000.0	0.0	0.003952617158150177	0.00395767415	0.0021726606140906775	0.0	0.0	0.0
ALAPAT4te	1000000000000.0	1.0	1000000000000.0	0.0	0.0296743311843888	0.031157963599999998	0.012902279573328715	0.0	0.0	0.0
DmAla	941873757046.0	1.0	941873757046.0	0.0	2.4733225705603057	1.8905440943	2.1605768809772545	0.17277637095994017	0.1244716926	0.16298976529431605
ASPte_r	893008374464.0	1.0	893008374464.0	0.0	387.3471321684059	377.92843349550003	223.2743284047452	94.44226350150177	91.50659122684999	55.72358544997721
DmAsp	895718292764.0	1.0	895718292764.0	0.0	389.4915364132509	380.01209007420005	223.12773017252326	94.5345930622904	91.60207002050001	55.722267413038786
DmPalm	979328670393.0	1.0	979328670393.0	0.0	2.0429027064744467	2.02467289395	0.8666793932093075	0.3541501534044319	0.33914232990000004	0.10243193768858092
ATPM	989742447810.0	1.0	989742447810.0	0.0	13.71521553600975	10.15266474155	12.45097931894857	0.1594911468391695	0.11263897395	0.1557446172688801
GACMTRc	659743703727.5	1.0	659743703727.5	0.0	0.05402996803936464	0.0529520153	0.02758993475566827	0.04111570375493196	0.029460197049999998	0.038165976329529006
CKc_cho	659743703727.5	1.0	659743703727.5	0.0	0.05402996803936443	0.0529520153	0.02758993475566916	0.04111570375493206	0.029460197049999998	0.03816597632952908
CRTNsyn_cho	659743703727.5	1.0	659743703727.5	0.0	0.05402996803936433	0.0529520153	0.027589934755668948	0.04111570375493196	0.029460197049999998	0.038165976329529006
CRTNtr	659743703727.5	1.0	659743703727.5	0.0	0.054029968039364225	0.0529520153	0.02758993475566886	0.04111570375493196	0.029460197049999998	0.038165976329529006
NDPK1	976513807064.5	1.0	976513807064.5	0.0	1.6332465408416228	1.21292282985	1.496918443210714	0.04368317144950316	0.0314156984	0.041046576931931006
NDPK5	996027357970.0	1.0	996027357970.0	0.0	2.281295981999907e-06	2.3346e-06	2.0846597971633403e-07	1.5115290853997123e-06	1.5233e-06	3.9087984504810534e-08
NDPK8	996027353339.0	1.0	996027353339.0	0.0	3.0384244103999726e-06	3.1094e-06	2.776528478734664e-07	2.013183333199813e-06	2.0289e-06	5.206075467334738e-08
NDPK7	996027314167.5	1.0	996027314167.5	0.0	2.1761968861001192e-06	2.227e-06	1.9886204160715318e-07	1.44189313310025e-06	1.4532e-06	3.728721472693336e-08
DTMPK	996027364138.0	1.0	996027364138.0	0.0	3.01722018350017e-06	3.0877e-06	2.757151476404132e-07	1.9991339460003034e-06	2.0148e-06	5.169733535167342e-08
NDPK4	996027364138.0	1.0	996027364138.0	0.0	3.01722018350017e-06	3.0877e-06	2.757151476404132e-07	1.9991339460003034e-06	2.0148e-06	5.169733535167342e-08
HIStiDF_r	460066583836.5	0.0	460066583836.5	1.0	0.08811198722638806	0.09246925724999999	0.03909024941203654	0.09601742827905273	0.0973886338	0.0576866055710366
PTRCOX1	265635018509.5	0.0	265635018509.5	1.0	0.05193706942391023	0.0509866571	0.027917745425411335	0.08902807913581862	0.08945477635	0.046314411345864434
ABUTD	265635018509.5	0.0	265635018509.5	1.0	0.05193706942391113	0.0509866571	0.027917745425411165	0.08902807913581881	0.08945477635	0.04631441134586454
r0465_1	999211658095.5	1.0	999211658095.5	0.0	8.96086830354956	7.81859868835	5.777316168240738	0.16005345838629614	0.13782653225	0.10746238093104304
ABUTH	988661646378.0	1.0	988661646378.0	0.0	6.1061610976319995	4.630162894850001	5.384130206232063	0.08274052588400632	0.057814573849999995	0.08112840555258544
GLUDC	391525172267.0	0.0	391525172267.0	1.0	7.178925634471476	7.04994432205	3.0879447952863996	8.291097647230911	8.3299843414	2.9021247416729223
HISDr	999920180683.0	1.0	999920180683.0	0.0	21.139107872927166	21.53166810195	1.801242979408617	7.9336298782800885	7.9692213997	2.893817264973428
URCN	999920180683.0	1.0	999920180683.0	0.0	21.139107872927156	21.53166810195	1.8012429794086333	7.933629878279793	7.9692213997	2.8938172649734772
IZPN	999920180683.0	1.0	999920180683.0	0.0	21.13910787292715	21.53166810195	1.801242979408636	7.933629878279767	7.9692213997	2.893817264973482
GluForTx	999920180683.0	1.0	999920180683.0	0.0	21.13910787292714	21.53166810195	1.8012429794086304	7.933629878279764	7.9692213997	2.8938172649734866
FTCD	999920180683.0	1.0	999920180683.0	0.0	21.139107872927106	21.53166810195	1.8012429794086533	7.933629878279764	7.9692213997	2.8938172649734852
CARPEPT1tc_r	999970042867.0	1.0	999970042867.0	0.0	23.905732225737324	23.69384841495	3.0292758732909375	7.914944686034198	7.9506534189	2.8953030620898
NBAHH_ir	999980325567.0	1.0	999980325567.0	0.0	31.17739235304395	29.937601811100002	6.8589991463594915	7.992225489200621	8.028629224949999	2.8950805758753484
r0283	991303272721.0	1.0	991303272721.0	0.0	7.271660127308649	5.5811172502	6.235171616934512	0.07728080316639703	0.0540712163	0.07516262374105438
ASP1DC	956346023948.5	1.0	956346023948.5	0.0	1.5292995593547403	1.16018077925	1.3528874996660476	0.08363503115344915	0.0584509712	0.08281365847851932
CSNt_r	519032350220.5	1.0	519032350220.5	0.0	12.75938344022272	10.384156338499999	10.12930683996683	10.237464585399447	10.0496963143	3.698926322956826
bAlaSynthesis	519032350222.5	1.0	519032350222.5	0.0	12.759383440162122	10.3841563382	10.129306839915435	10.237464585399467	10.0496963143	3.6989263229568348
LYSt5r_r	18852523401.5	0.0	18852523401.5	1.0	0.008856684848033609	0.008234591900000001	0.00566810954545444	0.14693272693304157	0.1530537643	0.07018785611154624
LYStm	18753053868.0	0.0	18753053868.0	1.0	0.008720214118108777	0.00809836175	0.005667998151492395	0.14684230487281785	0.15296451165	0.07018789378832238
SACCD3m	18753053868.0	0.0	18753053868.0	1.0	0.008720214118108879	0.00809836175	0.005667998151491765	0.14684230487283215	0.15296451165	0.07018789378833346
r0525	18753053868.0	0.0	18753053868.0	1.0	0.008720214118108777	0.00809836175	0.005667998151492395	0.1468423048728312	0.15296451165	0.07018789378833412
AASAD3m	18753053868.0	0.0	18753053868.0	1.0	0.008720214118108777	0.00809836175	0.005667998151492395	0.1468423048728312	0.15296451165	0.07018789378833389
r0450	18753053868.0	0.0	18753053868.0	1.0	0.008720214118108777	0.00809836175	0.005667998151492395	0.14684230487283018	0.15296451165	0.07018789378833301
2OXOADOXm	19363958920.0	0.0	19363958920.0	1.0	0.009002335070292787	0.00838754315	0.005663962714083233	0.14684230487283134	0.15296451165	0.07018789378833375
GLUTCOADHm	19363958920.0	0.0	19363958920.0	1.0	0.009002335070292787	0.00838754315	0.005663962714083233	0.14684230487283134	0.15296451165	0.07018789378833433
3HBCDm	19363958920.0	0.0	19363958920.0	1.0	0.009002335070292787	0.00838754315	0.005663962714083233	0.14684230487283134	0.15296451165	0.07018789378833423
HACD1m	19363958920.0	0.0	19363958920.0	1.0	0.009002335070292787	0.00838754315	0.005663962714083233	0.14684230487283081	0.15296451165	0.07018789378833395
HMGCOASm	705762799764.0	1.0	705762799764.0	0.0	6.720216280000114e-08	6.85e-08	5.973921861922996e-08	2.456603229999986e-08	2.53e-08	4.836577736843695e-08
CYStec_r	1000000000000.0	1.0	1000000000000.0	0.0	0.039284074358839065	0.0408410498	0.008978226910092526	0.0	0.0	0.0
CYSTA	354196065864.0	0.0	354196065864.0	1.0	0.100216160344438	0.10026259595	0.04123638305552579	0.13581209231006308	0.1268959827	0.0684383444771544
CYANt_r	354196065864.0	0.0	354196065864.0	1.0	0.1002161603444368	0.10026259595	0.04123638305552543	0.13581209231006458	0.1268959827	0.06843834447715354
MCPST	354196065864.0	0.0	354196065864.0	1.0	0.10021616034443681	0.10026259595	0.0412363830555257	0.13581209231006466	0.1268959827	0.06843834447715354
TCYNTt	485758237955.5	6.267321232166293e-267	485758237955.5	1.0	0.05454624113774871	0.048174018949999994	0.03865074759805	0.06047216344657601	0.04878240145	0.049445320050719006
CYSO	15484404841.5	0.0	15484404841.5	1.0	0.031887251831105495	0.032571148349999995	0.011065376245889652	0.18262412521485927	0.18830954705	0.06815259959629677
3SALATAi	157387393047.5	0.0	157387393047.5	1.0	0.015513076794058576	0.01389173875	0.010736399394107123	0.06452942962456008	0.0564002168	0.046899610167402316
3SALAASPm	61757100322.0	0.0	61757100322.0	1.0	0.016374175037105063	0.01454047275	0.011363335525296944	0.11809469559029867	0.11619094320000001	0.06831135639200667
3SALATAim	61757100322.0	0.0	61757100322.0	1.0	0.016374175037104963	0.01454047275	0.011363335525296954	0.11809469559029948	0.11619094320000001	0.0683113563920065
3SPYRSP	157387393047.0	0.0	157387393047.0	1.0	0.015513076794058576	0.01389173875	0.010736399394107123	0.06452942962456018	0.0564002168	0.04689961016740198
3SPYRSPm	61757100322.0	0.0	61757100322.0	1.0	0.016374175037105063	0.01454047275	0.011363335525296992	0.11809469559029877	0.11619094320000001	0.06831135639200622
HMR_3951	157387393047.0	0.0	157387393047.0	1.0	0.015513076794058576	0.01389173875	0.010736399394107123	0.06452942962456097	0.0564002168	0.04689961016740193
ExSulfitem	61757100321.5	0.0	61757100321.5	1.0	0.016374175036962677	0.01454047275	0.011363335525311347	0.11809469559029785	0.11619094320000001	0.06831135639200638
PHETHPTOX2	999663848038.0	1.0	999663848038.0	0.0	3.816491529139858e-05	3.89429e-05	3.4784399538940276e-06	1.23714787620005e-05	1.24425e-05	7.071880064927704e-06
TYRt_r	0.0	0.0	0.0	1.0	0.0	0.0	0.0	1.2011968964100155e-05	1.19208e-05	7.078159018826014e-06
TYRTA	999988000000.0	1.0	999988000000.0	0.0	1.3638636193001034e-06	1.2465e-06	9.175989057927955e-07	0.0	0.0	0.0
34HPPOR	999988000000.0	1.0	999988000000.0	0.0	1.3638635987001024e-06	1.2465e-06	9.175989063929032e-07	0.0	0.0	0.0
HGNTOR	999988000000.0	1.0	999988000000.0	0.0	1.3638635987001024e-06	1.2465e-06	9.175989063929032e-07	0.0	0.0	0.0
MACACI	999988000000.0	1.0	999988000000.0	0.0	1.3638635987001024e-06	1.2465e-06	9.175989063929032e-07	0.0	0.0	0.0
FUMAC	999988000000.0	1.0	999988000000.0	0.0	1.3638635988001025e-06	1.2465e-06	9.175989066055197e-07	0.0	0.0	0.0
AACOAT	999988000000.0	1.0	999988000000.0	0.0	1.3638635988001025e-06	1.2465e-06	9.175989066055197e-07	0.0	0.0	0.0
r2534_r	3388106178.5	0.0	3388106178.5	1.0	0.010878493418142829	0.011314383300000001	0.002846014442169039	0.489010609758928	0.5136381174	0.20221540755109363
THRD_L	3380496474.0	0.0	3380496474.0	1.0	0.010806424471011373	0.01124218505	0.002846672330777697	0.4889628586941015	0.5135896389500001	0.202215432052177
OBDHc	813888815865.0	1.0	813888815865.0	0.0	1.8201848732399564e-05	1.90473e-05	6.5656044790184595e-06	1.0711126051500021e-05	1.0904e-05	4.745412343596502e-06
PPCOAtm	813888815863.5	1.0	813888815863.5	0.0	1.820184873199956e-05	1.90473e-05	6.565604478764433e-06	1.0711126051500021e-05	1.0904e-05	4.745412343596502e-06
r1616_r	967536140418.0	1.0	967536140418.0	0.0	0.02810659312691303	0.02960103935	0.010408791953918908	0.0051524290823722	0.005358601750000001	0.002718907577831735
TRPO2	967528356452.5	1.0	967528356452.5	0.0	0.028103526353429782	0.02959800765	0.01040880888737411	0.005150397115653183	0.00535659225	0.002718908248124619
FKYNH	967528356453.0	1.0	967528356453.0	0.0	0.028103526353431083	0.02959800765	0.01040880888737477	0.005150397115651584	0.00535659225	0.002718908248124787
KYN	965270007832.5	1.0	965270007832.5	0.0	0.027821405401225838	0.02932539245	0.010419448541961142	0.005150397115651584	0.00535659225	0.002718908248124787
ANTHte	965270007832.5	1.0	965270007832.5	0.0	0.027821405401225838	0.02932539245	0.010419448541961142	0.005150397115651584	0.00535659225	0.002718908248124787
KYN3OX	1000000000000.0	1.0	1000000000000.0	0.0	0.0002821209521402964	0.00027594575	0.00016576353960144174	0.0	0.0	0.0
HKYNH	1000000000000.0	1.0	1000000000000.0	0.0	0.0002821209521402964	0.00027594575	0.00016576353960144174	0.0	0.0	0.0
3HAO	1000000000000.0	1.0	1000000000000.0	0.0	0.0002821209521402964	0.00027594575	0.00016576353960144174	0.0	0.0	0.0
PCLAD	1000000000000.0	1.0	1000000000000.0	0.0	0.0002821209521402964	0.00027594575	0.00016576353960144174	0.0	0.0	0.0
AM6SAD	1000000000000.0	1.0	1000000000000.0	0.0	0.0002821209521402964	0.00027594575	0.00016576353960144174	0.0	0.0	0.0
AMCOXO	1000000000000.0	1.0	1000000000000.0	0.0	0.0002821209521402964	0.00027594575	0.00016576353960144174	0.0	0.0	0.0
2OXOADPTm	1000000000000.0	1.0	1000000000000.0	0.0	0.0002821209521402964	0.00027594575	0.00016576353960144174	0.0	0.0	0.0
ExCystineGlu	61.0	0.0	61.0	1.0	0.01629345901426618	0.014646736149999999	0.011064026763529928	0.13090671344317198	0.1309696475	0.009473870635460577
ExCystineSer	733057236750.0	1.0	733057236750.0	0.0	0.06714364804860247	0.06883659149999999	0.016742668821732	0.053197011709626776	0.0544159674	0.015858152642042
CystinePyruvate	537719140606.5	1.0	537719140606.5	0.0	0.017578635855559983	0.01452831495	0.013683266775428539	0.016664074797946207	0.01238599155	0.01541797179923174
CystineReductaseNADPH	67533663119.5	0.0	67533663119.5	1.0	0.009149331561116159	0.0078075395	0.006758525676359381	0.0629461171075837	0.0585586934	0.03916451969883452
CystineReductaseNADH	694932436579.5	1.0	694932436579.5	0.0	0.025862174038758522	0.0231348952	0.017684996321043835	0.014302015724291654	0.01247558365	0.01001525951069264
CystineGSH	115733873096.5	0.0	115733873096.5	1.0	0.030846965607501116	0.02909766155	0.018748118213804545	0.09019151752295727	0.09209486859999999	0.04259868267621472
Ex3HB	976824774167.5	1.0	976824774167.5	0.0	8.808318253873809	8.3899697116	4.51551767146907	1.2158476498775983	1.01805505905	0.7717686926847274
Transport3HB_forward	976824774167.0	1.0	976824774167.0	0.0	8.808318253922643	8.389969711700001	4.515517671459868	1.215847649877488	1.01805505905	0.7717686926847178
bBDH	976824774166.5	1.0	976824774166.5	0.0	8.80831825393009	8.389969711700001	4.515517671464483	1.215847649877489	1.01805505905	0.7717686926847176
OCOAT1m	976824774166.5	1.0	976824774166.5	0.0	8.808318253930063	8.389969711700001	4.515517671464474	1.2158476498774882	1.01805505905	0.771768692684718
ACACT1m	972992235286.5	1.0	972992235286.5	0.0	8.817320521790775	8.39930610375	4.515617397008576	1.3626899301843522	1.1669576996	0.7683734134324854
G3PD1ir	974820263746.0	1.0	974820263746.0	0.0	11.021060296930468	8.24086398895	9.909634381206294	0.3079339678705969	0.22277793925	0.28961700532714063
GLYC3Ptm	974820263746.0	1.0	974820263746.0	0.0	11.021060296930496	8.24086398895	9.909634381206297	0.30793396787059235	0.22277793925	0.2896170053271408
G3PDm	974820263746.0	1.0	974820263746.0	0.0	11.021060296930473	8.24086398895	9.909634381206297	0.30793396787059596	0.22277793925	0.28961700532714063
DHAPtm	974820263746.0	1.0	974820263746.0	0.0	11.021060296930488	8.24086398895	9.909634381206295	0.30793396787059596	0.22277793925	0.28961700532714063
CMPuptake_r	522985543289.5	1.0	522985543289.5	0.0	4.371304528599952e-06	3.8897e-06	3.003479933772559e-06	3.893172977299966e-06	3.9581e-06	2.0380064961155964e-06
UMPuptake_r	670414578252.5	1.0	670414578252.5	0.0	1.0616277210600042e-05	1.04967e-05	6.133051611068819e-06	7.052136450299962e-06	7.1443e-06	3.7561322019102764e-06
Transport_ala_B_c_e	966989557280.5	1.0	966989557280.5	0.0	38.1944152252516	35.9148946453	11.183722816812885	18.236044302587004	18.1025319919	6.181650811660581
EX_ala_B	966989557280.5	1.0	966989557280.5	0.0	38.19441522525161	35.9148946453	11.183722816812889	18.236044302587054	18.1025319919	6.181650811660596
Transport_octanoyl_ACP_c_e					0.0	0.0	0.0	0.0	0.0	0.0
EX_octanoyl_ACP					0.0	0.0	0.0	0.0	0.0	0.0
TMDK1	999990000000.0	1.0	999990000000.0	0.0	1.4956952069000277e-06	1.4838e-06	8.599542624739029e-07	0.0	0.0	0.0
THYMDt1_r	999990000000.0	1.0	999990000000.0	0.0	1.4956952069000277e-06	1.4838e-06	8.599542624739029e-07	0.0	0.0	0.0
EX_thymd	999990000000.0	1.0	999990000000.0	0.0	1.4956952069000277e-06	1.4838e-06	8.599542624739029e-07	0.0	0.0	0.0
Transport_HC00576_c_e	979312010871.0	1.0	979312010871.0	0.0	2.8547072058237664	2.3114026088	2.319192713623911	0.07731293250235412	0.05490359515	0.0747928653663893
EX_HC00576	979312010871.0	1.0	979312010871.0	0.0	2.8547072058237966	2.3114026088	2.319192713623911	0.0773129325023538	0.05490359515	0.0747928653663894
Transport_4abut_c_e	175743962239.5	0.0	175743962239.5	1.0	4.376155497918555	3.91971150405	3.0061955570782164	8.30281279386421	8.34160635045	2.904600758873784
EX_4abut	175743962239.5	0.0	175743962239.5	1.0	4.376155497918567	3.91971150405	3.0061955570782137	8.302812793864218	8.34160635045	2.9046007588737677
EX_h_e_b	794312153506.0	1.0	794312153506.0	0.0	378.1331397674237	399.49928027915	101.99616110568772	243.27594552899873	238.4012864986	125.66399576711588
EX_h2o_e_b	657150346319.0	1.0	657150346319.0	0.0	210.35145950955544	209.54237103065	59.939825741906944	175.49466484550885	175.82611307989998	56.89456181026077
EX_ala__L_e_b	1000000000000.0	1.0	1000000000000.0	0.0	0.04124194063279258	0.04161718515	0.004894638264988804	0.0	0.0	0.0
EX_hdca_e_b	1000000000000.0	1.0	1000000000000.0	0.0	8.788456071549746e-05	8.929265e-05	3.055683376399014e-05	0.0	0.0	0.0
PGM_b	43162189026.0	0.0	43162189026.0	1.0	2.582774851197524	2.3990597354	1.5505222116876216	16.153601755594934	16.9037201668	7.334898792905278
ENO_b	64928420726.5	0.0	64928420726.5	1.0	2.652738773536455	2.46364824105	1.6327168043697458	14.123723327909845	14.335385574850001	7.2212282263248415
TKT2_b	962023023555.0	1.0	962023023555.0	0.0	0.2640069075102498	0.26786838985	0.10727461482502103	0.05852899014068681	0.054157070200000004	0.03582544552820674
RPE_b	733756238524.0	1.0	733756238524.0	0.0	0.31566134902078524	0.32252570324999996	0.15095798664324545	0.19189596537542214	0.17758946525000002	0.11742669574483108
TKT1_b	868172719203.0	1.0	868172719203.0	0.0	0.2157310158570158	0.2135839608	0.11578671351117473	0.07103867567963264	0.07037884650000001	0.035402908192268726
TALA_b	315517853883.0	0.0	315517853883.0	1.0	2.007331209112468	1.95706895315	0.8534830736417692	2.725176262136619	2.7129068087999997	1.1734052095314982
ACONTm_b	162033312908.0	0.0	162033312908.0	1.0	41.18548681578927	40.392971595000006	20.606962906349462	99.37628480960936	99.07861564095	50.57437238513005
ICDHym_b	994235249210.0	1.0	994235249210.0	0.0	56.68714579709619	57.2896472893	15.442449422319976	15.81059285347942	15.7748099965	4.783434152492597
SUCOAS1m_b	456398546349.0	0.0	456398546349.0	1.0	9.92297337634598	10.17738404795	3.336076354721984	11.2736546711533	10.8295640366	6.846335359206636
FUMm_b	618021986841.5	1.0	618021986841.5	0.0	192.92631957949757	197.84975133015	64.99228327951676	162.59916943821827	164.15091164215	73.16209342713344
MDHm_b	84276107859.0	0.0	84276107859.0	1.0	241.4722021066065	248.01057242585	90.67376419192634	609.129424790049	630.3801956196501	230.81037752778232
FUM_b	552759703324.0	1.0	552759703324.0	0.0	50.90847970137674	48.22874109715	27.822467734789353	46.94405487220685	42.071927210249996	33.573558866290064
MDH_b	371167964962.5	0.0	371167964962.5	1.0	261.8012659426016	263.24641792855	122.51163784690918	332.16209693858144	340.69063140235	166.36121818311872
AKGMALtm_b	45418986793.0	0.0	45418986793.0	1.0	51.33038479600881	50.86149845295	24.17020427959085	337.30174727161847	351.3752895698	162.86231985433432
PYRt2m_b	882777244201.0	1.0	882777244201.0	0.0	65.48627101750573	61.40824689565	38.77168712707852	18.476733474589818	17.68327977065	9.18516710809123
FUMtm_b	989510472988.0	1.0	989510472988.0	0.0	43.29607750602626	42.21360402265	15.972519218739086	9.659714971465974	10.12109704575	4.026452840594685
CO2tm_b	606891660127.0	1.0	606891660127.0	0.0	155.15065303814688	155.540563155	65.2865259716237	129.24525759855388	125.1809197427	71.84660450590704
r0801_b	762935658190.0	1.0	762935658190.0	0.0	11.824912649029104	12.117746274249999	4.853192473296841	7.296034793940401	7.6899949563	3.5672605679311116
H2Otm_b	1000000000000.0	1.0	1000000000000.0	0.0	226.60616238778883	230.37247283875	14.71583198925041	0.0	0.0	0.0
NH4tm_b	383980495741.5	0.0	383980495741.5	1.0	104.32509571760475	105.74172273799999	48.04661538283111	123.90543292789074	130.06192967105	49.55418764715498
NDPK3_b	691694940295.5	1.0	691694940295.5	0.0	6.652557160999777e-06	6.3056e-06	3.102309329693269e-06	4.567120678999916e-06	4.563e-06	2.1889477715680932e-06
GLUDym_b	265256991572.5	0.0	265256991572.5	1.0	67.23971036964188	66.69665279275	33.99034660987384	119.01672520893392	116.4818021399	65.12115846863193
ASPTA_b	712164698915.0	1.0	712164698915.0	0.0	153.1273956420497	156.0061077904	58.37211497385683	106.98217377499982	102.5057967566	58.69459262932769
r0074_b	999999000000.0	1.0	999999000000.0	0.0	2.310747079610037e-05	1.960935e-05	1.729284058637791e-05	0.0	0.0	0.0
GLU5SAtmc_b	1000000000000.0	1.0	1000000000000.0	0.0	0.0006176551861548178	0.0006306934	0.0002329943901049592	0.0	0.0	0.0
G5SADs_b	999999500000.0	1.0	999999500000.0	0.0	2.1169199197299633e-05	1.886905e-05	1.4602743157448996e-05	0.0	0.0	0.0
GHMT2r_b	817455047223.0	1.0	817455047223.0	0.0	61.875357732786654	59.6439966574	25.544589179398706	30.11557732316519	23.828386585449998	24.630875028100526
ALATA_L_b	999984824923.0	1.0	999984824923.0	0.0	0.06713619514016353	0.06804185195000001	0.006842918371299898	0.01763209771301698	0.0183751791	0.0067664962963499085
MTHFC_b	87845845377.0	0.0	87845845377.0	1.0	3.048923259027746	2.59053724245	2.136613611821714	8.073493167136016	8.11245354325	2.891583923255508
MTHFD2i_b	942257869804.5	1.0	942257869804.5	0.0	110.14911040643769	109.84964640780001	47.89287109160924	31.180549334673223	31.27048048655	15.438863294038857
PTRCtex2_b	1000000000000.0	1.0	1000000000000.0	0.0	0.0002994180080298992	0.00031170435	0.00012564484740090203	0.0	0.0	0.0
H2Ot_b	804373107747.5	1.0	804373107747.5	0.0	23.726499414886664	23.52110666615	13.220398404851473	9.9281016444296	8.3893721116	7.181277168778716
PHLACHt_b	550559234594.0	1.0	550559234594.0	0.0	401.36515205249003	409.30483948535	150.4974752989372	366.7294455468019	377.1551844199	183.40671364980986
