	statistic_less	pvalue_less	statistic_greater	pvalue_greater	mean_MDAMB361	median_MDAMB361	std_MDAMB361	mean_MCF7	median_MCF7	std_MCF7
EX_lac__L_e	0.0	0.0	0.0	1.0	0.07203139409195836	0.0740564299821002	0.007882333749040345	4.541234818516102	4.634529840555153	0.3719989308619543
EX_glc__D_e_r	0.0	0.0	0.0	1.0	0.1026158052678774	0.1045089677141959	0.013727884505790135	2.6874685867367383	2.7402545870722275	0.2213261564902725
EX_gluIN__L_e	10000000000.0	1.0	10000000000.0	0.0	0.00338441961003114	0.0029594603519875	0.0024455140382278378	0.0	0.0	0.0
EX_gluOUT__L_e	0.0	0.0	0.0	1.0	0.01128938781394634	0.01145608761136015	0.0013017946317560615	0.07486133093378389	0.07638762170478405	0.006126334189084196
EX_gln__L_e_r	0.0	0.0	0.0	1.0	0.20545963885028362	0.21125473720062626	0.022764145632970238	1.1808153926646543	1.2047054457606015	0.09635224520762518
EX_asp__L_e	10000000000.0	1.0	10000000000.0	0.0	0.029752191110246913	0.0306232859656015	0.011570602929504594	0.0	0.0	0.0
DM_asp__L_e	7818144896.0	1.0	7818144896.0	0.0	1.1724676359902546	0.8841692598102635	1.047354292870514	0.3515892856084157	0.26526909255641606	0.31453882809105654
EX_co2_e	9996898742.0	1.0	9996898742.0	0.0	105.37093036278898	102.37733019227906	23.20440183185692	35.197603773580646	35.39402800950303	2.3769077426832306
EX_h_e_f	7555831211.0	1.0	7555831211.0	0.0	310.582864830563	332.21218156054243	86.90691828895146	204.0814691960292	195.04917478085576	119.55979037113168
EX_h2o_e_f	7734909400.0	1.0	7734909400.0	0.0	133.26533620478915	138.53767251256977	33.38710402427094	89.21614081082453	87.55711988459478	46.41187701417132
EX_ump_e_r	125388698.0	0.0	125388698.0	1.0	7.759401210143678e-07	7.659216200527282e-07	3.4005191260670575e-07	2.2517057369628045e-05	2.266346135033278e-05	1.1251529654295232e-05
EX_pi_e_r	0.0	0.0	0.0	1.0	1.2022247513619165e-05	1.204359069914237e-05	3.0524127491951604e-06	0.000394672971422463	0.0004096714229618	6.93060431271504e-05
EX_nh4_e	9999474189.0	1.0	9999474189.0	0.0	78.91122073386066	74.00377039617103	33.04353334478881	13.609493968952979	13.307176976045959	2.540549015224287
EX_o2_e_r	9996962043.0	1.0	9996962043.0	0.0	60.71896757234781	61.00726991000734	6.653354289357288	19.47971282862884	19.558089867384993	1.3934709492040793
EX_arg__L_e_r	570422618.0	0.0	570422618.0	1.0	0.07793122235640504	0.081222545921582	0.01280357298975166	0.17732316173664833	0.18086494071471615	0.05705510214941564
EX_pro__L_e	10000000000.0	1.0	10000000000.0	0.0	4.674226648807056e-06	4.632469454263453e-06	1.4855643248062472e-06	0.0	0.0	0.0
EX_leu__L_e_r	0.0	0.0	0.0	1.0	7.751461756851537e-06	7.739084269613106e-06	1.9759821766073653e-06	0.0002789941735290145	0.00029035210758335	5.116229479526043e-05
EX_ile__L_e_r	0.0	0.0	0.0	1.0	3.910169351224321e-06	3.907419715108641e-06	1.0048461890601989e-06	0.0001279126160360458	0.00013293397418785	2.250459807492967e-05
EX_met__L_e_r	888666145.0	0.0	888666145.0	1.0	0.0028569843064965425	0.00275354424060295	0.001650224730163352	0.016237590021125205	0.01612917159648825	0.009444998969180942
EX_gly_e_r	1322909781.0	0.0	1322909781.0	1.0	0.03226127367985419	0.03343580443248305	0.014781416990397513	0.11477671075219886	0.1173230717171139	0.06383614034024891
EX_phe__L_e_r	0.0	0.0	0.0	1.0	5.231018760791796e-06	5.123145730526844e-06	1.536630067543443e-06	0.00015936494077117353	0.0001650239222685	3.656645864117634e-05
EX_ser__L_e_r	180942229.0	0.0	180942229.0	1.0	0.011226690234843392	0.008522334850607799	0.009735451066982643	0.1490702481943998	0.15684311893724875	0.06553663212653311
EX_ala__L_e_f	8144549700.0	1.0	8144549700.0	0.0	1.1938483689987298	0.901945051204673	1.0512281870407987	0.32339861679651416	0.23253576910119683	0.3087122586761328
EX_ribflv_e					0.0	0.0	0.0	0.0	0.0	0.0
EX_asn__L_e	10000000000.0	1.0	10000000000.0	0.0	0.010875601374922746	0.0110310284660784	0.0009700745231481094	0.0	0.0	0.0
EX_fol_e_r	9980072233.0	1.0	9980072233.0	0.0	0.0013971609268228864	0.00145055172939355	0.0004364143076062964	0.0001629694624233766	0.00016835931750835	4.336487927876365e-05
EX_urea_e	3142613628.0	0.0	3142613628.0	1.0	0.030860886104174652	0.028639322274045	0.01922424865155249	0.06068388640826904	0.05071209129279085	0.04665054526861876
EX_pyr_e	10000000000.0	1.0	10000000000.0	0.0	0.007972189214478415	0.00814771030472875	0.0025165661654746193	0.0	0.0	0.0
PYRt2	10000000000.0	1.0	10000000000.0	0.0	0.007972189214478483	0.00814771030472875	0.0025165661654746123	0.0	0.0	0.0
EX_gudac_e	2866389039.0	0.0	2866389039.0	1.0	0.025016701415348147	0.02243276081818195	0.017210533949664136	0.05671841611032898	0.0461488665073159	0.045187856597804256
EX_hdca_e_f	18411130.0	0.0	18411130.0	1.0	0.32681637904408645	0.2403455591465338	0.3053793352568442	1.9655649819448375	1.9654148833758558	0.16844296589236965
EX_ptrcIN_e	10000000000.0	1.0	10000000000.0	0.0	0.00033678988101049534	0.00034666152722729996	9.955630895666557e-05	0.0	0.0	0.0
EX_ptrcOUT_e	180231306.0	0.0	180231306.0	1.0	0.021098716088506112	0.01785053477237695	0.015715270939904786	0.14597245737564565	0.1506695391778597	0.058829570113394104
EX_biomassx	0.0	0.0	0.0	1.0	1.3668193119444234e-05	1.3658581628467196e-05	3.5124902616077347e-06	0.0004471249660444988	0.00046467737535895	7.86659515060359e-05
EX_gthox_e	5868040707.0	1.0	5868040707.0	0.0	0.5515630701175289	0.4593373871677626	0.42288022451200247	0.3762446217821825	0.3859324801967987	0.1457847117821433
EX_2obut_e	345891129.0	0.0	345891129.0	1.0	0.04963887789009035	0.05133292844077865	0.010776790338328691	0.28405162814383467	0.2911992282526322	0.13387506085151296
EX_crn_e	10000000000.0	1.0	10000000000.0	0.0	1.0167942589413208	1.0507994807454861	0.14419466596261038	-6.441060801990023e-17	-7.359060164033276e-17	1.9410701674997763e-16
EX_val__L_e_r	313565825.0	0.0	313565825.0	1.0	0.06693970234625277	0.06732689890308399	0.019007368901817978	0.2008509667965022	0.20326821880781143	0.06882390528045013
EX_spmd_e	8704388857.0	1.0	8704388857.0	0.0	0.014735376853234252	0.01324258071873425	0.010484558782100613	0.003316767325601945	0.0029608943128672	0.0023999142123002624
EX_sprm_e	9396180058.0	1.0	9396180058.0	0.0	0.01517507892056636	0.013580916806625501	0.010090018825635467	0.0019063410153196366	0.0017937947406598499	0.0012331437728627804
EX_5mthf_e	9980072242.0	1.0	9980072242.0	0.0	0.0013971609294781955	0.0014505517368734	0.00043641430734227504	0.00016296943583595026	0.0001683591691935	4.3364871275368435e-05
EX_tmlys_e_r	10000000000.0	1.0	10000000000.0	0.0	1.016794258941321	1.0507994807454883	0.14419466596261088	0.0	0.0	0.0
EX_thbpt_e_r	106979249.0	0.0	106979249.0	1.0	1.6845873648620051e-06	1.6522153276024052e-06	9.154997351920618e-07	4.33512143315078e-05	4.571948174483024e-05	2.1532948079712746e-05
EX_CE2705_e	106979249.0	0.0	106979249.0	1.0	1.6845873648620051e-06	1.6522153276024052e-06	9.154997351920618e-07	4.33512143315078e-05	4.571948174483024e-05	2.1532948079712746e-05
EX_crtn_e	1402515501.0	0.0	1402515501.0	1.0	0.022048724402249503	0.01868827202806405	0.015519124853487314	0.05976022510248433	0.053534238279518045	0.03367984634490165
EX_his__L_e_r	2387571972.0	0.0	2387571972.0	1.0	0.10301760993690197	0.1080914404326236	0.030034360764248123	0.140903685235183	0.1477748311510628	0.04282239781106276
EX_lys__L_e_r	9102353492.0	1.0	9102353492.0	0.0	0.019022174546589093	0.018174590864939902	0.010727388472003777	0.004577759144112509	0.004825625018886051	0.0019449073960132964
EX_carn_e_r	9995792695.0	1.0	9995792695.0	0.0	12.583958065773226	12.587756588393791	1.0918865000154137	5.106391954028667	4.980733248254177	1.4132119081427357
EX_csn_e_r	9688268301.0	1.0	9688268301.0	0.0	23.35389939255342	20.97011756831916	16.199366805090243	1.2739352890401678	0.9752902326702049	1.1299131132660138
EX_cys__L_e	10000000000.0	1.0	10000000000.0	0.0	0.08596457830782925	0.08719312870133544	0.007667810214327249	0.0	0.0	0.0
EX_cyan_e_r	264040976.0	0.0	264040976.0	1.0	0.06830264728022842	0.0662442877027844	0.03309813994090023	0.21874178606676012	0.21840934581049515	0.07078075088360399
EX_tcyntc	1831438129.0	0.0	1831438129.0	1.0	0.03290789577530803	0.027963701062924798	0.024240945711233027	0.11061861798951088	0.1038527417687504	0.07491676779379432
EX_tcynt_e	1601294894.0	0.0	1601294894.0	1.0	0.035394751504921454	0.029635130653542	0.027070591526826473	0.10812316807725103	0.09846244567573026	0.070029930501321
EX_so3_e	6444959898.0	1.0	6444959898.0	0.0	0.09011847558460286	0.086629339882179	0.04259866299099787	0.06855532441063389	0.07189728376835411	0.027029404580789788
EX_thr__L_e_r	515243620.0	0.0	515243620.0	1.0	0.04678880609471143	0.0484489802754584	0.010659466568099202	0.2680573356219777	0.277576237737334	0.13205374731814865
EX_trp__L_e_r	261696294.0	0.0	261696294.0	1.0	0.0009201933952281773	0.0008234750506	0.0005381212040299786	0.016388813899399758	0.015744321381284	0.009576058022532316
EX_anth_e	184686917.0	0.0	184686917.0	1.0	0.000652696266726081	0.0005651027596586501	0.00047203537923866227	0.016382864486505024	0.015738120375643053	0.009575779041146376
EX_tyr__L_e_r	257422884.0	0.0	257422884.0	1.0	1.520381065176304e-06	1.400151373142522e-06	9.590065002114744e-07	2.8297321832007293e-05	2.540272915562329e-05	1.8404183853391833e-05
EX_cystinex_r	0.0	0.0	0.0	1.0	0.06582776715610973	0.06674618600156745	0.012662259334044256	0.17740574182939356	0.1822630466360442	0.019132979935827153
EX_3hydroxybutanoatex_r	78820303.0	0.0	78820303.0	1.0	7.4752642465028165	7.6574808714270155	2.0560843853483557	11.745561060626873	11.93785224990749	0.6650123906938323
EX_gthrd_e_r	5870862122.0	1.0	5870862122.0	0.0	1.0690066594249839	0.8836539053366119	0.8479999198610141	0.7172383841028693	0.7345285701990415	0.29397614874072553
EX_cmp_e_r	5552965.0	0.0	5552965.0	1.0	2.9633578476636134e-07	2.755279912718921e-07	1.9095126428967122e-07	1.1476245141236024e-05	1.1045105569721161e-05	5.53605860801979e-06
HEX1	6823316866.0	1.0	6823316866.0	0.0	10.630040247513438	8.683194237867681	8.57900224973145	5.341874027174906	4.671684845104283	2.439720135076144
G6PP	8317925573.0	1.0	8317925573.0	0.0	10.527424442246694	8.581455326362278	8.578822240689234	2.654405440438145	1.9736909251355577	2.427825600419923
PGI	582155876.0	0.0	582155876.0	1.0	0.04973718101775823	0.04807144741924755	0.02861420009344949	0.6910334392044681	0.5254142950891918	0.6035041376308872
PFK	8011475691.0	1.0	8011475691.0	0.0	13.685580734376064	10.428230692405272	12.089615411077645	3.718523960401231	2.9615663328592348	2.7617573513165334
FBP	8438080776.0	1.0	8438080776.0	0.0	13.664112315968918	10.406948344791818	12.088063619454129	2.8739864540929405	2.0768504859203856	2.671876371071583
FBA	170612965.0	0.0	170612965.0	1.0	0.02146841840651242	0.019174813816494253	0.014852979142050712	0.8445375063081834	0.7226862108646177	0.6036315872000887
TPI	0.0	0.0	0.0	1.0	0.05492873038001312	0.05465317129030965	0.017232168990831357	2.0171099538308517	1.9899508366307457	0.2614601973292691
GAPD	0.0	0.0	0.0	1.0	0.11245323544262177	0.1133594131733093	0.0369676365655998	4.697258164938	4.7510603580285355	0.43802532384394627
PGK	69420762.0	0.0	69420762.0	1.0	0.06369127202456677	0.06035471303284965	0.03977310073323811	3.05633885056869	3.298607483553039	1.356180482284974
DPGM	258591313.0	0.0	258591313.0	1.0	0.048761963416296183	0.0419830319895189	0.03612861448791867	1.640919314369557	1.3178358380216957	1.291202673754153
DPGase	258591313.0	0.0	258591313.0	1.0	0.04876196341629823	0.041983031989522454	0.03612861448791875	1.6409193143695913	1.3178358380217217	1.291202673754152
PGM_f	0.0	0.0	0.0	1.0	0.4379762593465147	0.44173001559716774	0.11451315673906849	7.050912456913339	7.225698890908379	1.219215859507771
ENO_f	0.0	0.0	0.0	1.0	0.485686949886177	0.500792049532637	0.15590247076712976	6.278371645120301	6.414491148802627	0.766548943401886
PYK	9999950825.0	1.0	9999950825.0	0.0	36.49128346780997	34.578832330296976	12.532201554945287	4.440573551185314	4.486875802513131	0.4930447075330629
LDH_L	0.0	0.0	0.0	1.0	0.07203139409355869	0.07405642998849915	0.007882333749104974	4.541234818512173	4.634529840572065	0.37199893086200136
r0407	114447476.0	0.0	114447476.0	1.0	0.0334603119735099	0.03165056993141475	0.01931294134910288	1.172572447502083	1.2482269925534981	0.5688605315918132
PRPPS	9923235331.0	1.0	9923235331.0	0.0	0.045087538801298635	0.043329051892201056	0.019415378470888273	0.007197329447827037	0.00753541956747095	0.0019694244728054562
G6PDH2r	45330676.0	0.0	45330676.0	1.0	0.05287486284635187	0.0523693116042155	0.029337342469480044	1.996312101427621	2.116591832832261	0.6211217203484534
PGL	45330676.0	0.0	45330676.0	1.0	0.052874862842063206	0.0523693116076219	0.029337342469561174	1.9963121014276812	2.116591832832329	0.6211217203484792
GND	45330676.0	0.0	45330676.0	1.0	0.052874862842063206	0.0523693116076219	0.02933734246956117	1.9963121014276761	2.11659183283234	0.6211217203484882
RPI	111379181.0	0.0	111379181.0	1.0	0.04768331348243714	0.047243748780918554	0.016060563231177587	0.6702355867584042	0.7102025871182209	0.2070977573782545
TKT2_f	164180996.0	0.0	164180996.0	1.0	0.1118265332776763	0.1108834197020857	0.05064583811911214	0.7240174629973625	0.7655097461228029	0.21153785595234553
RPE_f	36745871.0	0.0	36745871.0	1.0	0.14411751204034767	0.1405918220916818	0.056687505739267306	1.5601640643905594	1.6493892544290207	0.4506791303929335
TKT1_f	77679495.0	0.0	77679495.0	1.0	0.11204495070459489	0.1079777117108245	0.047236802219908135	0.7218762521931311	0.7608346393593685	0.2005431473137254
TALA_f	141523033.0	0.0	141523033.0	1.0	0.13808974849043093	0.13414081504213465	0.0679679532238581	1.6444739030536637	1.7514340447235792	0.6947049926809532
r0408	114447476.0	0.0	114447476.0	1.0	0.03346031197350983	0.03165056993141475	0.01931294134910285	1.1725724475020693	1.2482269925534775	0.5688605315918176
PDHm	9998242329.0	1.0	9998242329.0	0.0	8.24434222259691	8.266771094141244	1.8638614824327855	1.7222826302497385	1.6702450481845332	0.5503624378145254
PCm	9999502564.0	1.0	9999502564.0	0.0	88.22401805483291	89.65021027922913	17.437374834580194	7.741987694241806	6.9404687919268575	4.784682052106525
PEPCK_re	10000000000.0	1.0	10000000000.0	0.0	37.86032342409301	35.91280938141544	12.58487763112951	0.0	0.0	0.0
CSm	2622946599.0	0.0	2622946599.0	1.0	23.23343275215018	23.446385432736726	3.829037234252762	26.04068522097249	26.252953316796457	1.7404751122585074
ACONTm_f	4861701919.0	4.446538071285706e-27	4861701919.0	1.0	22.320099352155317	22.386487671244197	10.303723074469971	22.666622236480798	23.219874225262977	9.631636668387069
ICDHxm	7874111280.0	1.0	7874111280.0	0.0	32.33290711912029	27.20818752760038	24.310551412916713	11.614514263012309	8.39277558738845	10.766829281803467
ICDHym_f	9026482956.0	1.0	9026482956.0	0.0	118.85373609378617	121.46651811305436	44.0317797360257	49.99106208333095	51.66529166908933	25.111401495824108
AKGDm	9995892262.0	1.0	9995892262.0	0.0	28.960680729059316	28.847457652213958	3.987140510758551	11.375513481827944	11.548012971126816	0.6832305766554607
SUCOAS1m_f	9988286353.0	1.0	9988286353.0	0.0	29.020906120644444	29.071150417974305	4.194696398903174	10.807862537617092	11.48452900815482	4.644061270002419
SUCD1m	9996241330.0	1.0	9996241330.0	0.0	31.061204676906844	30.960590965936888	3.9974493883876834	11.576241857017065	11.746616766557661	0.6755586033274888
FUMm_f	4815680436.0	1.515678594973896e-46	4815680436.0	1.0	83.30366422785445	80.56270876746936	46.65625554191574	84.34983509234289	88.42891406300666	35.788094825008166
MDHm_f	2619210465.0	0.0	2619210465.0	1.0	338.59007509948856	340.4134209854269	106.11064113894548	499.14118232707216	497.15595061856226	214.0346856562344
ME1m	8617673518.0	1.0	8617673518.0	0.0	15.562518554111263	12.465652280682676	12.825799003943587	2.9619144829485506	2.1513564727786187	2.76053747975607
ME2m	8949357530.0	1.0	8949357530.0	0.0	18.244992608646932	16.33016046465066	12.07341953703834	3.5991007803837616	2.416930353623847	3.4226337934161233
ME2	9422875532.0	1.0	9422875532.0	0.0	24.763346717387527	22.945469979581397	16.4054654037091	2.6474891235701317	2.0023313065232724	2.4260958783635673
ACITL	15137624.0	0.0	15137624.0	1.0	2.613779280435715	1.9220045094656943	2.4430593017135833	16.54420228858923	16.52795142238847	1.5343480251228943
FUM_f	9892435841.0	1.0	9892435841.0	0.0	96.66534655644485	96.4549731681079	22.342747163245296	31.720033424922438	29.079136502052968	18.505165379953652
MDH_f	2368503419.0	0.0	2368503419.0	1.0	79.42804834243604	77.46255833362903	43.12823646334673	142.56487255131393	148.76982936559767	72.12266163001033
AKGMALtm_f	3829545379.0	0.0	3829545379.0	1.0	251.60680239339536	254.85830625552347	114.79939118899779	299.6232577424711	298.2609862167816	106.20710201124585
ACONT	6076820456.0	1.0	6076820456.0	0.0	56.71648513517787	52.851023514752825	31.657017408420657	43.93045992314845	43.49967582306218	7.26910869873562
ICDHyr	6076820456.0	1.0	6076820456.0	0.0	56.716485135177	52.851023514756506	31.657017408419787	43.93045992314658	43.499675823060045	7.269108698735529
PPA	9869596237.0	1.0	9869596237.0	0.0	23.854837207946048	23.22568287744202	8.21492512425368	6.692078403903864	6.411074983091751	2.54184574980682
Complex1ROS	9926224650.0	1.0	9926224650.0	0.0	63.58946500505174	64.45565814986286	15.414446531822474	23.522564680759274	23.860261555754562	3.4828844809424786
FADH2ETC	9991164604.0	1.0	9991164604.0	0.0	53.45345388340568	49.2597287656837	18.83725991732139	15.200485938936875	14.539980615702943	3.0116447404765894
CYOR_u10mi	9996732671.0	1.0	9996732671.0	0.0	113.86344610016944	114.26427891329402	13.219483894289631	37.54693981843462	37.70156956715144	2.6950501125827393
CYOOm2i	9996732671.0	1.0	9996732671.0	0.0	56.93172305008493	57.132139456647394	6.609741947144819	18.7734699092174	18.850784783575833	1.347525056291386
ATPS4mi	9995310887.0	1.0	9995310887.0	0.0	178.31289471066185	182.37022808858973	18.30713989365559	63.005235070053175	62.954843741109435	7.103669955905789
GLUCYS	4890693109.0	1.2605471209634589e-17	4890693109.0	1.0	0.03411948081027273	0.02600392427531265	0.029272665813979724	0.035250859461305455	0.0275255945823642	0.0294386359764166
GTHS	4890693109.0	1.2605471209634589e-17	4890693109.0	1.0	0.034119480810272725	0.02600392427531265	0.029272665813979727	0.03525085946130702	0.02752559458236615	0.029438635976418295
SPODMm	9926224650.0	1.0	9926224650.0	0.0	1.58973662512627	1.6113914537465956	0.3853611632955678	0.5880641170189848	0.596506538893843	0.08707211202356151
GTHPi	5137074854.0	1.0	5137074854.0	1.2321997090659572e-26	0.027253929939447634	0.02593006030944995	0.016282725561859293	0.025966961904405447	0.02523928737626975	0.014777611493291888
GTHPm	9926224650.0	1.0	9926224650.0	0.0	1.589736625126269	1.6113914537465974	0.3853611632955673	0.5880641170189788	0.5965065388938339	0.08707211202356116
GDR	2684468885.0	0.0	2684468885.0	1.0	0.02651001238615241	0.02289070018046455	0.019236239490947413	0.05419641269762815	0.04882785044733055	0.03621135405140641
GTHOr	2669558494.0	0.0	2669558494.0	1.0	0.025135666063749576	0.0224083811363602	0.01711889158767501	0.05223634717909466	0.0483533181741221	0.03550198804415888
GDRm	8704186407.0	1.0	8704186407.0	0.0	0.4566187327581822	0.3978858011795079	0.33072524429865	0.09984852174007212	0.0769615869303315	0.08286310892999667
GTHOm	8959099443.0	1.0	8959099443.0	0.0	0.5815548222506651	0.5287279396284329	0.3878771778566049	0.1119709734967393	0.08868551876366175	0.09018102726877048
r0885	5868040707.0	1.0	5868040707.0	0.0	1.103126140235468	0.9186747743363866	0.8457604490239854	0.7524892435641966	0.7718649603936782	0.2915694235643884
PYRt2m_f	9497366066.0	1.0	9497366066.0	0.0	79.0650659359329	79.1070207145438	18.926313140347606	36.00677503360548	35.80272041415432	17.88948442329894
HMR_4964	4462210196.0	0.0	4462210196.0	1.0	59.33026441561066	55.44851318356568	31.56279411010302	60.47466221173453	60.25162349695165	8.090241453672324
r2420	5370628828.0	1.0	5370628828.0	1.4850227717554856e-181	55.31862224872707	56.17531617354637	21.261695837989553	53.91573371323958	53.918456231505374	7.780680757210522
ATPtm	9821840255.0	1.0	9821840255.0	0.0	90.06784543352438	92.34544208577799	12.901723507682352	55.20676974174436	54.97954636564276	6.831425042345555
FUMtm_f	3359405424.0	0.0	3359405424.0	1.0	30.70843177220165	29.55453513840012	16.47871603049195	42.757543894784405	41.771390261599365	21.4558455781998
CO2tm_f	5005159459.0	0.6552924753386703	5005159459.0	0.34470755319134466	158.6815820820961	155.45725647400008	65.85280079188676	154.8163303423031	162.29508036634977	68.37303647944418
O2tm	9996716266.0	1.0	9996716266.0	0.0	58.521459675212924	58.796784280397446	6.6550115967981425	19.361534026236974	19.439124567497092	1.3941600296089125
r0801_f	9952153271.0	1.0	9952153271.0	0.0	29.301797802575702	29.366069279020923	5.080976457747591	11.524907678523943	11.620689775429849	5.003733495823485
THD1m	6671636784.0	1.0	6671636784.0	0.0	72.20746602146923	70.79003044150986	34.00679987698892	54.276195455451514	51.98239048951339	17.194942983088637
H2Otm_f	7772207017.0	1.0	7772207017.0	0.0	39.00467100543969	39.17066775566707	16.30189923254555	22.046480539931366	20.107177135266546	14.07730202424398
NH4tm_f	5399670952.0	1.0	5399670952.0	9.821971327007075e-211	100.941531565236	102.22064288106336	42.63429882268262	95.03335291791511	94.88230216649782	41.788168485765624
HCO3E	15137784.0	0.0	15137784.0	1.0	2.287056166215383	1.6817529185979199	2.1376769028608837	14.476143267433685	14.461951020427371	1.3425543235924624
HCO3Em	9999498957.0	1.0	9999498957.0	0.0	88.24477740179258	89.6726914646077	17.437030185670302	7.798398089652362	6.997151099102623	4.78466028943071
GLUN	7452898427.0	1.0	7452898427.0	0.0	9.468646488609703	7.246868381672264	8.173827881840207	3.5247914363159105	2.610085583714449	3.102738574553836
GLNS	9136400902.0	1.0	9136400902.0	0.0	14.450903573226412	12.800321684011841	8.69548416773154	3.6808166343753266	2.8823897437217756	3.105714530287849
GLUt2m	8851074428.0	1.0	8851074428.0	0.0	1.6721415003796893	1.344613062408683	1.3823857657175076	0.2693642221857729	0.17363052576098165	0.29650088823045645
GLNtm_1	8520726975.0	1.0	8520726975.0	0.0	1.2929948721100695	0.9646131863610088	1.1679023547135028	0.2563326540714018	0.1808071388671141	0.26186806997618006
GLUNm	8520726975.0	1.0	8520726975.0	0.0	1.2929948721100692	0.9646131863610095	1.1679023547135028	0.2563326540713966	0.18080713886711713	0.2618680699761807
GLUPRT	0.0	0.0	0.0	1.0	1.5421395924922878e-06	1.5410563707946735e-06	3.962982148261193e-07	5.0447316127005324e-05	5.242767519118403e-05	8.875564705841739e-06
PRAGSr	0.0	0.0	0.0	1.0	1.5421396054032904e-06	1.5410564132807907e-06	3.962982155873471e-07	5.044731612700754e-05	5.24276751911539e-05	8.875564705855816e-06
GARFT	0.0	0.0	0.0	1.0	1.5421396054530851e-06	1.5410564132908899e-06	3.9629821561105317e-07	5.0447316122793666e-05	5.242767518580698e-05	8.875564705296117e-06
PRFGS	0.0	0.0	0.0	1.0	1.5421396054530845e-06	1.5410564132908916e-06	3.9629821561105344e-07	5.044731612273805e-05	5.242767518613104e-05	8.87556470523329e-06
PRAIS	0.0	0.0	0.0	1.0	1.5421396054530851e-06	1.5410564132908911e-06	3.9629821561105317e-07	5.0447316122969076e-05	5.242767518590583e-05	8.875564705316605e-06
AIRCr	0.0	0.0	0.0	1.0	1.5421396054530862e-06	1.5410564132908903e-06	3.96298215611053e-07	5.044731612296913e-05	5.2427675185905976e-05	8.875564705316632e-06
PRASCSi	0.0	0.0	0.0	1.0	1.5421396054530856e-06	1.5410564132908899e-06	3.9629821561105317e-07	5.044731612297484e-05	5.2427675186149644e-05	8.875564705291896e-06
ADSL2r	0.0	0.0	0.0	1.0	1.5421396054530845e-06	1.5410564132908907e-06	3.962982156110531e-07	5.044731612302723e-05	5.242767518507209e-05	8.875564705494386e-06
AICART	0.0	0.0	0.0	1.0	1.5421396054530856e-06	1.5410564132908865e-06	3.96298215611053e-07	5.0447316124195025e-05	5.242767518623486e-05	8.875564705772079e-06
IMPC	0.0	0.0	0.0	1.0	1.5421396054530851e-06	1.5410564132908895e-06	3.962982156110533e-07	5.044731612419544e-05	5.242767518623658e-05	8.87556470577189e-06
ADSS	0.0	0.0	0.0	1.0	9.13197692971893e-07	9.125543585844451e-07	2.3467097739892946e-07	2.9872860813315673e-05	3.104554576182386e-05	5.255750947811879e-06
ADSL1r	0.0	0.0	0.0	1.0	9.131976930030333e-07	9.125543586259133e-07	2.3467097739373156e-07	2.9872860813288006e-05	3.104554576135695e-05	5.255750947846409e-06
IMPDH2	0.0	0.0	0.0	1.0	6.289419118276478e-07	6.284996427167497e-07	1.616272382143416e-07	2.057445531030275e-05	2.1382129424292426e-05	3.619813757711149e-06
GMPS	74960545.0	0.0	74960545.0	1.0	7.938125272598166e-08	7.16393354882544e-08	7.886600442842761e-08	5.8917527067890885e-06	5.4386470103113015e-06	3.825556341713907e-06
GMPS2	26939472.0	0.0	26939472.0	1.0	5.495606603764409e-07	5.48100355907726e-07	1.708838667035025e-07	1.4682702603599747e-05	1.5225083850446362e-05	4.727278253574932e-06
GK1	0.0	0.0	0.0	1.0	6.289419117692173e-07	6.284996425779915e-07	1.616272381906173e-07	2.0574455310389302e-05	2.1382129424471194e-05	3.619813757707808e-06
RNDR2	0.0	0.0	0.0	1.0	1.352877754954464e-07	1.3519264095673947e-07	3.476662860952983e-08	4.425642913908854e-06	4.599376661303053e-06	7.786355880067145e-07
ADK1	9869597494.0	1.0	9869597494.0	0.0	23.854836448054137	23.22568222131943	8.214925124352693	6.6920535459908335	6.411055168292176	2.541845598861904
RNDR1	0.0	0.0	0.0	1.0	1.8018778989451386e-07	1.8006108161006642e-07	4.630515911862778e-08	5.894448427365049e-06	6.125841839356879e-06	1.0370532387041963e-06
CBPS	130371124.0	0.0	130371124.0	1.0	4.619684838831422e-07	4.39765014033905e-07	2.7904636451347486e-07	1.7432775459185904e-05	1.553559697750759e-05	1.197713828821671e-05
ASPCT	130371124.0	0.0	130371124.0	1.0	4.6196848398598405e-07	4.3976501366697814e-07	2.7904636454749435e-07	1.7432775459191033e-05	1.5535596977519e-05	1.1977138288217514e-05
DHORTS	130371124.0	0.0	130371124.0	1.0	4.6196848389108295e-07	4.3976501404189117e-07	2.790463645154985e-07	1.7432775459190982e-05	1.5535596977518905e-05	1.1977138288217524e-05
DHORD9	130371124.0	0.0	130371124.0	1.0	4.619684840431589e-07	4.3976501339855985e-07	2.7904636456747173e-07	1.7432775459191006e-05	1.5535596977518935e-05	1.1977138288217512e-05
ORPT	130371124.0	0.0	130371124.0	1.0	4.6196848404842504e-07	4.397650134038762e-07	2.7904636456880374e-07	1.7432775459190976e-05	1.5535596977518945e-05	1.1977138288217527e-05
OMPDC	130371124.0	0.0	130371124.0	1.0	4.619684840419158e-07	4.397650133973177e-07	2.790463645671568e-07	1.7432775459190955e-05	1.553559697751893e-05	1.1977138288217526e-05
UMPK	0.0	0.0	0.0	1.0	1.2379086050633193e-06	1.2549787953992938e-06	3.339958404729935e-07	3.994983282837339e-05	4.049018317754695e-05	9.151095188753783e-06
RNDR4	0.0	0.0	0.0	1.0	1.505381151953665e-07	1.5094718964235536e-07	4.4142311095606166e-08	5.853312930489053e-06	6.0830915208240334e-06	1.0298159711654928e-06
TMDS	0.0	0.0	0.0	1.0	1.5053811519217593e-07	1.509471896523929e-07	4.4142311095416557e-08	5.853312930489052e-06	6.083091520824037e-06	1.0298159711654942e-06
URIDK2r	0.0	0.0	0.0	1.0	1.5053811519102963e-07	1.5094718965216103e-07	4.414231109546819e-08	5.853312930489042e-06	6.083091520824035e-06	1.0298159711654853e-06
NDPK2	0.0	0.0	0.0	1.0	1.0873704898698327e-06	1.0999844617772068e-06	3.0485735103284467e-07	3.4096519897885044e-05	3.4384489468923375e-05	8.333205145127673e-06
NDPK3_f	3801867735.0	0.0	3801867735.0	1.0	1.6131559740170203e-06	1.5322916907299127e-06	7.722794294718318e-07	2.2961433945488545e-06	2.1233611948592483e-06	1.4739290041070056e-06
CYTK1_r	5740891.0	0.0	5740891.0	1.0	3.0574642564223134e-07	2.837499610476564e-07	1.8888815672245706e-07	1.1476245141236024e-05	1.1045105569721181e-05	5.536058608019773e-06
CTPS1	160686588.0	0.0	160686588.0	1.0	3.568602404049897e-07	3.490532018149045e-07	1.7591691656132756e-07	1.0199478962669437e-05	9.984898272621238e-06	5.750302117110957e-06
RNDR3	0.0	0.0	0.0	1.0	1.2905507943428092e-07	1.28964327737091e-07	3.3164933050017595e-08	4.221753929392459e-06	4.3874837781391855e-06	7.427639141199823e-07
GDHm	7342281599.0	1.0	7342281599.0	0.0	24.490774262511213	21.799525731535624	16.838506925143122	12.431152824207432	8.624780738422194	12.48723301816033
GLUDym_f	3920814398.0	0.0	3920814398.0	1.0	95.12037871012025	93.77053204856949	41.445698318498	110.89455920917638	114.80266724524958	46.70575089372997
ASPTA_f	5552768272.0	1.0	5552768272.0	0.0	124.57769752705792	120.40567848615078	49.962420706671146	114.16124729440673	109.63816820387221	54.56852299519521
ASPTAm	9917800010.0	1.0	9917800010.0	0.0	83.90025299222758	79.98345085427054	40.45101111614445	6.413467146603656	4.88454274400382	5.6117647841733165
ASPGLUm	9917612285.0	1.0	9917612285.0	0.0	83.8566438141888	79.94184340854405	40.448378981699754	6.380459964549566	4.847341182434649	5.615909731197814
ASPT	8643164355.0	1.0	8643164355.0	0.0	1.4598281163400733	1.1223044121538415	1.3008769430166318	0.2608969850120528	0.1846100475241017	0.24936818773734615
CBPSam					0.0	0.0	0.0	0.0	0.0	0.0
OCBTm					0.0	0.0	0.0	0.0	0.0	0.0
ORNt4m					0.0	0.0	0.0	0.0	0.0	0.0
ARGSS	8577014767.0	1.0	8577014767.0	0.0	1.213739141051609	0.8902272375938758	1.1511096164285495	0.2144629286421336	0.1553154458786038	0.19983139996381433
ARGSL	8577014767.0	1.0	8577014767.0	0.0	1.2137391410515488	0.8902272375937883	1.1511096164285493	0.2144629286423158	0.15531544587886426	0.19983139996381155
ARGN	3142613628.0	0.0	3142613628.0	1.0	0.030860886104174635	0.028639322274045	0.0192242486515525	0.060683886408269515	0.050712091292791	0.04665054526861875
ORNDC	573348058.0	0.0	573348058.0	1.0	0.07792631192410632	0.08121716763211985	0.012803396853184	0.17716252762100612	0.18070711592618577	0.05705239145458132
SPMS	9898197037.0	1.0	9898197037.0	0.0	0.02991045577380106	0.02927321805513565	0.0119008842216252	0.005223108340921573	0.00513232280747195	0.001814707357295514
SPRMS	9396180058.0	1.0	9396180058.0	0.0	0.015175078920566359	0.01358091680662545	0.010090018825635469	0.0019063410153189505	0.0017937947406589999	0.0012331437728625569
ADMDC	9924670785.0	1.0	9924670785.0	0.0	0.04508553469436694	0.0433276012042842	0.01941527948449508	0.007129449356241404	0.007465230469398549	0.0019667293885904124
MTAP	9924670785.0	1.0	9924670785.0	0.0	0.045085534694366054	0.043327601204284	0.019415279484495528	0.007129449356240201	0.0074652304693982995	0.001966729388590355
ADPT	9924670785.0	1.0	9924670785.0	0.0	0.04508553469436604	0.043327601204283944	0.019415279484495528	0.007129449356241334	0.0074652304693984	0.001966729388590412
MTRI	9924670785.0	1.0	9924670785.0	0.0	0.045085534694366054	0.043327601204283944	0.019415279484495535	0.007129449356241345	0.0074652304693984	0.001966729388590423
MDRPD	9924670785.0	1.0	9924670785.0	0.0	0.045085534694366054	0.043327601204283944	0.019415279484495528	0.007129449356241409	0.0074652304693985	0.0019667293885904068
DKMPPD	9924670785.0	1.0	9924670785.0	0.0	0.04508553469436607	0.043327601204283944	0.019415279484495538	0.007129449356241386	0.0074652304693984	0.0019667293885904076
SPMDtex2	8704388857.0	1.0	8704388857.0	0.0	0.014735376853234252	0.01324258071873425	0.010484558782100613	0.003316767325601927	0.0029608943128672	0.002399914212300251
SPRMti	9396180058.0	1.0	9396180058.0	0.0	0.01517507892056638	0.01358091680662545	0.010090018825635465	0.0019063410153196403	0.0017937947406599	0.0012331437728627828
GLYAMDTRc	898959438.0	0.0	898959438.0	1.0	0.04706542581717656	0.04733879762040785	0.01973765396164786	0.11647864121265494	0.11309529383784514	0.049024820250121275
ARGDr	8577014767.0	1.0	8577014767.0	0.0	1.213739141051546	0.8902272375938124	1.1511096164285446	0.21446292864274513	0.1553154458794811	0.19983139996381022
r0074_f	286621838.0	0.0	286621838.0	1.0	9.215269315780406e-05	9.321938660138165e-05	2.9967756321627847e-05	0.00018443186111999168	0.00019167199907795	3.244844770114261e-05
GLU5SAtmc_f	286621838.0	0.0	286621838.0	1.0	9.215269315780406e-05	9.321938660138165e-05	2.9967756321627847e-05	0.0001844318611199919	0.00019167199907795	3.244844770114293e-05
G5SADs_f	286621838.0	0.0	286621838.0	1.0	9.215269315780052e-05	9.321938660138075e-05	2.9967756321627227e-05	0.000184431861119992	0.00019167199907795	3.244844770114294e-05
PRO1x	10604137.0	0.0	10604137.0	1.0	5.649474076401624e-07	5.06814729770865e-07	3.7628840273835885e-07	0.00011033469975234808	0.0001138999349174	4.5416255495769276e-05
P5CR	9394518.0	0.0	9394518.0	1.0	3.987369142381772e-07	3.36781702747808e-07	3.066024195587929e-07	7.409719474152284e-05	7.139392909378989e-05	3.85423334176221e-05
PROD2					0.0	0.0	0.0	0.0	0.0	0.0
EXRiboflavin					0.0	0.0	0.0	0.0	0.0	0.0
RBFK					0.0	0.0	0.0	0.0	0.0	0.0
FMNAT					0.0	0.0	0.0	0.0	0.0	0.0
TransportFAD					0.0	0.0	0.0	0.0	0.0	0.0
ASNS1	8197008209.0	1.0	8197008209.0	0.0	3.86832185238885	3.181906438978597	3.033263658895316	1.0752645295438887	0.7883331643178646	0.992347031937791
ASNN	8215205872.0	1.0	8215205872.0	0.0	3.8791936345287312	3.1924885722235157	3.0332331668664563	1.0751395916494129	0.7882120401608843	0.9923465999808019
METS	7999523406.0	1.0	7999523406.0	0.0	3.8874893281304463	2.977235365609927	3.483591806267534	1.0869552660637245	0.7913858122160484	1.0162365466216847
METAT	8043248046.0	1.0	8043248046.0	0.0	3.935429755651646	3.0261702551512117	3.484367160644348	1.1102538872730745	0.8144537914678912	1.0161138821130176
HMR_3915	8048494918.0	1.0	8048494918.0	0.0	3.868295496555036	2.959473749973281	3.4811604688786018	1.0433642128143505	0.746761758044413	1.0163556477441382
AHCi	7974829253.0	1.0	7974829253.0	0.0	3.8903442209573074	2.9800724509014467	3.483700419784362	1.10312443792162	0.8072514461125506	1.0162247663887567
ADNK1	7974829253.0	1.0	7974829253.0	0.0	3.890344220957309	2.9800724509014422	3.483700419784363	1.1031244379216059	0.8072514461125065	1.0162247663887567
CYSTS	908704605.0	0.0	908704605.0	1.0	0.002854892826908666	0.00275124364808025	0.0016502363335526905	0.01616917185846428	0.01605943380006395	0.009444746614862063
CYSTGL	908704605.0	0.0	908704605.0	1.0	0.002854892826912235	0.0027512436480604	0.001650236333552527	0.01616917185846429	0.0160594338000635	0.009444746614862111
MTHFR3	2812151036.0	0.0	2812151036.0	1.0	0.020590992504810734	0.01721677151698	0.015432870966973466	0.04375402267985596	0.036339517638835056	0.032971245297184884
MetSynthesis	8903836671.0	1.0	8903836671.0	0.0	0.026391447383349274	0.02262140912825385	0.019169536558074986	0.00496463604858686	0.00500951845991085	0.002320664828958683
UNK3	9141335229.0	1.0	9141335229.0	0.0	0.01869408731100611	0.0154140306035245	0.014723192654726509	0.0021648133076724195	0.0018498169466996499	0.001663685760722745
5MTHFt	9980072242.0	1.0	9980072242.0	0.0	0.0013971609294781931	0.0014505517368734	0.0004364143073422753	0.00016296943583474558	0.0001683591691925	4.3364871275512234e-05
ILETA					0.0	0.0	0.0	0.0	0.0	0.0
3MOPt2im					0.0	0.0	0.0	0.0	0.0	0.0
ILETAm					0.0	0.0	0.0	0.0	0.0	0.0
LEUTA	4921682.0	0.0	4921682.0	1.0	-2.39584384701811e-09	-3.0883913722263368e-09	1.3974078843643432e-08	3.6448200758043907e-06	3.828491425038305e-06	1.99716543280643e-06
4MOPt2im	4921665.0	0.0	4921665.0	1.0	-2.395843847018094e-09	-3.0883913722263265e-09	1.3974078843643436e-08	3.644820108587154e-06	3.828491499319117e-06	1.9971654412889225e-06
LEUTAm	34612438.0	0.0	34612438.0	1.0	2.9725685338212586e-07	2.405356782967963e-07	2.4219096617776335e-07	3.142301097746304e-05	3.30991232912851e-05	1.4588064979115475e-05
OIVD1m	1494963.0	0.0	1494963.0	1.0	2.9486100953511014e-07	2.362338078781932e-07	2.448537226241032e-07	3.50678310747195e-05	3.714506627964591e-05	1.534298483346393e-05
ACOAD8m	1494963.0	0.0	1494963.0	1.0	2.9486100953511014e-07	2.36233807878193e-07	2.448537226241034e-07	3.506783105542209e-05	3.714506626308996e-05	1.534298483136657e-05
MCCCrm	1494963.0	0.0	1494963.0	1.0	2.948610095351101e-07	2.3623380787819313e-07	2.448537226241031e-07	3.5067831055422146e-05	3.714506626309002e-05	1.5342984831366587e-05
MGCHrm	1494963.0	0.0	1494963.0	1.0	2.948610095351102e-07	2.3623380787819305e-07	2.4485372262410306e-07	3.5067831055422546e-05	3.7145066263090444e-05	1.5342984831366614e-05
HMGCOAtm	4511227.0	0.0	4511227.0	1.0	5.47124226907759e-07	4.6428788121514163e-07	3.6522698972818166e-07	3.506783105542218e-05	3.714506626308999e-05	1.5342984831366573e-05
VALTA	8605011.0	0.0	8605011.0	1.0	7.467401010667415e-05	7.597786255843214e-05	3.662403701583415e-05	0.01395486290617942	0.015016881643245699	0.005871336061664956
3MOBt2im	8605011.0	0.0	8605011.0	1.0	7.467401010667415e-05	7.597786255843214e-05	3.662403701583415e-05	0.013954862897664323	0.0150168816576105	0.005871336059302587
VALTAim	549254493.0	0.0	549254493.0	1.0	0.06686020883557839	0.06724433411745101	0.01900857241158078	0.18673844445612076	0.18970863794049164	0.06885849672478184
OIVD2m	315499529.0	0.0	315499529.0	1.0	0.06693488284567953	0.06732206550183276	0.01900727614083124	0.20069330735378804	0.20310258039985296	0.06882444417344423
ACOAD9m	315499529.0	0.0	315499529.0	1.0	0.06693488284567972	0.0673220655018328	0.019007276140831288	0.20069330735379293	0.2031025803998323	0.06882444417343964
ECOAH12m	315499529.0	0.0	315499529.0	1.0	0.06693488284567978	0.0673220655018328	0.019007276140831274	0.2006933073538074	0.20310258039986068	0.06882444417344538
3HBCOAHLm	315499529.0	0.0	315499529.0	1.0	0.06693488284567974	0.06732206550183276	0.019007276140831274	0.20069330735380791	0.2031025803998605	0.06882444417344571
HIBDm	315499529.0	0.0	315499529.0	1.0	0.06693488284567972	0.0673220655018328	0.01900727614083128	0.20069330735380725	0.20310258039986	0.06882444417344516
r0643	2699618329.0	0.0	2699618329.0	1.0	0.0232493502278938	0.0198649407680084	0.017037561869767227	0.05092237230564482	0.04318169667774645	0.0384782104664022
MMSAD1m	2013742201.0	0.0	2013742201.0	1.0	0.020758504976267786	0.0176267334107302	0.01505773326482693	0.056340259732071636	0.05173775935156775	0.0366777555913439
MMTSADm	1429357653.0	0.0	1429357653.0	1.0	0.02292702764152246	0.01964386210969695	0.017184079694635607	0.09343067533951958	0.0844079622267167	0.06413436398971653
PCC	2010615740.0	0.0	2010615740.0	1.0	0.020759052100495015	0.01762706843835605	0.015057728927120826	0.05637532757958164	0.051772803059546	0.03668088043311246
MMALH	2699618329.0	0.0	2699618329.0	1.0	0.02324935022789469	0.01986494076800955	0.017037561869767126	0.0509223723056445	0.0431816966777456	0.03847821046640217
MMEm	1479342001.0	0.0	1479342001.0	1.0	0.044008402328387784	0.04334970099614885	0.019042726727596215	0.1072976998852293	0.1031844229012671	0.054853981260706175
MMMm	314994456.0	0.0	314994456.0	1.0	0.06693542996991148	0.067322255208901	0.019007279373738275	0.20072837522476572	0.20314137518724573	0.06882099661017509
ILEtmi					0.0	0.0	0.0	0.0	0.0	0.0
LEUt5m	34612438.0	0.0	34612438.0	1.0	2.972568534627549e-07	2.4053567831240703e-07	2.421909661351126e-07	3.142301097746291e-05	3.30991232912849e-05	1.4588064979115442e-05
VALt5m	549254493.0	0.0	549254493.0	1.0	0.06686020883557833	0.0672443341174502	0.01900857241158085	0.18673844449741922	0.18970863789821685	0.06885849676931972
PGCD	8655139545.0	1.0	8655139545.0	0.0	1.4814931917200065	1.114942349199394	1.314438511153366	0.2566846137863467	0.1841602574875611	0.24353323699474452
PSERT	8655139545.0	1.0	8655139545.0	0.0	1.4814931917199985	1.1149423491993977	1.3144385111533676	0.2566846137863486	0.18416025748756404	0.2435332369947444
PSP_L	8655139545.0	1.0	8655139545.0	0.0	1.4814931917206262	1.114942349199293	1.3144385111534043	0.25668461378610713	0.1841602574872171	0.24353323699473906
GHMT2r_f	3711561715.0	0.0	3711561715.0	1.0	47.42487349750337	47.70812061713528	20.328255766394243	60.677280885027514	59.91070803909513	29.87424852187302
SERD_L	9956735305.0	1.0	9956735305.0	0.0	2.457721342208378	2.0913483487624402	1.3321530186878232	0.35216599353670053	0.2971654233877127	0.24933917124192984
ALATA_L_f	7957495314.0	1.0	7957495314.0	0.0	1.188642700543207	0.8958213915673575	1.0511064295895844	0.34987447634344193	0.25910556919753985	0.3077464155558828
r1435	9201184465.0	1.0	9201184465.0	0.0	0.0002925665397040204	0.000262191923283	0.0002034120133074014	3.739523273206582e-05	2.991153223363712e-05	3.0283791461665894e-05
GLYtm_r	9201184846.0	1.0	9201184846.0	0.0	0.00029256653970003164	0.00026219192328639997	0.00020341201330811197	3.7395215143027976e-05	2.9911541149236863e-05	3.028381374572487e-05
GHMT2rm	9201184846.0	1.0	9201184846.0	0.0	0.0002925665397000299	0.00026219192328639997	0.00020341201330811184	3.7395215143027515e-05	2.9911541149236863e-05	3.028381374572476e-05
MLTHFtm_r	9895219529.0	1.0	9895219529.0	0.0	0.0005644418734614714	0.0005774299126509	0.0001985684997985889	0.00010463387204198666	0.00010298755555324999	5.0130418063373324e-05
r0962	9895219529.0	1.0	9895219529.0	0.0	0.0005644418734568835	0.00057742991264275	0.00019856849979962103	0.00010463387204167317	0.00010298755555275	5.0130418063381164e-05
FORtm_r	8644203400.0	1.0	8644203400.0	0.0	0.0002718753337647546	0.0002344279365618	0.00018699979076963554	6.72386567924949e-05	5.650510281528721e-05	5.146112459048537e-05
r0514	9895219529.0	1.0	9895219529.0	0.0	0.0005644418734614718	0.0005774299126509	0.00019856849979858984	0.0001046338720416732	0.00010298755555275	5.013041806338108e-05
DHFRim	9895219529.0	1.0	9895219529.0	0.0	0.0005644418734614719	0.0005774299126509	0.0001985684997985897	0.0001046338720416728	0.00010298755555275	5.013041806338094e-05
FTHFLmi	8644203405.0	1.0	8644203405.0	0.0	0.0002718753337604179	0.00023442793656375	0.000186999790768307	6.7238656898659e-05	5.650510320746994e-05	5.146112447656103e-05
MTHFCm	8644203405.0	1.0	8644203405.0	0.0	0.00027187533376141107	0.00023442793656105	0.00018699979076905565	6.723865689865153e-05	5.650510320746421e-05	5.146112447656022e-05
MTHFDm	8644203405.0	1.0	8644203405.0	0.0	0.00027187533376141156	0.0002344279365611	0.00018699979076905378	6.723865689865642e-05	5.650510320746364e-05	5.1461124476561986e-05
FOLR2	9856454939.0	1.0	9856454939.0	0.0	0.0008327190533660037	0.0008765252323649499	0.0003293792334833459	5.8335590381716364e-05	5.029007040561393e-05	4.1377800513881705e-05
DHFR	9841834153.0	1.0	9841834153.0	0.0	0.0008328695914811503	0.0008766702365068501	0.0003293842082756213	6.418890322133274e-05	5.609348544831141e-05	4.1519610345513815e-05
FTHFLi	8423691570.0	1.0	8423691570.0	0.0	0.045733949731671636	0.043923765567135856	0.019468859980659017	0.023454196950409626	0.0234432133092619	0.009985170230936567
FTHFDH	9996474740.0	1.0	9996474740.0	0.0	10.91807524596822	11.100320342383302	0.7378789081762039	4.018654156712892	4.150991192545806	0.7510857974964323
MTHFC_f	2789720874.0	0.0	2789720874.0	1.0	0.10499578688964148	0.10583948262233245	0.04564109881041608	0.29045169222265627	0.2119923277007254	0.24682278827165322
MTHFD	8462860243.0	1.0	8462860243.0	0.0	64.51597816282283	60.402771590172435	38.29142431134585	24.21822305917492	23.012085369213768	6.126940707456156
MTHFD2i_f	700701177.0	0.0	700701177.0	1.0	29.985992449623364	28.855946951524544	16.931655817359104	87.14435505253611	87.41959689420779	34.01224551242162
ACACT1r	42815386.0	0.0	42815386.0	1.0	1.0339025360588703e-07	9.359140427487084e-08	8.677709275216069e-08	1.940730182854385e-05	1.6151868886595948e-05	1.4389743246018254e-05
HMGCOAS	326289031.0	0.0	326289031.0	1.0	1.1259446200889636e-06	1.1004180664262884e-06	4.781866210047667e-07	1.9662947539138927e-05	1.6434920879296035e-05	1.438310519501944e-05
HMGCOAR	0.0	0.0	0.0	1.0	1.6730688469995552e-06	1.671892342861011e-06	4.2994988295887206e-07	5.473077859456136e-05	5.6879298810077656e-05	9.629184460010065e-06
MEVK1	0.0	0.0	0.0	1.0	1.6730688469955775e-06	1.6718923428519834e-06	4.2994988295955334e-07	5.473077868192691e-05	5.687929899079096e-05	9.629184456450477e-06
PMEVK	0.0	0.0	0.0	1.0	1.6730688470019961e-06	1.6718923428664012e-06	4.29949882958477e-07	5.473077868192683e-05	5.687929899078959e-05	9.629184456450484e-06
IPDDI	0.0	0.0	0.0	1.0	5.576896156679451e-07	5.57297447623544e-07	1.4331662765272132e-07	1.8243592893976e-05	1.8959766330263968e-05	3.2097281521502315e-06
DPMVD	0.0	0.0	0.0	1.0	1.6730688469908858e-06	1.671892342841531e-06	4.2994988296032446e-07	5.4730778681926976e-05	5.687929899078986e-05	9.62918445645052e-06
DMATT	0.0	0.0	0.0	1.0	5.576896156645728e-07	5.57297447615953e-07	1.4331662765328918e-07	1.8243592893976042e-05	1.8959766330264182e-05	3.209728152150248e-06
GRTT	0.0	0.0	0.0	1.0	5.576896156667661e-07	5.572974476208764e-07	1.4331662765291895e-07	1.824359289397609e-05	1.895976633026425e-05	3.2097281521502564e-06
HMR_1465	0.0	0.0	0.0	1.0	2.7884480783338306e-07	2.78648723810438e-07	7.165831382645955e-08	9.121796446988038e-06	9.47988316513214e-06	1.6048640760751225e-06
HMR_1467	0.0	0.0	0.0	1.0	2.788448078331095e-07	2.786487238098252e-07	7.165831382650752e-08	9.121796446988001e-06	9.47988316513196e-06	1.6048640760751223e-06
SMO	0.0	0.0	0.0	1.0	2.78844807833407e-07	2.786487238105072e-07	7.165831382645293e-08	9.121796446988047e-06	9.479883165132184e-06	1.604864076075122e-06
LNSTLS	0.0	0.0	0.0	1.0	2.78844807833407e-07	2.786487238105071e-07	7.165831382645296e-08	9.121796446988047e-06	9.479883165132189e-06	1.6048640760751231e-06
HMR_1477	0.0	0.0	0.0	1.0	2.7884480783163023e-07	2.786487238065256e-07	7.165831382675879e-08	9.121796446988042e-06	9.479883165132174e-06	1.6048640760751183e-06
HMR_1478	0.0	0.0	0.0	1.0	2.7884480783620754e-07	2.786487238017855e-07	7.165831382639696e-08	9.121796446988047e-06	9.479883165132177e-06	1.6048640760751176e-06
HMR_1479	0.0	0.0	0.0	1.0	2.7884480783312614e-07	2.786487238098823e-07	7.165831382650304e-08	9.121796446988014e-06	9.479883165131976e-06	1.6048640760751204e-06
C14STR	0.0	0.0	0.0	1.0	2.7884480783312747e-07	2.786487238098936e-07	7.165831382650695e-08	9.121796446988e-06	9.479883165131972e-06	1.6048640760751174e-06
HMR_1490	0.0	0.0	0.0	1.0	2.788448078316303e-07	2.7864872380652375e-07	7.165831382675849e-08	9.121796446988042e-06	9.479883165132167e-06	1.6048640760751246e-06
HMR_1493	0.0	0.0	0.0	1.0	2.788448078316303e-07	2.786487238065236e-07	7.165831382675849e-08	9.121796446988047e-06	9.47988316513218e-06	1.6048640760751212e-06
HMR_1494	0.0	0.0	0.0	1.0	2.788448078320942e-07	2.786487238075797e-07	7.165831382667848e-08	9.121796446988042e-06	9.479883165132167e-06	1.6048640760751227e-06
C3STDH1	230802694.0	0.0	230802694.0	1.0	1.6851411044729957e-07	1.6557925091700074e-07	8.730836286221926e-08	2.371191542357246e-06	2.0139152687092366e-06	1.6457420962038705e-06
HMR_1495	3534.0	0.0	3534.0	1.0	1.1033069738221328e-07	1.0214943541912936e-07	7.323270713540735e-08	6.750604904630443e-06	7.001457637818942e-06	1.96271947291294e-06
HMR_1500	0.0	0.0	0.0	1.0	2.788448078309805e-07	2.7864872380509084e-07	7.165831382686012e-08	9.121796432274493e-06	9.47988313469828e-06	1.6048640766745355e-06
HMR_1502	0.0	0.0	0.0	1.0	2.788448078316177e-07	2.7864872380651036e-07	7.165831382675662e-08	9.12179643227459e-06	9.479883134698304e-06	1.6048640766745665e-06
HMR_1503	0.0	0.0	0.0	1.0	2.788448078316179e-07	2.7864872380651036e-07	7.165831382675668e-08	9.121796432274524e-06	9.4798831346983e-06	1.604864076674544e-06
HMR_1504	0.0	0.0	0.0	1.0	2.7884480783088103e-07	2.786487238048503e-07	7.165831382688147e-08	9.121796432274525e-06	9.479883134698317e-06	1.6048640766745442e-06
HMR_1505	0.0	0.0	0.0	1.0	2.7884480783050473e-07	2.7864872380400494e-07	7.165831382694421e-08	9.121796432274532e-06	9.479883134698372e-06	1.6048640766745487e-06
HMR_1509	0.0	0.0	0.0	1.0	2.788448078313054e-07	2.786487238057945e-07	7.165831382681124e-08	9.121796432274498e-06	9.479883134698319e-06	1.6048640766745402e-06
CHLSTI_1	0.0	0.0	0.0	1.0	2.788448078313053e-07	2.7864872380579446e-07	7.165831382681103e-08	9.121796432274491e-06	9.47988313469828e-06	1.6048640766745478e-06
HMR_1516	0.0	0.0	0.0	1.0	2.7884480783027455e-07	2.786487238034733e-07	7.165831382698536e-08	9.121796432274649e-06	9.479883134698737e-06	1.6048640766745324e-06
RE2410C	0.0	0.0	0.0	1.0	2.788448078302747e-07	2.786487238034743e-07	7.16583138269854e-08	9.121796432274507e-06	9.47988313469827e-06	1.6048640766745427e-06
DSMSTOLR	0.0	0.0	0.0	1.0	2.788448078302162e-07	2.7864872380330815e-07	7.165831382699216e-08	9.121796432274493e-06	9.47988313469831e-06	1.604864076674539e-06
ACCOAC	15137848.0	0.0	15137848.0	1.0	2.287055704246637	1.6817522878091267	2.1376769081055924	14.47612583465814	14.461937159146782	1.3425533985059452
FASN	15137848.0	0.0	15137848.0	1.0	0.3267222434638068	0.2402503268298632	0.3053824154436533	2.068017976379737	2.065991022735216	0.19179334264370365
MCAT	15137848.0	0.0	15137848.0	1.0	2.287055704246621	1.6817522878091251	2.137676908105585	14.476125834658156	14.461937159146448	1.3425533985059719
AcetoacetylACPsynthesis	15137848.0	0.0	15137848.0	1.0	0.3267222434638013	0.24025032682986291	0.3053824154436524	2.068017976379761	2.065991022735193	0.19179334264371525
r0691	15137848.0	0.0	15137848.0	1.0	0.32672224346380074	0.24025032682986225	0.3053824154436524	2.068017976379728	2.0659910227351848	0.19179334264370557
r0681	15137848.0	0.0	15137848.0	1.0	0.3267222434638067	0.24025032682986308	0.3053824154436533	2.0680179763797275	2.0659910227351808	0.19179334264370507
r0682	15137848.0	0.0	15137848.0	1.0	0.32672224346380074	0.24025032682986225	0.3053824154436524	2.068017976379726	2.065991022735178	0.19179334264370645
r0760	15137848.0	0.0	15137848.0	1.0	0.3267222434638068	0.2402503268298633	0.3053824154436532	2.0680179763797297	2.0659910227351834	0.1917933426437063
r0761	15137848.0	0.0	15137848.0	1.0	0.32672224346380074	0.24025032682986225	0.3053824154436524	2.0680179763797195	2.065991022735173	0.191793342643706
r0762	15137848.0	0.0	15137848.0	1.0	0.3267222434638067	0.24025032682986308	0.3053824154436533	2.0680179763797284	2.065991022735182	0.19179334264370515
r0763	15137848.0	0.0	15137848.0	1.0	0.32672224346380074	0.24025032682986225	0.3053824154436524	2.0680179763797195	2.065991022735173	0.19179334264370568
r0764	15137848.0	0.0	15137848.0	1.0	0.3267222434638068	0.2402503268298633	0.3053824154436532	2.0680179763797297	2.0659910227351834	0.1917933426437063
r0694	15137848.0	0.0	15137848.0	1.0	0.32672224346380085	0.24025032682986236	0.3053824154436525	2.068017976379718	2.0659910227351723	0.1917933426437058
r0695	15137848.0	0.0	15137848.0	1.0	0.32672224346380097	0.24025032682986255	0.30538241544365263	2.0680179763797284	2.065991022735182	0.19179334264370515
r0765	15137848.0	0.0	15137848.0	1.0	0.32672224346380085	0.2402503268298623	0.3053824154436524	2.0680179763797235	2.0659910227351723	0.1917933426437065
r0766	15137848.0	0.0	15137848.0	1.0	0.3267222434638013	0.2402503268298625	0.30538241544365263	2.06801797637974	2.0659910227352185	0.19179334264370654
r0692	15137848.0	0.0	15137848.0	1.0	0.326722243463801	0.2402503268298628	0.3053824154436525	2.0680179763797213	2.0659910227351777	0.1917933426437056
r0693	15137848.0	0.0	15137848.0	1.0	0.32672224346380097	0.2402503268298628	0.3053824154436525	2.0680179763797297	2.0659910227351843	0.19179334264370507
r0767	15137848.0	0.0	15137848.0	1.0	0.326722243463801	0.2402503268298628	0.3053824154436525	2.068017976379722	2.0659910227351737	0.19179334264370637
r0768	15137848.0	0.0	15137848.0	1.0	0.32672224346380124	0.24025032682986286	0.3053824154436524	2.0680179763797266	2.0659910227351834	0.19179334264370637
r0769	15137848.0	0.0	15137848.0	1.0	0.326722243463801	0.24025032682986275	0.30538241544365263	2.0680179763797226	2.0659910227351777	0.19179334264370648
r0770	15137848.0	0.0	15137848.0	1.0	0.32672224346380097	0.2402503268298628	0.3053824154436525	2.0680179763797297	2.0659910227351843	0.19179334264370507
r0712	15137848.0	0.0	15137848.0	1.0	0.32672224346380097	0.2402503268298628	0.3053824154436526	2.068017976379722	2.0659910227351737	0.19179334264370637
r0713	15137848.0	0.0	15137848.0	1.0	0.32672224346380124	0.24025032682986286	0.3053824154436524	2.0680179763797266	2.0659910227351834	0.19179334264370637
r0701	15137848.0	0.0	15137848.0	1.0	0.326722243463801	0.24025032682986275	0.30538241544365263	2.0680179763797226	2.0659910227351777	0.19179334264370648
r0702	15137848.0	0.0	15137848.0	1.0	0.32672224346380097	0.2402503268298628	0.3053824154436525	2.0680179763797297	2.0659910227351843	0.19179334264370507
r0771	15137848.0	0.0	15137848.0	1.0	0.3267222434638033	0.2402503268299121	0.30538241544365136	2.0680179763797235	2.0659910227351737	0.1917933426437068
r0772	15137848.0	0.0	15137848.0	1.0	0.32672224346380374	0.2402503268299124	0.30538241544365147	2.068017976379727	2.0659910227351834	0.1917933426437064
r0696	15137848.0	0.0	15137848.0	1.0	0.32672224346380246	0.24025032682991235	0.30538241544365163	2.0680179763797275	2.065991022735178	0.1917933426437067
r0697	15137848.0	0.0	15137848.0	1.0	0.32672224346380235	0.24025032682991276	0.3053824154436516	2.06801797637973	2.0659910227351848	0.191793342643705
r0773	15137848.0	0.0	15137848.0	1.0	0.3267222434638027	0.24025032682991326	0.30538241544365174	2.068017976379722	2.0659910227351737	0.19179334264370637
FA160ACPH	15137848.0	0.0	15137848.0	1.0	0.3267222434638027	0.2402503268299135	0.30538241544365163	2.0680179763797297	2.065991022735189	0.19179334264370487
TMLYStd_r	10000000000.0	1.0	10000000000.0	0.0	1.016794258941321	1.0507994807454883	0.14419466596261088	0.0	0.0	0.0
TMLYSOX	10000000000.0	1.0	10000000000.0	0.0	1.016794258941321	1.0507994807454883	0.14419466596261088	0.0	0.0	0.0
GHMT3	10000000000.0	1.0	10000000000.0	0.0	1.0167942589413208	1.0507994807454861	0.14419466596261038	0.0	0.0	0.0
TMABADH	10000000000.0	1.0	10000000000.0	0.0	1.0167942589413217	1.0507994807454883	0.1441946659626107	0.0	0.0	0.0
BBHOX	10000000000.0	1.0	10000000000.0	0.0	1.0167942589413217	1.0507994807454883	0.1441946659626107	0.0	0.0	0.0
SUCFUMtm_r	10000000000.0	1.0	10000000000.0	0.0	2.0335885178826434	2.1015989614909767	0.2883893319252215	0.0	0.0	0.0
palmitateActivation	0.0	0.0	0.0	1.0	0.0	0.0	0.0	0.1023318061312014	0.07374733015678114	0.09915234665348742
carnitineAcylTransferaseI	0.0	0.0	0.0	1.0	0.0	0.0	0.0	0.1023318061312232	0.07374733015681764	0.09915234665348681
CARN160t_m	0.0	0.0	0.0	1.0	0.0	0.0	0.0	0.1023318061312226	0.07374733015681754	0.09915234665348675
carnitineAcylTransferaseII	0.0	0.0	0.0	1.0	0.0	0.0	0.0	0.102331806131223	0.07374733015681725	0.09915234665348685
betaOxidation	0.0	0.0	0.0	1.0	0.0	0.0	0.0	0.10233180613122457	0.0737473301568203	0.09915234665348686
Biomass	0.0	0.0	0.0	1.0	1.3668193119444143e-05	1.3658581628467333e-05	3.512490261607709e-06	0.0004471249660445011	0.00046467737535895	7.866595150603577e-05
GLCt1_r	0.0	0.0	0.0	1.0	0.10261580526714922	0.1045089677129542	0.013727884505764504	2.687468586736737	2.7402545870722332	0.22132615649027298
O2t_r	9996962043.0	1.0	9996962043.0	0.0	60.71896757234793	61.00726991000737	6.65335428935727	19.479712828628752	19.55808986738473	1.3934709492040727
GLNt_r	0.0	0.0	0.0	1.0	0.20545963885231103	0.21125473720888324	0.022764145633138187	1.180815392664655	1.2047054457606081	0.09635224520762539
r0963_r	9980072233.0	1.0	9980072233.0	0.0	0.0013971609268228864	0.00145055172939355	0.0004364143076062962	0.00016296946242337778	0.00016835931750835	4.336487927876375e-05
THBPTt_r	106979249.0	0.0	106979249.0	1.0	1.6845873648620039e-06	1.652215327602406e-06	9.154997351920611e-07	4.335121433150773e-05	4.5719481744830226e-05	2.153294807971275e-05
ARGt5r_r	570422618.0	0.0	570422618.0	1.0	0.07793122235640498	0.08122254592158225	0.012803572989751646	0.17732316173664797	0.1808649407147162	0.057055102149416
PHEtec_r	0.0	0.0	0.0	1.0	5.231018760791796e-06	5.123145730526842e-06	1.5366300675434419e-06	0.00015936494077117366	0.0001650239222685	3.6566458641176465e-05
ILEtec_r	0.0	0.0	0.0	1.0	3.910169351224327e-06	3.907419715108641e-06	1.0048461890602031e-06	0.0001279126160360453	0.00013293397418785	2.250459807493007e-05
LEUtec_r	0.0	0.0	0.0	1.0	7.751461756851535e-06	7.73908426961311e-06	1.9759821766073636e-06	0.00027899417352901437	0.00029035210758335	5.116229479526e-05
VALtec_r	313565825.0	0.0	313565825.0	1.0	0.06693970234625272	0.06732689890308405	0.019007368901817975	0.20085096679650102	0.2032682188078104	0.06882390528044964
METtec_r	888666145.0	0.0	888666145.0	1.0	0.0028569843064965425	0.00275354424060295	0.0016502247301633521	0.016237590021125112	0.016129171596488197	0.009444998969180952
r2526_r	1921605.0	0.0	1921605.0	1.0	0.07189155118201589	0.07422578173209005	0.010087194775607416	0.2516146590900939	0.25783788147511966	0.06362144230342884
GLYt4_r	1322909781.0	0.0	1322909781.0	1.0	0.03226127367985419	0.033435804432483104	0.014781416990397516	0.11477671075220065	0.11732307171711684	0.0638361403402493
r2532_r	10000000000.0	1.0	10000000000.0	0.0	0.010875601374922746	0.0110310284660784	0.0009700745231481099	0.0	0.0	0.0
PROPAT4te_r	10000000000.0	1.0	10000000000.0	0.0	4.674226648807058e-06	4.63246945426345e-06	1.485564324806249e-06	0.0	0.0	0.0
HDCAt	10000000000.0	1.0	10000000000.0	0.0	3.77908859622044e-05	3.66200537909543e-05	1.7982875069788375e-05	0.0	0.0	0.0
CRNt	10000000000.0	1.0	10000000000.0	0.0	1.0167942589413208	1.0507994807454861	0.14419466596261038	-6.441060801990023e-17	-7.359060164033276e-17	1.9410701674997763e-16
GTHRDt2_r	5870862122.0	1.0	5870862122.0	0.0	1.0690066594249836	0.8836539053366108	0.8479999198610146	0.7172383841028737	0.7345285701990528	0.29397614874072703
DmLact	0.0	0.0	0.0	1.0	0.07203139409566081	0.07405642998644754	0.007882333749398566	4.541234818506208	4.634529840540171	0.3719989308625243
UREAt	3142613628.0	0.0	3142613628.0	1.0	0.030860886104174656	0.028639322274045	0.019224248651552485	0.060683886408269015	0.05071209129279115	0.0466505452686188
DmBiomass	0.0	0.0	0.0	1.0	1.3668193119444254e-05	1.3658581628467449e-05	3.5124902616077287e-06	0.00044712496604449876	0.00046467737535895	7.866595150603606e-05
NH4t	9999474189.0	1.0	9999474189.0	0.0	78.91122073386066	74.00377039617109	33.04353334478883	13.609493968952954	13.307176976045952	2.540549015224274
PTRCtex2_f	178996883.0	0.0	178996883.0	1.0	0.021006919465325073	0.017763441941361702	0.015682788727804705	0.14597245737564496	0.1506695391778578	0.05882957011339463
GUDACtr2	2866389039.0	0.0	2866389039.0	1.0	0.025016701415348133	0.0224327608181819	0.017210533949664143	0.05671841611032966	0.04614886650731575	0.0451878565978044
CE2705t	106979249.0	0.0	106979249.0	1.0	1.6845873648620039e-06	1.652215327602406e-06	9.154997351920611e-07	4.335121433150773e-05	4.5719481744830226e-05	2.153294807971275e-05
Dm2oxobutyrate	345891129.0	0.0	345891129.0	1.0	0.049638877890090354	0.0513329284407785	0.010776790338328651	0.28405162814383267	0.29119922825263245	0.13387506085151268
H2Ot_f	9994333801.0	1.0	9994333801.0	0.0	122.7075787524257	114.07181098477251	60.77014634197948	7.546794750772439	6.360735644839837	5.53802110131907
PHLACHt_f	4518379520.0	6.542125521140635e-305	4518379520.0	1.0	358.9780798302674	360.43757898635965	153.50090288169238	387.85338364192575	383.0729218360624	175.26013896113884
CO2t	9996898742.0	1.0	9996898742.0	0.0	105.370930362789	102.37733019227915	23.204401831856917	35.197603773580774	35.39402800950317	2.3769077426832284
DmGSSG	5868040707.0	1.0	5868040707.0	0.0	0.5515630701174328	0.45933738716764794	0.4228802245120025	0.37624462178218127	0.3859324801967965	0.14578471178214306
GLUt4	10000000000.0	1.0	10000000000.0	0.0	0.0027420619957354807	0.0026873318949150503	0.0015307486115058917	0.0	0.0	0.0
ALAPAT4te	10000000000.0	1.0	10000000000.0	0.0	0.008337667234956951	0.008984943025473448	0.003260769031660946	0.0	0.0	0.0
DmAla	8000017149.0	1.0	8000017149.0	0.0	1.1690819811221902	0.877247775113705	1.0506669043162868	0.32339861679651144	0.2325357691011966	0.30871225867613283
ASPte_r	7367907688.0	1.0	7367907688.0	0.0	50.450769343970016	51.36263825372758	23.700796157554905	30.287907033691848	31.836023131305225	18.775677087218636
DmAsp	7443379391.0	1.0	7443379391.0	0.0	51.59348478885069	52.46462086764518	23.695936998058635	30.639496319300058	32.17723270589927	18.798904281901276
DmPalm	18407943.0	0.0	18407943.0	1.0	0.3267563297364062	0.2402750516338401	0.3053815447393312	1.9655649819448726	1.9654148833759146	0.1684429658923725
ATPM	8587329274.0	1.0	8587329274.0	0.0	14.877689985629907	11.48891555085122	12.733860204334551	2.9494816572670053	2.055983568041746	2.9257402035981865
GACMTRc	1402515501.0	0.0	1402515501.0	1.0	0.02204872440224268	0.0186882720280572	0.015519124853487318	0.059760225102481475	0.05353423827951535	0.03367984634490166
CKc_cho	1402515501.0	0.0	1402515501.0	1.0	0.022048724402249503	0.01868827202806405	0.015519124853487318	0.059760225102485104	0.05353423827951895	0.033679846344901336
CRTNsyn_cho	1402515501.0	0.0	1402515501.0	1.0	0.022048724402249503	0.018688272028064	0.015519124853487309	0.05976022510248432	0.053534238279517754	0.033679846344901634
CRTNtr	1402515501.0	0.0	1402515501.0	1.0	0.02204872440224951	0.01868827202806405	0.015519124853487316	0.05976022510248513	0.05353423827951885	0.03367984634490141
NDPK1	9931473716.0	1.0	9931473716.0	0.0	16.307972918422298	14.267429240948342	12.076752312280133	0.16936522528276649	0.124649940179822	0.15583137756718687
NDPK5	0.0	0.0	0.0	1.0	1.3528777549649913e-07	1.351926409591117e-07	3.4766628609352826e-08	4.4256429139088525e-06	4.599376661303076e-06	7.78635588006703e-07
NDPK8	0.0	0.0	0.0	1.0	1.8018778989459107e-07	1.8006108161023805e-07	4.630515911861503e-08	5.894448427364839e-06	6.125841839356708e-06	1.0370532387041628e-06
NDPK7	0.0	0.0	0.0	1.0	1.2905507943489846e-07	1.2896432773848097e-07	3.3164933049914184e-08	4.221753929392463e-06	4.387483778139307e-06	7.427639141199681e-07
DTMPK	0.0	0.0	0.0	1.0	1.789303161266595e-07	1.788044920983051e-07	4.598201001470283e-08	5.8533129304890485e-06	6.083091520824038e-06	1.0298159711654945e-06
NDPK4	0.0	0.0	0.0	1.0	1.7893031612695926e-07	1.7880449209896815e-07	4.598201001465317e-08	5.853312930489063e-06	6.083091520824068e-06	1.0298159711654873e-06
HIStiDF_r	2387571972.0	0.0	2387571972.0	1.0	0.10301760993690197	0.1080914404326236	0.030034360764248123	0.14090368523518274	0.1477748311510618	0.04282239781106256
PTRCOX1	5137074854.0	1.0	5137074854.0	1.2321997090659572e-26	0.02725392993944764	0.02593006030944995	0.016282725561859293	0.025966961904405447	0.02523928737626975	0.014777611493291888
ABUTD	5137074854.0	1.0	5137074854.0	1.2321997090659572e-26	0.027253929939451645	0.025930060309432852	0.01628272556186407	0.025966961904405374	0.02523928737626975	0.014777611493291912
r0465_1	8380914658.0	1.0	8380914658.0	0.0	8.685826163213749	7.215772685361961	6.396147396437954	2.62228731898037	2.286766185025738	1.6902007546428612
ABUTH	8802313790.0	1.0	8802313790.0	0.0	7.859377581653453	6.378555347429597	6.346747560040042	1.3767975019036103	0.9823633030505257	1.328243798370247
GLUDC	1492117956.0	0.0	1492117956.0	1.0	1.6493340874034887	1.4474996978517642	1.061408729119669	3.1929192298939366	3.2651588379943535	1.0237100672600365
HISDr	9996825033.0	1.0	9996825033.0	0.0	11.8605253664077	12.04007116860185	0.7638539127125017	4.001749302908566	4.141774681115275	0.7674200090773581
URCN	9996825033.0	1.0	9996825033.0	0.0	11.86052536640771	12.040071168601855	0.7638539127125016	4.001749302908575	4.141774681115283	0.7674200090773589
IZPN	9996825033.0	1.0	9996825033.0	0.0	11.8605253664077	12.040071168601852	0.763853912712503	4.001749302908544	4.1417746811152725	0.7674200090773431
GluForTx	9996825033.0	1.0	9996825033.0	0.0	11.860525366407721	12.040071168601866	0.7638539127125011	4.0017493029085385	4.141774681115271	0.7674200090773398
FTCD	9996825033.0	1.0	9996825033.0	0.0	11.860525366407707	12.04007116860187	0.7638539127125008	4.001749302908542	4.141774681115292	0.7674200090773405
CARPEPT1tc_r	9995792695.0	1.0	9995792695.0	0.0	12.583958065773222	12.587756588393791	1.0918865000154123	5.106391954028635	4.980733248254145	1.4132119081427295
NBAHH_ir	9966340791.0	1.0	9966340791.0	0.0	18.69038749804457	17.39081320397547	5.42435852631675	6.666596997034158	6.3846622772373305	2.0876296471595817
r0283	8161953259.0	1.0	8161953259.0	0.0	6.106429432272046	4.687311846512213	5.349032396034138	1.5602050430054735	1.1065965747786053	1.525417695468104
ASP1DC	8294645259.0	1.0	8294645259.0	0.0	1.1025400341131377	0.8462247716519591	0.9448069967975179	0.26135317194973834	0.17068002595299536	0.27710428212759364
CSNt_r	9688268301.0	1.0	9688268301.0	0.0	23.35389939255343	20.970117568319175	16.199366805090243	1.2739352890401525	0.9752902326701955	1.129913113266013
bAlaSynthesis	9688268301.0	1.0	9688268301.0	0.0	23.35389939255342	20.970117568319147	16.199366805090246	1.2739352890401916	0.9752902326701915	1.129913113266013
LYSt5r_r	9102353492.0	1.0	9102353492.0	0.0	0.019022174546589096	0.01817459086494	0.010727388472003782	0.004577759144112548	0.0048256250188861	0.001944907396013292
LYStm	9159334844.0	1.0	9159334844.0	0.0	0.019014081418088455	0.0181668188342846	0.010727428941968598	0.004313010191967913	0.004560513316618451	0.0019373907853887191
SACCD3m	9159334844.0	1.0	9159334844.0	0.0	0.019014081418088455	0.0181668188342846	0.010727428941968598	0.004313010198003844	0.00456051331840415	0.0019373907805374947
r0525	9159334844.0	1.0	9159334844.0	0.0	0.019014081418088455	0.0181668188342846	0.010727428941968598	0.004313010198003872	0.0045605133184042	0.0019373907805374873
AASAD3m	9159334844.0	1.0	9159334844.0	0.0	0.019014081418088462	0.0181668188342846	0.010727428941968596	0.00431301019800387	0.0045605133184042	0.0019373907805374877
r0450	9159334844.0	1.0	9159334844.0	0.0	0.019014081418088455	0.0181668188342846	0.010727428941968598	0.004313010198003844	0.0045605133184042	0.0019373907805374923
2OXOADOXm	9214095057.0	1.0	9214095057.0	0.0	0.019281396677612084	0.0184272291102512	0.010737386406808276	0.004313010198003844	0.0045605133184042	0.0019373907805374923
GLUTCOADHm	9214095057.0	1.0	9214095057.0	0.0	0.019281396677612087	0.01842722911025125	0.010737386406808281	0.004313010198003328	0.0045605133184027005	0.0019373907805374194
3HBCDm	9214095057.0	1.0	9214095057.0	0.0	0.019281396677612084	0.0184272291102512	0.010737386406808276	0.004313010197999412	0.00456051331838855	0.001937390780537081
HACD1m	9214095057.0	1.0	9214095057.0	0.0	0.019281396677612098	0.0184272291102512	0.010737386406808281	0.004313010197999386	0.0045605133183885	0.0019373907805370829
HMGCOASm	9970600000.0	1.0	9970600000.0	0.0	2.5226321736163625e-07	1.9498961388414628e-07	2.1496432236003956e-07	0.0	0.0	0.0
CYStec_r	10000000000.0	1.0	10000000000.0	0.0	0.08596457830783112	0.08719312870134036	0.007667810214327981	0.0	0.0	0.0
CYSTA	264040976.0	0.0	264040976.0	1.0	0.06830264728022876	0.06624428770278701	0.03309813994090023	0.21874178606675831	0.2184093458104922	0.07078075088360475
CYANt_r	264040976.0	0.0	264040976.0	1.0	0.06830264728022874	0.06624428770278695	0.033098139940900245	0.21874178606676015	0.2184093458104968	0.07078075088360432
MCPST	264040976.0	0.0	264040976.0	1.0	0.06830264728022872	0.06624428770278695	0.03309813994090025	0.21874178606676076	0.21840934581049898	0.07078075088360418
TCYNTt	1601294894.0	0.0	1601294894.0	1.0	0.035394751504921475	0.029635130653542	0.027070591526826462	0.10812316807725116	0.09846244567573115	0.07002993050132111
CYSO	6444959898.0	1.0	6444959898.0	0.0	0.09011847558460866	0.08662933988217794	0.04259866299099769	0.06855532441063523	0.0718972837683607	0.02702940458078903
3SALATAi	5768550506.0	1.0	5768550506.0	0.0	0.046509297548006506	0.0383554416245604	0.03619354821550409	0.03554814236477999	0.0301165948758712	0.02662647545311318
3SALAASPm	6052309189.0	1.0	6052309189.0	0.0	0.043609178036601415	0.03903522708058675	0.029913649731563564	0.03300718204588083	0.0255363711903795	0.026509202371707136
3SALATAim	6052309189.0	1.0	6052309189.0	0.0	0.04360917803659538	0.039035227080575205	0.029913649731565482	0.03300718204583256	0.02553637119025735	0.02650920237172344
3SPYRSP	5768550506.0	1.0	5768550506.0	0.0	0.04650929754800698	0.03835544162456425	0.03619354821550297	0.035548142364802984	0.0301165948759394	0.02662647545310374
3SPYRSPm	6052309189.0	1.0	6052309189.0	0.0	0.04360917803659539	0.0390352270805752	0.029913649731565482	0.033007182045832216	0.0255363711902548	0.02650920237172383
HMR_3951	5768550506.0	1.0	5768550506.0	0.0	0.046509297548007	0.0383554416245643	0.03619354821550295	0.03554814236480365	0.030116594875939602	0.026626475453103624
ExSulfitem	6052309189.0	1.0	6052309189.0	0.0	0.04360917803659545	0.03903522708057545	0.029913649731565486	0.03300718204583281	0.02553637119025715	0.026509202371723602
PHETHPTOX2	106979249.0	0.0	106979249.0	1.0	1.6845873648620051e-06	1.6522153276024054e-06	9.154997351920618e-07	4.335121433150765e-05	4.5719481744830185e-05	2.1532948079712624e-05
TYRt_r	257422884.0	0.0	257422884.0	1.0	1.5203810651763045e-06	1.4001513731425225e-06	9.590065002114752e-07	2.8297321832007123e-05	2.5402729155623004e-05	1.840418385339182e-05
TYRTA	9359341467.0	1.0	9359341467.0	0.0	1.0225543664635335e-06	1.0191548132360291e-06	4.795895134848188e-07	2.5564571029754006e-07	2.655843066014425e-07	1.4366422519161905e-07
34HPPOR	9359341467.0	1.0	9359341467.0	0.0	1.02255436642903e-06	1.0191548130941085e-06	4.795895134888441e-07	2.5564571029754006e-07	2.655843066014425e-07	1.4366422519161905e-07
HGNTOR	9359341467.0	1.0	9359341467.0	0.0	1.0225543664290309e-06	1.0191548130941085e-06	4.795895134888442e-07	2.5564571029754006e-07	2.655843066014425e-07	1.4366422519161905e-07
MACACI	9359341467.0	1.0	9359341467.0	0.0	1.0225543664290305e-06	1.0191548130941094e-06	4.795895134888443e-07	2.556457102815047e-07	2.6558430663099346e-07	1.436642251922478e-07
FUMAC	9359341467.0	1.0	9359341467.0	0.0	1.0225543664290542e-06	1.0191548130948012e-06	4.795895134887824e-07	2.55645710281507e-07	2.65584306630997e-07	1.4366422519224652e-07
AACOAT	9359341467.0	1.0	9359341467.0	0.0	1.022554366429057e-06	1.019154813094801e-06	4.795895134887851e-07	2.556457102815047e-07	2.6558430663099346e-07	1.436642251922478e-07
r2534_r	515243620.0	0.0	515243620.0	1.0	0.04678880609471143	0.0484489802754584	0.010659466568099202	0.2680573356219802	0.27757623773733975	0.13205374731814906
THRD_L	517148683.0	0.0	517148683.0	1.0	0.046784532187404596	0.04844548564042325	0.010659622193147167	0.2679175241163523	0.27743543636942536	0.13205711721786384
OBDHc	4511227.0	0.0	4511227.0	1.0	5.471242268050279e-07	4.6428788111123123e-07	3.6522698962589057e-07	3.5067830976537683e-05	3.714506624060932e-05	1.534298478657191e-05
PPCOAtm	4511238.0	0.0	4511238.0	1.0	5.471242270021834e-07	4.642878813402367e-07	3.6522698981769155e-07	3.506784750962978e-05	3.714501235511317e-05	1.534297707378794e-05
r1616_r	261696294.0	0.0	261696294.0	1.0	0.0009201933952281776	0.0008234750506	0.0005381212040299785	0.01638881389939981	0.015744321381283802	0.00957605802253224
TRPO2	263232915.0	0.0	263232915.0	1.0	0.000920011526250554	0.000823304886191	0.0005381222535676106	0.01638286445460151	0.0157381202162742	0.009575779049364248
FKYNH	263232915.0	0.0	263232915.0	1.0	0.000920011526250554	0.000823304886191	0.0005381222535676114	0.0163828644546015	0.0157381202162743	0.009575779049364314
KYN	184686917.0	0.0	184686917.0	1.0	0.0006526962667260888	0.0005651027596586501	0.0004720353792386673	0.016382864486505024	0.015738120375643053	0.009575779041146376
ANTHte	184686917.0	0.0	184686917.0	1.0	0.000652696266726081	0.0005651027596586501	0.00047203537923866227	0.016382864486505024	0.015738120375643053	0.009575779041146376
KYN3OX	10000000000.0	1.0	10000000000.0	0.0	0.00026731525952442583	0.0002504944236973	0.00016569674656179492	0.0	0.0	0.0
HKYNH	10000000000.0	1.0	10000000000.0	0.0	0.0002673152595244261	0.0002504944236973	0.00016569674656179476	0.0	0.0	0.0
3HAO	10000000000.0	1.0	10000000000.0	0.0	0.00026731525952442583	0.0002504944236973	0.00016569674656179462	0.0	0.0	0.0
PCLAD	10000000000.0	1.0	10000000000.0	0.0	0.00026731525952442583	0.0002504944236973	0.00016569674656179484	0.0	0.0	0.0
AM6SAD	10000000000.0	1.0	10000000000.0	0.0	0.00026731525952442594	0.0002504944236973	0.00016569674656179468	0.0	0.0	0.0
AMCOXO	10000000000.0	1.0	10000000000.0	0.0	0.0002673152595244259	0.0002504944236973	0.00016569674656179476	0.0	0.0	0.0
2OXOADPTm	10000000000.0	1.0	10000000000.0	0.0	0.00026731525952441906	0.0002504944236973	0.00016569674656179368	0.0	0.0	0.0
ExCystineGlu	0.0	0.0	0.0	1.0	0.005162906208941087	0.0051052424043179	0.0026336800064040715	0.07486133093377191	0.07638762170476421	0.006126334189084741
ExCystineSer	527104181.0	0.0	527104181.0	1.0	0.06066486094717253	0.06181892667121685	0.012449152606790774	0.1025444108956818	0.10692404167167985	0.02007682510022102
CystinePyruvate	3581796721.0	0.0	3581796721.0	1.0	0.013966882615218598	0.0117921641917449	0.01068807666041118	0.02420593126094081	0.018608653914642	0.01989454322263854
CystineReductaseNADPH	924983277.0	0.0	924983277.0	1.0	0.011733444254864599	0.0093946541242702	0.009579177576235649	0.04839998110366788	0.045784744300687755	0.027709052967442332
CystineReductaseNADH	3732490844.0	0.0	3732490844.0	1.0	0.015735691775578337	0.01288328710736295	0.01252381013264348	0.02433403149252868	0.019942154867342098	0.019141137053203184
CystineGSH	637602822.0	0.0	637602822.0	1.0	0.02439174851045213	0.02253221355255005	0.014931839347546823	0.08046579797231418	0.07917371729404585	0.03376135210206696
Ex3HB	78820303.0	0.0	78820303.0	1.0	7.475264246502821	7.657480871427022	2.0560843853483535	11.745561060626763	11.937852249907634	0.6650123906938322
Transport3HB_forward	78820303.0	0.0	78820303.0	1.0	7.4752642465028565	7.657480871427042	2.0560843853483455	11.745561060626839	11.937852249907225	0.6650123906937243
bBDH	78820303.0	0.0	78820303.0	1.0	7.475264246502858	7.657480871427043	2.056084385348347	11.745561060626821	11.93785224990723	0.6650123906937359
OCOAT1m	78820303.0	0.0	78820303.0	1.0	7.475264246502849	7.657480871427046	2.056084385348349	11.745561060626843	11.937852249907223	0.6650123906937228
ACACT1m	81278636.0	0.0	81278636.0	1.0	7.494545390916981	7.676984748818834	2.0582254694802513	11.749874070836247	11.942167333627143	0.6649471732035096
G3PD1ir	9169099463.0	1.0	9169099463.0	0.0	22.306032632112327	18.15641029713218	17.46592505933918	2.7028800535980344	1.8819112821979318	2.8293010921103505
GLYC3Ptm	9169099463.0	1.0	9169099463.0	0.0	22.306032632112316	18.156410297132204	17.465925059339177	2.7028800536186526	1.8819112821751385	2.8293010921022748
G3PDm	9169099463.0	1.0	9169099463.0	0.0	22.306032632112316	18.156410297132183	17.465925059339185	2.7028800536186557	1.881911282175143	2.8293010921022743
DHAPtm	9169099463.0	1.0	9169099463.0	0.0	22.306032632112313	18.156410297132215	17.465925059339177	2.702880053618662	1.8819112821751451	2.829301092102279
CMPuptake_r	5552965.0	0.0	5552965.0	1.0	2.963357847663614e-07	2.755279912718924e-07	1.909512642896712e-07	1.1476245141236025e-05	1.1045105569721186e-05	5.53605860801979e-06
UMPuptake_r	125388698.0	0.0	125388698.0	1.0	7.759401210143526e-07	7.659216200527277e-07	3.400519126067065e-07	2.251705736962793e-05	2.2663461350332892e-05	1.1251529654295391e-05
Transport_ala_B_c_e	9998622621.0	1.0	9998622621.0	0.0	37.04039749243933	34.64038009494563	16.24336429873798	6.641680415018517	6.443013379015863	1.6885191248017224
EX_ala_B	9998622621.0	1.0	9998622621.0	0.0	37.04039749243876	34.6403800949456	16.243364298737934	6.641680415018544	6.443013379015839	1.6885191248017173
Transport_octanoyl_ACP_c_e					0.0	0.0	0.0	0.0	0.0	0.0
EX_octanoyl_ACP					0.0	0.0	0.0	0.0	0.0	0.0
TMDK1	8307500000.0	1.0	8307500000.0	0.0	2.8392200934211472e-08	2.7240637621844876e-08	3.000092817781738e-08	0.0	0.0	0.0
THYMDt1_r	8307500000.0	1.0	8307500000.0	0.0	2.8392200934211472e-08	2.7240637621844837e-08	3.00009281778174e-08	0.0	0.0	0.0
EX_thymd	8307500000.0	1.0	8307500000.0	0.0	2.839220093421146e-08	2.724063762184488e-08	3.0000928177817423e-08	0.0	0.0	0.0
Transport_HC00576_c_e	3741797254.0	0.0	3741797254.0	1.0	0.8264485815605553	0.6093924418007857	0.7706109358105533	1.2454898170767954	0.9753862913664636	1.0175883588765493
EX_HC00576	3741797254.0	0.0	3741797254.0	1.0	0.8264485815605553	0.6093924418007857	0.7706109358105533	1.2454898170767885	0.9753862913664586	1.0175883588765477
Transport_4abut_c_e	2063383760.0	0.0	2063383760.0	1.0	0.8501394357827153	0.6354235758451499	0.7901816163353199	1.9733963747215402	1.89359806112911	1.1519728628657124
EX_4abut	2063383760.0	0.0	2063383760.0	1.0	0.8501394357827151	0.6354235758451496	0.7901816163353198	1.973396374721543	1.8935980611291119	1.151972862865711
EX_h_e_b	8578477818.0	1.0	8578477818.0	0.0	372.66733300559537	388.19534898895915	94.80082456981627	202.86643233740028	193.8757260154424	119.70027292667315
EX_h2o_e_b	9640513598.0	1.0	9640513598.0	0.0	236.22149958157425	230.73484245960856	69.46916017628693	92.31865374616481	90.69454068711944	46.344454700535024
EX_ala__L_e_b	10000000000.0	1.0	10000000000.0	0.0	0.033104055111463505	0.0342384168848869	0.008657678301046827	0.0	0.0	0.0
EX_hdca_e_b	10000000000.0	1.0	10000000000.0	0.0	9.784019362658094e-05	0.0001025651970799	3.235701008917555e-05	0.0	0.0	0.0
PGM_b	3018279910.0	0.0	3018279910.0	1.0	1.8070162156295717	1.4407321675765528	1.3255910332683118	2.6103389057281903	2.7116126988571825	1.2016285213137516
ENO_b	4511943736.0	0.0	4511943736.0	1.0	1.854726906167586	1.49576320503797	1.3160117890079628	1.8377980939350451	1.8877599830080032	0.8466306777345646
TKT2_b	7939536492.0	1.0	7939536492.0	0.0	0.10923075859654091	0.10867723360501211	0.04817818336746326	0.060979205716413555	0.0586673688372602	0.028987813535443795
RPE_b	2632000002.0	0.0	2632000002.0	1.0	0.138925962678839	0.1359785684250392	0.05387105541328868	0.2340875497756556	0.225577712451433	0.12482741372642484
TKT1_b	8139298206.0	1.0	8139298206.0	0.0	0.10944917602346159	0.10661596927991734	0.04628114665282749	0.05883799488253825	0.05813827328709205	0.03003041585901095
TALA_b	44273109.0	0.0	44273109.0	1.0	0.16895428578280586	0.1656610638501445	0.07600488745686126	2.15400809322739	2.1756968317955367	0.837986052205241
ACONTm_b	4842363113.0	1.366525542559734e-34	4842363113.0	1.0	58.41693101562007	55.40557843933942	33.23322129904933	57.10059922726767	58.168868201724905	11.945907637239207
ICDHym_b	9203773841.0	1.0	9203773841.0	0.0	187.28347487637168	187.37340777950698	57.62287426318246	96.03955333712933	96.53323546368222	27.012784025761228
SUCOAS1m_b	2625434228.0	0.0	2625434228.0	1.0	7.4685542081213745	7.410462973194662	2.9398024722605913	10.977181741226323	11.628344073940156	4.644796498288778
FUMm_b	7000108205.0	1.0	7000108205.0	0.0	111.68074930638312	106.9823327409564	51.287503905034285	74.64779930375929	78.47257965637888	35.83732466550854
MDHm_b	2695686638.0	0.0	2695686638.0	1.0	319.6804074099779	323.33366953394466	104.28554974833911	474.42901765373455	471.6257415058348	214.7419271909654
FUM_b	5864976738.0	1.0	5864976738.0	0.0	34.553486065756616	34.61074616539827	13.946613835598523	29.37038686699417	26.936533724509626	18.41527451377356
MDH_b	3254864282.0	0.0	3254864282.0	1.0	123.17379849992928	121.5162578399833	53.7913522120178	164.43385926504942	170.21028674164833	72.70438191363709
AKGMALtm_b	5308573286.0	1.0	5308573286.0	1.4624192840088178e-126	273.37080190858927	274.87405793757296	109.74795689927832	260.7197396788048	259.16711942428947	105.25563461337758
PYRt2m_b	2082228266.0	0.0	2082228266.0	1.0	16.44782599928348	16.35236468574284	7.966167033660832	33.13652715447609	32.95761828145554	17.711885581228483
FUMtm_b	8999396040.0	1.0	8999396040.0	0.0	88.11313300976545	86.39762779401528	26.02532286585144	44.63174996324139	44.164818687653465	21.48756890672657
CO2tm_b	3751837624.0	0.0	3751837624.0	1.0	105.47876360729589	100.9761354749452	57.35493001744675	132.50846129263394	139.9476040547391	68.4334464531357
r0801_b	2717156293.0	0.0	2717156293.0	1.0	7.749445890052555	7.609754042937764	3.844621107070177	11.69422688213283	11.779458549551304	4.996128948023867
H2Otm_b	9994884115.0	1.0	9994884115.0	0.0	246.68113147787042	248.81652250635983	33.29663443923005	78.09733511471188	77.43222256774624	16.806231523594267
NH4tm_b	5611014734.0	1.0	5611014734.0	0.0	105.30455051507205	106.64385921396648	42.94636773804975	96.01059390427983	95.9341457616413	41.80890861596525
NDPK3_b	854417888.0	0.0	854417888.0	1.0	1.7898473202244005e-06	1.7452017147581613e-06	7.787024218457833e-07	9.550634606392987e-06	9.32927972989874e-06	5.641453701641351e-06
GLUDym_b	3323501876.0	0.0	3323501876.0	1.0	73.69962852533652	73.02216938851052	38.07562860691633	99.1843147172324	102.71731924508777	45.35479347116458
ASPTA_b	1479090930.0	0.0	1479090930.0	1.0	45.58540322590286	42.795007355710126	25.065183863447473	108.836462869268	103.50753523338614	54.40861681927639
r0074_b	10000000000.0	1.0	10000000000.0	0.0	9.118900883590505e-05	9.224897820105492e-05	2.988686028706484e-05	0.0	0.0	0.0
GLU5SAtmc_b	10000000000.0	1.0	10000000000.0	0.0	9.118900883590472e-05	9.224897820105492e-05	2.9886860287064684e-05	0.0	0.0	0.0
G5SADs_b	10000000000.0	1.0	10000000000.0	0.0	9.118900883590505e-05	9.224897820105492e-05	2.988686028706484e-05	0.0	0.0	0.0
GHMT2r_b	3810726721.0	0.0	3810726721.0	1.0	48.3930277822293	48.66132754086932	20.309740697884035	60.64007409144782	59.887408130818905	29.84434101566337
ALATA_L_b	2109258621.0	0.0	2109258621.0	1.0	0.02881148718838489	0.028288984384219	0.007365632081987728	0.04263264596575652	0.043645400045855695	0.015433462340015275
MTHFC_b	9996251386.0	1.0	9996251386.0	0.0	10.9773401674003	11.157170852223068	0.7420567065414663	4.285752546617352	4.391226132662656	0.8107345832992306
MTHFD2i_b	3594115871.0	0.0	3594115871.0	1.0	93.51378962654769	90.35271916940644	40.34428649936968	111.35612966318719	111.72916309843856	35.56116355917809
PTRCtex2_b	10000000000.0	1.0	10000000000.0	0.0	0.0002449932578290061	0.00024553545664115	0.00013485178903895	0.0	0.0	0.0
H2Ot_b	8284172046.0	1.0	8284172046.0	0.0	19.751415375639432	13.96050596126355	17.703693378976343	4.444281815436958	3.2700011296045095	3.9665486317990304
PHLACHt_b	5498158026.0	1.0	5498158026.0	0.0	400.9953535038285	403.696801900207	153.8299852759647	369.7863937684916	364.76569293439405	175.2012517420463
