Rxn	statistic_less	pvalue_less	statistic_greater	pvalue_greater	mean_MCF102A	median_MCF102A	std_MCF102A	mean_MDAMB361	median_MDAMB361	std_MDAMB361
EX_lac__L_e	1000000000000.0	1.0	1000000000000.0	0.0	5.03380838361007	5.18866	1.1247713809467832	0.071200648019993	0.07344	0.008783480628157281
EX_glc__D_e_r	1000000000000.0	1.0	1000000000000.0	0.0	2.971470476939908	3.06305	0.6640775406480512	0.10077604701000292	0.10296	0.014835836377737189
EX_gluIN__L_e	913591254517.5	1.0	913591254517.5	0.0	0.019447598659996436	0.01841	0.011870378025750413	0.0034367779100034006	0.00293	0.0025274140709541527
EX_gluOUT__L_e	998311228111.5	1.0	998311228111.5	0.0	0.03946422028999984	0.0408	0.009700931274766277	0.00912290842999655	0.00923	0.0021712380077761966
EX_gln__L_e_r	997149977310.0	1.0	997149977310.0	0.0	0.6446640660700148	0.6639	0.14688733811766702	0.19990254498999255	0.20585	0.0253831228429967
EX_asp__L_e	620395434926.0	1.0	620395434926.0	0.0	0.03572197847999739	0.03877	0.01164481325808481	0.03032443377999897	0.03139	0.013233448291928494
DM_asp__L_e	647983652969.0	1.0	647983652969.0	0.0	2.3203520605298924	1.68721	2.1607007939949816	1.255883119700007	0.96001	1.056974961780414
EX_co2_e	531731426888.0	1.0	531731426888.0	0.0	143.57486231007638	141.581305	20.06695770375084	142.4752331729453	138.48820999999998	45.324424330686206
EX_h_e_f	472909861115.5	0.0	472909861115.5	1.0	244.51612355055926	247.79038500000001	133.289851441769	257.800076688956	257.318415	111.11181294664848
EX_h2o_e_f	529268518658.5	1.0	529268518658.5	0.0	268.32071083841504	259.72154	146.91068967272815	253.27234843219003	258.79229	151.90135218270336
EX_ump_e_r	428955866901.0	0.0	428955866901.0	1.0	0.001370616340000861	0.00116	0.0010349669683051366	0.0014952454600016347	0.00154	0.0007300381181175067
EX_pi_e_r	915096624836.5	1.0	915096624836.5	0.0	0.034466579409994404	0.0349	0.0058949722555713705	0.025276214040012235	0.02584	0.002493573752511561
EX_nh4_e	397205816333.0	0.0	397205816333.0	1.0	99.47196960835963	95.642575	22.45207258894163	123.0440227604311	117.609265	59.69427581180974
EX_o2_e_r	999681342520.5	1.0	999681342520.5	0.0	107.74274570437728	107.34026	12.030699749902185	64.34412954868917	64.4091	6.482967395750544
EX_arg__L_e_r	752262275506.0	1.0	752262275506.0	0.0	0.1016444664700029	0.10624	0.01772371550364376	0.08879581096999549	0.0917	0.011830597347199844
EX_pro__L_e	627598647281.0	1.0	627598647281.0	0.0	0.0062854332899975945	0.00596	0.0037982176305904427	0.004579413600001255	0.00422	0.0029554377576165125
EX_leu__L_e_r	937369414711.0	1.0	937369414711.0	0.0	0.023292355280009072	0.0237	0.003815981927285669	0.016456297049999978	0.01678	0.0016599315939616118
EX_ile__L_e_r	909843072443.0	1.0	909843072443.0	0.0	0.010966688789998368	0.01113	0.0018326947456020189	0.008166632669998002	0.00838	0.0007701006551388931
EX_met__L_e_r	680965330651.0	1.0	680965330651.0	0.0	0.008457049209997108	0.00853	0.0017330925144223074	0.0072244576499978725	0.00712	0.0018663964803576603
EX_gly_e_r	860672326714.0	1.0	860672326714.0	0.0	0.12140389962999865	0.11874	0.07029800403359646	0.03557497027000083	0.03768	0.01703077419255508
EX_phe__L_e_r	965090920082.0	1.0	965090920082.0	0.0	0.01648825499000071	0.01672	0.0027069276328892202	0.01011351958999733	0.00997	0.0019170838952960558
EX_ser__L_e_r	963073564403.0	1.0	963073564403.0	0.0	0.12392322609000311	0.12235	0.0728758880598396	0.009045683349993606	0.00688	0.007905217980451055
EX_ala__L_e_f	701689862767.0	1.0	701689862767.0	0.0	2.5263720516499726	1.91473	2.2098220957738968	1.162090567210021	0.86309	1.045774218228737
EX_ribflv_e	nan	nan	nan	nan	0.0	0.0	0.0	0.0	0.0	0.0
EX_asn__L_e	878769379424.5	1.0	878769379424.5	0.0	0.026257476139997887	0.02762	0.014157623562037463	0.006771673389995639	0.00688	0.003495948923242468
EX_fol_e_r	2986016361.0	0.0	2986016361.0	1.0	0.00017664419000036684	0.00019	5.049095947378611e-05	0.0012618705800014928	0.00126	0.0004541839431483661
EX_urea_e	65500000.0	0.0	65500000.0	1.0	0.0	0.0	0.0	0.025023122939997228	0.02174	0.01821330106650882
EX_pyr_e	982924517481.5	1.0	982924517481.5	0.0	0.22061434041999348	0.20426	0.14462339463382823	0.006030835969998696	0.00604	0.003548926451722904
PYRt2	982924517481.5	1.0	982924517481.5	0.0	0.22061434041999348	0.20426	0.14462339463382823	0.006030835969998696	0.00604	0.003548926451722904
EX_gudac_e	736293810620.0	1.0	736293810620.0	0.0	0.047205488669997936	0.0467	0.026007150103422572	0.026075980169996488	0.02314	0.01857906789352974
EX_hdca_e_f	917806582943.5	1.0	917806582943.5	0.0	2.1594030124900976	2.07593	1.034243532502731	0.6010548341000086	0.44904	0.5358010502936629
EX_ptrcIN_e	513496794013.5	1.0	513496794013.5	4.3895056987365074e-240	0.00027567956000052005	0.00028	0.0001408092320321834	0.00026972676000048656	0.00028	0.00013522323995991594
EX_ptrcOUT_e	736724914721.0	1.0	736724914721.0	0.0	0.03629347598999821	0.03304	0.024161675874418923	0.01745869072999598	0.01414	0.013837641504669597
EX_biomassx	909843489880.5	1.0	909843489880.5	0.0	0.038334609559993044	0.0389	0.006406276628537286	0.028546872400016323	0.0293	0.002691912837315934
EX_h2o2_e	562180812286.0	1.0	562180812286.0	0.0	0.5322589724499831	0.43089	0.42567549870418614	0.43257293225001375	0.34475	0.3510776797391881
EX_gthox_e	534350144576.5	1.0	534350144576.5	0.0	0.48008631872999147	0.39318	0.36509494867290065	0.43865835329001457	0.348385	0.3492501878488826
EX_2obut_e	8114710539.0	0.0	8114710539.0	1.0	0.002497611060002415	0.0021	0.001910784275071528	0.037611918410000535	0.03859	0.012629073443014916
EX_crn_e	999998211495.5	1.0	999998211495.5	0.0	19.14771640542024	19.42561	2.475789828638415	0.8041332015299965	0.8774	0.3519223500286165
EX_val__L_e_r	23299677292.0	0.0	23299677292.0	1.0	0.03555348764999575	0.03649	0.005905154835111537	0.08460959655000033	0.08889	0.020355403750735846
EX_spmd_e	116500000.0	0.0	116500000.0	1.0	0.0	0.0	0.0	0.01795735246999758	0.01441	0.014249395881299238
EX_sprm_e	130605693713.5	0.0	130605693713.5	1.0	0.002467469020003107	0.00263	0.0008608235773711582	0.011576081399995093	0.00976	0.008684907839397299
EX_5mthf_e	2986016361.0	0.0	2986016361.0	1.0	0.00017664419000036684	0.00019	5.049095947378611e-05	0.0012618705800014928	0.00126	0.0004541839431483661
EX_tmlys_e_r	999998211495.5	1.0	999998211495.5	0.0	19.14771640542024	19.42561	2.475789828638415	0.8041332015299965	0.8774	0.3519223500286165
EX_thbpt_e_r	969292958973.5	1.0	969292958973.5	0.0	0.006541715139999317	0.00663	0.0010607328528192427	0.0027065831300031023	0.00261	0.0016925977869494883
EX_CE2705_e	969292958973.5	1.0	969292958973.5	0.0	0.006541715139999317	0.00663	0.0010607328528192427	0.0027065831300031023	0.00261	0.0016925977869494883
EX_crtn_e	642844055247.0	1.0	642844055247.0	0.0	0.04066689101000008	0.03713	0.02620176162820298	0.027440958309999288	0.02406	0.01855040810972467
EX_his__L_e_r	457143008962.5	0.0	457143008962.5	1.0	0.06722492515999762	0.06412	0.04186454604377733	0.07368838073999764	0.07251	0.04330775982714324
EX_lys__L_e_r	374081952856.0	0.0	374081952856.0	1.0	0.03274340863999951	0.03262	0.007370343479223222	0.03852489572000138	0.0379	0.0129120137683102
EX_carn_e_r	999799854887.0	1.0	999799854887.0	0.0	24.63768657499003	24.364134999999997	3.002081828589362	12.000766981479412	12.150845	1.5667011526039016
EX_csn_e_r	157403805237.5	0.0	157403805237.5	1.0	13.854191649239814	11.70978	10.454313794990316	46.81346098868267	44.11522	29.821437636019493
EX_cys__L_e	81349341605.0	0.0	81349341605.0	1.0	0.025537802089996144	0.02548	0.016583093418940723	0.06927097684000093	0.07463	0.023553028850568394
EX_cyan_e_r	628330523067.5	1.0	628330523067.5	0.0	0.08926773256999639	0.08692	0.040827535190419	0.07089844702999809	0.06688	0.03745794724156903
EX_tcyntc	563268827667.0	1.0	563268827667.0	0.0	0.04047333844999714	0.03443	0.02997389135323379	0.034251361719997354	0.02722	0.027924979024685475
EX_tcynt_e	597727903163.5	1.0	597727903163.5	0.0	0.048794389469997	0.04099	0.036882729568712976	0.036647090889996375	0.02853	0.030830924177608212
EX_so3_e	129791880328.5	0.0	129791880328.5	1.0	0.032026379069999604	0.03325	0.011971651065388994	0.0794590808500005	0.07685	0.03955094617795108
EX_thr__L_e_r	24604189546.5	0.0	24604189546.5	1.0	0.01428501800999962	0.01472	0.0016072202701035289	0.04533695545999992	0.04618	0.012231522383741618
EX_trp__L_e_r	991073482945.5	1.0	991073482945.5	0.0	0.028203847209998	0.03018	0.011390306784324303	0.00191985867000224	0.00194	0.0006959513528071681
EX_anth_e	990689288350.5	1.0	990689288350.5	0.0	0.027379214369996366	0.02936	0.011390614925065864	0.0011926794200012689	0.00122	0.0006733952647363987
EX_tyr__L_e_r	534500000.0	0.0	534500000.0	1.0	0.0	0.0	0.0	0.002821518280003104	0.00272	0.001775100608249699
EX_cystinex_r	831561838265.5	1.0	831561838265.5	0.0	0.08450945338000278	0.08767	0.012748708826817813	0.06746312181999592	0.06949	0.013609019222098933
EX_3hydroxybutanoatex_r	315883165362.0	0.0	315883165362.0	1.0	10.218996973060156	9.14921	6.163011059703053	13.619769329839833	13.224885	5.105758262838757
EX_gthrd_e_r	528790656727.0	1.0	528790656727.0	0.0	0.9148299993500303	0.739635	0.7293021329607018	0.8436952776299743	0.6621	0.6993485506295336
EX_cmp_e_r	655050496203.5	1.0	655050496203.5	0.0	0.0009148386500008294	0.00088	0.0005827651010325909	0.0005969029900005551	0.00055	0.0003905195802192538
HEX1	607834538379.0	1.0	607834538379.0	0.0	15.316265944039554	11.90777	11.813692935752805	12.073710913279243	8.792265	11.053139307252486
G6PP	505141759608.5	1.0	505141759608.5	1.1293093973616791e-36	12.344795468999514	8.926565	11.808750788161419	11.972934861790694	8.69184	11.052671448789004
PGI	999522076078.5	1.0	999522076078.5	0.0	2.3071702210401637	2.38121	0.7723181972881193	0.04945800484999912	0.04872	0.02775826103859727
PFK	159859328185.5	0.0	159859328185.5	1.0	2.0668851979300644	1.983995	0.8763759254321477	10.56295754283981	7.8491	9.5004080494605
FBP	57697461991.5	0.0	57697461991.5	1.0	0.6913484826700143	0.617355	0.45050302393527153	10.536076134710097	7.82108	9.501475987697548
FBA	994665790792.5	1.0	994665790792.5	0.0	1.375536716409983	1.36631	0.7214319759790591	0.026881407849997492	0.02413	0.018382454540660533
TPI	1000000000000.0	1.0	1000000000000.0	0.0	2.7354794161300773	2.82269	0.6745954856865995	0.048211386689997235	0.04757	0.016861509904256815
GAPD	1000000000000.0	1.0	1000000000000.0	0.0	5.68511343286967	5.86407	1.3313474234270568	0.09579945506999833	0.09499	0.036388434608826105
PGK	993533046309.0	1.0	993533046309.0	0.0	3.1258719662300605	3.04405	1.847265894388145	0.04674817115999743	0.04052	0.03413018541613049
DPGM	988465337138.0	1.0	988465337138.0	0.0	2.5592414660200276	2.354125	1.7098929990338678	0.049051281349997575	0.04306	0.034894580191262174
DPGase	988465337138.0	1.0	988465337138.0	0.0	2.5592414660200276	2.354125	1.7098929990338678	0.049051281349997575	0.04306	0.034894580191262174
PGM_f	1000000000000.0	1.0	1000000000000.0	0.0	7.034490039120347	7.13644	1.5075386991914854	0.404159662709987	0.41469	0.17975725643643437
ENO_f	995408605143.0	1.0	995408605143.0	0.0	7.162291527340308	7.7186	2.464426107785622	0.4343408520900167	0.44769	0.19394980523317817
PYK	20213.0	0.0	20213.0	1.0	4.02961459616007	4.223205	1.7827893207539092	41.83166509756012	38.948835	16.082995650322804
LDH_L	1000000000000.0	1.0	1000000000000.0	0.0	5.03380838361007	5.18866	1.1247713809467832	0.071200648019993	0.07344	0.008783480628157281
r0407	993717167027.5	1.0	993717167027.5	0.0	1.3599427052499904	1.29936	0.8141157433726907	0.021329985229996323	0.01819	0.015770510107881747
PRPPS	12080722123.0	0.0	12080722123.0	1.0	0.01128700457999879	0.01137	0.002318255937028277	0.0453320443599985	0.04347	0.01890484703786471
G6PDH2r	962531698713.5	1.0	962531698713.5	0.0	0.6537508008999801	0.61822	0.4103764712187031	0.04346211127000052	0.04143	0.028058172250732993
PGL	962531698713.5	1.0	962531698713.5	0.0	0.6537508008999801	0.61822	0.4103764712187031	0.04346211127000052	0.04143	0.028058172250732993
GND	962531698713.5	1.0	962531698713.5	0.0	0.6537508008999801	0.61822	0.4103764712187031	0.04346211127000052	0.04143	0.028058172250732993
RPI	905222643889.5	1.0	905222643889.5	0.0	0.22544160457999726	0.21343	0.13679716673891648	0.044708738779999285	0.04398	0.015213402434194563
TKT2_f	976821705048.5	1.0	976821705048.5	0.0	0.4922640416099877	0.48153	0.18685817560944581	0.11562137763999701	0.11463	0.06268426627614235
RPE_f	965766910509.0	1.0	965766910509.0	0.0	0.6970548594199808	0.67677	0.32122486569001624	0.14834869076999796	0.15335	0.07515498127924586
TKT1_f	973625719880.5	1.0	973625719880.5	0.0	0.478809891140017	0.4741	0.1788086201678666	0.12050769742000043	0.12338	0.04568098458112426
TALA_f	839242056783.5	1.0	839242056783.5	0.0	0.7061245442800095	0.602635	0.49893314181043935	0.16404857833999814	0.16279	0.0724736347556049
r0408	993717167027.5	1.0	993717167027.5	0.0	1.3599427052499904	1.29936	0.8141157433726907	0.021329985229996323	0.01819	0.015770510107881747
PDHm	999985114643.5	1.0	999985114643.5	0.0	28.381143964290505	28.402805	4.232621575426748	6.867177641619801	6.83355	1.9986453740116688
PCm	353879926960.0	0.0	353879926960.0	1.0	84.60051241368075	80.60692499999999	38.07050809464291	97.17702477839094	96.51966	15.98448377612006
PEPCK_re	0.0	0.0	0.0	1.0	0.0	0.0	0.0	42.935847282052045	40.004745	16.040942793249613
CSm	898726941410.0	1.0	898726941410.0	0.0	53.6064607517898	52.374085	12.079033719886546	34.14833796840101	33.33410000000001	9.747726259972879
ACONTm_f	276996704134.0	0.0	276996704134.0	1.0	16.35860198185036	15.165495	10.36216515827596	27.838192390509686	27.779305	14.906149513812004
ICDHxm	272347174015.5	0.0	272347174015.5	1.0	16.985647747809974	12.80873	14.932281748716376	39.25065856912013	31.431855	32.17147271437277
ICDHym_f	27246473634.0	0.0	27246473634.0	1.0	9.580706432739987	9.373664999999999	6.023634463832706	121.40040822782021	121.75173000000001	67.05491792817311
AKGDm	2544841642.0	0.0	2544841642.0	1.0	8.061102125370004	6.85459	5.983693315099032	37.044459800939535	36.447345	8.135263667173163
SUCOAS1m_f	502637268609.0	0.999999999947635	502637268609.0	5.2365056695514796e-11	81.21258170756734	86.43799000000001	45.64477666952136	82.14576011105764	80.099955	32.857321412882875
SUCD1m	768010569262.0	1.0	768010569262.0	0.0	46.38096307925198	45.930904999999996	6.241553145825948	38.7289249702196	38.14148	8.13845789084486
FUMm_f	735379227792.0	1.0	735379227792.0	0.0	230.70426040283598	252.91583	109.8092722328396	146.00027454905072	148.126595	76.65553084417189
MDHm_f	434663820841.5	0.0	434663820841.5	1.0	146.91861725484088	129.11121500000002	102.13159657467423	176.0050907273924	151.25482499999998	120.11166134734
ME1m	856329692160.5	1.0	856329692160.5	0.0	58.84462565942161	52.99604	39.71640602474214	15.93513710478045	12.828479999999999	12.835081577304084
ME2m	272275231199.0	0.0	272275231199.0	1.0	11.745299690620667	11.870915	6.697754431169868	23.994162731150723	22.14839	15.734953084949021
ME2	572000758553.5	1.0	572000758553.5	0.0	24.65494647566102	22.179005	16.394376039631457	21.404887793719887	16.84483	17.365345700116844
ACITL	968729599585.0	1.0	968729599585.0	0.0	22.13052599806015	21.61748	8.547439721985715	4.873068023649844	3.65728	4.286328680068148
FUM_f	385418268517.0	0.0	385418268517.0	1.0	128.16325425429167	118.83928	51.45581436404614	140.08007610029065	141.03814	26.18629698897453
MDH_f	857579127660.0	1.0	857579127660.0	0.0	256.1411454507647	270.24131	132.35102355936286	83.40011239950167	71.511665	57.94723373865433
AKGMALtm_f	100672231219.0	0.0	100672231219.0	1.0	83.18628526664895	84.00135499999999	40.990756349534024	250.34474452929658	248.610665	118.97036996808191
ACONT	390090226986.0	0.0	390090226986.0	1.0	66.03249142494866	66.71012999999999	22.102800565233547	79.89401297109218	78.95680999999999	36.70192726497745
ICDHyr	390090226986.0	0.0	390090226986.0	1.0	66.03249142494866	66.71012999999999	22.102800565233547	79.89401297109218	78.95680999999999	36.70192726497745
PPA	493419050012.0	9.235623466592659e-59	493419050012.0	1.0	23.44612318659058	22.738455000000002	8.507410348153433	23.410638642190037	23.11288	7.749347967478459
Complex1ROS	702250827211.0	1.0	702250827211.0	0.0	77.85415494077397	76.93417	15.378475170558339	66.17607536410092	67.878345	13.82262974440658
FADH2ETC	569631041122.5	1.0	569631041122.5	0.0	60.77712920776958	59.378385	11.589474951427771	58.96330169218899	55.663885	19.57849525496005
CYOR_u10mi	710645431934.5	1.0	710645431934.5	0.0	134.74060332863115	132.99698	18.278935416848658	121.8315749916283	121.790255	12.800134544510243
CYOOm2i	710645431453.5	1.0	710645431453.5	0.0	67.3703016610393	66.49849	9.139467710368313	60.91578749764931	60.895129999999995	6.400067275296502
ATPS4mi	826229081910.5	1.0	826229081910.5	0.0	221.29893212625728	218.25433500000003	34.39269484041753	186.7121666350348	190.178905	12.9489392050875
GLUCYS	602745604247.0	1.0	602745604247.0	0.0	0.04534264149999742	0.03826	0.03431826107320723	0.03362142596999666	0.02616	0.02919399955812592
GTHS	602745604247.0	1.0	602745604247.0	0.0	0.04534264149999742	0.03826	0.03431826107320723	0.03362142596999666	0.02616	0.02919399955812592
SPODMm	702250829229.0	1.0	702250829229.0	0.0	1.9463538725900034	1.92335	0.38446187742261423	1.6544018815999566	1.69696	0.3455657458473702
GTHPi	696792949252.5	1.0	696792949252.5	0.0	0.04938711590000018	0.04902	0.02609490804477751	0.03181767217999779	0.03052	0.01809395930322579
GTHPm	611807333154.0	1.0	611807333154.0	0.0	1.4140948942199643	1.41514	0.472252556266198	1.2218289560800148	1.24096	0.42606004484875015
GDR	650410913759.5	1.0	650410913759.5	0.0	0.043920457519998735	0.03897	0.030716271397400068	0.02805527333999747	0.02402	0.02074418424471188
GTHOr	612901114941.0	1.0	612901114941.0	0.0	0.039494758519998514	0.03401	0.028900142148114507	0.027732316489997612	0.02379	0.020535267739675237
GDRm	486308806381.5	7.099277274886214e-247	486308806381.5	1.0	0.41399275912999245	0.31966	0.35789581938293596	0.42208490245000724	0.34114	0.33622834351541026
GTHOm	619668199155.5	1.0	619668199155.5	0.0	0.520015813540004	0.43618	0.400780450817627	0.36108569923000783	0.2772	0.30746933024264705
r0885	534350145517.5	1.0	534350145517.5	0.0	0.9601726389799982	0.78635	0.730189908911423	0.877316700069996	0.69677	0.6985003784318085
PYRt2m_f	877935496902.0	1.0	877935496902.0	0.0	166.41150065145192	167.42145	62.076779128882556	84.04798168646883	82.486565	22.892666243706902
HMR_4964	532707400907.0	1.0	532707400907.0	0.0	88.16301741701275	88.488485	27.208802780752816	84.76708099562995	83.58935	37.25119374529522
r2420	936562444453.5	1.0	936562444453.5	0.0	117.98806664822234	119.540325	31.91209310730571	54.20866454432107	57.935625	26.08916707375444
ATPtm	969974587238.5	1.0	969974587238.5	0.0	136.68870789057817	137.44111	21.18697285320443	89.51425817327426	91.99996999999999	13.76238040656913
FUMtm_f	360748803035.5	0.0	360748803035.5	1.0	18.14539447084991	16.340305	12.104194258619302	29.700808545180504	25.184359999999998	21.66008167653444
CO2tm_f	336587784571.0	0.0	336587784571.0	1.0	166.79746638329317	166.3867	85.37067531886697	218.41613874793512	223.747375	83.00858221709633
O2tm	714728823396.0	1.0	714728823396.0	0.0	69.31665553938963	68.40014	9.440077065831522	62.570189379841736	62.613505	6.360924076872844
r0801_f	348745587605.5	0.0	348745587605.5	1.0	93.03045662519263	93.84638000000001	52.03842093208695	120.44517548151286	126.975735	45.37082417864531
THD1m	798136172835.5	1.0	798136172835.5	0.0	184.84867949259655	180.002635	88.01641624610144	97.17963844274732	102.07168999999999	32.725802903765945
H2Otm_f	154394410578.5	0.0	154394410578.5	1.0	7.540273229919788	6.610145	5.433303765297347	30.860644353469567	27.507645	21.469884670681846
NH4tm_f	493659442844.5	1.0679831944739509e-54	493659442844.5	1.0	97.17756667171824	95.361625	57.427802583491705	98.26470951318109	98.400395	51.33846844347369
HCO3E	968719157097.0	1.0	968719157097.0	0.0	19.36093429129136	18.91197	7.478923581094402	4.2618055036800735	3.1979550000000003	3.750596769363652
HCO3Em	353790036629.0	0.0	353790036629.0	1.0	84.6101541715606	80.61605499999999	38.07019422916817	97.19760688152866	96.53930500000001	15.987264062331102
GLUN	579536469599.5	1.0	579536469599.5	0.0	14.359501957900113	10.723425	12.706169450650451	11.083973284110158	7.818910000000001	10.83111187587129
GLNS	470607188500.5	0.0	470607188500.5	1.0	16.168747079599953	12.73557	12.713346375480123	16.29748053112985	13.842759999999998	10.97121421155734
GLUt2m	579634551922.5	1.0	579634551922.5	0.0	1.7091962391700608	1.25761	1.536841989502108	1.2591711853599916	0.92604	1.1545492341384627
GLNtm_1	617711065239.5	1.0	617711065239.5	0.0	1.8102518260100215	1.33733	1.6412592158681847	1.1436251752700166	0.86062	1.0220897251261865
GLUNm	617711065239.5	1.0	617711065239.5	0.0	1.8102518260100215	1.33733	1.6412592158681847	1.1436251752700166	0.86062	1.0220897251261865
GLUPRT	909835222000.5	1.0	909835222000.5	0.0	0.004325134450003742	0.00439	0.000722802503846047	0.003220836870004717	0.00331	0.00030373881906324725
PRAGSr	909835222000.5	1.0	909835222000.5	0.0	0.004325134450003742	0.00439	0.000722802503846047	0.003220836870004717	0.00331	0.00030373881906324725
GARFT	909835222000.5	1.0	909835222000.5	0.0	0.004325134450003742	0.00439	0.000722802503846047	0.003220836870004717	0.00331	0.00030373881906324725
PRFGS	909835222000.5	1.0	909835222000.5	0.0	0.004325134450003742	0.00439	0.000722802503846047	0.003220836870004717	0.00331	0.00030373881906324725
PRAIS	909835222000.5	1.0	909835222000.5	0.0	0.004325134450003742	0.00439	0.000722802503846047	0.003220836870004717	0.00331	0.00030373881906324725
AIRCr	909835222000.5	1.0	909835222000.5	0.0	0.004325134450003742	0.00439	0.000722802503846047	0.003220836870004717	0.00331	0.00030373881906324725
PRASCSi	909835222000.5	1.0	909835222000.5	0.0	0.004325134450003742	0.00439	0.000722802503846047	0.003220836870004717	0.00331	0.00030373881906324725
ADSL2r	909835222000.5	1.0	909835222000.5	0.0	0.004325134450003742	0.00439	0.000722802503846047	0.003220836870004717	0.00331	0.00030373881906324725
AICART	909835222000.5	1.0	909835222000.5	0.0	0.004325134450003742	0.00439	0.000722802503846047	0.003220836870004717	0.00331	0.00030373881906324725
IMPC	909835222000.5	1.0	909835222000.5	0.0	0.004325134450003742	0.00439	0.000722802503846047	0.003220836870004717	0.00331	0.00030373881906324725
ADSS	909822687740.5	1.0	909822687740.5	0.0	0.0025611763000032753	0.0026	0.00042802032021798314	0.001907263459999818	0.00196	0.00017989043251161746
ADSL1r	909822687740.5	1.0	909822687740.5	0.0	0.0025611763000032753	0.0026	0.00042802032021798314	0.001907263459999818	0.00196	0.00017989043251161746
IMPDH2	909815941344.0	1.0	909815941344.0	0.0	0.0017639665400021934	0.00179	0.00029480008254341997	0.001313586550002824	0.00135	0.00012389878252041904
GMPS	648036804630.0	1.0	648036804630.0	0.0	0.0009528907200010287	0.00096	0.0005371370175791721	0.000679654770000745	0.00069	0.0003870961412359835
GMPS2	585733431213.0	1.0	585733431213.0	0.0	0.0008110718000007088	0.00075	0.0005356016179154327	0.0006339328400005392	0.00061	0.00038579881416383663
GK1	909815941344.0	1.0	909815941344.0	0.0	0.0017639665400021934	0.00179	0.00029480008254341997	0.001313586550002824	0.00135	0.00012389878252041904
RNDR2	909202172948.5	1.0	909202172948.5	0.0	0.0003794310500004933	0.00038	6.347424851761267e-05	0.0002825849900023567	0.00029	2.6813023806139628e-05
ADK1	493400330209.5	4.393093212099706e-59	493400330209.5	1.0	23.44399197801937	22.736514999999997	8.50741678535988	23.409051576899962	23.111255	7.74934865294966
RNDR1	909652192445.0	1.0	909652192445.0	0.0	0.0005053665900005549	0.00051	8.4507828947023e-05	0.0003762696999999811	0.00039	3.554300107227754e-05
CBPS	767577133166.5	1.0	767577133166.5	0.0	0.0020269303900023418	0.00201	0.001120333113292542	0.0010016927900007347	0.00087	0.0007327012503154731
ASPCT	767577133166.5	1.0	767577133166.5	0.0	0.0020269303900023418	0.00201	0.001120333113292542	0.0010016927900007347	0.00087	0.0007327012503154731
DHORTS	767577133166.5	1.0	767577133166.5	0.0	0.0020269303900023418	0.00201	0.001120333113292542	0.0010016927900007347	0.00087	0.0007327012503154731
DHORD9	767577133166.5	1.0	767577133166.5	0.0	0.0020269303900023418	0.00201	0.001120333113292542	0.0010016927900007347	0.00087	0.0007327012503154731
ORPT	767577133166.5	1.0	767577133166.5	0.0	0.0020269303900023418	0.00201	0.001120333113292542	0.0010016927900007347	0.00087	0.0007327012503154731
OMPDC	767577133166.5	1.0	767577133166.5	0.0	0.0020269303900023418	0.00201	0.001120333113292542	0.0010016927900007347	0.00087	0.0007327012503154731
UMPK	828469627983.0	1.0	828469627983.0	0.0	0.0033975454800041784	0.00337	0.0007860231141411899	0.0024969500600030494	0.00251	0.0004801849662819777
RNDR4	925539629363.5	1.0	925539629363.5	0.0	0.0004051713100004898	0.00041	0.00010232148905555746	0.0001842312500002791	0.00018	0.00010752545645185834
TMDS	925539629363.5	1.0	925539629363.5	0.0	0.0004051713100004898	0.00041	0.00010232148905555746	0.0001842312500002791	0.00018	0.00010752545645185834
URIDK2r	925539629363.5	1.0	925539629363.5	0.0	0.0004051713100004898	0.00041	0.00010232148905555746	0.0001842312500002791	0.00018	0.00010752545645185834
NDPK2	772672026066.0	1.0	772672026066.0	0.0	0.002992373920003745	0.00296	0.0007313651447796932	0.0023127075000028436	0.00233	0.00045036153351419325
NDPK3_f	3485260076.0	0.0	3485260076.0	1.0	0.0010328556800011897	0.00106	0.0003223440581073846	0.004055416770004622	0.00413	0.0011386561456557217
CYTK1_r	655050496203.5	1.0	655050496203.5	0.0	0.0009148386500008294	0.00088	0.0005827651010325909	0.0005969029900005551	0.00055	0.0003905195802192538
CTPS1	574295842480.0	1.0	574295842480.0	0.0	0.0009435364700009084	0.00092	0.0005711130462965127	0.0007869920300007428	0.00082	0.00039706948117496907
RNDR3	908959814376.0	1.0	908959814376.0	0.0	0.0003619555400003932	0.00037	6.055291842657302e-05	0.00026961464000127783	0.00028	2.5680914258984357e-05
GDHm	903070288708.5	1.0	903070288708.5	0.0	148.0621957454347	141.96899000000002	85.53239685464332	33.4343928125991	27.62602	25.984016826986647
GLUDym_f	843139804905.0	1.0	843139804905.0	0.0	226.0740627636552	219.954085	94.22802186938232	114.91119122965341	114.24018000000001	51.448087157853
ASPTA_f	678413621852.5	1.0	678413621852.5	0.0	157.4939064452054	149.289305	77.23865922995611	110.70679467731102	106.815315	47.272562373831
ASPTAm	60653996306.5	0.0	60653996306.5	1.0	19.286584903820508	15.081375	16.180532418204425	80.35038965539287	76.026255	39.27863486015387
ASPGLUm	60725363041.5	0.0	60725363041.5	1.0	19.2693103490212	15.06242	16.180711122490962	80.31501220163216	75.99242000000001	39.279179433306886
ASPT	576644415951.0	1.0	576644415951.0	0.0	1.7192116223299254	1.25508	1.6075827846410087	1.3226812727499762	0.91153	1.3325598104013516
CBPSam	nan	nan	nan	nan	0.0	0.0	0.0	0.0	0.0	0.0
OCBTm	nan	nan	nan	nan	0.0	0.0	0.0	0.0	0.0	0.0
ORNt4m	nan	nan	nan	nan	0.0	0.0	0.0	0.0	0.0	0.0
ARGSS	565215743556.5	1.0	565215743556.5	0.0	1.3729213658800563	1.0119799999999999	1.255578226376931	1.0751799283099737	0.7857	0.9898207848978816
ARGSL	565215743556.5	1.0	565215743556.5	0.0	1.3729213658800563	1.0119799999999999	1.255578226376931	1.0751799283099737	0.7857	0.9898207848978816
ARGN	65500000.0	0.0	65500000.0	1.0	0.0	0.0	0.0	0.025023122939997228	0.02174	0.01821330106650882
ORNDC	705052966970.0	1.0	705052966970.0	0.0	0.08787237608999812	0.09237	0.017882598151249596	0.07854006399000647	0.08143	0.011759054161714967
SPMS	1652396064.0	0.0	1652396064.0	1.0	0.002467469020003107	0.00263	0.0008608235773711582	0.02953344296000078	0.02765	0.014307933391184136
SPRMS	130605693713.5	0.0	130605693713.5	1.0	0.002467469020003107	0.00263	0.0008608235773711582	0.011576081399995093	0.00976	0.008684907839397299
ADMDC	4293954413.0	0.0	4293954413.0	1.0	0.004934939600001893	0.00526	0.001721635029785013	0.041109517790000015	0.03924	0.018900903585482194
MTAP	4293954413.0	0.0	4293954413.0	1.0	0.004934939600001893	0.00526	0.001721635029785013	0.041109517790000015	0.03924	0.018900903585482194
ADPT	4293954413.0	0.0	4293954413.0	1.0	0.004934939600001893	0.00526	0.001721635029785013	0.041109517790000015	0.03924	0.018900903585482194
MTRI	4293954413.0	0.0	4293954413.0	1.0	0.004934939600001893	0.00526	0.001721635029785013	0.041109517790000015	0.03924	0.018900903585482194
MDRPD	4293954413.0	0.0	4293954413.0	1.0	0.004934939600001893	0.00526	0.001721635029785013	0.041109517790000015	0.03924	0.018900903585482194
DKMPPD	4293954413.0	0.0	4293954413.0	1.0	0.004934939600001893	0.00526	0.001721635029785013	0.041109517790000015	0.03924	0.018900903585482194
SPMDtex2	116500000.0	0.0	116500000.0	1.0	0.0	0.0	0.0	0.01795735246999758	0.01441	0.014249395881299238
SPRMti	130605693713.5	0.0	130605693713.5	1.0	0.002467469020003107	0.00263	0.0008608235773711582	0.011576081399995093	0.00976	0.008684907839397299
GLYAMDTRc	900316191240.5	1.0	900316191240.5	0.0	0.08787237608999812	0.09237	0.017882598151249596	0.053516938900001684	0.0547	0.019206041054194243
ARGDr	565215743556.5	1.0	565215743556.5	0.0	1.3729213658800563	1.0119799999999999	1.255578226376931	1.0751799283099737	0.7857	0.9898207848978816
r0074_f	56275899189.0	0.0	56275899189.0	1.0	0.015889028420000274	0.01631	0.0044217471948185295	0.07871011543999673	0.07879	0.04090901877497147
GLU5SAtmc_f	443201128334.5	0.0	443201128334.5	1.0	0.08055295046000026	0.07614	0.04423130752401887	0.08795698882999488	0.08667	0.03356844030372524
G5SADs_f	11198938846.5	0.0	11198938846.5	1.0	0.015095398720001768	0.01547	0.004531062242427858	0.08795698882999488	0.08667	0.03356844030372524
PRO1x	668411902335.0	1.0	668411902335.0	0.0	0.004833349170002092	0.00419	0.0035374923171094634	0.002824516070003102	0.00225	0.0023223974499508773
P5CR	502307677322.0	0.9999999920996052	502307677322.0	7.900394899328311e-09	0.0046936261400013935	0.00396	0.003539964378755743	0.004371186660004086	0.00416	0.0026994852028965274
PROD2	nan	nan	nan	nan	0.0	0.0	0.0	0.0	0.0	0.0
EXRiboflavin	nan	nan	nan	nan	0.0	0.0	0.0	0.0	0.0	0.0
RBFK	nan	nan	nan	nan	0.0	0.0	0.0	0.0	0.0	0.0
FMNAT	nan	nan	nan	nan	0.0	0.0	0.0	0.0	0.0	0.0
TransportFAD	nan	nan	nan	nan	0.0	0.0	0.0	0.0	0.0	0.0
ASNS1	120227202290.0	0.0	120227202290.0	1.0	0.6171411005600136	0.48548	0.493028850095098	4.233338898400034	3.1490650000000002	3.815020081198273
ASNN	123460162153.0	0.0	123460162153.0	1.0	0.6326869331900236	0.49914	0.4931480529089883	4.232133867740056	3.1478200000000003	3.815183131006078
METS	493657741756.0	1.0007824965749162e-54	493657741756.0	1.0	4.777082373179952	3.4641849999999996	4.392029175123807	4.724291047230048	3.61671	4.11759325871294
METAT	490027035156.5	4.2415700605783125e-132	490027035156.5	1.0	4.784608467889987	3.47153	4.3920383169935135	4.768256844500079	3.66082	4.117830614411608
HMR_3915	492350632320.0	1.2348851277259169e-78	492350632320.0	1.0	4.73900663506989	3.427595	4.3906694035178635	4.699706360399906	3.59188	4.117019044806186
AHCi	493627705907.0	3.1676952484784475e-55	493627705907.0	1.0	4.77967353158986	3.4667	4.39205484374742	4.7271473214699204	3.619485	4.11755062264885
ADNK1	493627705907.0	3.1676952484784475e-55	493627705907.0	1.0	4.77967353158986	3.4667	4.39205484374742	4.7271473214699204	3.619485	4.11755062264885
CYSTS	465965474710.0	0.0	465965474710.0	1.0	0.002591159150002833	0.00266	0.0012511489067431206	0.0028562757600030767	0.00275	0.0018135201015958776
CYSTGL	465965474710.0	0.0	465965474710.0	1.0	0.002591159150002833	0.00266	0.0012511489067431206	0.0028562757600030767	0.00275	0.0018135201015958776
MTHFR3	632296610633.0	1.0	632296610633.0	0.0	0.03825242153999806	0.03464	0.02616091174779936	0.025846554239997377	0.02251	0.018428791783937633
MetSynthesis	91776421548.5	0.0	91776421548.5	1.0	0.002531036980002685	0.0022	0.0018221135490334604	0.01906225924999555	0.0153	0.015469271601225009
UNK3	67993945037.5	0.0	67993945037.5	1.0	0.0024038971000020907	0.00197	0.001805905850566256	0.022047261449997017	0.01861	0.016424277297627757
5MTHFt	2986016361.0	0.0	2986016361.0	1.0	0.00017664419000036684	0.00019	5.049095947378611e-05	0.0012618705800014928	0.00126	0.0004541839431483661
ILETA	nan	nan	nan	nan	0.0	0.0	0.0	0.0	0.0	0.0
3MOPt2im	nan	nan	nan	nan	0.0	0.0	0.0	0.0	0.0	0.0
ILETAm	nan	nan	nan	nan	0.0	0.0	0.0	0.0	0.0	0.0
LEUTA	986664273947.5	1.0	986664273947.5	0.0	0.001258200390001063	0.00109	0.0009173374955882844	2.4013189999774782e-05	2e-05	1.4507240140134019e-05
4MOPt2im	986664273947.5	1.0	986664273947.5	0.0	0.001258200390001063	0.00109	0.0009173374955882844	2.4013189999774782e-05	2e-05	1.4507240140134019e-05
LEUTAm	585144155395.0	1.0	585144155395.0	0.0	0.0011209355800010509	0.00097	0.0008379671866368205	0.0008587136800008142	0.00072	0.0006474059422921279
OIVD1m	890269820386.5	1.0	890269820386.5	0.0	0.0023791400700027094	0.00235	0.0010088692288089914	0.0008827302700009707	0.00075	0.0006483938563405993
ACOAD8m	890269820386.5	1.0	890269820386.5	0.0	0.0023791400700027094	0.00235	0.0010088692288089914	0.0008827302700009707	0.00075	0.0006483938563405993
MCCCrm	890269820386.5	1.0	890269820386.5	0.0	0.0023791400700027094	0.00235	0.0010088692288089914	0.0008827302700009707	0.00075	0.0006483938563405993
MGCHrm	890269820386.5	1.0	890269820386.5	0.0	0.0023791400700027094	0.00235	0.0010088692288089914	0.0008827302700009707	0.00075	0.0006483938563405993
HMGCOAtm	712493299994.0	1.0	712493299994.0	0.0	0.0023917122700027756	0.00236	0.001007971592375974	0.0016549931500018983	0.00163	0.0007475953107475791
VALTA	997296882052.5	1.0	997296882052.5	0.0	0.012358165349996404	0.01215	0.0072313767205117695	6.747574000016322e-05	7e-05	4.021108464574298e-05
3MOBt2im	997296882052.5	1.0	997296882052.5	0.0	0.012358165349996404	0.01215	0.0072313767205117695	6.747574000016322e-05	7e-05	4.021108464574298e-05
VALTAim	3884697616.5	0.0	3884697616.5	1.0	0.009678269969995584	0.0082	0.007204190957343774	0.07447628688000282	0.07875	0.020306820687302603
OIVD2m	15375634493.0	0.0	15375634493.0	1.0	0.022036435690009078	0.02326	0.005354804676821612	0.07454377224999624	0.07882	0.020307648960342397
ACOAD9m	15375634493.0	0.0	15375634493.0	1.0	0.022036435690009078	0.02326	0.005354804676821612	0.07454377224999624	0.07882	0.020307648960342397
ECOAH12m	15375634493.0	0.0	15375634493.0	1.0	0.022036435690009078	0.02326	0.005354804676821612	0.07454377224999624	0.07882	0.020307648960342397
3HBCOAHLm	15375634493.0	0.0	15375634493.0	1.0	0.022036435690009078	0.02326	0.005354804676821612	0.07454377224999624	0.07882	0.020307648960342397
HIBDm	15375634493.0	0.0	15375634493.0	1.0	0.022036435690009078	0.02326	0.005354804676821612	0.07454377224999624	0.07882	0.020307648960342397
r0643	176648250236.0	0.0	176648250236.0	1.0	0.009255345979993689	0.00831	0.006241118879052862	0.03096294594999703	0.02738	0.021582458710895838
MMSAD1m	198928496935.5	0.0	198928496935.5	1.0	0.00487090783000126	0.00405	0.003683549549563071	0.018044374569995535	0.01438	0.014518126084790979
MMTSADm	208221028892.5	0.0	208221028892.5	1.0	0.007910180949999132	0.007	0.005614737833990424	0.025536445669997385	0.02133	0.019678460498262797
PCC	224935122964.5	0.0	224935122964.5	1.0	0.007262619629998137	0.00651	0.0036583023164336874	0.01969936768999779	0.01607	0.014505741714282767
MMALH	176648250236.0	0.0	176648250236.0	1.0	0.009255345979993689	0.00831	0.006241118879052862	0.03096294594999703	0.02738	0.021582458710895838
MMEm	70895141362.0	0.0	70895141362.0	1.0	0.01651797123000035	0.01632	0.006202925966048445	0.05066231921000107	0.05057	0.022090300405122353
MMMm	17149680182.0	0.0	17149680182.0	1.0	0.024428152210010167	0.02557	0.005418345395712244	0.0761987740500019	0.08053	0.0204178425753877
ILEtmi	nan	nan	nan	nan	0.0	0.0	0.0	0.0	0.0	0.0
LEUt5m	585144155395.0	1.0	585144155395.0	0.0	0.0011209355800010509	0.00097	0.0008379671866368205	0.0008587136800008142	0.00072	0.0006474059422921279
VALt5m	3884697616.5	0.0	3884697616.5	1.0	0.009678269969995584	0.0082	0.007204190957343774	0.07447628688000282	0.07875	0.020306820687302603
PGCD	604485283971.5	1.0	604485283971.5	0.0	1.6554988421299768	1.34642	1.3163334340184056	1.199981634470016	0.88791	1.0786434583706144
PSERT	604485283971.5	1.0	604485283971.5	0.0	1.6554988421299768	1.34642	1.3163334340184056	1.199981634470016	0.88791	1.0786434583706144
PSP_L	604485283971.5	1.0	604485283971.5	0.0	1.6554988421299768	1.34642	1.3163334340184056	1.199981634470016	0.88791	1.0786434583706144
GHMT2r_f	616853693401.5	1.0	616853693401.5	0.0	51.44170179284018	50.626635	30.574669766361914	38.924251571939706	37.497085	23.811808777521264
SERD_L	999994384279.0	1.0	999994384279.0	0.0	20.872705583000364	21.03064	2.938283318918941	1.9289310019600021	1.66096	1.1316739102811526
ALATA_L_f	700781355499.5	1.0	700781355499.5	0.0	2.52664845062002	1.914675	2.2094743528737264	1.1661937486099627	0.86717	1.0462806393406763
r1435	128470716928.0	0.0	128470716928.0	1.0	5.908112000013098e-05	5e-05	4.6241468378736844e-05	0.00028693392000037765	0.00025	0.00020605484515552063
GLYtm_r	128470716928.0	0.0	128470716928.0	1.0	5.908112000013098e-05	5e-05	4.6241468378736844e-05	0.00028693392000037765	0.00025	0.00020605484515552063
GHMT2rm	128470716928.0	0.0	128470716928.0	1.0	5.908112000013098e-05	5e-05	4.6241468378736844e-05	0.00028693392000037765	0.00025	0.00020605484515552063
MLTHFtm_r	29832721205.0	0.0	29832721205.0	1.0	0.00012919280000018823	0.00013	5.5761591956388276e-05	0.0005885284200007699	0.00061	0.00022632076412357086
r0962	29832721205.0	0.0	29832721205.0	1.0	0.00012919280000018823	0.00013	5.5761591956388276e-05	0.0005885284200007699	0.00061	0.00022632076412357086
FORtm_r	141694031085.0	0.0	141694031085.0	1.0	7.001958000017921e-05	6e-05	5.057915751446996e-05	0.000301572830000352	0.00026	0.00021254730410471097
r0514	29832721205.0	0.0	29832721205.0	1.0	0.00012919280000018823	0.00013	5.5761591956388276e-05	0.0005885284200007699	0.00061	0.00022632076412357086
DHFRim	29832721205.0	0.0	29832721205.0	1.0	0.00012919280000018823	0.00013	5.5761591956388276e-05	0.0005885284200007699	0.00061	0.00022632076412357086
FTHFLmi	141694031085.0	0.0	141694031085.0	1.0	7.001958000017921e-05	6e-05	5.057915751446996e-05	0.000301572830000352	0.00026	0.00021254730410471097
MTHFCm	141694031085.0	0.0	141694031085.0	1.0	7.001958000017921e-05	6e-05	5.057915751446996e-05	0.000301572830000352	0.00026	0.00021254730410471097
MTHFDm	141694031085.0	0.0	141694031085.0	1.0	7.001958000017921e-05	6e-05	5.057915751446996e-05	0.000301572830000352	0.00026	0.00021254730410471097
FOLR2	34090897573.5	0.0	34090897573.5	1.0	4.7420710000036116e-05	4e-05	3.972998290434773e-05	0.0006733451800006706	0.00068	0.00037803386393303866
DHFR	195658580947.5	0.0	195658580947.5	1.0	0.0004526686100005581	0.00045	0.00011508529560845496	0.0008575869000009945	0.00086	0.00039215561137700673
FTHFLi	360636181601.0	0.0	360636181601.0	1.0	0.03334072567999895	0.03523	0.011608466139385544	0.042930341170001704	0.04104	0.018932361494477575
FTHFDH	5505289612.0	0.0	5505289612.0	1.0	2.653774136950064	2.17249	2.100531513557651	10.443313904060094	10.79417	1.2042626937598346
MTHFC_f	791309927401.0	1.0	791309927401.0	0.0	0.26206675769000815	0.25192	0.14774497966697922	0.1170723424400009	0.11808	0.05814502472521237
MTHFD	400468863047.5	0.0	400468863047.5	1.0	41.95770618507117	39.927765	17.273968377619198	56.40442095169085	51.00663	37.073876175897894
MTHFD2i_f	722505758910.0	1.0	722505758910.0	0.0	82.38174906135961	80.77679	49.21881707873357	45.48585471816019	46.596869999999996	24.032093927771385
ACACT1r	765393490114.0	1.0	765393490114.0	0.0	0.0018798693800019725	0.00177	0.001160543071668427	0.0008693169900007027	0.00069	0.000700845720813522
HMGCOAS	608625461394.0	1.0	608625461394.0	0.0	0.0023006685300028277	0.00219	0.0011543823464371153	0.001839317370002039	0.00184	0.0007683146415524406
HMGCOAR	909842835803.5	1.0	909842835803.5	0.0	0.0046923819500022	0.00476	0.0007841744382115279	0.0034942954000037004	0.00359	0.00032950233248093516
MEVK1	909842835803.5	1.0	909842835803.5	0.0	0.0046923819500022	0.00476	0.0007841744382115279	0.0034942954000037004	0.00359	0.00032950233248093516
PMEVK	909842835803.5	1.0	909842835803.5	0.0	0.0046923819500022	0.00476	0.0007841744382115279	0.0034942954000037004	0.00359	0.00032950233248093516
IPDDI	909794916882.5	1.0	909794916882.5	0.0	0.001564127660002144	0.00159	0.0002614043590975842	0.0011647852800002714	0.0012	0.00010989937203265142
DPMVD	909842835803.5	1.0	909842835803.5	0.0	0.0046923819500022	0.00476	0.0007841744382115279	0.0034942954000037004	0.00359	0.00032950233248093516
DMATT	909794916882.5	1.0	909794916882.5	0.0	0.001564127660002144	0.00159	0.0002614043590975842	0.0011647852800002714	0.0012	0.00010989937203265142
GRTT	909794916882.5	1.0	909794916882.5	0.0	0.001564127660002144	0.00159	0.0002614043590975842	0.0011647852800002714	0.0012	0.00010989937203265142
HMR_1465	909794512503.5	1.0	909794512503.5	0.0	0.0007820647900010238	0.00079	0.00013073009306438976	0.0005823242400004278	0.0006	5.4918384211783304e-05
HMR_1467	909794512503.5	1.0	909794512503.5	0.0	0.0007820647900010238	0.00079	0.00013073009306438976	0.0005823242400004278	0.0006	5.4918384211783304e-05
SMO	909794512503.5	1.0	909794512503.5	0.0	0.0007820647900010238	0.00079	0.00013073009306438976	0.0005823242400004278	0.0006	5.4918384211783304e-05
LNSTLS	909794512503.5	1.0	909794512503.5	0.0	0.0007820647900010238	0.00079	0.00013073009306438976	0.0005823242400004278	0.0006	5.4918384211783304e-05
HMR_1477	909794512503.5	1.0	909794512503.5	0.0	0.0007820647900010238	0.00079	0.00013073009306438976	0.0005823242400004278	0.0006	5.4918384211783304e-05
HMR_1478	909794512503.5	1.0	909794512503.5	0.0	0.0007820647900010238	0.00079	0.00013073009306438976	0.0005823242400004278	0.0006	5.4918384211783304e-05
HMR_1479	909794512503.5	1.0	909794512503.5	0.0	0.0007820647900010238	0.00079	0.00013073009306438976	0.0005823242400004278	0.0006	5.4918384211783304e-05
C14STR	909794512503.5	1.0	909794512503.5	0.0	0.0007820647900010238	0.00079	0.00013073009306438976	0.0005823242400004278	0.0006	5.4918384211783304e-05
HMR_1490	909794512503.5	1.0	909794512503.5	0.0	0.0007820647900010238	0.00079	0.00013073009306438976	0.0005823242400004278	0.0006	5.4918384211783304e-05
HMR_1493	909794512503.5	1.0	909794512503.5	0.0	0.0007820647900010238	0.00079	0.00013073009306438976	0.0005823242400004278	0.0006	5.4918384211783304e-05
HMR_1494	909794512503.5	1.0	909794512503.5	0.0	0.0007820647900010238	0.00079	0.00013073009306438976	0.0005823242400004278	0.0006	5.4918384211783304e-05
C3STDH1	369445733617.5	0.0	369445733617.5	1.0	0.00017377348000034167	0.00014	0.00013525587433792628	0.00024385752000028246	0.00022	0.00015878765491353597
HMR_1495	859366038623.5	1.0	859366038623.5	0.0	0.0006082764500007562	0.00062	0.00018606225972630773	0.0003385179800003891	0.00035	0.00015976389874205058
HMR_1500	909794512503.5	1.0	909794512503.5	0.0	0.0007820647900010238	0.00079	0.00013073009306438976	0.0005823242400004278	0.0006	5.4918384211783304e-05
HMR_1502	909794512503.5	1.0	909794512503.5	0.0	0.0007820647900010238	0.00079	0.00013073009306438976	0.0005823242400004278	0.0006	5.4918384211783304e-05
HMR_1503	909794512503.5	1.0	909794512503.5	0.0	0.0007820647900010238	0.00079	0.00013073009306438976	0.0005823242400004278	0.0006	5.4918384211783304e-05
HMR_1504	909794512503.5	1.0	909794512503.5	0.0	0.0007820647900010238	0.00079	0.00013073009306438976	0.0005823242400004278	0.0006	5.4918384211783304e-05
HMR_1505	909794512503.5	1.0	909794512503.5	0.0	0.0007820647900010238	0.00079	0.00013073009306438976	0.0005823242400004278	0.0006	5.4918384211783304e-05
HMR_1509	909794512503.5	1.0	909794512503.5	0.0	0.0007820647900010238	0.00079	0.00013073009306438976	0.0005823242400004278	0.0006	5.4918384211783304e-05
CHLSTI_1	909794512503.5	1.0	909794512503.5	0.0	0.0007820647900010238	0.00079	0.00013073009306438976	0.0005823242400004278	0.0006	5.4918384211783304e-05
HMR_1516	909794512503.5	1.0	909794512503.5	0.0	0.0007820647900010238	0.00079	0.00013073009306438976	0.0005823242400004278	0.0006	5.4918384211783304e-05
RE2410C	909794512503.5	1.0	909794512503.5	0.0	0.0007820647900010238	0.00079	0.00013073009306438976	0.0005823242400004278	0.0006	5.4918384211783304e-05
DSMSTOLR	909794512503.5	1.0	909794512503.5	0.0	0.0007820647900010238	0.00079	0.00013073009306438976	0.0005823242400004278	0.0006	5.4918384211783304e-05
ACCOAC	968710149998.0	1.0	968710149998.0	0.0	19.358907362739604	18.909955	7.478954569584481	4.260803812080025	3.19696	3.7505861474612767
FASN	968710150649.5	1.0	968710150649.5	0.0	2.765558206610086	2.70142	1.0684220858790674	0.6086862544499931	0.45671	0.5357980173211884
MCAT	968710149998.0	1.0	968710149998.0	0.0	19.358907362739604	18.909955	7.478954569584481	4.260803812080025	3.19696	3.7505861474612767
AcetoacetylACPsynthesis	968710150649.5	1.0	968710150649.5	0.0	2.765558206610086	2.70142	1.0684220858790674	0.6086862544499931	0.45671	0.5357980173211884
r0691	968710150649.5	1.0	968710150649.5	0.0	2.765558206610086	2.70142	1.0684220858790674	0.6086862544499931	0.45671	0.5357980173211884
r0681	968710150649.5	1.0	968710150649.5	0.0	2.765558206610086	2.70142	1.0684220858790674	0.6086862544499931	0.45671	0.5357980173211884
r0682	968710150649.5	1.0	968710150649.5	0.0	2.765558206610086	2.70142	1.0684220858790674	0.6086862544499931	0.45671	0.5357980173211884
r0760	968710150649.5	1.0	968710150649.5	0.0	2.765558206610086	2.70142	1.0684220858790674	0.6086862544499931	0.45671	0.5357980173211884
r0761	968710150649.5	1.0	968710150649.5	0.0	2.765558206610086	2.70142	1.0684220858790674	0.6086862544499931	0.45671	0.5357980173211884
r0762	968710150649.5	1.0	968710150649.5	0.0	2.765558206610086	2.70142	1.0684220858790674	0.6086862544499931	0.45671	0.5357980173211884
r0763	968710150649.5	1.0	968710150649.5	0.0	2.765558206610086	2.70142	1.0684220858790674	0.6086862544499931	0.45671	0.5357980173211884
r0764	968710150649.5	1.0	968710150649.5	0.0	2.765558206610086	2.70142	1.0684220858790674	0.6086862544499931	0.45671	0.5357980173211884
r0694	968710150649.5	1.0	968710150649.5	0.0	2.765558206610086	2.70142	1.0684220858790674	0.6086862544499931	0.45671	0.5357980173211884
r0695	968710150649.5	1.0	968710150649.5	0.0	2.765558206610086	2.70142	1.0684220858790674	0.6086862544499931	0.45671	0.5357980173211884
r0765	968710150649.5	1.0	968710150649.5	0.0	2.765558206610086	2.70142	1.0684220858790674	0.6086862544499931	0.45671	0.5357980173211884
r0766	968710150649.5	1.0	968710150649.5	0.0	2.765558206610086	2.70142	1.0684220858790674	0.6086862544499931	0.45671	0.5357980173211884
r0692	968710150649.5	1.0	968710150649.5	0.0	2.765558206610086	2.70142	1.0684220858790674	0.6086862544499931	0.45671	0.5357980173211884
r0693	968710150649.5	1.0	968710150649.5	0.0	2.765558206610086	2.70142	1.0684220858790674	0.6086862544499931	0.45671	0.5357980173211884
r0767	968710150649.5	1.0	968710150649.5	0.0	2.765558206610086	2.70142	1.0684220858790674	0.6086862544499931	0.45671	0.5357980173211884
r0768	968710150649.5	1.0	968710150649.5	0.0	2.765558206610086	2.70142	1.0684220858790674	0.6086862544499931	0.45671	0.5357980173211884
r0769	968710150649.5	1.0	968710150649.5	0.0	2.765558206610086	2.70142	1.0684220858790674	0.6086862544499931	0.45671	0.5357980173211884
r0770	968710150649.5	1.0	968710150649.5	0.0	2.765558206610086	2.70142	1.0684220858790674	0.6086862544499931	0.45671	0.5357980173211884
r0712	968710150649.5	1.0	968710150649.5	0.0	2.765558206610086	2.70142	1.0684220858790674	0.6086862544499931	0.45671	0.5357980173211884
r0713	968710150649.5	1.0	968710150649.5	0.0	2.765558206610086	2.70142	1.0684220858790674	0.6086862544499931	0.45671	0.5357980173211884
r0701	968710150649.5	1.0	968710150649.5	0.0	2.765558206610086	2.70142	1.0684220858790674	0.6086862544499931	0.45671	0.5357980173211884
r0702	968710150649.5	1.0	968710150649.5	0.0	2.765558206610086	2.70142	1.0684220858790674	0.6086862544499931	0.45671	0.5357980173211884
r0771	968710143646.5	1.0	968710143646.5	0.0	2.7655580993300517	2.70142	1.0684221032577708	0.6086862544499931	0.45671	0.5357980173211884
r0772	968710143646.5	1.0	968710143646.5	0.0	2.7655580993300517	2.70142	1.0684221032577708	0.6086862544499931	0.45671	0.5357980173211884
r0696	968710143646.5	1.0	968710143646.5	0.0	2.7655580993300517	2.70142	1.0684221032577708	0.6086862544499931	0.45671	0.5357980173211884
r0697	968710143646.5	1.0	968710143646.5	0.0	2.7655580993300517	2.70142	1.0684221032577708	0.6086862544499931	0.45671	0.5357980173211884
r0773	968710143646.5	1.0	968710143646.5	0.0	2.7655580993300517	2.70142	1.0684221032577708	0.6086862544499931	0.45671	0.5357980173211884
FA160ACPH	968710150649.5	1.0	968710150649.5	0.0	2.765558206610086	2.70142	1.0684220858790674	0.6086862544499931	0.45671	0.5357980173211884
TMLYStd_r	999998211495.5	1.0	999998211495.5	0.0	19.14771640542024	19.42561	2.475789828638415	0.8041332015299965	0.8774	0.3519223500286165
TMLYSOX	999998211495.5	1.0	999998211495.5	0.0	19.14771640542024	19.42561	2.475789828638415	0.8041332015299965	0.8774	0.3519223500286165
GHMT3	999998211495.5	1.0	999998211495.5	0.0	19.14771640542024	19.42561	2.475789828638415	0.8041332015299965	0.8774	0.3519223500286165
TMABADH	999998211495.5	1.0	999998211495.5	0.0	19.14771640542024	19.42561	2.475789828638415	0.8041332015299965	0.8774	0.3519223500286165
BBHOX	999998211495.5	1.0	999998211495.5	0.0	19.14771640542024	19.42561	2.475789828638415	0.8041332015299965	0.8774	0.3519223500286165
SUCFUMtm_r	999998211500.5	1.0	999998211500.5	0.0	38.29543281363141	38.851214999999996	4.951579663006463	1.6082664022499562	1.7548	0.703844699671873
palmitateActivation	999997500000.0	1.0	999997500000.0	0.0	0.5958301948799839	0.42147500000000004	0.5742909031885789	0.0	0.0	0.0
carnitineAcylTransferaseI	999997500000.0	1.0	999997500000.0	0.0	0.5958301948799839	0.42147500000000004	0.5742909031885789	0.0	0.0	0.0
CARN160t_m	999997500000.0	1.0	999997500000.0	0.0	0.5958301948799839	0.42147500000000004	0.5742909031885789	0.0	0.0	0.0
carnitineAcylTransferaseII	999997500000.0	1.0	999997500000.0	0.0	0.5958301948799839	0.42147500000000004	0.5742909031885789	0.0	0.0	0.0
betaOxidation	999997500000.0	1.0	999997500000.0	0.0	0.5958301948799839	0.42147500000000004	0.5742909031885789	0.0	0.0	0.0
Biomass	909843489880.5	1.0	909843489880.5	0.0	0.038334609559993044	0.0389	0.006406276628537286	0.028546872400016323	0.0293	0.002691912837315934
GLCt1_r	1000000000000.0	1.0	1000000000000.0	0.0	2.971470476939908	3.06305	0.6640775406480512	0.10077604701000292	0.10296	0.014835836377737189
O2t_r	999681342520.5	1.0	999681342520.5	0.0	107.74274570437728	107.34026	12.030699749902185	64.34412954868917	64.4091	6.482967395750544
GLNt_r	997149977310.0	1.0	997149977310.0	0.0	0.6446640660700148	0.6639	0.14688733811766702	0.19990254498999255	0.20585	0.0253831228429967
r0963_r	2986016361.0	0.0	2986016361.0	1.0	0.00017664419000036684	0.00019	5.049095947378611e-05	0.0012618705800014928	0.00126	0.0004541839431483661
THBPTt_r	969292958973.5	1.0	969292958973.5	0.0	0.006541715139999317	0.00663	0.0010607328528192427	0.0027065831300031023	0.00261	0.0016925977869494883
ARGt5r_r	752262275506.0	1.0	752262275506.0	0.0	0.1016444664700029	0.10624	0.01772371550364376	0.08879581096999549	0.0917	0.011830597347199844
PHEtec_r	965090920082.0	1.0	965090920082.0	0.0	0.01648825499000071	0.01672	0.0027069276328892202	0.01011351958999733	0.00997	0.0019170838952960558
ILEtec_r	909843072443.0	1.0	909843072443.0	0.0	0.010966688789998368	0.01113	0.0018326947456020189	0.008166632669998002	0.00838	0.0007701006551388931
LEUtec_r	937369414711.0	1.0	937369414711.0	0.0	0.023292355280009072	0.0237	0.003815981927285669	0.016456297049999978	0.01678	0.0016599315939616118
VALtec_r	23299677292.0	0.0	23299677292.0	1.0	0.03555348764999575	0.03649	0.005905154835111537	0.08460959655000033	0.08889	0.020355403750735846
METtec_r	680965330651.0	1.0	680965330651.0	0.0	0.008457049209997108	0.00853	0.0017330925144223074	0.0072244576499978725	0.00712	0.0018663964803576603
r2526_r	950670403100.0	1.0	950670403100.0	0.0	0.19242770527000372	0.1922	0.07645509013751961	0.07127744741999666	0.07479	0.012099593807955583
GLYt4_r	860672326714.0	1.0	860672326714.0	0.0	0.12140389962999865	0.11874	0.07029800403359646	0.03557497027000083	0.03768	0.01703077419255508
r2532_r	878769379424.5	1.0	878769379424.5	0.0	0.026257476139997887	0.02762	0.014157623562037463	0.006771673389995639	0.00688	0.003495948923242468
PROPAT4te_r	627598647281.0	1.0	627598647281.0	0.0	0.0062854332899975945	0.00596	0.0037982176305904427	0.004579413600001255	0.00422	0.0029554377576165125
HDCAt	846894275574.0	1.0	846894275574.0	0.0	7.648245000026581e-05	8e-05	3.4123067071736753e-05	3.0817109999798875e-05	3e-05	2.345806858056262e-05
CRNt	999998211495.5	1.0	999998211495.5	0.0	19.14771640542024	19.42561	2.475789828638415	0.8041332015299965	0.8774	0.3519223500286165
GTHRDt2_r	528790656727.0	1.0	528790656727.0	0.0	0.9148299993500303	0.739635	0.7293021329607018	0.8436952776299743	0.6621	0.6993485506295336
DmLact	1000000000000.0	1.0	1000000000000.0	0.0	5.03380838361007	5.18866	1.1247713809467832	0.071200648019993	0.07344	0.008783480628157281
UREAt	65500000.0	0.0	65500000.0	1.0	0.0	0.0	0.0	0.025023122939997228	0.02174	0.01821330106650882
DmBiomass	909843489880.5	1.0	909843489880.5	0.0	0.038334609559993044	0.0389	0.006406276628537286	0.028546872400016323	0.0293	0.002691912837315934
NH4t	397205816333.0	0.0	397205816333.0	1.0	99.47196960835963	95.642575	22.45207258894163	123.0440227604311	117.609265	59.69427581180974
PTRCtex2_f	737533933371.0	1.0	737533933371.0	0.0	0.03630476369999829	0.03305	0.024173259818985063	0.017405238389995987	0.01409	0.013826390711357267
GUDACtr2	736293810620.0	1.0	736293810620.0	0.0	0.047205488669997936	0.0467	0.026007150103422572	0.026075980169996488	0.02314	0.01857906789352974
CE2705t	969292958973.5	1.0	969292958973.5	0.0	0.006541715139999317	0.00663	0.0010607328528192427	0.0027065831300031023	0.00261	0.0016925977869494883
Dm2oxobutyrate	8114710539.0	0.0	8114710539.0	1.0	0.002497611060002415	0.0021	0.001910784275071528	0.037611918410000535	0.03859	0.012629073443014916
H2Ot_f	139668394211.0	0.0	139668394211.0	1.0	173.54155420526445	176.42165	52.04243512232829	309.34832257206006	310.274975	108.2556094875328
PHLACHt_f	459312147895.0	0.0	459312147895.0	1.0	327.0787944870907	318.20734	197.4882641680138	355.09008819059545	344.838365	198.3373193132866
CO2t	531731426888.0	1.0	531731426888.0	0.0	143.57486231007638	141.581305	20.06695770375084	142.4752331729453	138.48820999999998	45.324424330686206
DmH2O2	562180812286.0	1.0	562180812286.0	0.0	0.5322589724499831	0.43089	0.42567549870418614	0.43257293225001375	0.34475	0.3510776797391881
DmGSSG	534350144576.5	1.0	534350144576.5	0.0	0.48008631872999147	0.39318	0.36509494867290065	0.43865835329001457	0.348385	0.3492501878488826
GLUt4	946427581808.5	1.0	946427581808.5	0.0	0.0040116485900049854	0.00408	0.0022602293624514967	0.00045474923000018546	0.00022	0.0004570925429795902
ALAPAT4te	998479481976.5	1.0	998479481976.5	0.0	0.03300887658999842	0.03386	0.008004623992097972	0.008310353659999657	0.00886	0.0034523668462885394
DmAla	707471297530.5	1.0	707471297530.5	0.0	2.5293182789001065	1.917415	2.2099364674017674	1.1420579028199564	0.84293	1.0457776603274727
ASPte_r	970354970378.5	1.0	970354970378.5	0.0	577.7703450698411	606.420875	290.17198996637046	50.04052895707028	51.401579999999996	25.78457690929413
DmAsp	971054028560.5	1.0	971054028560.5	0.0	580.0549751658381	608.66876	290.1073725877464	51.26608764301102	52.609970000000004	25.709803786809648
DmPalm	917819886012.0	1.0	917819886012.0	0.0	2.1594143762800004	2.07593	1.0342402557796877	0.6009798479700221	0.448965	0.5358000008049703
ATPM	527802745837.5	1.0	527802745837.5	0.0	12.634082867699698	9.39779	11.460973406492945	11.558534509500335	8.409880000000001	10.914417282166786
GACMTRc	642844055247.0	1.0	642844055247.0	0.0	0.04066689101000008	0.03713	0.02620176162820298	0.027440958309999288	0.02406	0.01855040810972467
CKc_cho	642844055247.0	1.0	642844055247.0	0.0	0.04066689101000008	0.03713	0.02620176162820298	0.027440958309999288	0.02406	0.01855040810972467
CRTNsyn_cho	642844055247.0	1.0	642844055247.0	0.0	0.04066689101000008	0.03713	0.02620176162820298	0.027440958309999288	0.02406	0.01855040810972467
CRTNtr	642844055247.0	1.0	642844055247.0	0.0	0.04066689101000008	0.03713	0.02620176162820298	0.027440958309999288	0.02406	0.01855040810972467
NDPK1	70745104259.5	0.0	70745104259.5	1.0	2.1374124029199892	1.551875	1.982283222939708	19.43789631374072	16.60285	14.539892616905849
NDPK5	909202172948.5	1.0	909202172948.5	0.0	0.0003794310500004933	0.00038	6.347424851761267e-05	0.0002825849900023567	0.00029	2.6813023806139628e-05
NDPK8	909652192445.0	1.0	909652192445.0	0.0	0.0005053665900005549	0.00051	8.4507828947023e-05	0.0003762696999999811	0.00039	3.554300107227754e-05
NDPK7	908959814376.0	1.0	908959814376.0	0.0	0.0003619555400003932	0.00037	6.055291842657302e-05	0.00026961464000127783	0.00028	2.5680914258984357e-05
DTMPK	909596741210.0	1.0	909596741210.0	0.0	0.0005018376800005653	0.00051	8.391440861885552e-05	0.00037367900000013045	0.00038	3.5312884419052605e-05
NDPK4	909596741210.0	1.0	909596741210.0	0.0	0.0005018376800005653	0.00051	8.391440861885552e-05	0.00037367900000013045	0.00038	3.5312884419052605e-05
HIStiDF_r	457143008962.5	0.0	457143008962.5	1.0	0.06722492515999762	0.06412	0.04186454604377733	0.07368838073999764	0.07251	0.04330775982714324
PTRCOX1	696792949252.5	1.0	696792949252.5	0.0	0.04938711590000018	0.04902	0.02609490804477751	0.03181767217999779	0.03052	0.01809395930322579
ABUTD	696792949252.5	1.0	696792949252.5	0.0	0.04938711590000018	0.04902	0.02609490804477751	0.03181767217999779	0.03052	0.01809395930322579
r0465_1	620269648871.5	1.0	620269648871.5	0.0	9.806013543720018	8.438435	6.437683792296693	7.4527177285698265	5.93565	5.743604188843195
ABUTH	515748345591.0	1.0	515748345591.0	0.0	6.8845409779400955	5.310385	5.974294444163055	6.548390628439928	4.983245	5.709937142680616
GLUDC	950477355034.5	1.0	950477355034.5	0.0	7.440481676640096	7.225185	3.3055775888513863	1.9221411959299717	1.68693	1.2258071925157452
HISDr	999819897668.0	1.0	999819897668.0	0.0	21.77859321104006	22.24029	1.772309029920447	11.166519766270104	11.468505	1.2489394819516935
URCN	999819897668.0	1.0	999819897668.0	0.0	21.77859321104006	22.24029	1.772309029920447	11.166519766270104	11.468505	1.2489394819516935
IZPN	999819897668.0	1.0	999819897668.0	0.0	21.77859321104006	22.24029	1.772309029920447	11.166519766270104	11.468505	1.2489394819516935
GluForTx	999819897668.0	1.0	999819897668.0	0.0	21.77859321104006	22.24029	1.772309029920447	11.166519766270104	11.468505	1.2489394819516935
FTCD	999819897668.0	1.0	999819897668.0	0.0	21.77859321104006	22.24029	1.772309029920447	11.166519766270104	11.468505	1.2489394819516935
CARPEPT1tc_r	999799854887.0	1.0	999799854887.0	0.0	24.63768657499003	24.364134999999997	3.002081828589362	12.000766981479412	12.150845	1.5667011526039016
NBAHH_ir	944623320355.5	1.0	944623320355.5	0.0	30.88913091866979	29.786935	6.121154081666787	17.83080227847954	16.529775	5.5212679110913365
r0283	523616693445.0	1.0	523616693445.0	0.0	6.251444344940018	4.77019	5.394818414360896	5.830035300829951	4.3294049999999995	5.229066592824172
ASP1DC	647906574827.0	1.0	647906574827.0	0.0	1.9764614681600507	1.48426	1.7309332472617562	1.1237836462800497	0.830015	1.0184798574177523
CSNt_r	157403805237.5	0.0	157403805237.5	1.0	13.854191649239814	11.70978	10.454313794990316	46.81346098868267	44.11522	29.821437636019493
bAlaSynthesis	157403805237.5	0.0	157403805237.5	1.0	13.854191649239814	11.70978	10.454313794990316	46.81346098868267	44.11522	29.821437636019493
LYSt5r_r	374081952856.0	0.0	374081952856.0	1.0	0.03274340863999951	0.03262	0.007370343479223222	0.03852489572000138	0.0379	0.0129120137683102
LYStm	234659946334.0	0.0	234659946334.0	1.0	0.01004494269999639	0.00991	0.005943234641452852	0.021621899379997506	0.021	0.012796860673759573
SACCD3m	234659946334.0	0.0	234659946334.0	1.0	0.01004494269999639	0.00991	0.005943234641452852	0.021621899379997506	0.021	0.012796860673759573
r0525	234659946334.0	0.0	234659946334.0	1.0	0.01004494269999639	0.00991	0.005943234641452852	0.021621899379997506	0.021	0.012796860673759573
AASAD3m	234659946334.0	0.0	234659946334.0	1.0	0.01004494269999639	0.00991	0.005943234641452852	0.021621899379997506	0.021	0.012796860673759573
r0450	234659946334.0	0.0	234659946334.0	1.0	0.01004494269999639	0.00991	0.005943234641452852	0.021621899379997506	0.021	0.012796860673759573
2OXOADOXm	233446411057.0	0.0	233446411057.0	1.0	0.010359506189996941	0.01022	0.005937124631984154	0.021969235519998465	0.02134	0.012776393763600631
GLUTCOADHm	233446411057.0	0.0	233446411057.0	1.0	0.010359506189996941	0.01022	0.005937124631984154	0.021969235519998465	0.02134	0.012776393763600631
3HBCDm	233446411057.0	0.0	233446411057.0	1.0	0.010359506189996941	0.01022	0.005937124631984154	0.021969235519998465	0.02134	0.012776393763600631
HACD1m	233446411057.0	0.0	233446411057.0	1.0	0.010359506189996941	0.01022	0.005937124631984154	0.021969235519998465	0.02134	0.012776393763600631
HMGCOASm	10823029220.5	0.0	10823029220.5	1.0	1.2389859999843016e-05	1e-05	8.233434093396204e-06	0.0007722557400005423	0.00068	0.0005539398060134369
CYStec_r	81349341605.0	0.0	81349341605.0	1.0	0.025537802089996144	0.02548	0.016583093418940723	0.06927097684000093	0.07463	0.023553028850568394
CYSTA	628330523067.5	1.0	628330523067.5	0.0	0.08926773256999639	0.08692	0.040827535190419	0.07089844702999809	0.06688	0.03745794724156903
CYANt_r	628330523067.5	1.0	628330523067.5	0.0	0.08926773256999639	0.08692	0.040827535190419	0.07089844702999809	0.06688	0.03745794724156903
MCPST	628330523067.5	1.0	628330523067.5	0.0	0.08926773256999639	0.08692	0.040827535190419	0.07089844702999809	0.06688	0.03745794724156903
TCYNTt	597727903163.5	1.0	597727903163.5	0.0	0.048794389469997	0.04099	0.036882729568712976	0.036647090889996375	0.02853	0.030830924177608212
CYSO	129791880328.5	0.0	129791880328.5	1.0	0.032026379069999604	0.03325	0.011971651065388994	0.0794590808500005	0.07685	0.03955094617795108
3SALATAi	226561504449.0	0.0	226561504449.0	1.0	0.014751831429997642	0.01322	0.010365081333664945	0.04408162733000001	0.03565	0.03545943594570497
3SALAASPm	316506494603.5	0.0	316506494603.5	1.0	0.0172745544399972	0.01565	0.011927241182588219	0.03537745072999827	0.0285	0.02845872382385943
3SALATAim	316506494603.5	0.0	316506494603.5	1.0	0.0172745544399972	0.01565	0.011927241182588219	0.03537745072999827	0.0285	0.02845872382385943
3SPYRSP	226561504449.0	0.0	226561504449.0	1.0	0.014751831429997642	0.01322	0.010365081333664945	0.04408162733000001	0.03565	0.03545943594570497
3SPYRSPm	316506494603.5	0.0	316506494603.5	1.0	0.0172745544399972	0.01565	0.011927241182588219	0.03537745072999827	0.0285	0.02845872382385943
HMR_3951	226561504449.0	0.0	226561504449.0	1.0	0.014751831429997642	0.01322	0.010365081333664945	0.04408162733000001	0.03565	0.03545943594570497
ExSulfitem	316506494603.5	0.0	316506494603.5	1.0	0.0172745544399972	0.01565	0.011927241182588219	0.03537745072999827	0.0285	0.02845872382385943
PHETHPTOX2	969292958973.5	1.0	969292958973.5	0.0	0.006541715139999317	0.00663	0.0010607328528192427	0.0027065831300031023	0.00261	0.0016925977869494883
TYRt_r	534500000.0	0.0	534500000.0	1.0	0.0	0.0	0.0	0.002821518280003104	0.00272	0.001775100608249699
TYRTA	262543020622.0	0.0	262543020622.0	1.0	0.0004207987700005506	0.00043	0.00023444240535708196	0.0009699926100009213	0.00083	0.0007052318319509883
34HPPOR	262543020622.0	0.0	262543020622.0	1.0	0.0004207987700005506	0.00043	0.00023444240535708196	0.0009699926100009213	0.00083	0.0007052318319509883
HGNTOR	262543020622.0	0.0	262543020622.0	1.0	0.0004207987700005506	0.00043	0.00023444240535708196	0.0009699926100009213	0.00083	0.0007052318319509883
MACACI	262543020622.0	0.0	262543020622.0	1.0	0.0004207987700005506	0.00043	0.00023444240535708196	0.0009699926100009213	0.00083	0.0007052318319509883
FUMAC	262543020622.0	0.0	262543020622.0	1.0	0.0004207987700005506	0.00043	0.00023444240535708196	0.0009699926100009213	0.00083	0.0007052318319509883
AACOAT	262543020622.0	0.0	262543020622.0	1.0	0.0004207987700005506	0.00043	0.00023444240535708196	0.0009699926100009213	0.00083	0.0007052318319509883
r2534_r	24604189546.5	0.0	24604189546.5	1.0	0.01428501800999962	0.01472	0.0016072202701035289	0.04533695545999992	0.04618	0.012231522383741618
THRD_L	9422101426.5	0.0	9422101426.5	1.0	0.002298166250002455	0.00201	0.0016337725080539341	0.03641063374999975	0.03728	0.012319263703650484
OBDHc	712493299994.0	1.0	712493299994.0	0.0	0.0023917122700027756	0.00236	0.001007971592375974	0.0016549931500018983	0.00163	0.0007475953107475791
PPCOAtm	712493299994.0	1.0	712493299994.0	0.0	0.0023917122700027756	0.00236	0.001007971592375974	0.0016549931500018983	0.00163	0.0007475953107475791
r1616_r	991073482945.5	1.0	991073482945.5	0.0	0.028203847209998	0.03018	0.011390306784324303	0.00191985867000224	0.00194	0.0006959513528071681
TRPO2	990325913816.0	1.0	990325913816.0	0.0	0.027693770049997235	0.02967	0.011384909206393094	0.001540012150001764	0.00156	0.0006935774080817018
FKYNH	990325913816.0	1.0	990325913816.0	0.0	0.027693770049997235	0.02967	0.011384909206393094	0.001540012150001764	0.00156	0.0006935774080817018
KYN	990689288350.5	1.0	990689288350.5	0.0	0.027379214369996366	0.02936	0.011390614925065864	0.0011926794200012689	0.00122	0.0006733952647363987
ANTHte	990689288350.5	1.0	990689288350.5	0.0	0.027379214369996366	0.02936	0.011390614925065864	0.0011926794200012689	0.00122	0.0006733952647363987
KYN3OX	443054886421.5	0.0	443054886421.5	1.0	0.00031456743000037626	0.00032	0.00016424710852966623	0.00034732300000045165	0.00036	0.00018332043060545497
HKYNH	443054886421.5	0.0	443054886421.5	1.0	0.00031456743000037626	0.00032	0.00016424710852966623	0.00034732300000045165	0.00036	0.00018332043060545497
3HAO	443054886421.5	0.0	443054886421.5	1.0	0.00031456743000037626	0.00032	0.00016424710852966623	0.00034732300000045165	0.00036	0.00018332043060545497
PCLAD	443054886421.5	0.0	443054886421.5	1.0	0.00031456743000037626	0.00032	0.00016424710852966623	0.00034732300000045165	0.00036	0.00018332043060545497
AM6SAD	443054886421.5	0.0	443054886421.5	1.0	0.00031456743000037626	0.00032	0.00016424710852966623	0.00034732300000045165	0.00036	0.00018332043060545497
AMCOXO	443054886421.5	0.0	443054886421.5	1.0	0.00031456743000037626	0.00032	0.00016424710852966623	0.00034732300000045165	0.00036	0.00018332043060545497
2OXOADPTm	443054886421.5	0.0	443054886421.5	1.0	0.00031456743000037626	0.00032	0.00016424710852966623	0.00034732300000045165	0.00036	0.00018332043060545497
ExCystineGlu	797235345417.0	1.0	797235345417.0	0.0	0.01600497094999801	0.01421	0.011289195558928454	0.005231357039999717	0.00512	0.002873282085384444
ExCystineSer	629723481985.5	1.0	629723481985.5	0.0	0.0685044774600033	0.07097	0.017763557280103606	0.06223176735999805	0.06453	0.013388508718220622
CystinePyruvate	582108789498.0	1.0	582108789498.0	0.0	0.014362914439995164	0.01101	0.012373327871735935	0.0108725420599951	0.00783	0.010054198435671407
CystineReductaseNADPH	538527117214.0	1.0	538527117214.0	0.0	0.015705681589997078	0.01353	0.011166637135989666	0.014670185559996593	0.0117	0.01203862236413215
CystineReductaseNADH	539659193672.5	1.0	539659193672.5	0.0	0.020412742619995858	0.01673	0.015933182624928755	0.01795046635999559	0.01431	0.01403835378807308
CystineGSH	645000985243.5	1.0	645000985243.5	0.0	0.034028109709999525	0.03244	0.02017531183164869	0.023969925529997615	0.02145	0.01609781710390487
Ex3HB	315883165362.0	0.0	315883165362.0	1.0	10.218996973060156	9.14921	6.163011059703053	13.619769329839833	13.224885	5.105758262838757
Transport3HB_forward	315883165362.0	0.0	315883165362.0	1.0	10.218996973060156	9.14921	6.163011059703053	13.619769329839833	13.224885	5.105758262838757
bBDH	315883165362.0	0.0	315883165362.0	1.0	10.218996973060156	9.14921	6.163011059703053	13.619769329839833	13.224885	5.105758262838757
OCOAT1m	315883165362.0	0.0	315883165362.0	1.0	10.218996973060156	9.14921	6.163011059703053	13.619769329839833	13.224885	5.105758262838757
ACACT1m	315429701207.0	0.0	315429701207.0	1.0	10.229343905010088	9.159655	6.163163920841065	13.640966298010202	13.24658	5.106518122949801
G3PD1ir	311099855019.5	0.0	311099855019.5	1.0	10.190579680049572	7.6358999999999995	9.167543388329467	20.13698098781994	15.924895	16.61990741743482
GLYC3Ptm	311099855019.5	0.0	311099855019.5	1.0	10.190579680049572	7.6358999999999995	9.167543388329467	20.13698098781994	15.924895	16.61990741743482
G3PDm	311099855019.5	0.0	311099855019.5	1.0	10.190579680049572	7.6358999999999995	9.167543388329467	20.13698098781994	15.924895	16.61990741743482
DHAPtm	311099855019.5	0.0	311099855019.5	1.0	10.190579680049572	7.6358999999999995	9.167543388329467	20.13698098781994	15.924895	16.61990741743482
CMPuptake_r	655050496203.5	1.0	655050496203.5	0.0	0.0009148386500008294	0.00088	0.0005827651010325909	0.0005969029900005551	0.00055	0.0003905195802192538
UMPuptake_r	428955866901.0	0.0	428955866901.0	1.0	0.001370616340000861	0.00116	0.0010349669683051366	0.0014952454600016347	0.00154	0.0007300381181175067
Transport_ala_B_c_e	310905746604.5	0.0	310905746604.5	1.0	40.46833969431873	38.72619	11.166718595584511	59.938011614468444	57.32165	29.822255352672222
EX_ala_B	310905746604.5	0.0	310905746604.5	1.0	40.46833969431873	38.72619	11.166718595584511	59.938011614468444	57.32165	29.822255352672222
Transport_octanoyl_ACP_c_e	nan	nan	nan	nan	0.0	0.0	0.0	0.0	0.0	0.0
EX_octanoyl_ACP	nan	nan	nan	nan	0.0	0.0	0.0	0.0	0.0	0.0
TMDK1	251139408268.5	0.0	251139408268.5	1.0	9.663103000028271e-05	9e-05	6.27858700920792e-05	0.00018945600000030052	0.0002	0.00010820748020742066
THYMDt1_r	251139408268.5	0.0	251139408268.5	1.0	9.663103000028271e-05	9e-05	6.27858700920792e-05	0.00018945600000030052	0.0002	0.00010820748020742066
EX_thymd	251139408268.5	0.0	251139408268.5	1.0	9.663103000028271e-05	9e-05	6.27858700920792e-05	0.00018945600000030052	0.0002	0.00010820748020742066
Transport_HC00576_c_e	793678970762.5	1.0	793678970762.5	0.0	2.921472564680029	2.35293	2.351172061666111	0.9043271040099888	0.676025	0.8146087012069548
EX_HC00576	793678970762.5	1.0	793678970762.5	0.0	2.921472564680029	2.35293	2.351172061666111	0.9043271040099888	0.676025	0.8146087012069548
Transport_4abut_c_e	866342954221.0	1.0	866342954221.0	0.0	4.568396221129965	4.00577	3.2492236791573865	1.0496317606399908	0.77393	0.968822012840492
EX_4abut	866342954221.0	1.0	866342954221.0	0.0	4.568396221129965	4.00577	3.2492236791573865	1.0496317606399908	0.77393	0.968822012840492
EX_h_e_b	358678108898.5	0.0	358678108898.5	1.0	296.4851077080312	301.23748	133.82812202176305	370.02098070438393	367.61461499999996	140.54534723985483
EX_h2o_e_b	420950747333.0	0.0	420950747333.0	1.0	375.085919490059	369.30033000000003	154.35226725747077	430.61689664726157	419.10891000000004	187.57230641551416
EX_ala__L_e_b	534271531484.5	1.0	534271531484.5	0.0	0.030062646739998138	0.03228	0.013402499151965506	0.028343010979996267	0.030664999999999998	0.013996511224062428
EX_hdca_e_b	223730987602.5	0.0	223730987602.5	1.0	6.515102000010006e-05	6e-05	4.065835026239612e-05	0.00010596935000039138	0.00011	3.267524794477372e-05
PGM_b	765773239723.5	1.0	765773239723.5	0.0	3.004875446210005	2.97586	1.714047721128198	1.5083418464900462	1.20976	1.0948285053178064
ENO_b	714593145315.0	1.0	714593145315.0	0.0	3.132676933810047	2.83847	2.200307443430844	1.5385230343100131	1.24105	1.0969219324165302
TKT2_b	815948864109.5	1.0	815948864109.5	0.0	0.27810944509999097	0.31322	0.1393365106034807	0.1162446877800012	0.11669	0.061564265178254224
RPE_b	741668800259.0	1.0	741668800259.0	0.0	0.26874566767000485	0.25593	0.14711788506572612	0.1495953245499937	0.15295	0.07238018435065756
TKT1_b	804705875336.5	1.0	804705875336.5	0.0	0.26465529680000294	0.28233	0.13341586348305826	0.12113100950999936	0.12558	0.04434817006838383
TALA_b	980297070177.5	1.0	980297070177.5	0.0	1.851912652080034	1.773615	0.944678587765828	0.18600187346000044	0.18719	0.07547201930615591
ACONTm_b	272780008231.0	0.0	272780008231.0	1.0	50.91515864760965	52.245155	21.637149082419974	78.45693542087236	77.11162999999999	36.16569926902327
ICDHym_b	18143678184.5	0.0	18143678184.5	1.0	61.122910856862326	64.28457499999999	17.555913775798494	211.26980981656675	208.69518499999998	75.54519539565335
SUCOAS1m_b	661754306644.5	1.0	661754306644.5	0.0	83.34604841384034	88.67492	45.51206281014257	58.64487087504962	56.632414999999995	33.18038521629617
FUMm_b	705227813205.0	1.0	705227813205.0	0.0	240.14607732161764	262.072065	111.12503051953813	168.56341555288972	171.733475	77.4728302874517
MDHm_b	516679528929.5	1.0	516679528929.5	0.0	158.6260840134256	142.08016	101.43092516952778	158.68338787366298	132.87774000000002	116.74559999048859
FUM_b	412283214276.0	0.0	412283214276.0	1.0	69.24103414097716	59.758585	47.11180817726901	76.384050866583	81.06314499999999	26.21003060302699
MDH_b	847461055816.5	1.0	847461055816.5	0.0	290.1981473311925	303.31348	133.30289318479612	120.92311864627152	107.1703	71.42137730173047
AKGMALtm_b	67507007961.0	0.0	67507007961.0	1.0	63.347543365181956	64.8089	33.048975765867525	245.39180722066564	244.75045	114.56354922402295
PYRt2m_b	957162151012.5	1.0	957162151012.5	0.0	124.03704418504246	123.90188	58.81086574042766	19.968456552710368	20.508695000000003	11.502796349643571
FUMtm_b	78274819238.0	0.0	78274819238.0	1.0	35.67274165466912	33.95236	20.581832272075474	89.38460811235073	83.32252	33.783783148982735
CO2tm_b	501220828601.0	0.9986069674514768	501220828601.0	0.0013930325596954686	154.71293247881368	156.562215	85.24702656851866	154.57813547812313	152.25364000000002	80.08430702713503
r0801_b	488819529959.0	1.9890983654765395e-165	488819529959.0	1.0	95.1639233282741	96.034975	51.936880593967416	96.94428624265365	103.625015	45.97071774038134
H2Otm_b	494806914223.0	2.2774028824374786e-37	494806914223.0	1.0	228.03683967217535	232.10153	14.349458142738769	229.18550851583157	228.8075	32.209473160382494
NH4tm_b	502294157130.0	0.999999990425174	502294157130.0	9.574826180439624e-09	102.52862868442071	100.808335	57.718083122431196	101.92251413183726	102.17546	51.532952988615236
NDPK3_b	16309967808.5	0.0	16309967808.5	1.0	0.0015857484600019858	0.00155	0.0005960873473977304	0.004382781890003938	0.00445	0.0011342944325931094
GLUDym_b	489773068015.0	8.56463479628423e-139	489773068015.0	1.0	81.55267720946016	85.40007499999999	38.604212501670055	83.99097787485	83.64951500000001	46.49293082516377
ASPTA_b	932707460363.5	1.0	932707460363.5	0.0	145.56743056136494	136.12885999999997	73.6009777375837	35.12100917495033	31.7218	23.303593914211934
r0074_b	43600183610.5	0.0	43600183610.5	1.0	0.006362047639997097	0.0063	0.0036723543908723385	0.07151440266000093	0.07235	0.04085844976095227
GLU5SAtmc_b	428223829727.0	0.0	428223829727.0	1.0	0.07102597441999807	0.06682	0.04374611173828125	0.08076127591000103	0.07969	0.03378996024093123
G5SADs_b	7603106251.0	0.0	7603106251.0	1.0	0.00556842079000065	0.00516	0.003349449881130529	0.08076127591000103	0.07969	0.03378996024093123
GHMT2r_b	771458503500.0	1.0	771458503500.0	0.0	70.55268290264787	69.670035	30.86867450211239	39.658503843990054	38.186769999999996	23.812457109536318
ALATA_L_b	747136716297.0	1.0	747136716297.0	0.0	0.03864983586999842	0.03952	0.022331984596908303	0.01955217335999765	0.01807	0.013040100907644667
MTHFC_b	6162462967.0	0.0	6162462967.0	1.0	2.8911504578199363	2.412455	2.1024942144930865	10.523897559040508	10.87103	1.2031760941221583
MTHFD2i_b	521434710786.0	1.0	521434710786.0	0.0	105.1899457415787	103.90988999999999	52.26193655701628	101.13058111278957	98.641715	43.93720495969648
PTRCtex2_b	642054601574.5	1.0	642054601574.5	0.0	0.0002869787200004129	0.0003	0.0001370135783048564	0.0002162760100004823	0.0002	0.00014106612881253106
H2Ot_b	243391503180.0	0.0	243391503180.0	1.0	66.77634556076033	65.12071499999999	39.21498565245478	132.00377435384667	130.271365	74.17325147476056
PHLACHt_b	364304317000.0	0.0	364304317000.0	1.0	343.9704807667265	334.279275	197.56997094949116	441.68442506724983	436.10546999999997	196.99911808086156
