Rxn	statistic_less	pvalue_less	statistic_greater	pvalue_greater	mean_MDAMB231	median_MDAMB231	std_MDAMB231	mean_SKBR3	median_SKBR3	std_SKBR3
EX_lac__L_e	999998509281.5	1.0	999998509281.5	0.0	7.33200739569999	7.37402	0.3230024996783662	3.3977873526800133	3.43646	0.9308277177739893
EX_glc__D_e_r	999991263202.5	1.0	999991263202.5	0.0	4.190947027360117	4.21496	0.18461946303558188	2.087899746050084	2.11178	0.5714214748972337
EX_gluIN__L_e	nan	nan	nan	nan	0.0	0.0	0.0	0.0	0.0	0.0
EX_gluOUT__L_e	942464072796.0	1.0	942464072796.0	0.0	0.1905021004599965	0.19207	0.007311130638203036	0.1327861720599964	0.13604	0.038343271605454476
EX_gln__L_e_r	999999940734.0	1.0	999999940734.0	0.0	1.006930444609986	1.01362	0.04145371004308222	0.30934404882999256	0.31249	0.08481765041327935
EX_asp__L_e	nan	nan	nan	nan	0.0	0.0	0.0	0.0	0.0	0.0
DM_asp__L_e	135662814910.5	0.0	135662814910.5	1.0	0.11585564334999389	0.0808	0.11308038491098533	0.6807396720999906	0.49881	0.6304218350190148
EX_co2_e	179665940.5	0.0	179665940.5	1.0	28.566499353299	27.601765	12.424005802555314	82.03327922958512	79.713735	13.004051419244783
EX_h_e_f	443282772285.5	0.0	443282772285.5	1.0	241.0246249221411	233.32856	137.3115380708077	267.7310241240551	282.9047	122.62466428006064
EX_h2o_e_f	523517581886.5	1.0	523517581886.5	0.0	263.11025385457674	257.07347500000003	158.98250180169427	250.12114490507795	242.69376	154.28113663703397
EX_ump_e_r	271207095017.0	0.0	271207095017.0	1.0	0.0015180310800015466	0.00133	0.0010452303156053184	0.002958820970003302	0.00278	0.0018892256681938982
EX_pi_e_r	35090505704.0	0.0	35090505704.0	1.0	0.0317838588099961	0.03298	0.006004950233806747	0.05621485360999968	0.05703	0.01144393496431332
EX_nh4_e	371192678932.5	0.0	371192678932.5	1.0	33.439980530909985	32.019239999999996	16.31993903964321	41.662299769409955	37.20308	16.79435286179119
EX_o2_e_r	2000000.0	0.0	2000000.0	1.0	2.862463197150045	2.73964	0.708120267261801	63.279890278136776	63.585665	6.370126201928446
EX_arg__L_e_r	997849503466.0	1.0	997849503466.0	0.0	0.1931401416199922	0.20158	0.03237107991139326	0.07503247945000088	0.07698	0.006920769475908218
EX_pro__L_e	nan	nan	nan	nan	0.0	0.0	0.0	0.0	0.0	0.0
EX_leu__L_e_r	39223727764.0	0.0	39223727764.0	1.0	0.022285285720008697	0.02307	0.004285261961658171	0.038565659119996966	0.0392	0.0076804050125103855
EX_ile__L_e_r	33239105913.0	0.0	33239105913.0	1.0	0.010188760649997946	0.01058	0.0019076425174584131	0.018089601020002562	0.01836	0.0036449618501921584
EX_met__L_e_r	10985441311.0	0.0	10985441311.0	1.0	0.005449785240001074	0.00566	0.0010203678620116416	0.011140329249997997	0.01127	0.002186361619236914
EX_gly_e_r	825726191513.0	1.0	825726191513.0	0.0	0.12888137567000546	0.12461	0.07753301889524684	0.04351758983999689	0.04122	0.026763047051215946
EX_phe__L_e_r	63029319105.0	0.0	63029319105.0	1.0	0.01254474526999961	0.01269	0.002895314239552607	0.021642107000005763	0.02149	0.0052834904567743
EX_ser__L_e_r	857286256778.0	1.0	857286256778.0	0.0	0.15703987489999566	0.14282	0.10151008263455231	0.04233128334999822	0.03619	0.03096921729067146
EX_ala__L_e_f	227901075716.5	0.0	227901075716.5	1.0	0.22792298830000685	0.16546	0.21321794971130653	0.7315242472899971	0.53696	0.6775319294754878
EX_ala__L_e_b	nan	nan	nan	nan	0.0	0.0	0.0	0.0	0.0	0.0
EX_ribflv_e	nan	nan	nan	nan	0.0	0.0	0.0	0.0	0.0	0.0
EX_asn__L_e	nan	nan	nan	nan	0.0	0.0	0.0	0.0	0.0	0.0
EX_fol_e_r	9060802866.0	0.0	9060802866.0	1.0	0.0002843271200003373	0.0003	7.601229644191087e-05	0.000983972390001566	0.00104	0.00022998443797471905
EX_urea_e	830911253603.0	1.0	830911253603.0	0.0	0.0664102073499986	0.05818	0.04745907306896898	0.01793482646999756	0.01547	0.013065145485321264
EX_pyr_e	nan	nan	nan	nan	0.0	0.0	0.0	0.0	0.0	0.0
PYRt2	nan	nan	nan	nan	0.0	0.0	0.0	0.0	0.0	0.0
EX_gudac_e	869776953490.0	1.0	869776953490.0	0.0	0.07703960120999781	0.07062	0.05080317134032114	0.017659378709996298	0.01535	0.012750484012801332
EX_hdca_e_f	545496594190.0	1.0	545496594190.0	0.0	0.459849882530004	0.43906	0.1317231385344055	0.5149686934700123	0.39651499999999995	0.4428896616714404
EX_hdca_e_b	nan	nan	nan	nan	0.0	0.0	0.0	0.0	0.0	0.0
EX_ptrcIN_e	nan	nan	nan	nan	0.0	0.0	0.0	0.0	0.0	0.0
EX_ptrcOUT_e	960330059366.0	1.0	960330059366.0	0.0	0.08856726165999806	0.08221	0.05096267093662739	0.01050560507999548	0.00829	0.00875087802353366
EX_biomassx	33239172234.5	0.0	33239172234.5	1.0	0.03561532513999557	0.037	0.006668253620394628	0.06323310698000006	0.06419	0.012741161549790632
EX_h2o2_e	23934659527.5	0.0	23934659527.5	1.0	0.014842449029995288	0.01153	0.012633956663627465	0.4473712865199892	0.36861	0.3504505269076851
EX_gthox_e	14357514397.5	0.0	14357514397.5	1.0	0.02247822108999963	0.0202	0.013524826833810155	0.49156653330998146	0.4087	0.366488634998382
EX_2obut_e	995876149706.0	1.0	995876149706.0	0.0	0.46646142053999634	0.49515	0.2197165879309951	0.005271315580000613	0.00442	0.004025115056194362
EX_crn_e	500000.0	0.0	500000.0	1.0	0.0	0.0	0.0	2.2450199159800377	1.96926	1.5620938707500804
EX_val__L_e_r	935280745370.5	1.0	935280745370.5	0.0	0.33790679202999396	0.34695	0.11560716680901445	0.1479415838999936	0.15341	0.02365048532904825
EX_spmd_e	160500000.0	0.0	160500000.0	1.0	0.0	0.0	0.0	0.012666830739994849	0.0104	0.009939440887891995
EX_sprm_e	16954712957.5	0.0	16954712957.5	1.0	0.0006341116700008327	0.00068	0.00022331385388921614	0.01679520382999773	0.01514	0.011083568184575407
EX_5mthf_e	9060802866.0	0.0	9060802866.0	1.0	0.0002843271200003373	0.0003	7.601229644191087e-05	0.000983972390001566	0.00104	0.00022998443797471905
EX_tmlys_e_r	500000.0	0.0	500000.0	1.0	0.0	0.0	0.0	2.2450199159800377	1.96926	1.5620938707500804
EX_thbpt_e_r	332753515104.5	0.0	332753515104.5	1.0	0.003303784660003995	0.00334	0.0017143254733161604	0.005235263890001706	0.00486	0.003286687270835626
EX_CE2705_e	332753515104.5	0.0	332753515104.5	1.0	0.003303784660003995	0.00334	0.0017143254733161604	0.005235263890001706	0.00486	0.003286687270835626
EX_crtn_e	673202943962.5	1.0	673202943962.5	0.0	0.03689516799999762	0.02632	0.03456126130291891	0.016721147529995723	0.01423	0.01207700601520604
EX_his__L_e_r	505765118613.5	1.0	505765118613.5	1.3979459434725239e-45	0.10083125482000106	0.10204	0.05745657280585249	0.09966386168000263	0.09941	0.05852205556010385
EX_lys__L_e_r	929286926070.5	1.0	929286926070.5	0.0	0.15979466964000014	0.16191	0.07482356093354223	0.043688115279997705	0.04424	0.008467864825099926
EX_carn_e_r	330104378972.5	0.0	330104378972.5	1.0	6.4267112579297585	6.06601	3.9639032884309406	8.361850730199675	8.3512	0.9254572766326112
EX_csn_e_r	554532212921.0	1.0	554532212921.0	0.0	9.025795825749931	8.679175	4.705447499137983	9.296511913760247	6.971865	8.291973893182172
EX_cys__L_e	nan	nan	nan	nan	0.0	0.0	0.0	0.0	0.0	0.0
EX_cyan_e_r	500623710293.5	0.9367153704976163	500623710293.5	0.06328462980657391	0.13458539783999954	0.12612	0.06609206901861253	0.13407810086999372	0.12793	0.06830651997986968
EX_tcyntc	509510727231.0	1.0	509510727231.0	2.409635488726474e-120	0.06740039273000277	0.05765	0.05094277115967865	0.06921703897000232	0.05313	0.05899605839872757
EX_tcynt_e	523420344747.0	1.0	523420344747.0	0.0	0.06718501255000027	0.05555	0.05179201285918976	0.06486105294000054	0.04979	0.05454206679341242
EX_so3_e	761662286917.5	1.0	761662286917.5	0.0	0.19827828930999258	0.20684	0.06588792467678314	0.13169354689000098	0.12602	0.06756156288111531
EX_thr__L_e_r	989799877613.0	1.0	989799877613.0	0.0	0.48046135973000303	0.50922	0.21959286147523913	0.027674163740006235	0.02854	0.004080242993382486
EX_trp__L_e_r	228678536020.0	0.0	228678536020.0	1.0	0.0049666279200019075	0.00491	0.00263061755316564	0.008142495259998167	0.00845	0.0031816778082261045
EX_anth_e	387032999018.0	0.0	387032999018.0	1.0	0.00449273039000327	0.00443	0.002638260819346167	0.0055671479300014775	0.00589	0.002740154429122765
EX_tyr__L_e_r	203526592371.0	0.0	203526592371.0	1.0	0.0023829486400024085	0.00218	0.0016014606665159558	0.005702969749998967	0.00561	0.0033452937143811424
EX_cystinex_r	842747263434.0	1.0	842747263434.0	0.0	0.19629046515999876	0.19777	0.004888891714252098	0.1783169307000018	0.1835	0.019444543151702864
EX_3hydroxybutanoatex_r	1629177257.0	0.0	1629177257.0	1.0	1.5606028040900224	1.30909	0.9931101749691177	9.448390741520203	9.15897	2.8518574492514555
EX_gthrd_e_r	20891258034.5	0.0	20891258034.5	1.0	0.026724244329995442	0.02045	0.023438358412909432	0.9379628029000008	0.769315	0.7337334810489028
EX_cmp_e_r	315390868973.5	0.0	315390868973.5	1.0	0.0008431202900008657	0.0008	0.0005246209337393592	0.0014489782800013416	0.00134	0.0009414951855965035
HEX1	139542210002.5	0.0	139542210002.5	1.0	4.3920662346298736	4.3791	0.2771900505842065	16.78034159005003	12.767824999999998	13.562679018123072
G6PP	12774251226.5	0.0	12774251226.5	1.0	0.2011192059299942	0.1432	0.19575368703555857	14.692441841229687	10.671615	13.537257887480454
PGI	861579537796.5	1.0	861579537796.5	0.0	2.232419703170081	2.130135	0.9638417144303412	0.9637556119100138	0.9054249999999999	0.6214283543908851
PFK	65672097965.0	0.0	65672097965.0	1.0	1.8949385492299804	1.8678	1.0639089842941434	15.96231954814052	12.12992	13.771935620683402
FBP	10653926409.0	0.0	10653926409.0	1.0	0.18316863547000575	0.12816	0.19974444285039009	15.124298065670052	11.26484	13.763526200161895
FBA	746354121530.0	1.0	746354121530.0	0.0	1.7117699226899588	1.70439	1.0348305846129098	0.838021489539981	0.77315	0.5343870802529711
TPI	999564576868.0	1.0	999564576868.0	0.0	3.526889373290085	3.506005	0.36837522335491985	1.6640797720500131	1.66677	0.48546705024251835
GAPD	999978019107.5	1.0	999978019107.5	0.0	7.701013582200239	7.713865	0.4911288702062434	3.6783216163400256	3.71384	1.0347260533542801
PGK	999993407209.0	1.0	999993407209.0	0.0	7.492535804869961	7.50875	0.5258973178790042	2.5579471379100207	2.55293	1.1581597165532393
DPGM	126632551897.0	0.0	126632551897.0	1.0	0.20847778443000048	0.14621	0.2045998883904074	1.1203744781500002	0.940655	0.8512278788912566
DPGase	126632551897.0	0.0	126632551897.0	1.0	0.20847778443000048	0.14621	0.2045998883904074	1.1203744781500002	0.940655	0.8512278788912566
PGM_f	1000000000000.0	1.0	1000000000000.0	0.0	21.15784220524962	22.35636	7.041868196871469	2.577105329109952	2.7562550000000003	0.7621019262824957
ENO_f	945101332571.5	1.0	945101332571.5	0.0	19.679085238239903	19.197725	7.668048152893159	7.401148104139873	7.41602	2.7920007467269814
PYK	78312684.0	0.0	78312684.0	1.0	7.627440004449939	7.64009	0.4937584840381721	30.610361624480717	27.650925	12.274043988831178
LDH_L	999998509281.5	1.0	999998509281.5	0.0	7.33200739569999	7.37402	0.3230024996783662	3.3977873526800133	3.43646	0.9308277177739893
r0407	786748261262.0	1.0	786748261262.0	0.0	1.8151194522900211	1.81579	1.0040738883095717	0.8260582804000156	0.76196	0.526620013146666
PRPPS	16119473.5	0.0	16119473.5	1.0	0.007021684699998978	0.00697	0.0015587746024887908	0.0562565257100018	0.05472	0.02005742282149963
G6PDH2r	753694406178.5	1.0	753694406178.5	0.0	1.9487261930499478	2.056905	0.9407720152590303	1.106742759860041	1.02157	0.7073334618844062
PGL	753694406178.5	1.0	753694406178.5	0.0	1.9487261930499478	2.056905	0.9407720152590303	1.106742759860041	1.02157	0.7073334618844062
GND	753694406178.5	1.0	753694406178.5	0.0	1.9487261930499478	2.056905	0.9407720152590303	1.106742759860041	1.02157	0.7073334618844062
RPI	728736051429.5	1.0	728736051429.5	0.0	0.6542565278900256	0.69041	0.3135923915373557	0.40641860536998925	0.37745	0.2359359310725407
TKT2_f	707701956711.5	1.0	707701956711.5	0.0	0.7095829254500283	0.74304	0.3169036647193226	0.4847874956800064	0.4626	0.24441337948171238
RPE_f	819980901572.0	1.0	819980901572.0	0.0	1.5338718320098934	1.602525	0.6272705823090519	0.7802810416099877	0.72637	0.4723279039634028
TKT1_f	751725353309.5	1.0	751725353309.5	0.0	0.7320044919700124	0.7655	0.31666160580012953	0.45002513929998617	0.42414	0.24224973050253326
TALA_f	338214797515.5	0.0	338214797515.5	1.0	1.7454376424899865	1.66371	1.0481993018059326	2.4313282319700575	2.50418	1.2136637840889344
r0408	786748261262.0	1.0	786748261262.0	0.0	1.8151194522900211	1.81579	1.0040738883095717	0.8260582804000156	0.76196	0.526620013146666
PDHm	41122095.0	0.0	41122095.0	1.0	1.1065530678499762	1.09183	0.3950018943379947	7.616916433570332	7.501605	1.9954641028987423
PCm	1397560.5	0.0	1397560.5	1.0	2.2369601704999336	1.93529	1.5473594435916105	87.7648989182787	89.71515	21.861836250312503
PEPCK_re	0.0	0.0	0.0	1.0	0.0	0.0	0.0	28.9477988400195	25.97333	12.262250402699127
CSm	5850926.5	0.0	5850926.5	1.0	4.686362380540127	4.21002	1.971620438877678	30.761238089619955	30.347115000000002	6.139873453594082
ACONTm_f	957409089797.5	1.0	957409089797.5	0.0	134.73247300557082	142.08513499999998	68.2669353638942	15.908156694099919	16.57175	3.320535142535868
ICDHxm	108473391243.5	0.0	108473391243.5	1.0	4.553388154969999	3.35075	4.2615541228250615	20.539753749940225	19.497905000000003	12.62557812815125
ICDHym_f	9729849857.5	0.0	9729849857.5	1.0	4.150876642350047	3.92653	2.5167167389483676	51.505444660622125	51.936989999999994	20.666265790692023
AKGDm	1576420.0	0.0	1576420.0	1.0	1.173494461099956	0.91505	0.9919870477809196	24.185425194900027	24.24611	3.9734210936216865
SUCOAS1m_f	840903471042.0	1.0	840903471042.0	0.0	134.15995163629546	140.42516	62.32987097684282	58.76334777810783	58.20894	26.33907321383381
SUCD1m	1880791.0	0.0	1880791.0	1.0	1.5017064274799874	1.24677	0.9947720031935002	28.80520517316837	28.861155	3.2583073168861754
FUMm_f	379299955387.0	0.0	379299955387.0	1.0	196.90383622381023	191.00956	116.33827325214548	248.8068368225435	266.75684	129.68640825482137
MDHm_f	704412799566.0	1.0	704412799566.0	0.0	398.35945279077123	370.48576	249.8976273688886	227.50800989008485	162.11837500000001	194.0437165887275
ME1m	13620641345.0	0.0	13620641345.0	1.0	1.0953476610100088	0.82171	0.97684976453993	37.58058504791045	36.164384999999996	23.019365458119992
ME2m	111865154311.0	0.0	111865154311.0	1.0	1.4497520572699603	1.08586	1.286666386171626	6.166876224539663	6.25961	3.4446908658309283
ME2	3732667044.0	0.0	3732667044.0	1.0	0.20150547166000252	0.14398	0.19279617525742646	20.69051613979049	18.56735	13.598703683393836
ACITL	169336419306.0	0.0	169336419306.0	1.0	3.941727100080181	3.776185	1.0515426321891952	8.497766288289917	7.90285	4.52589521966534
FUM_f	244284225143.5	0.0	244284225143.5	1.0	85.86169317556693	81.40639999999999	47.989618321632356	141.68443158032522	136.50669	58.78349667812314
MDH_f	608899080411.0	1.0	608899080411.0	0.0	312.3171313626747	314.820975	156.97476842871217	254.33342349195152	271.62957	109.67168816826721
AKGMALtm_f	651362874168.5	1.0	651362874168.5	0.0	360.5721089804797	389.05310499999996	167.21674768399333	272.399807635213	253.57042	161.14610989176504
ACONT	504411496288.0	1.0	504411496288.0	1.6136655252161315e-27	11.270049723679762	10.332615	4.887988879330401	10.458761777729443	11.174585	3.132979032242182
ICDHyr	504411496288.0	1.0	504411496288.0	1.6136655252161315e-27	11.270049723679762	10.332615	4.887988879330401	10.458761777729443	11.174585	3.132979032242182
PPA	1469449.0	0.0	1469449.0	1.0	0.6001558941200196	0.57833	0.19834382691984226	27.501569415429948	26.55217	10.265343166079434
Complex1ROS	1998994.0	0.0	1998994.0	1.0	2.616900531759981	2.5922	0.6147902470952824	70.23412286790253	71.24180000000001	11.858761548470484
FADH2ETC	1978612.5	0.0	1978612.5	1.0	2.4933325071100727	2.27613	1.0834718111940531	46.898360111960045	44.656065	12.587545154956372
CYOR_u10mi	1999999.0	0.0	1999999.0	1.0	4.9811231577199875	4.73143	1.3821619715189053	113.62364177807103	114.503465	10.753429127408346
CYOOm2i	1999999.0	0.0	1999999.0	1.0	2.4905615748599708	2.365715	0.6910809843847143	56.811820892601254	57.251735	5.376714568565567
ATPS4mi	1820644.0	0.0	1820644.0	1.0	5.233295866600082	5.00382	2.023596618937669	215.2396875955507	215.85029500000002	23.386721466898717
GLUCYS	280517006626.5	0.0	280517006626.5	1.0	0.018232193689996484	0.01346	0.016499155372499397	0.04517027376999693	0.03289	0.0420877246424283
GTHS	280517006626.5	0.0	280517006626.5	1.0	0.018232193689996484	0.01346	0.016499155372499397	0.04517027376999693	0.03289	0.0420877246424283
SPODMm	1998994.0	0.0	1998994.0	1.0	0.06542251000999702	0.064805	0.01536975580247332	1.7558530768800518	1.781045	0.2964690408143747
GTHPi	951908384504.5	1.0	951908384504.5	0.0	0.09114361516000376	0.09161	0.04712617129653204	0.012347706479994905	0.0101	0.009675096512276379
GTHPm	11378832.0	0.0	11378832.0	1.0	0.05058006002999862	0.04996	0.016548430247415848	1.3084817852600001	1.32987	0.3973214066830176
GDR	813537232855.5	1.0	813537232855.5	0.0	0.11661576279999813	0.11199	0.07007544237596407	0.04401178805999791	0.03528	0.03505552148140414
GTHOr	721749981515.0	1.0	721749981515.0	0.0	0.08436170721999756	0.06912	0.0656173400298548	0.03808340352000001	0.03023	0.030985647717615437
GDRm	23085793897.5	0.0	23085793897.5	1.0	0.014227019249995924	0.01079	0.012397936065088341	0.4370691749600174	0.36174	0.3361320595506203
GTHOm	26282443922.0	0.0	26282443922.0	1.0	0.013874826079994662	0.01052	0.011925768118340301	0.3798460643399881	0.31964	0.29457267743252347
r0885	14357500960.0	0.0	14357500960.0	1.0	0.044956438930000675	0.04041	0.02704964275352674	0.9831330810199548	0.8174	0.7329772647598525
PYRt2m_f	1919354094.5	0.0	1919354094.5	1.0	21.409519506070147	19.58503	13.539500510361913	155.87721281951474	158.37827	56.83579945532801
HMR_4964	304478873127.0	0.0	304478873127.0	1.0	15.211776821550032	14.08952	5.797121661283184	18.956528069350583	18.80223	5.810824457914113
r2420	858248987.5	0.0	858248987.5	1.0	2.835805893540003	2.5223750000000003	1.8292583527552557	97.67521961760652	99.66655499999999	32.78194450186954
ATPtm	1582147.0	0.0	1582147.0	1.0	2.99052596992001	2.66403	1.7780373785420367	127.4224242771312	128.56151499999999	19.933300143128218
FUMtm_f	35519007182.5	0.0	35519007182.5	1.0	9.675683474029823	10.923115	4.920710626965334	135.0322540670441	134.229915	78.8588281153937
CO2tm_f	407090140690.0	0.0	407090140690.0	1.0	143.0765777772109	134.05469	83.27757908482081	170.13274427111347	178.69621999999998	83.37610885689517
O2tm	1999999.0	0.0	1999999.0	1.0	2.55598409531991	2.4311	0.7014329120813738	58.567673963257484	59.045635000000004	5.486676120672021
r0801_f	263607447347.0	0.0	263607447347.0	1.0	67.84896153814047	73.752555	37.546241712280164	122.0592650830554	119.540915	65.94297240980163
THD1m	499000520529.0	0.007178315885275454	499000520529.0	0.9928216841635289	17.13490635975973	16.59077	6.2788212958552405	17.16365364622062	17.153945	10.333084641572347
H2Otm_f	500000.0	0.0	500000.0	1.0	0.0	0.0	0.0	6.323794595119977	5.15765	5.105381753510331
H2Otm_b	0.0	0.0	0.0	1.0	0.0	0.0	0.0	234.1031614080711	238.98226	17.56059344908179
NH4tm_f	369533445479.5	0.0	369533445479.5	1.0	95.99600715561301	90.862465	60.2342516952269	123.85342357606079	140.71215999999998	57.0407679147605
HCO3E	169564588493.0	0.0	169564588493.0	1.0	3.446818969070159	3.30196	0.9202222025869221	7.430315120779776	6.909675	3.9599177320501218
HCO3Em	1400860.5	0.0	1400860.5	1.0	2.242679119150084	1.9411049999999999	1.5472953863656844	87.81693683174174	89.76449	21.860402970926
GLUN	54134115735.5	0.0	54134115735.5	1.0	0.9084193450700252	0.90255	0.2713205353169531	14.811207672490122	11.00164	13.407380612708405
GLNS	179946809.0	0.0	179946809.0	1.0	0.2002379960600012	0.14231	0.19159175408175075	20.23233492257074	17.099595	13.740748115024989
GLUt2m	107390858367.5	0.0	107390858367.5	1.0	0.09873774045999989	0.0703	0.09580045480899672	0.7882760704499955	0.56578	0.7325265919159208
GLNtm_1	170681346136.0	0.0	170681346136.0	1.0	0.16900461016000223	0.12035	0.16160665778487435	0.753187993569968	0.56339	0.6760407765066067
GLUNm	170681346136.0	0.0	170681346136.0	1.0	0.16900461016000223	0.12035	0.16160665778487435	0.753187993569968	0.56339	0.6760407765066067
GLUPRT	33239558696.0	0.0	33239558696.0	1.0	0.0040183278900044715	0.00417	0.0007523540609216045	0.0071343378599979775	0.00724	0.0014375366870041672
PRAGSr	33239558696.0	0.0	33239558696.0	1.0	0.0040183278900044715	0.00417	0.0007523540609216045	0.0071343378599979775	0.00724	0.0014375366870041672
GARFT	33239558696.0	0.0	33239558696.0	1.0	0.0040183278900044715	0.00417	0.0007523540609216045	0.0071343378599979775	0.00724	0.0014375366870041672
PRFGS	33239558696.0	0.0	33239558696.0	1.0	0.0040183278900044715	0.00417	0.0007523540609216045	0.0071343378599979775	0.00724	0.0014375366870041672
PRAIS	33239558696.0	0.0	33239558696.0	1.0	0.0040183278900044715	0.00417	0.0007523540609216045	0.0071343378599979775	0.00724	0.0014375366870041672
AIRCr	33239558696.0	0.0	33239558696.0	1.0	0.0040183278900044715	0.00417	0.0007523540609216045	0.0071343378599979775	0.00724	0.0014375366870041672
PRASCSi	33239558696.0	0.0	33239558696.0	1.0	0.0040183278900044715	0.00417	0.0007523540609216045	0.0071343378599979775	0.00724	0.0014375366870041672
ADSL2r	33239558696.0	0.0	33239558696.0	1.0	0.0040183278900044715	0.00417	0.0007523540609216045	0.0071343378599979775	0.00724	0.0014375366870041672
AICART	33239558696.0	0.0	33239558696.0	1.0	0.0040183278900044715	0.00417	0.0007523540609216045	0.0071343378599979775	0.00724	0.0014375366870041672
IMPC	33239558696.0	0.0	33239558696.0	1.0	0.0040183278900044715	0.00417	0.0007523540609216045	0.0071343378599979775	0.00724	0.0014375366870041672
ADSS	33242462368.5	0.0	33242462368.5	1.0	0.0023795024800030437	0.00247	0.0004455293983236828	0.004224667030004237	0.00429	0.0008512541495728146
ADSL1r	33242462368.5	0.0	33242462368.5	1.0	0.0023795024800030437	0.00247	0.0004455293983236828	0.004224667030004237	0.00429	0.0008512541495728146
IMPDH2	33238649302.0	0.0	33238649302.0	1.0	0.0016388237500019366	0.0017	0.0003068449684932693	0.0029096768200037792	0.00295	0.0005862855784385539
GMPS	257262100937.5	0.0	257262100937.5	1.0	0.0007543841800006938	0.00069	0.0004973872762347543	0.0014837508800015582	0.00145	0.0008906789696679885
GMPS2	324500734056.0	0.0	324500734056.0	1.0	0.0008844485700009761	0.00089	0.0005191711968741689	0.0014259274400014222	0.00134	0.0008861828574147676
GK1	33238649302.0	0.0	33238649302.0	1.0	0.0016388237500019366	0.0017	0.0003068449684932693	0.0029096768200037792	0.00295	0.0005862855784385539
RNDR2	33354909042.5	0.0	33354909042.5	1.0	0.00035255224000038947	0.00037	6.610361745515888e-05	0.0006258891500007438	0.00064	0.00012614899970196132
ADK1	1461982.5	0.0	1461982.5	1.0	0.5981758622400101	0.57634	0.19837204553963955	27.498053970861147	26.54854	10.265329372236387
RNDR1	33279714647.0	0.0	33279714647.0	1.0	0.000469495150000708	0.00049	8.793203147030811e-05	0.0008336006500009493	0.00085	0.00016799673164199315
CBPS	322775014939.5	0.0	322775014939.5	1.0	0.0017351332800019175	0.0017	0.001033015594634458	0.00286495203000308	0.0027	0.001841898630079448
ASPCT	322775014939.5	0.0	322775014939.5	1.0	0.0017351332800019175	0.0017	0.001033015594634458	0.00286495203000308	0.0027	0.001841898630079448
DHORTS	322775014939.5	0.0	322775014939.5	1.0	0.0017351332800019175	0.0017	0.001033015594634458	0.00286495203000308	0.0027	0.001841898630079448
DHORD9	322775014939.5	0.0	322775014939.5	1.0	0.0017351332800019175	0.0017	0.001033015594634458	0.00286495203000308	0.0027	0.001841898630079448
ORPT	322775014939.5	0.0	322775014939.5	1.0	0.0017351332800019175	0.0017	0.001033015594634458	0.00286495203000308	0.0027	0.001841898630079448
OMPDC	322775014939.5	0.0	322775014939.5	1.0	0.0017351332800019175	0.0017	0.001033015594634458	0.00286495203000308	0.0027	0.001841898630079448
UMPK	55961515890.5	0.0	55961515890.5	1.0	0.003253167100003941	0.00322	0.0008009444969466508	0.005823781909999675	0.00576	0.00143475221936477
RNDR4	33302105665.5	0.0	33302105665.5	1.0	0.0004662549900005913	0.00048	8.735426738787614e-05	0.0008277851100009558	0.00084	0.00016682435791176488
TMDS	33302105665.5	0.0	33302105665.5	1.0	0.0004662549900005913	0.00048	8.735426738787614e-05	0.0008277851100009558	0.00084	0.00016682435791176488
URIDK2r	33302105665.5	0.0	33302105665.5	1.0	0.0004662549900005913	0.00048	8.735426738787614e-05	0.0008277851100009558	0.00084	0.00016682435791176488
NDPK2	66892590712.5	0.0	66892590712.5	1.0	0.0027869321500034916	0.00273	0.0007351771116413045	0.0049959924800016325	0.00491	0.0013070925252151595
NDPK3_f	97336565711.5	0.0	97336565711.5	1.0	0.0005669228600006146	0.00059	0.0003188854096652489	0.001956445380002289	0.00198	0.000958716295477222
CYTK1_r	315390868973.5	0.0	315390868973.5	1.0	0.0008431202900008657	0.0008	0.0005246209337393592	0.0014489782800013416	0.00134	0.0009414951855965035
CTPS1	265868739665.0	0.0	265868739665.0	1.0	0.0008834324500009737	0.00084	0.0005349653134315967	0.001616434240001731	0.00159	0.0009256342359452006
RNDR3	33374819977.0	0.0	33374819977.0	1.0	0.00033631081000040847	0.00035	6.307353926513667e-05	0.0005970495900007481	0.00061	0.00012033760285939165
GDHm	146112529080.5	0.0	146112529080.5	1.0	4.002415818870137	2.9064750000000004	3.7239155237553256	15.849975916729628	14.26919	11.054947444662535
GLUDym_f	811000432012.5	1.0	811000432012.5	0.0	134.3498491664072	143.479495	76.04490118751431	48.39671487887616	45.697950000000006	24.227364412418193
ASPTA_f	619079178340.5	1.0	619079178340.5	0.0	146.12477066863968	151.021905	78.27975205510472	114.96146967457726	111.131225	55.04564930520849
ASPTAm	36988537185.5	0.0	36988537185.5	1.0	2.1472311296200273	1.60829	1.857495276252314	25.53138301438074	23.12172	16.654890817145965
ASPGLUm	35679168752.0	0.0	35679168752.0	1.0	2.0148872618699576	1.4769	1.8549764746351873	25.467670123789432	23.05621	16.653669043827954
ASPT	105935479058.5	0.0	105935479058.5	1.0	0.09832050547000296	0.07059	0.09414818448182125	0.7457920400200303	0.5551	0.6749555779049545
CBPSam	nan	nan	nan	nan	0.0	0.0	0.0	0.0	0.0	0.0
OCBTm	nan	nan	nan	nan	0.0	0.0	0.0	0.0	0.0	0.0
ORNt4m	nan	nan	nan	nan	0.0	0.0	0.0	0.0	0.0	0.0
ARGSS	60884159330.5	0.0	60884159330.5	1.0	0.0498922612199999	0.03545	0.04816387509130031	0.7057781516799877	0.51769	0.6466508246052081
ARGSL	60884159330.5	0.0	60884159330.5	1.0	0.0498922612199999	0.03545	0.04816387509130031	0.7057781516799877	0.51769	0.6466508246052081
ARGN	830911253603.0	1.0	830911253603.0	0.0	0.0664102073499986	0.05818	0.04745907306896898	0.01793482646999756	0.01547	0.013065145485321264
ORNDC	998581091514.0	1.0	998581091514.0	0.0	0.1803449807800027	0.1888	0.03246269308562998	0.05231535405000458	0.05309	0.007874751308172225
SPMS	20053512.0	0.0	20053512.0	1.0	0.0006341116700008327	0.00068	0.00022331385388921614	0.02946203302000079	0.02928	0.011379442136585505
SPRMS	16954712957.5	0.0	16954712957.5	1.0	0.0006341116700008327	0.00068	0.00022331385388921614	0.01679520382999773	0.01514	0.011083568184575407
ADMDC	54269425.0	0.0	54269425.0	1.0	0.001268214360001954	0.00136	0.00044657186713523297	0.04625723769000171	0.04454	0.020146524977780855
MTAP	54269425.0	0.0	54269425.0	1.0	0.001268214360001954	0.00136	0.00044657186713523297	0.04625723769000171	0.04454	0.020146524977780855
ADPT	54269425.0	0.0	54269425.0	1.0	0.001268214360001954	0.00136	0.00044657186713523297	0.04625723769000171	0.04454	0.020146524977780855
MTRI	54269425.0	0.0	54269425.0	1.0	0.001268214360001954	0.00136	0.00044657186713523297	0.04625723769000171	0.04454	0.020146524977780855
MDRPD	54269425.0	0.0	54269425.0	1.0	0.001268214360001954	0.00136	0.00044657186713523297	0.04625723769000171	0.04454	0.020146524977780855
DKMPPD	54269425.0	0.0	54269425.0	1.0	0.001268214360001954	0.00136	0.00044657186713523297	0.04625723769000171	0.04454	0.020146524977780855
SPMDtex2	160500000.0	0.0	160500000.0	1.0	0.0	0.0	0.0	0.012666830739994849	0.0104	0.009939440887891995
SPRMti	16954712957.5	0.0	16954712957.5	1.0	0.0006341116700008327	0.00068	0.00022331385388921614	0.01679520382999773	0.01514	0.011083568184575407
GLYAMDTRc	930587528475.0	1.0	930587528475.0	0.0	0.11393477429000158	0.11463	0.050395705036030226	0.0343805279800007	0.03543	0.01349371499573737
ARGDr	60884159330.5	0.0	60884159330.5	1.0	0.0498922612199999	0.03545	0.04816387509130031	0.7057781516799877	0.51769	0.6466508246052081
r0074_f	33239139805.5	0.0	33239139805.5	1.0	0.014690745059998745	0.01526	0.0027505519601011513	0.02608264536000622	0.02648	0.005255523610753956
r0074_b	nan	nan	nan	nan	0.0	0.0	0.0	0.0	0.0	0.0
GLU5SAtmc_f	33239139805.5	0.0	33239139805.5	1.0	0.014690745059998745	0.01526	0.0027505519601011513	0.02608264536000622	0.02648	0.005255523610753956
GLU5SAtmc_b	nan	nan	nan	nan	0.0	0.0	0.0	0.0	0.0	0.0
G5SADs_f	33239139805.5	0.0	33239139805.5	1.0	0.014690745059998745	0.01526	0.0027505519601011513	0.02608264536000622	0.02648	0.005255523610753956
G5SADs_b	nan	nan	nan	nan	0.0	0.0	0.0	0.0	0.0	0.0
PRO1x	169590982930.0	0.0	169590982930.0	1.0	0.007198707059997753	0.00692	0.004352921478344237	0.016695416290001867	0.0171	0.008178896472329169
P5CR	438051535831.0	0.0	438051535831.0	1.0	0.007492047039996988	0.00722	0.004435179366075234	0.009387229609993091	0.00831	0.006720870613584228
PROD2	nan	nan	nan	nan	0.0	0.0	0.0	0.0	0.0	0.0
EXRiboflavin	nan	nan	nan	nan	0.0	0.0	0.0	0.0	0.0	0.0
RBFK	nan	nan	nan	nan	0.0	0.0	0.0	0.0	0.0	0.0
FMNAT	nan	nan	nan	nan	0.0	0.0	0.0	0.0	0.0	0.0
TransportFAD	nan	nan	nan	nan	0.0	0.0	0.0	0.0	0.0	0.0
ASNS1	14839892131.0	0.0	14839892131.0	1.0	0.10689715814000288	0.07994	0.09226088525399125	4.913859473500069	3.67348	4.480062811888755
ASNN	16077991009.0	0.0	16077991009.0	1.0	0.09694534418000017	0.06991	0.09231149686607912	4.896190562789712	3.656015	4.480231852295153
METS	14905089038.5	0.0	14905089038.5	1.0	0.1038940393900022	0.08735	0.07371112578865659	5.248259456389964	3.909005	4.673532500519405
METAT	8786526634.0	0.0	8786526634.0	1.0	0.10516226488000377	0.08863	0.07370716136596614	5.295981218920093	3.9563249999999996	4.673552761866306
HMR_3915	11179086429.5	0.0	11179086429.5	1.0	0.06699886713999786	0.04736	0.06558021931557936	5.233002833329912	3.89396	4.673438859604432
AHCi	14676181670.5	0.0	14676181670.5	1.0	0.1038940393900022	0.08735	0.07371112578865659	5.249723982210229	3.910405	4.673564578783076
ADNK1	14676181670.5	0.0	14676181670.5	1.0	0.1038940393900022	0.08735	0.07371112578865659	5.249723982210229	3.910405	4.673564578783076
CYSTS	635000000.0	0.0	635000000.0	1.0	0.0	0.0	0.0	0.0014645303700014701	0.00146	0.0008086710735500656
CYSTGL	635000000.0	0.0	635000000.0	1.0	0.0	0.0	0.0	0.0014645303700014701	0.00146	0.0008086710735500656
MTHFR3	687086909972.5	1.0	687086909972.5	0.0	0.03717950702999532	0.02661	0.03455874425827128	0.01624059683999574	0.01371	0.012111075881833614
MetSynthesis	14848837075.0	0.0	14848837075.0	1.0	0.000580614740000367	0.00051	0.0004149848372017813	0.024250547169996417	0.02045	0.01819671474150708
UNK3	20481259787.0	0.0	20481259787.0	1.0	0.0006876039100008297	0.00065	0.0004271566683496815	0.022006689309997277	0.01819	0.01699331117572585
5MTHFt	9060802866.0	0.0	9060802866.0	1.0	0.0002843271200003373	0.0003	7.601229644191087e-05	0.000983972390001566	0.00104	0.00022998443797471905
ILETA	nan	nan	nan	nan	0.0	0.0	0.0	0.0	0.0	0.0
3MOPt2im	nan	nan	nan	nan	0.0	0.0	0.0	0.0	0.0	0.0
ILETAm	nan	nan	nan	nan	0.0	0.0	0.0	0.0	0.0	0.0
LEUTA	383478335127.0	0.0	383478335127.0	1.0	0.0013561129000012097	0.0011	0.0010596909423027394	0.0018956689200017036	0.00168	0.0013257775566185871
4MOPt2im	383478335127.0	0.0	383478335127.0	1.0	0.0013561129000012097	0.0011	0.0010596909423027394	0.0018956689200017036	0.00168	0.0013257775566185871
LEUTAm	386803899287.5	0.0	386803899287.5	1.0	0.001499439130001561	0.00128	0.001079493769427016	0.002173541030002175	0.00185	0.0016150810459206893
OIVD1m	289056618626.5	0.0	289056618626.5	1.0	0.002855558360003449	0.00291	0.0011600020822559005	0.004069216120004775	0.00408	0.0017118460007102317
ACOAD8m	289056618626.5	0.0	289056618626.5	1.0	0.002855558360003449	0.00291	0.0011600020822559005	0.004069216120004775	0.00408	0.0017118460007102317
MCCCrm	289056618626.5	0.0	289056618626.5	1.0	0.002855558360003449	0.00291	0.0011600020822559005	0.004069216120004775	0.00408	0.0017118460007102317
MGCHrm	289056618626.5	0.0	289056618626.5	1.0	0.002855558360003449	0.00291	0.0011600020822559005	0.004069216120004775	0.00408	0.0017118460007102317
HMGCOAtm	286152403637.0	0.0	286152403637.0	1.0	0.0028633919100033603	0.00292	0.0011601081267263883	0.004095004850004671	0.00411	0.001711402343598399
VALTA	972350975040.5	1.0	972350975040.5	0.0	0.20770880828999636	0.19695	0.12362381599840994	0.01346706759999472	0.01207	0.009224342179318836
3MOBt2im	972350975040.5	1.0	972350975040.5	0.0	0.20770880828999636	0.19695	0.12362381599840994	0.01346706759999472	0.01207	0.009224342179318836
VALTAim	453754880010.5	0.0	453754880010.5	1.0	0.11763976053000046	0.09855	0.09141874640158049	0.11217808694999322	0.11659	0.02472192652484635
OIVD2m	946121955487.0	1.0	946121955487.0	0.0	0.3253485804499983	0.33432	0.11552472706862393	0.12564514803999927	0.13134	0.02327292496109753
ACOAD9m	946121955487.0	1.0	946121955487.0	0.0	0.3253485804499983	0.33432	0.11552472706862393	0.12564514803999927	0.13134	0.02327292496109753
ECOAH12m	946121955487.0	1.0	946121955487.0	0.0	0.3253485804499983	0.33432	0.11552472706862393	0.12564514803999927	0.13134	0.02327292496109753
3HBCOAHLm	946121955487.0	1.0	946121955487.0	0.0	0.3253485804499983	0.33432	0.11552472706862393	0.12564514803999927	0.13134	0.02327292496109753
HIBDm	946121955487.0	1.0	946121955487.0	0.0	0.3253485804499983	0.33432	0.11552472706862393	0.12564514803999927	0.13134	0.02327292496109753
r0643	732827603289.0	1.0	732827603289.0	0.0	0.07654851934999933	0.07114	0.051468743580830284	0.03528464542999768	0.02856	0.02818190215866356
MMSAD1m	33500000.0	0.0	33500000.0	1.0	0.0	0.0	0.0	0.04387368834999729	0.03895	0.030663740407330806
MMTSADm	941289813018.5	1.0	941289813018.5	0.0	0.2488000478299959	0.25381	0.12242455255057895	0.046486817889998665	0.04061	0.03330018616847455
PCC	3895339872.0	0.0	3895339872.0	1.0	0.0028633919100033603	0.00292	0.0011601081267263883	0.0479686985299993	0.04295	0.030647437654748606
MMALH	732827603289.0	1.0	732827603289.0	0.0	0.07654851934999933	0.07114	0.051468743580830284	0.03528464542999768	0.02856	0.02818190215866356
MMEm	464433334251.0	0.0	464433334251.0	1.0	0.07941191087999865	0.07392	0.05159479716480874	0.08325334360999795	0.08463	0.03487983412805339
MMMm	944847227154.0	1.0	944847227154.0	0.0	0.3282119693599993	0.33724	0.11557524274095299	0.1297401609400065	0.13542	0.023335418681071324
ILEtmi	nan	nan	nan	nan	0.0	0.0	0.0	0.0	0.0	0.0
LEUt5m	386803899287.5	0.0	386803899287.5	1.0	0.001499439130001561	0.00128	0.001079493769427016	0.002173541030002175	0.00185	0.0016150810459206893
VALt5m	453754880010.5	0.0	453754880010.5	1.0	0.11763976053000046	0.09855	0.09141874640158049	0.11217808694999322	0.11659	0.02472192652484635
PGCD	11289404906.5	0.0	11289404906.5	1.0	0.0735735767200051	0.05376	0.06888821794381754	2.015758833920148	1.95401	1.1174957742207225
PSERT	11289404906.5	0.0	11289404906.5	1.0	0.0735735767200051	0.05376	0.06888821794381754	2.015758833920148	1.95401	1.1174957742207225
PSP_L	11289404906.5	0.0	11289404906.5	1.0	0.0735735767200051	0.05376	0.06888821794381754	2.015758833920148	1.95401	1.1174957742207225
GHMT2r_f	629334374410.0	1.0	629334374410.0	0.0	47.49215675019201	44.56556	29.248474807646634	33.613149847328565	33.962835	17.714159028343424
SERD_L	2097189792.0	0.0	2097189792.0	1.0	0.19013684414000703	0.17548	0.12392563920339135	4.199581624700105	4.03347	1.9479196353172188
ALATA_L_f	197767245239.0	0.0	197767245239.0	1.0	0.25626339900000444	0.1938	0.21332957744304878	0.7926541677500312	0.59888	0.6765823989119389
r1435	195007500820.0	0.0	195007500820.0	1.0	9.496367000023209e-05	8e-05	7.616369529526461e-05	0.000332302930000317	0.00027	0.000257594893910449
GLYtm_r	195007500820.0	0.0	195007500820.0	1.0	9.496367000023209e-05	8e-05	7.616369529526461e-05	0.000332302930000317	0.00027	0.000257594893910449
GHMT2rm	195007500820.0	0.0	195007500820.0	1.0	9.496367000023209e-05	8e-05	7.616369529526461e-05	0.000332302930000317	0.00027	0.000257594893910449
MLTHFtm_r	62017036372.0	0.0	62017036372.0	1.0	0.00018576952000021947	0.00019	8.684335772369718e-05	0.0006588013600007899	0.00067	0.0002883024730738337
r0962	62017036372.0	0.0	62017036372.0	1.0	0.00018576952000021947	0.00019	8.684335772369718e-05	0.0006588013600007899	0.00067	0.0002883024730738337
FORtm_r	189544956093.5	0.0	189544956093.5	1.0	9.073799000029464e-05	7e-05	7.240338467912967e-05	0.0003264806100004061	0.00027	0.0002550547581342442
r0514	62017036372.0	0.0	62017036372.0	1.0	0.00018576952000021947	0.00019	8.684335772369718e-05	0.0006588013600007899	0.00067	0.0002883024730738337
DHFRim	62017036372.0	0.0	62017036372.0	1.0	0.00018576952000021947	0.00019	8.684335772369718e-05	0.0006588013600007899	0.00067	0.0002883024730738337
FTHFLmi	189544956093.5	0.0	189544956093.5	1.0	9.073799000029464e-05	7e-05	7.240338467912967e-05	0.0003264806100004061	0.00027	0.0002550547581342442
MTHFCm	189544956093.5	0.0	189544956093.5	1.0	9.073799000029464e-05	7e-05	7.240338467912967e-05	0.0003264806100004061	0.00027	0.0002550547581342442
MTHFDm	189544956093.5	0.0	189544956093.5	1.0	9.073799000029464e-05	7e-05	7.240338467912967e-05	0.0003264806100004061	0.00027	0.0002550547581342442
FOLR2	208094891282.0	0.0	208094891282.0	1.0	9.852510000023931e-05	8e-05	7.68368920110716e-05	0.0003251619900003551	0.00026	0.0002542425585901857
DHFR	21818260843.5	0.0	21818260843.5	1.0	0.0005648035300006396	0.00057	0.00011773136650954122	0.0011529630400013487	0.00112	0.0003013633985966397
FTHFLi	312011135.0	0.0	312011135.0	1.0	0.006396770699999383	0.00634	0.002658692643850941	0.05452187745000165	0.0528	0.020437200080891893
FTHFDH	538241813657.5	1.0	538241813657.5	0.0	6.411082180129716	6.04459	3.9645941080995186	5.608330870670082	5.849105	1.648337854736744
MTHFC_f	640074952834.0	1.0	640074952834.0	0.0	0.18918981391000253	0.17867	0.1236490774641564	0.12761388668000223	0.11372	0.0872443085579536
MTHFD	243995579635.0	0.0	243995579635.0	1.0	5.6549327656098916	5.28234	2.0740342294359992	14.674648444240445	11.90413	11.751253381878909
MTHFD2i_f	348688922611.5	0.0	348688922611.5	1.0	31.385733521180825	33.031994999999995	16.07278884440502	45.30782142451044	44.22453	26.27274234685729
ACACT1r	295643695104.5	0.0	295643695104.5	1.0	0.0014961394300013274	0.00129	0.0010784346336799114	0.002803352910003034	0.0025	0.0019195175344974438
HMGCOAS	160849976643.5	0.0	160849976643.5	1.0	0.0014961394300013274	0.00129	0.0010784346336799114	0.0036451028400041573	0.00338	0.0019033200126748588
HMGCOAR	33239467528.5	0.0	33239467528.5	1.0	0.004359533470003812	0.00453	0.0008162455879857928	0.007740109529997641	0.00786	0.0015595944365243682
MEVK1	33239467528.5	0.0	33239467528.5	1.0	0.004359533470003812	0.00453	0.0008162455879857928	0.007740109529997641	0.00786	0.0015595944365243682
PMEVK	33239467528.5	0.0	33239467528.5	1.0	0.004359533470003812	0.00453	0.0008162455879857928	0.007740109529997641	0.00786	0.0015595944365243682
IPDDI	33243716447.0	0.0	33243716447.0	1.0	0.0014531704300023381	0.00151	0.0002720875761684595	0.0025800410100031337	0.00262	0.000519877790342237
DPMVD	33239467528.5	0.0	33239467528.5	1.0	0.004359533470003812	0.00453	0.0008162455879857928	0.007740109529997641	0.00786	0.0015595944365243682
DMATT	33243716447.0	0.0	33243716447.0	1.0	0.0014531704300023381	0.00151	0.0002720875761684595	0.0025800410100031337	0.00262	0.000519877790342237
GRTT	33243716447.0	0.0	33243716447.0	1.0	0.0014531704300023381	0.00151	0.0002720875761684595	0.0025800410100031337	0.00262	0.000519877790342237
HMR_1465	33259803442.5	0.0	33259803442.5	1.0	0.0007265837400014845	0.00075	0.0001360650670864556	0.001290014820001549	0.00131	0.0002599438407638838
HMR_1467	33259803442.5	0.0	33259803442.5	1.0	0.0007265837400014845	0.00075	0.0001360650670864556	0.001290014820001549	0.00131	0.0002599438407638838
SMO	33259803442.5	0.0	33259803442.5	1.0	0.0007265837400014845	0.00075	0.0001360650670864556	0.001290014820001549	0.00131	0.0002599438407638838
LNSTLS	33259803442.5	0.0	33259803442.5	1.0	0.0007265837400014845	0.00075	0.0001360650670864556	0.001290014820001549	0.00131	0.0002599438407638838
HMR_1477	33259803442.5	0.0	33259803442.5	1.0	0.0007265837400014845	0.00075	0.0001360650670864556	0.001290014820001549	0.00131	0.0002599438407638838
HMR_1478	33259803442.5	0.0	33259803442.5	1.0	0.0007265837400014845	0.00075	0.0001360650670864556	0.001290014820001549	0.00131	0.0002599438407638838
HMR_1479	33259803442.5	0.0	33259803442.5	1.0	0.0007265837400014845	0.00075	0.0001360650670864556	0.001290014820001549	0.00131	0.0002599438407638838
C14STR	33259803442.5	0.0	33259803442.5	1.0	0.0007265837400014845	0.00075	0.0001360650670864556	0.001290014820001549	0.00131	0.0002599438407638838
HMR_1490	33259803442.5	0.0	33259803442.5	1.0	0.0007265837400014845	0.00075	0.0001360650670864556	0.001290014820001549	0.00131	0.0002599438407638838
HMR_1493	33259803442.5	0.0	33259803442.5	1.0	0.0007265837400014845	0.00075	0.0001360650670864556	0.001290014820001549	0.00131	0.0002599438407638838
HMR_1494	33259803442.5	0.0	33259803442.5	1.0	0.0007265837400014845	0.00075	0.0001360650670864556	0.001290014820001549	0.00131	0.0002599438407638838
C3STDH1	995907998272.0	1.0	995907998272.0	0.0	0.00036897159000036443	0.00036	0.0002192130468909746	2.077840000005145e-06	0.0	4.057215473133137e-06
HMR_1495	3795281836.5	0.0	3795281836.5	1.0	0.0003576172000003969	0.00034	0.00021528786406326605	0.0012869794600014976	0.00131	0.00026010647280194096
HMR_1500	33259803442.5	0.0	33259803442.5	1.0	0.0007265837400014845	0.00075	0.0001360650670864556	0.001290014820001549	0.00131	0.0002599438407638838
HMR_1502	33259803442.5	0.0	33259803442.5	1.0	0.0007265837400014845	0.00075	0.0001360650670864556	0.001290014820001549	0.00131	0.0002599438407638838
HMR_1503	33259803442.5	0.0	33259803442.5	1.0	0.0007265837400014845	0.00075	0.0001360650670864556	0.001290014820001549	0.00131	0.0002599438407638838
HMR_1504	33259803442.5	0.0	33259803442.5	1.0	0.0007265837400014845	0.00075	0.0001360650670864556	0.001290014820001549	0.00131	0.0002599438407638838
HMR_1505	33259803442.5	0.0	33259803442.5	1.0	0.0007265837400014845	0.00075	0.0001360650670864556	0.001290014820001549	0.00131	0.0002599438407638838
HMR_1509	33259803442.5	0.0	33259803442.5	1.0	0.0007265837400014845	0.00075	0.0001360650670864556	0.001290014820001549	0.00131	0.0002599438407638838
CHLSTI_1	33259803442.5	0.0	33259803442.5	1.0	0.0007265837400014845	0.00075	0.0001360650670864556	0.001290014820001549	0.00131	0.0002599438407638838
HMR_1516	33259803442.5	0.0	33259803442.5	1.0	0.0007265837400014845	0.00075	0.0001360650670864556	0.001290014820001549	0.00131	0.0002599438407638838
RE2410C	33259803442.5	0.0	33259803442.5	1.0	0.0007265837400014845	0.00075	0.0001360650670864556	0.001290014820001549	0.00131	0.0002599438407638838
DSMSTOLR	33259803442.5	0.0	33259803442.5	1.0	0.0007265837400014845	0.00075	0.0001360650670864556	0.001290014820001549	0.00131	0.0002599438407638838
ACCOAC	169659465049.5	0.0	169659465049.5	1.0	3.445083839449954	3.30022	0.9202216117640748	7.427450172910453	6.906915	3.959970597920902
FASN	169659464402.0	0.0	169659464402.0	1.0	0.4921548379900144	0.47146	0.13146023448284752	1.0610643108700084	0.9867	0.5657100810893348
MCAT	169659465049.5	0.0	169659465049.5	1.0	3.445083839449954	3.30022	0.9202216117640748	7.427450172910453	6.906915	3.959970597920902
AcetoacetylACPsynthesis	169659464402.0	0.0	169659464402.0	1.0	0.4921548379900144	0.47146	0.13146023448284752	1.0610643108700084	0.9867	0.5657100810893348
r0691	169659464402.0	0.0	169659464402.0	1.0	0.4921548379900144	0.47146	0.13146023448284752	1.0610643108700084	0.9867	0.5657100810893348
r0681	169659464402.0	0.0	169659464402.0	1.0	0.4921548379900144	0.47146	0.13146023448284752	1.0610643108700084	0.9867	0.5657100810893348
r0682	169659464402.0	0.0	169659464402.0	1.0	0.4921548379900144	0.47146	0.13146023448284752	1.0610643108700084	0.9867	0.5657100810893348
r0760	169659464402.0	0.0	169659464402.0	1.0	0.4921548379900144	0.47146	0.13146023448284752	1.0610643108700084	0.9867	0.5657100810893348
r0761	169659464402.0	0.0	169659464402.0	1.0	0.4921548379900144	0.47146	0.13146023448284752	1.0610643108700084	0.9867	0.5657100810893348
r0762	169659464402.0	0.0	169659464402.0	1.0	0.4921548379900144	0.47146	0.13146023448284752	1.0610643108700084	0.9867	0.5657100810893348
r0763	169659464402.0	0.0	169659464402.0	1.0	0.4921548379900144	0.47146	0.13146023448284752	1.0610643108700084	0.9867	0.5657100810893348
r0764	169659464402.0	0.0	169659464402.0	1.0	0.4921548379900144	0.47146	0.13146023448284752	1.0610643108700084	0.9867	0.5657100810893348
r0694	169659464402.0	0.0	169659464402.0	1.0	0.4921548379900144	0.47146	0.13146023448284752	1.0610643108700084	0.9867	0.5657100810893348
r0695	169659464402.0	0.0	169659464402.0	1.0	0.4921548379900144	0.47146	0.13146023448284752	1.0610643108700084	0.9867	0.5657100810893348
r0765	169659464402.0	0.0	169659464402.0	1.0	0.4921548379900144	0.47146	0.13146023448284752	1.0610643108700084	0.9867	0.5657100810893348
r0766	169659464402.0	0.0	169659464402.0	1.0	0.4921548379900144	0.47146	0.13146023448284752	1.0610643108700084	0.9867	0.5657100810893348
r0692	169659464402.0	0.0	169659464402.0	1.0	0.4921548379900144	0.47146	0.13146023448284752	1.0610643108700084	0.9867	0.5657100810893348
r0693	169659464402.0	0.0	169659464402.0	1.0	0.4921548379900144	0.47146	0.13146023448284752	1.0610643108700084	0.9867	0.5657100810893348
r0767	169659464402.0	0.0	169659464402.0	1.0	0.4921548379900144	0.47146	0.13146023448284752	1.0610643108700084	0.9867	0.5657100810893348
r0768	169659464402.0	0.0	169659464402.0	1.0	0.4921548379900144	0.47146	0.13146023448284752	1.0610643108700084	0.9867	0.5657100810893348
r0769	169659464402.0	0.0	169659464402.0	1.0	0.4921548379900144	0.47146	0.13146023448284752	1.0610643108700084	0.9867	0.5657100810893348
r0770	169659464402.0	0.0	169659464402.0	1.0	0.4921548379900144	0.47146	0.13146023448284752	1.0610643108700084	0.9867	0.5657100810893348
r0712	169659464402.0	0.0	169659464402.0	1.0	0.4921548379900144	0.47146	0.13146023448284752	1.0610643108700084	0.9867	0.5657100810893348
r0713	169659464402.0	0.0	169659464402.0	1.0	0.4921548379900144	0.47146	0.13146023448284752	1.0610643108700084	0.9867	0.5657100810893348
r0701	169659464402.0	0.0	169659464402.0	1.0	0.4921548379900144	0.47146	0.13146023448284752	1.0610643108700084	0.9867	0.5657100810893348
r0702	169659464402.0	0.0	169659464402.0	1.0	0.4921548379900144	0.47146	0.13146023448284752	1.0610643108700084	0.9867	0.5657100810893348
r0771	169659464402.0	0.0	169659464402.0	1.0	0.4921548379900144	0.47146	0.13146023448284752	1.0610643108700084	0.9867	0.5657100810893348
r0772	169659464402.0	0.0	169659464402.0	1.0	0.4921548379900144	0.47146	0.13146023448284752	1.0610643108700084	0.9867	0.5657100810893348
r0696	169659464402.0	0.0	169659464402.0	1.0	0.4921548379900144	0.47146	0.13146023448284752	1.0610643108700084	0.9867	0.5657100810893348
r0697	169659464402.0	0.0	169659464402.0	1.0	0.4921548379900144	0.47146	0.13146023448284752	1.0610643108700084	0.9867	0.5657100810893348
r0773	169659464402.0	0.0	169659464402.0	1.0	0.4921548379900144	0.47146	0.13146023448284752	1.0610643108700084	0.9867	0.5657100810893348
FA160ACPH	169659464402.0	0.0	169659464402.0	1.0	0.4921548379900144	0.47146	0.13146023448284752	1.0610643108700084	0.9867	0.5657100810893348
TMLYStd_r	500000.0	0.0	500000.0	1.0	0.0	0.0	0.0	2.2450199159800377	1.96926	1.5620938707500804
TMLYSOX	500000.0	0.0	500000.0	1.0	0.0	0.0	0.0	2.2450199159800377	1.96926	1.5620938707500804
GHMT3	500000.0	0.0	500000.0	1.0	0.0	0.0	0.0	2.2450199159800377	1.96926	1.5620938707500804
TMABADH	500000.0	0.0	500000.0	1.0	0.0	0.0	0.0	2.2450199159800377	1.96926	1.5620938707500804
BBHOX	500000.0	0.0	500000.0	1.0	0.0	0.0	0.0	2.2450199159800377	1.96926	1.5620938707500804
SUCFUMtm_r	0.0	0.0	0.0	1.0	0.0	0.0	0.0	4.490039821409759	3.9385250000000003	3.1241877362176647
palmitateActivation	31136859169.5	0.0	31136859169.5	1.0	0.022651816149995705	0.01599	0.021804323155992907	0.5289569874300002	0.43228	0.41737357314974943
carnitineAcylTransferaseI	31136859169.5	0.0	31136859169.5	1.0	0.022651816149995705	0.01599	0.021804323155992907	0.5289569874300002	0.43228	0.41737357314974943
CARN160t_m	31136859169.5	0.0	31136859169.5	1.0	0.022651816149995705	0.01599	0.021804323155992907	0.5289569874300002	0.43228	0.41737357314974943
carnitineAcylTransferaseII	31136859169.5	0.0	31136859169.5	1.0	0.022651816149995705	0.01599	0.021804323155992907	0.5289569874300002	0.43228	0.41737357314974943
betaOxidation	31136859169.5	0.0	31136859169.5	1.0	0.022651816149995705	0.01599	0.021804323155992907	0.5289569874300002	0.43228	0.41737357314974943
Biomass	33239172234.5	0.0	33239172234.5	1.0	0.03561532513999557	0.037	0.006668253620394628	0.06323310698000006	0.06419	0.012741161549790632
GLCt1_r	999991263202.5	1.0	999991263202.5	0.0	4.190947027350117	4.21496	0.18461946302105114	2.087899746050084	2.11178	0.5714214748972337
O2t_r	2000000.0	0.0	2000000.0	1.0	2.862463197150045	2.73964	0.708120267261801	63.279890278136776	63.585665	6.370126201928446
GLNt_r	999999940734.0	1.0	999999940734.0	0.0	1.006930444609986	1.01362	0.04145371004308222	0.30934404882999256	0.31249	0.08481765041327935
r0963_r	9060802866.0	0.0	9060802866.0	1.0	0.0002843271200003373	0.0003	7.601229644191087e-05	0.000983972390001566	0.00104	0.00022998443797471905
THBPTt_r	332753515104.5	0.0	332753515104.5	1.0	0.003303784660003995	0.00334	0.0017143254733161604	0.005235263890001706	0.00486	0.003286687270835626
ARGt5r_r	997849503466.0	1.0	997849503466.0	0.0	0.1931401416199922	0.20158	0.03237107991139326	0.07503247945000088	0.07698	0.006920769475908218
PHEtec_r	63029319105.0	0.0	63029319105.0	1.0	0.01254474526999961	0.01269	0.002895314239552607	0.021642107000005763	0.02149	0.0052834904567743
ILEtec_r	33239105913.0	0.0	33239105913.0	1.0	0.010188760649997946	0.01058	0.0019076425174584131	0.018089601020002562	0.01836	0.0036449618501921584
LEUtec_r	39223727764.0	0.0	39223727764.0	1.0	0.022285285720008697	0.02307	0.004285261961658171	0.038565659119996966	0.0392	0.0076804050125103855
VALtec_r	935280745370.5	1.0	935280745370.5	0.0	0.33790679202999396	0.34695	0.11560716680901445	0.1479415838999936	0.15341	0.02365048532904825
METtec_r	10985441311.0	0.0	10985441311.0	1.0	0.005449785240001074	0.00566	0.0010203678620116416	0.011140329249997997	0.01127	0.002186361619236914
r2526_r	656038745591.5	1.0	656038745591.5	0.0	0.16282824360001014	0.14861	0.10165372685982146	0.10465248605999813	0.11111	0.028079090638899105
GLYt4_r	825726191513.0	1.0	825726191513.0	0.0	0.12888137567000546	0.12461	0.07753301889524684	0.04351758983999689	0.04122	0.026763047051215946
r2532_r	nan	nan	nan	nan	0.0	0.0	0.0	0.0	0.0	0.0
PROPAT4te_r	nan	nan	nan	nan	0.0	0.0	0.0	0.0	0.0	0.0
HDCAt	nan	nan	nan	nan	0.0	0.0	0.0	0.0	0.0	0.0
CRNt	500000.0	0.0	500000.0	1.0	0.0	0.0	0.0	2.2450199159800377	1.96926	1.5620938707500804
GTHRDt2_r	20891258034.5	0.0	20891258034.5	1.0	0.026724244329995442	0.02045	0.023438358412909432	0.9379628029000008	0.769315	0.7337334810489028
DmLact	999998509281.5	1.0	999998509281.5	0.0	7.33200739569999	7.37402	0.3230024996783662	3.3977873526800133	3.43646	0.9308277177739893
UREAt	830911253603.0	1.0	830911253603.0	0.0	0.0664102073499986	0.05818	0.04745907306896898	0.01793482646999756	0.01547	0.013065145485321264
DmBiomass	33239172234.5	0.0	33239172234.5	1.0	0.03561532513999557	0.037	0.006668253620394628	0.06323310698000006	0.06419	0.012741161549790632
NH4t	371192678932.5	0.0	371192678932.5	1.0	33.439980530909985	32.019239999999996	16.31993903964321	41.662299769409955	37.20308	16.79435286179119
PTRCtex2_f	960330059366.0	1.0	960330059366.0	0.0	0.08856726165999806	0.08221	0.05096267093662739	0.01050560507999548	0.00829	0.00875087802353366
PTRCtex2_b	nan	nan	nan	nan	0.0	0.0	0.0	0.0	0.0	0.0
GUDACtr2	869776953490.0	1.0	869776953490.0	0.0	0.07703960120999781	0.07062	0.05080317134032114	0.017659378709996298	0.01535	0.012750484012801332
CE2705t	332753515104.5	0.0	332753515104.5	1.0	0.003303784660003995	0.00334	0.0017143254733161604	0.005235263890001706	0.00486	0.003286687270835626
Dm2oxobutyrate	995876149706.0	1.0	995876149706.0	0.0	0.46646142053999634	0.49515	0.2197165879309951	0.005271315580000613	0.00442	0.004025115056194362
H2Ot_f	73812865259.5	0.0	73812865259.5	1.0	97.51359407148242	97.779265	37.93235381431105	341.8604757224071	356.37291	148.37102183125583
PHLACHt_f	632150328109.5	1.0	632150328109.5	0.0	403.3374815457164	403.83952999999997	211.2742491279126	306.1664781542131	277.167215	199.80510473970963
CO2t	179665940.5	0.0	179665940.5	1.0	28.566499353299	27.601765	12.424005802555314	82.03327922958512	79.713735	13.004051419244783
DmH2O2	23934659527.5	0.0	23934659527.5	1.0	0.014842449029995288	0.01153	0.012633956663627465	0.4473712865199892	0.36861	0.3504505269076851
DmGSSG	14357514397.5	0.0	14357514397.5	1.0	0.02247822108999963	0.0202	0.013524826833810155	0.49156653330998146	0.4087	0.366488634998382
GLUt4	73500000.0	0.0	73500000.0	1.0	0.0	0.0	0.0	0.016790433589997877	0.016	0.01030109615330711
ALAPAT4te	nan	nan	nan	nan	0.0	0.0	0.0	0.0	0.0	0.0
DmAla	227901075716.5	0.0	227901075716.5	1.0	0.22792298830000685	0.16546	0.21321794971130653	0.7315242472899971	0.53696	0.6775319294754878
ASPte_r	624318289490.0	1.0	624318289490.0	0.0	103.21150231513984	104.669905	58.27733948867697	78.51936350844049	77.05487500000001	44.37461210617236
DmAsp	621555267102.5	1.0	621555267102.5	0.0	103.32735796126096	104.78314	58.27963602218687	79.20010318074957	77.73730499999999	44.39008765640653
DmPalm	545496594190.0	1.0	545496594190.0	0.0	0.459849882530004	0.43906	0.1317231385344055	0.5149686934700123	0.39651499999999995	0.4428896616714404
ATPM	12386508888.5	0.0	12386508888.5	1.0	0.19958896825000552	0.14072	0.1940511035909821	14.986513215800185	11.020299999999999	13.995699040496012
GACMTRc	673202943962.5	1.0	673202943962.5	0.0	0.03689516799999762	0.02632	0.03456126130291891	0.016721147529995723	0.01423	0.01207700601520604
CKc_cho	673202943962.5	1.0	673202943962.5	0.0	0.03689516799999762	0.02632	0.03456126130291891	0.016721147529995723	0.01423	0.01207700601520604
CRTNsyn_cho	673202943962.5	1.0	673202943962.5	0.0	0.03689516799999762	0.02632	0.03456126130291891	0.016721147529995723	0.01423	0.01207700601520604
CRTNtr	673202943962.5	1.0	673202943962.5	0.0	0.03689516799999762	0.02632	0.03456126130291891	0.016721147529995723	0.01423	0.01207700601520604
NDPK1	3463478165.0	0.0	3463478165.0	1.0	0.0625621874899989	0.04461	0.060029229145748556	14.087532680279564	10.959865	11.867508976947397
NDPK5	33354909042.5	0.0	33354909042.5	1.0	0.00035255224000038947	0.00037	6.610361745515888e-05	0.0006258891500007438	0.00064	0.00012614899970196132
NDPK8	33279714647.0	0.0	33279714647.0	1.0	0.000469495150000708	0.00049	8.793203147030811e-05	0.0008336006500009493	0.00085	0.00016799673164199315
NDPK7	33374819977.0	0.0	33374819977.0	1.0	0.00033631081000040847	0.00035	6.307353926513667e-05	0.0005970495900007481	0.00061	0.00012033760285939165
DTMPK	33302105665.5	0.0	33302105665.5	1.0	0.0004662549900005913	0.00048	8.735426738787614e-05	0.0008277851100009558	0.00084	0.00016682435791176488
NDPK4	33302105665.5	0.0	33302105665.5	1.0	0.0004662549900005913	0.00048	8.735426738787614e-05	0.0008277851100009558	0.00084	0.00016682435791176488
HIStiDF_r	505765118613.5	1.0	505765118613.5	1.3979459434725239e-45	0.10083125482000106	0.10204	0.05745657280585249	0.09966386168000263	0.09941	0.05852205556010385
PTRCOX1	951908384504.5	1.0	951908384504.5	0.0	0.09114361516000376	0.09161	0.04712617129653204	0.012347706479994905	0.0101	0.009675096512276379
ABUTD	951908384504.5	1.0	951908384504.5	0.0	0.09114361516000376	0.09161	0.04712617129653204	0.012347706479994905	0.0101	0.009675096512276379
r0465_1	3846844854.0	0.0	3846844854.0	1.0	0.1996160010699939	0.17147	0.13375897229894604	8.346802653210062	6.298769999999999	7.164487053904087
ABUTH	11960088241.0	0.0	11960088241.0	1.0	0.10035582343000651	0.07123	0.09683157693254282	7.645877273999942	5.566185	7.135550911985131
GLUDC	918504735453.0	1.0	918504735453.0	0.0	6.753073160089996	6.3884	3.9582358231550776	1.4008942932900121	1.259285	0.8460590943611174
HISDr	372159863730.5	0.0	372159863730.5	1.0	6.423780342690214	6.05696	3.970075849512192	7.752596170300051	7.93835	0.610589476036699
URCN	372159863730.5	0.0	372159863730.5	1.0	6.423780342690214	6.05696	3.970075849512192	7.752596170300051	7.93835	0.610589476036699
IZPN	372159863730.5	0.0	372159863730.5	1.0	6.423780342690214	6.05696	3.970075849512192	7.752596170300051	7.93835	0.610589476036699
GluForTx	372159863730.5	0.0	372159863730.5	1.0	6.423780342690214	6.05696	3.970075849512192	7.752596170300051	7.93835	0.610589476036699
FTCD	372159863730.5	0.0	372159863730.5	1.0	6.423780342690214	6.05696	3.970075849512192	7.752596170300051	7.93835	0.610589476036699
CARPEPT1tc_r	330104378972.5	0.0	330104378972.5	1.0	6.4267112579297585	6.06601	3.9639032884309406	8.361850730199675	8.3512	0.9254572766326112
NBAHH_ir	93007208648.0	0.0	93007208648.0	1.0	6.52962759200989	6.1655549999999995	3.966331214734526	16.004293622119494	14.11638	6.894912187993837
r0283	12116125797.0	0.0	12116125797.0	1.0	0.1029163335599954	0.07211	0.10201548391728536	7.642442888860176	5.70169	6.857461635332499
ASP1DC	310971521525.0	0.0	310971521525.0	1.0	0.10732532536000274	0.07682	0.10221312848316488	0.19812780965999788	0.16694	0.1487850978059962
CSNt_r	554532212921.0	1.0	554532212921.0	0.0	9.025795825749931	8.679175	4.705447499137983	9.296511913760247	6.971865	8.291973893182172
bAlaSynthesis	554532212921.0	1.0	554532212921.0	0.0	9.025795825749931	8.679175	4.705447499137983	9.296511913760247	6.971865	8.291973893182172
LYSt5r_r	929286926070.5	1.0	929286926070.5	0.0	0.15979466964000014	0.16191	0.07482356093354223	0.043688115279997705	0.04424	0.008467864825099926
LYStm	980069929459.5	1.0	980069929459.5	0.0	0.1387063358299984	0.140645	0.07495420551706677	0.006246904439998945	0.00601	0.003883383975398965
SACCD3m	980069929459.5	1.0	980069929459.5	0.0	0.1387063358299984	0.140645	0.07495420551706677	0.006246904439998945	0.00601	0.003883383975398965
r0525	980069929459.5	1.0	980069929459.5	0.0	0.1387063358299984	0.140645	0.07495420551706677	0.006246904439998945	0.00601	0.003883383975398965
AASAD3m	980069929459.5	1.0	980069929459.5	0.0	0.1387063358299984	0.140645	0.07495420551706677	0.006246904439998945	0.00601	0.003883383975398965
r0450	980069929459.5	1.0	980069929459.5	0.0	0.1387063358299984	0.140645	0.07495420551706677	0.006246904439998945	0.00601	0.003883383975398965
2OXOADOXm	974553132459.0	1.0	974553132459.0	0.0	0.1387063358299984	0.140645	0.07495420551706677	0.007980867669996661	0.0077	0.003967975191034782
GLUTCOADHm	974553132459.0	1.0	974553132459.0	0.0	0.1387063358299984	0.140645	0.07495420551706677	0.007980867669996661	0.0077	0.003967975191034782
3HBCDm	974553132459.0	1.0	974553132459.0	0.0	0.1387063358299984	0.140645	0.07495420551706677	0.007980867669996661	0.0077	0.003967975191034782
HACD1m	974553132459.0	1.0	974553132459.0	0.0	0.1387063358299984	0.140645	0.07495420551706677	0.007980867669996661	0.0077	0.003967975191034782
HMGCOASm	156418928488.0	0.0	156418928488.0	1.0	7.209279999912139e-06	1e-05	5.419954912866451e-06	2.5764009999812843e-05	3e-05	1.5324272366214568e-05
CYStec_r	nan	nan	nan	nan	0.0	0.0	0.0	0.0	0.0	0.0
CYSTA	500623710293.5	0.9367153704976163	500623710293.5	0.06328462980657391	0.13458539783999954	0.12612	0.06609206901861253	0.13407810086999372	0.12793	0.06830651997986968
CYANt_r	500623710293.5	0.9367153704976163	500623710293.5	0.06328462980657391	0.13458539783999954	0.12612	0.06609206901861253	0.13407810086999372	0.12793	0.06830651997986968
MCPST	500623710293.5	0.9367153704976163	500623710293.5	0.06328462980657391	0.13458539783999954	0.12612	0.06609206901861253	0.13407810086999372	0.12793	0.06830651997986968
TCYNTt	523420344747.0	1.0	523420344747.0	0.0	0.06718501255000027	0.05555	0.05179201285918976	0.06486105294000054	0.04979	0.05454206679341242
CYSO	761662286917.5	1.0	761662286917.5	0.0	0.19827828930999258	0.20684	0.06588792467678314	0.13169354689000098	0.12602	0.06756156288111531
3SALATAi	491172489316.0	5.470182555073323e-104	491172489316.0	1.0	0.06593442605999852	0.0515	0.0547383699635919	0.06798065463999979	0.05302	0.05651441400082455
3SALAASPm	773674736737.0	1.0	773674736737.0	0.0	0.13234386721000163	0.12941	0.07283757618199727	0.06371289302000036	0.04908	0.05406524389108648
3SALATAim	773674736737.0	1.0	773674736737.0	0.0	0.13234386721000163	0.12941	0.07283757618199727	0.06371289302000036	0.04908	0.05406524389108648
3SPYRSP	491172489316.0	5.470182555073323e-104	491172489316.0	1.0	0.06593442605999852	0.0515	0.0547383699635919	0.06798065463999979	0.05302	0.05651441400082455
3SPYRSPm	773674736737.0	1.0	773674736737.0	0.0	0.13234386721000163	0.12941	0.07283757618199727	0.06371289302000036	0.04908	0.05406524389108648
HMR_3951	491172489316.0	5.470182555073323e-104	491172489316.0	1.0	0.06593442605999852	0.0515	0.0547383699635919	0.06798065463999979	0.05302	0.05651441400082455
ExSulfitem	773674736737.0	1.0	773674736737.0	0.0	0.13234386721000163	0.12941	0.07283757618199727	0.06371289302000036	0.04908	0.05406524389108648
PHETHPTOX2	332753515104.5	0.0	332753515104.5	1.0	0.003303784660003995	0.00334	0.0017143254733161604	0.005235263890001706	0.00486	0.003286687270835626
TYRt_r	203526592371.0	0.0	203526592371.0	1.0	0.0023829486400024085	0.00218	0.0016014606665159558	0.005702969749998967	0.00561	0.0033452937143811424
TYRTA	1625000000.0	0.0	1625000000.0	1.0	0.0	0.0	0.0	0.0008417401300009052	0.00082	0.0005146545250137063
34HPPOR	1625000000.0	0.0	1625000000.0	1.0	0.0	0.0	0.0	0.0008417401300009052	0.00082	0.0005146545250137063
HGNTOR	1625000000.0	0.0	1625000000.0	1.0	0.0	0.0	0.0	0.0008417401300009052	0.00082	0.0005146545250137063
MACACI	1625000000.0	0.0	1625000000.0	1.0	0.0	0.0	0.0	0.0008417401300009052	0.00082	0.0005146545250137063
FUMAC	1625000000.0	0.0	1625000000.0	1.0	0.0	0.0	0.0	0.0008417401300009052	0.00082	0.0005146545250137063
AACOAT	1625000000.0	0.0	1625000000.0	1.0	0.0	0.0	0.0	0.0008417401300009052	0.00082	0.0005146545250137063
r2534_r	989799877613.0	1.0	989799877613.0	0.0	0.48046135973000303	0.50922	0.21959286147523913	0.027674163740006235	0.02854	0.004080242993382486
THRD_L	996355517427.0	1.0	996355517427.0	0.0	0.4693248067499916	0.498115	0.21964206441059034	0.007901806639996645	0.00737	0.0037309518080857608
OBDHc	286152403637.0	0.0	286152403637.0	1.0	0.0028633919100033603	0.00292	0.0011601081267263883	0.004095004850004671	0.00411	0.001711402343598399
PPCOAtm	286152403637.0	0.0	286152403637.0	1.0	0.0028633919100033603	0.00292	0.0011601081267263883	0.004095004850004671	0.00411	0.001711402343598399
r1616_r	228678536020.0	0.0	228678536020.0	1.0	0.0049666279200019075	0.00491	0.00263061755316564	0.008142495259998167	0.00845	0.0031816778082261045
TRPO2	254192212574.5	0.0	254192212574.5	1.0	0.00449273039000327	0.00443	0.002638260819346167	0.007301117559999213	0.0076	0.003168071898195218
FKYNH	254192212574.5	0.0	254192212574.5	1.0	0.00449273039000327	0.00443	0.002638260819346167	0.007301117559999213	0.0076	0.003168071898195218
KYN	387032999018.0	0.0	387032999018.0	1.0	0.00449273039000327	0.00443	0.002638260819346167	0.0055671479300014775	0.00589	0.002740154429122765
ANTHte	387032999018.0	0.0	387032999018.0	1.0	0.00449273039000327	0.00443	0.002638260819346167	0.0055671479300014775	0.00589	0.002740154429122765
KYN3OX	825500000.0	0.0	825500000.0	1.0	0.0	0.0	0.0	0.0017339663800016285	0.00162	0.0011209468542046264
HKYNH	825500000.0	0.0	825500000.0	1.0	0.0	0.0	0.0	0.0017339663800016285	0.00162	0.0011209468542046264
3HAO	825500000.0	0.0	825500000.0	1.0	0.0	0.0	0.0	0.0017339663800016285	0.00162	0.0011209468542046264
PCLAD	825500000.0	0.0	825500000.0	1.0	0.0	0.0	0.0	0.0017339663800016285	0.00162	0.0011209468542046264
AM6SAD	825500000.0	0.0	825500000.0	1.0	0.0	0.0	0.0	0.0017339663800016285	0.00162	0.0011209468542046264
AMCOXO	825500000.0	0.0	825500000.0	1.0	0.0	0.0	0.0	0.0017339663800016285	0.00162	0.0011209468542046264
2OXOADPTm	825500000.0	0.0	825500000.0	1.0	0.0	0.0	0.0	0.0017339663800016285	0.00162	0.0011209468542046264
ExCystineGlu	991459175967.0	1.0	991459175967.0	0.0	0.1905021004599965	0.19207	0.007311130638203036	0.11599573154999704	0.11906	0.0369599198095296
ExCystineSer	27906803629.5	0.0	27906803629.5	1.0	0.005788360359997858	0.00414	0.005559197764666832	0.06232120356999881	0.06004	0.0339457796359985
CystinePyruvate	473463233375.5	0.0	473463233375.5	1.0	0.01991319946999454	0.01467	0.018216209466267855	0.02210582340999547	0.01633	0.020605042313560754
CystineReductaseNADPH	603049141553.5	1.0	603049141553.5	0.0	0.060963218129998	0.05295	0.044421104018739374	0.044122824979997644	0.03683	0.03350876319648395
CystineReductaseNADH	91369980017.0	0.0	91369980017.0	1.0	0.005580191369999326	0.0044	0.004419593088745138	0.04234080107999683	0.03474	0.03330771546243602
CystineGSH	741115436545.0	1.0	741115436545.0	0.0	0.10983385519000492	0.11654	0.04791060531543877	0.06974747652999898	0.06655	0.03758743820162877
Ex3HB	1629177257.0	0.0	1629177257.0	1.0	1.5606028040900224	1.30909	0.9931101749691177	9.448390741520203	9.15897	2.8518574492514555
Transport3HB_forward	1629177257.0	0.0	1629177257.0	1.0	1.5606028040900224	1.30909	0.9931101749691177	9.448390741520203	9.15897	2.8518574492514555
bBDH	1629177257.0	0.0	1629177257.0	1.0	1.5606028040900224	1.30909	0.9931101749691177	9.448390741520203	9.15897	2.8518574492514555
OCOAT1m	1629177257.0	0.0	1629177257.0	1.0	1.5606028040900224	1.30909	0.9931101749691177	9.448390741520203	9.15897	2.8518574492514555
ACACT1m	1931722315.5	0.0	1931722315.5	1.0	1.6993013158899444	1.44778	0.9949024297282313	9.4563458126799	9.166935	2.851646469274003
G3PD1ir	18133463579.0	0.0	18133463579.0	1.0	0.3661529065699923	0.266435	0.3405404171843833	14.25276084646898	11.64366	11.412924136406673
GLYC3Ptm	18133463579.0	0.0	18133463579.0	1.0	0.3661529065699923	0.266435	0.3405404171843833	14.25276084646898	11.64366	11.412924136406673
G3PDm	18133463579.0	0.0	18133463579.0	1.0	0.3661529065699923	0.266435	0.3405404171843833	14.25276084646898	11.64366	11.412924136406673
DHAPtm	18133463579.0	0.0	18133463579.0	1.0	0.3661529065699923	0.266435	0.3405404171843833	14.25276084646898	11.64366	11.412924136406673
CMPuptake_r	315390868973.5	0.0	315390868973.5	1.0	0.0008431202900008657	0.0008	0.0005246209337393592	0.0014489782800013416	0.00134	0.0009414951855965035
UMPuptake_r	271207095017.0	0.0	271207095017.0	1.0	0.0015180310800015466	0.00133	0.0010452303156053184	0.002958820970003302	0.00278	0.0018892256681938982
Transport_ala_B_c_e	430735410571.5	0.0	430735410571.5	1.0	15.559832405840135	14.850815	8.154282836082515	17.856490447520176	15.60662	8.331162260649252
EX_ala_B	430735410571.5	0.0	430735410571.5	1.0	15.559832405840135	14.850815	8.154282836082515	17.856490447520176	15.60662	8.331162260649252
Transport_octanoyl_ACP_c_e	nan	nan	nan	nan	0.0	0.0	0.0	0.0	0.0	0.0
EX_octanoyl_ACP	nan	nan	nan	nan	0.0	0.0	0.0	0.0	0.0	0.0
TMDK1	nan	nan	nan	nan	0.0	0.0	0.0	0.0	0.0	0.0
THYMDt1_r	nan	nan	nan	nan	0.0	0.0	0.0	0.0	0.0	0.0
EX_thymd	nan	nan	nan	nan	0.0	0.0	0.0	0.0	0.0	0.0
Transport_HC00576_c_e	116778697130.0	0.0	116778697130.0	1.0	0.0992601727599994	0.0705	0.09558460017095884	0.7009253794100038	0.512515	0.6397587432704379
EX_HC00576	116778697130.0	0.0	116778697130.0	1.0	0.0992601727599994	0.0705	0.09558460017095884	0.7009253794100038	0.512515	0.6397587432704379
Transport_4abut_c_e	966849690180.0	1.0	966849690180.0	0.0	6.744956595499897	6.383305	3.9609565271004192	0.7123166264900069	0.53708	0.6381128976210542
EX_4abut	966849690180.0	1.0	966849690180.0	0.0	6.744956595499897	6.383305	3.9609565271004192	0.7123166264900069	0.53708	0.6381128976210542
EX_h_e_b	429065673777.5	0.0	429065673777.5	1.0	257.0987532367546	247.399315	139.2410270136873	291.24716015276135	306.63205500000004	125.60988191057096
EX_h2o_e_b	586680364395.0	1.0	586680364395.0	0.0	327.70847864339447	318.96929	161.29190820682277	277.4941173865143	269.12348499999996	159.11167748651968
PGM_b	956463830602.0	1.0	956463830602.0	0.0	13.530402198280084	14.688805	6.98847705790894	0.9145425503699789	0.70427	0.7908323064755135
ENO_b	729986754307.0	1.0	729986754307.0	0.0	12.051645233679652	11.563755	7.668371881921148	5.7385853204198565	5.65567	2.8625920432018126
TKT2_b	171771263970.0	0.0	171771263970.0	1.0	0.06234808974000043	0.059	0.03654267161571858	0.13462541154001034	0.14029	0.06093911747613507
RPE_b	843387125215.5	1.0	843387125215.5	0.0	0.23940216069000306	0.24808	0.13043766044695373	0.07995689585999809	0.07421	0.04978457209271839
TKT1_b	436540413184.5	0.0	436540413184.5	1.0	0.08476965581000089	0.09172	0.038273414005069464	0.09986306077000315	0.09357	0.05353691071663305
TALA_b	491998293895.5	7.717212174808516e-86	491998293895.5	1.0	2.913322263940002	2.80891	1.5655965738797026	2.907224435280061	2.98915	1.284090172105092
ACONTm_b	999448116577.0	1.0	999448116577.0	0.0	145.25788744752157	152.528635	68.4526732230692	4.10344667542996	3.46304	3.0949189571330056
ICDHym_b	46779869190.0	0.0	46779869190.0	1.0	19.229679232800557	18.8436	5.692838251037509	60.24048839424974	61.568835	23.712257883583334
SUCOAS1m_b	885471109629.5	1.0	885471109629.5	0.0	134.21884800813407	140.4817	62.32932405460344	43.89657315732092	43.26541	26.332783212437743
FUMm_b	333592071222.0	0.0	333592071222.0	1.0	195.54290994155608	189.487545	116.3041102675603	270.0887838234376	287.564255	130.86252576007294
MDHm_b	657415332708.0	1.0	657415332708.0	0.0	393.7628194422052	365.90026	249.80424378379394	258.98028770650444	194.1228	192.75953770646382
FUM_b	480476619159.5	0.0	480476619159.5	1.0	85.56630242058745	81.115955	47.998198470823986	90.13350846687074	85.39396500000001	54.16598218206518
MDH_b	614943039656.0	1.0	614943039656.0	0.0	318.00405286838424	320.600275	156.98581549561052	257.0301469819277	272.524	109.17881975048721
AKGMALtm_b	614738257526.5	1.0	614738257526.5	0.0	351.14113893259133	379.538905	167.10593354546702	287.000410017367	268.11314	160.53200650501768
PYRt2m_b	76867619157.5	0.0	76867619157.5	1.0	20.743449852010144	18.90614	13.55256551140221	104.30657164357885	106.835955	54.74589287643854
FUMtm_b	46532573.0	0.0	46532573.0	1.0	9.816463617949923	11.04483	4.9345217517333255	180.62936641791399	179.97751	81.32973044342194
CO2tm_b	382716192745.0	0.0	382716192745.0	1.0	135.73924828499398	126.71599	83.0483493544949	169.85987015971546	179.094345	81.51348311839278
r0801_b	330426248700.5	0.0	330426248700.5	1.0	67.90785791134827	73.81529499999999	37.54649454976152	107.19249046120048	104.79084499999999	66.07587924412788
NH4tm_b	361442054720.5	0.0	361442054720.5	1.0	96.81461524315841	91.691415	60.22770006956543	126.24883841554643	143.03548	57.03545075146874
NDPK3_b	120386417910.5	0.0	120386417910.5	1.0	0.001073765030001159	0.00103	0.0006079203678250785	0.0028083762600035647	0.00278	0.0013050369222331987
GLUDym_b	853777197308.0	1.0	853777197308.0	0.0	130.99703683061927	140.07056	75.82368973250087	34.188965800750765	32.484345000000005	20.491503259014117
ASPTA_b	695594823815.5	1.0	695594823815.5	0.0	144.37957627655481	149.28921000000003	78.28410953652386	91.81471363877962	88.376745	51.21792113576127
GHMT2r_b	606164435697.0	1.0	606164435697.0	0.0	47.46575503860036	44.541830000000004	29.246770974975934	35.78125876952009	36.243955	17.747602595431015
ALATA_L_b	177936421058.5	0.0	177936421058.5	1.0	0.014825103569998284	0.0149	0.007098282548087291	0.0364587327100047	0.04007	0.01839065155082654
MTHFC_b	547089874269.0	1.0	547089874269.0	0.0	6.601911902110054	6.240864999999999	3.9630045401269864	5.695691546070018	5.93443	1.658299112020477
MTHFD2i_b	287105307993.0	0.0	287105307993.0	1.0	37.02960802915882	38.6632	16.15945228025405	57.797951363942055	56.74239	28.92027540568574
H2Ot_b	27161699192.0	0.0	27161699192.0	1.0	32.91536928104881	28.74975	23.027941873013933	314.4875032457554	330.993125	143.37005569632043
PHLACHt_b	635072560248.0	1.0	635072560248.0	0.0	411.4242958043433	411.170835	210.8715685185958	311.87237272038897	283.501735	199.44572639214178
