Rxn	statistic_less	pvalue_less	statistic_greater	pvalue_greater	mean_MCF102A	std_MCF102A	mean_MDAMB231	std_MDAMB231	result	meanRatio	meanRatio_log
EX_lac__L_e					1.0	0.0	1.0	0.0	0.0	1.0	0.0
EX_glc__D_e_r					1.0	0.0	1.0	0.0	0.0	1.0	0.0
EX_gluIN__L_e					1.0	0.0	1.0	0.0	0.0	1.0	0.0
EX_gluOUT__L_e					1.0	0.0	1.0	0.0	0.0	1.0	0.0
EX_gln__L_e_r					1.0	0.0	1.0	0.0	0.0	1.0	0.0
EX_asp__L_e					1.0	0.0	1.0	0.0	0.0	1.0	0.0
DM_asp__L_e					1.0	0.0	1.0	0.0	0.0	1.0	0.0
EX_co2_e					1.0	0.0	1.0	0.0	0.0	1.0	0.0
EX_h_e_f					1.0	0.0	1.0	0.0	0.0	1.0	0.0
EX_h_e_b					1.0	0.0	1.0	0.0	0.0	1.0	0.0
EX_h2o_e_f					1.0	0.0	1.0	0.0	0.0	1.0	0.0
EX_h2o_e_b					1.0	0.0	1.0	0.0	0.0	1.0	0.0
EX_ump_e_r					1.0	0.0	1.0	0.0	0.0	1.0	0.0
EX_pi_e_r					1.0	0.0	1.0	0.0	0.0	1.0	0.0
EX_nh4_e					1.0	0.0	1.0	0.0	0.0	1.0	0.0
EX_o2_e_r					1.0	0.0	1.0	0.0	0.0	1.0	0.0
EX_arg__L_e_r					1.0	0.0	1.0	0.0	0.0	1.0	0.0
EX_pro__L_e					1.0	0.0	1.0	0.0	0.0	1.0	0.0
EX_leu__L_e_r					1.0	0.0	1.0	0.0	0.0	1.0	0.0
EX_ile__L_e_r					1.0	0.0	1.0	0.0	0.0	1.0	0.0
EX_met__L_e_r					1.0	0.0	1.0	0.0	0.0	1.0	0.0
EX_gly_e_r					1.0	0.0	1.0	0.0	0.0	1.0	0.0
EX_phe__L_e_r					1.0	0.0	1.0	0.0	0.0	1.0	0.0
EX_ser__L_e_r					1.0	0.0	1.0	0.0	0.0	1.0	0.0
EX_ala__L_e_f					1.0	0.0	1.0	0.0	0.0	1.0	0.0
EX_ala__L_e_b					1.0	0.0	1.0	0.0	0.0	1.0	0.0
EX_ribflv_e					1.0	0.0	1.0	0.0	0.0	1.0	0.0
EX_asn__L_e					1.0	0.0	1.0	0.0	0.0	1.0	0.0
EX_fol_e_r					1.0	0.0	1.0	0.0	0.0	1.0	0.0
EX_urea_e					1.0	0.0	1.0	0.0	0.0	1.0	0.0
EX_pyr_e					1.0	0.0	1.0	0.0	0.0	1.0	0.0
PYRt2	0.7674351028970017	0.7571919570162391	0.7674351028970017	0.2428080429837608	95.06304666666666	26.424635480501053	80.23409666666667	6.962421034699228	0.0	1.184821050103013	0.24466917758397236
EX_gudac_e					1.0	0.0	1.0	0.0	0.0	1.0	0.0
EX_hdca_e_f					1.0	0.0	1.0	0.0	0.0	1.0	0.0
EX_hdca_e_b					1.0	0.0	1.0	0.0	0.0	1.0	0.0
EX_ptrcIN_e					1.0	0.0	1.0	0.0	0.0	1.0	0.0
EX_ptrcOUT_e					1.0	0.0	1.0	0.0	0.0	1.0	0.0
EX_biomassx					1.0	0.0	1.0	0.0	0.0	1.0	0.0
EX_h2o2_e					1.0	0.0	1.0	0.0	0.0	1.0	0.0
EX_gthox_e					1.0	0.0	1.0	0.0	0.0	1.0	0.0
EX_2obut_e					1.0	0.0	1.0	0.0	0.0	1.0	0.0
EX_crn_e					1.0	0.0	1.0	0.0	0.0	1.0	0.0
EX_val__L_e_r					1.0	0.0	1.0	0.0	0.0	1.0	0.0
EX_spmd_e					1.0	0.0	1.0	0.0	0.0	1.0	0.0
EX_sprm_e					1.0	0.0	1.0	0.0	0.0	1.0	0.0
EX_5mthf_e					1.0	0.0	1.0	0.0	0.0	1.0	0.0
EX_tmlys_e_r					1.0	0.0	1.0	0.0	0.0	1.0	0.0
EX_thbpt_e_r					1.0	0.0	1.0	0.0	0.0	1.0	0.0
EX_CE2705_e					1.0	0.0	1.0	0.0	0.0	1.0	0.0
EX_crtn_e					1.0	0.0	1.0	0.0	0.0	1.0	0.0
EX_his__L_e_r					1.0	0.0	1.0	0.0	0.0	1.0	0.0
EX_lys__L_e_r					1.0	0.0	1.0	0.0	0.0	1.0	0.0
EX_carn_e_r					1.0	0.0	1.0	0.0	0.0	1.0	0.0
EX_csn_e_r					1.0	0.0	1.0	0.0	0.0	1.0	0.0
EX_cys__L_e					1.0	0.0	1.0	0.0	0.0	1.0	0.0
EX_cyan_e_r					1.0	0.0	1.0	0.0	0.0	1.0	0.0
EX_tcyntc					1.0	0.0	1.0	0.0	0.0	1.0	0.0
EX_tcynt_e					1.0	0.0	1.0	0.0	0.0	1.0	0.0
EX_so3_e					1.0	0.0	1.0	0.0	0.0	1.0	0.0
EX_thr__L_e_r					1.0	0.0	1.0	0.0	0.0	1.0	0.0
EX_trp__L_e_r					1.0	0.0	1.0	0.0	0.0	1.0	0.0
EX_anth_e					1.0	0.0	1.0	0.0	0.0	1.0	0.0
EX_tyr__L_e_r					1.0	0.0	1.0	0.0	0.0	1.0	0.0
EX_cystinex_r					1.0	0.0	1.0	0.0	0.0	1.0	0.0
EX_3hydroxybutanoatex_r					1.0	0.0	1.0	0.0	0.0	1.0	0.0
EX_gthrd_e_r					1.0	0.0	1.0	0.0	0.0	1.0	0.0
EX_cmp_e_r					1.0	0.0	1.0	0.0	0.0	1.0	0.0
HEX1	-1.9523823831673115	0.0613107254365623	-1.9523823831673115	0.9386892745634376	33.32140999999999	4.6820055847040605	40.0418	1.3325147843832723	0.0	0.8321656369094295	-0.2650573793043967
G6PP	1.2136951990794431	0.8541873410576561	1.2136951990794431	0.1458126589423438	123.85077333333334	6.306777953579431	113.46303666666668	10.331001906657244	0.0	1.0915517244367776	0.1263804957161206
PGI	-0.63320597862915	0.2804973290149496	-0.63320597862915	0.7195026709850503	85.43209999999999	18.91013593551	94.11592	4.307810102623681	0.0	0.9077327193954008	-0.13966053433983192
PFK	-2.4161182456604613	0.0365346169197691	-2.4161182456604613	0.9634653830802308	103.33859	28.96771942048712	156.09096	10.690021792918223	-1.0	0.662040838239447	-0.5950078819208378
FBP	-1.4952245952816092	0.104588485774129	-1.4952245952816092	0.8954115142258711	0.0424433333333333	0.0301673381140744	0.0745733333333333	0.0036654179691938	0.0	0.5691489361702126	-0.8131218652764909
FBA	-8.84050117958629	0.0004519049446609	-8.84050117958629	0.999548095055339	45.24776	11.068472326932325	169.46344	16.50260957110319	-1.0	0.26700602796685824	-1.9050557821141385
TPI	-4.398311393769164	0.0058532826236287	-4.398311393769164	0.9941467173763712	1764.7924633333332	604.4537048416506	3670.557823333333	100.62031805652714	-1.0	0.48079680208679487	-1.056500794572177
GAPD	-2.2799772073604747	0.0423943489566481	-2.2799772073604747	0.9576056510433518	4453.822003333334	2404.350128827296	8344.776986666666	209.53649821595928	-1.0	0.5337257077630327	-0.9058295921445839
PGK	-2.168742370617044	0.0479725392680885	-2.168742370617044	0.9520274607319116	27.848076666666667	13.297774811108646	48.41243666666667	1.7297005178610796	-1.0	0.5752256772037433	-0.797800017949356
DPGM	-2.819173705931122	0.023934149090678	-2.819173705931122	0.976065850909322	309.97781333333336	222.59861805649385	754.9779199999999	16.78251461983173	-1.0	0.4105786475627438	-1.2842694938810473
DPGase	-2.819173705931122	0.023934149090678	-2.819173705931122	0.976065850909322	309.97781333333336	222.59861805649385	754.9779199999999	16.78251461983173	-1.0	0.4105786475627438	-1.2842694938810473
PGM_f	-2.819173705931122	0.023934149090678	-2.819173705931122	0.976065850909322	309.97781333333336	222.59861805649385	754.9779199999999	16.78251461983173	-1.0	0.4105786475627438	-1.2842694938810473
PGM_b	-2.819173705931122	0.023934149090678	-2.819173705931122	0.976065850909322	309.97781333333336	222.59861805649385	754.9779199999999	16.78251461983173	-1.0	0.4105786475627438	-1.2842694938810473
ENO_f	-4.697779777914034	0.0046618730318516	-4.697779777914034	0.9953381269681484	1000.50093	376.5896277476224	2252.304346666667	13.76976880190876	-1.0	0.44421213832877743	-1.1706792790680502
ENO_b	-4.697779777914034	0.0046618730318516	-4.697779777914034	0.9953381269681484	1000.50093	376.5896277476224	2252.304346666667	13.76976880190876	-1.0	0.44421213832877743	-1.1706792790680502
PYK	-2.596600350773726	0.0301317067576547	-2.596600350773726	0.9698682932423452	770.7759733333332	175.80445106659468	1101.9377	40.29878932692891	-1.0	0.6994732763325306	-0.5156591552085714
LDH_L	-2.5055373590649097	0.0331863890685395	-2.5055373590649097	0.9668136109314605	1240.7522266666667	307.54452869634497	1837.556196666667	137.4377232573135	-1.0	0.675218656668784	-0.5665733278214107
r0407	-8.84050117958629	0.0004519049446609	-8.84050117958629	0.999548095055339	45.24776	11.068472326932325	169.46344	16.50260957110319	-1.0	0.26700602796685824	-1.9050557821141385
PRPPS	-4.967621486315776	0.0038322186810217	-4.967621486315776	0.9961677813189782	33.29793	11.653843270829867	77.03104666666665	4.381306490453379	-1.0	0.4322663580580541	-1.210007534738275
G6PDH2r	-2.955467372733786	0.0208709544863533	-2.955467372733786	0.9791290455136468	54.52883666666667	13.785244152190009	88.86101333333333	8.936052252758051	-1.0	0.6136418505843433	-0.704531216395349
PGL	1.2602695423637609	0.8619591798073613	1.2602695423637609	0.1380408201926387	66.84778333333333	11.13923906698698	55.62760333333333	5.868916295020365	0.0	1.2017016611836773	0.2650787717943507
GND	-1.408287034548776	0.115909140555799	-1.408287034548776	0.884090859444201	65.40235666666666	23.60444045408453	88.99552666666666	2.040329052911698	0.0	0.7348948774878498	-0.4443901994600969
RPI	-3.32344981688724	0.0146420269490948	-3.32344981688724	0.9853579730509052	3.83033	1.255651899559216	6.88737	0.3399224265426842	-1.0	0.55613826467868	-0.8464844907730111
TKT2_f	3.519697135875808	0.9877716320149316	3.519697135875808	0.0122283679850682	360.3257066666667	67.02471702112156	191.07192666666663	11.511794779489817	1.0	1.8858118665190975	0.9151857561942308
TKT2_b	3.519697135875808	0.9877716320149316	3.519697135875808	0.0122283679850682	360.3257066666667	67.02471702112156	191.07192666666663	11.511794779489817	1.0	1.8858118665190975	0.9151857561942308
RPE_f	-2.176448571813993	0.0475607160817442	-2.176448571813993	0.9524392839182556	36.5147	8.152718785301012	49.20446666666667	1.2338790952475391	-1.0	0.7421013268443108	-0.4303119083710063
RPE_b	-2.176448571813993	0.0475607160817442	-2.176448571813993	0.9524392839182556	36.5147	8.152718785301012	49.20446666666667	1.2338790952475391	-1.0	0.7421013268443108	-0.4303119083710063
TKT1_f	3.519697135875808	0.9877716320149316	3.519697135875808	0.0122283679850682	360.3257066666667	67.02471702112156	191.07192666666663	11.511794779489817	1.0	1.8858118665190975	0.9151857561942308
TKT1_b	3.519697135875808	0.9877716320149316	3.519697135875808	0.0122283679850682	360.3257066666667	67.02471702112156	191.07192666666663	11.511794779489817	1.0	1.8858118665190975	0.9151857561942308
TALA_f	-5.995050379790422	0.0019471489613827	-5.995050379790422	0.9980528510386172	63.35532333333334	9.269566964773611	104.86126	3.1529608321808653	-1.0	0.6041823580351156	-0.7269440365196915
TALA_b	-5.995050379790422	0.0019471489613827	-5.995050379790422	0.9980528510386172	63.35532333333334	9.269566964773611	104.86126	3.1529608321808653	-1.0	0.6041823580351156	-0.7269440365196915
r0408	-2.4161182456604613	0.0365346169197691	-2.4161182456604613	0.9634653830802308	103.33859	28.96771942048712	156.09096	10.690021792918223	-1.0	0.662040838239447	-0.5950078819208378
PDHm	-4.829786575641421	0.0042312959841149	-4.829786575641421	0.9957687040158852	2.7978400000000003	0.6780849576564872	5.373006666666666	0.3298058743496778	-1.0	0.5207214830678293	-0.9414161665996225
PCm	7.198895888343042	0.9990133628729436	7.198895888343042	0.0009866371270562	8.51182	0.6415158548833116	3.8951533333333335	0.6410881670687392	1.0	2.185233615108006	1.127787521072127
PEPCK_re					0.0	0.0	0.0	0.0	0.0		
CSm	-2.827730595972746	0.0237270905495227	-2.827730595972746	0.9762729094504772	51.53575333333333	27.200402482866973	106.06224333333334	1.9464970152273235	-1.0	0.48590103050494904	-1.0412656027433325
ACONTm_f	-16.453105377811895	3.994931470646034e-05	-16.453105377811895	0.9999600506852936	10.886616666666669	4.700753812303819	65.98984333333334	0.5796224992949148	-1.0	0.16497412505853806	-2.599688328458779
ACONTm_b	-16.453105377811895	3.994931470646034e-05	-16.453105377811895	0.9999600506852936	10.886616666666669	4.700753812303819	65.98984333333334	0.5796224992949148	-1.0	0.16497412505853806	-2.599688328458779
ICDHxm	-2.9897020540849373	0.0201749968100937	-2.9897020540849373	0.9798250031899064	5.68516	4.07798435904308	14.430926666666666	0.6962538997776282	-1.0	0.3939566828464238	-1.3438910867240588
ICDHym_f	5.408364275096148	0.9971696944384968	5.408364275096148	0.0028303055615031	23.215823333333333	3.1854907258310385	10.574246666666667	0.8829725191017497	1.0	2.1955061258895037	1.1345535598700924
ICDHym_b	5.408364275096148	0.9971696944384968	5.408364275096148	0.0028303055615031	23.215823333333333	3.1854907258310385	10.574246666666667	0.8829725191017497	1.0	2.1955061258895037	1.1345535598700924
AKGDm	-8.986046067391767	0.0004244393702929	-8.986046067391767	0.9995755606297072	9.47343	1.6580579828823845	25.699816666666663	1.9422091556495376	-1.0	0.36861858288223853	-1.4397992926211831
SUCOAS1m_f	-1.970145338499545	0.0600747562911023	-1.970145338499545	0.9399252437088976	1.84856	0.6729100846819481	2.8123066666666667	0.1605527772693106	0.0	0.6573109618201903	-0.6053520501518406
SUCOAS1m_b	-1.970145338499545	0.0600747562911023	-1.970145338499545	0.9399252437088976	1.84856	0.6729100846819481	2.8123066666666667	0.1605527772693106	0.0	0.6573109618201903	-0.6053520501518406
SUCD1m	0.0702361138179382	0.5263115087355538	0.0702361138179382	0.4736884912644463	17.951523333333334	4.393606675775862	17.728076666666666	0.9686992754662762	0.0	1.012604112158811	0.018070248119079656
FUMm_f	-0.4631909161214792	0.3336536552265625	-0.4631909161214792	0.6663463447734375	68.87960333333334	7.720184833073766	72.1151	6.163255469219713	0.0	0.9551342691521378	-0.0662245388868017
FUMm_b	-0.4631909161214792	0.3336536552265625	-0.4631909161214792	0.6663463447734375	68.87960333333334	7.720184833073766	72.1151	6.163255469219713	0.0	0.9551342691521378	-0.0662245388868017
MDHm_f	-2.5725620704920447	0.0309055748551571	-2.5725620704920447	0.9690944251448428	98.15833666666668	67.91909751960604	222.46744666666663	7.540536020577204	-1.0	0.4412256181181506	-1.1804115368251453
MDHm_b	-2.5725620704920447	0.0309055748551571	-2.5725620704920447	0.9690944251448428	98.15833666666668	67.91909751960604	222.46744666666663	7.540536020577204	-1.0	0.4412256181181506	-1.1804115368251453
ME1m	-2.16503849742398	0.0481718873553565	-2.16503849742398	0.9518281126446434	5.34101	1.4120513093604874	7.648283333333333	0.5268092136838743	-1.0	0.6983279472299885	-0.5180233840536439
ME2m	-31.12232367104759	3.175776527859204e-06	-31.12232367104759	0.999996824223472	0.0545166666666666	0.0138743944812817	2.3717200000000003	0.1043767525202171	-1.0	0.02298613102164952	-5.443092534749864
ME2	1.6748576070726624	0.9153633679392958	1.6748576070726624	0.0846366320607042	3.7649	1.0718455919891945	2.48081	0.1635912377441611	0.0	1.5176091679733634	0.6018002993007157
ACITL	-4.284850726953132	0.0063991491590933	-4.284850726953132	0.9936008508409068	46.98083	11.250031775815865	81.53460666666668	1.8704413400288404	-1.0	0.576207231759504	-0.7953403275549709
FUM_f	-0.4631909161214792	0.3336536552265625	-0.4631909161214792	0.6663463447734375	68.87960333333334	7.720184833073766	72.1151	6.163255469219713	0.0	0.9551342691521378	-0.0662245388868017
FUM_b	-0.4631909161214792	0.3336536552265625	-0.4631909161214792	0.6663463447734375	68.87960333333334	7.720184833073766	72.1151	6.163255469219713	0.0	0.9551342691521378	-0.0662245388868017
MDH_f	-2.898855782817405	0.022084299884593	-2.898855782817405	0.977915700115407	121.82471	17.008061378275883	160.53465	8.207255914408917	-1.0	0.7588686305417552	-0.39807793582057277
MDH_b	-2.898855782817405	0.022084299884593	-2.898855782817405	0.977915700115407	121.82471	17.008061378275883	160.53465	8.207255914408917	-1.0	0.7588686305417552	-0.39807793582057277
AKGMALtm_f	-20.56941439106972	1.6497620591255673e-05	-20.56941439106972	0.9999835023794088	66.32329333333334	8.735291968027683	325.5234533333333	15.533101853491951	-1.0	0.20374351726177728	-2.295173938675304
AKGMALtm_b	-20.56941439106972	1.6497620591255673e-05	-20.56941439106972	0.9999835023794088	66.32329333333334	8.735291968027683	325.5234533333333	15.533101853491951	-1.0	0.20374351726177728	-2.295173938675304
ACONT	-32.633285895659334	2.6288399699847014e-06	-32.633285895659334	0.99999737116003	5.097563333333333	1.1237031324845344	44.756953333333335	1.3004702743580463	-1.0	0.11389433269437611	-3.1342321335931933
ICDHyr	2.170906964215741	0.952143537246421	2.170906964215741	0.047856462753579	82.18729	15.906242188180924	57.336270000000006	3.012099700651801	1.0	1.4334258227819843	0.5194672496266052
PPA	2.391073394670185	0.9624599027881782	2.391073394670185	0.0375400972118218	125.85272666666668	30.483811773080845	73.35074666666667	5.916106464358311	1.0	1.7157661289882804	0.7788529167400929
Complex1ROS	2.5362035839853823	0.9678802454227816	2.5362035839853823	0.0321197545772184	0.2633399999999999	0.0765959428864653	0.1228366666666666	0.0164674412773272	1.0	2.1438224200157396	1.100185407487358
FADH2ETC	-1.7419015100905366	0.0782449389006976	-1.7419015100905366	0.9217550610993024	4.65811	0.905553609567098	5.818826666666666	0.2608030220087353	0.0	0.8005239315142572	-0.3209835624008429
CYOR_u10mi	0.9579830615640706	0.8038395561774814	0.9579830615640706	0.1961604438225186	15.126473333333331	2.3510582736338583	13.46113	0.7186719969499296	0.0	1.1237149729133684	0.16827614649233208
CYOOm2i	3.343206258196747	0.985625065245076	3.343206258196747	0.0143749347549241	101.23583666666666	20.45336766933721	50.47136666666666	6.541386639902038	1.0	2.0058073191334227	1.0041830251515727
ATPS4mi	3.801925152332936	0.9904639744927995	3.801925152332936	0.0095360255072003	31.60823666666667	8.502766440045	8.625486666666667	0.8875404604611304	1.0	3.6645163210114524	1.8736227898113438
GLUCYS	0.2661228381915382	0.5983504920355732	0.2661228381915382	0.4016495079644268	3.9288	1.2627442000922702	3.69043	0.1004234657172649	0.0	1.0645913890793213	0.09029980222067134
GTHS	-11.012823741247646	0.000193207260323	-11.012823741247646	0.999806792739677	36.23929999999999	2.628758125503371	60.96936	1.7817953241791464	-1.0	0.5943854421302764	-0.7505293135055615
SPODMm	-1.0355337990394338	0.1794575645137585	-1.0355337990394338	0.8205424354862415	8.173463333333332	1.9582027384029688	9.70935	0.7517371562365849	0.0	0.841813646982891	-0.24842719690362997
GTHPi	37.15186259286923	0.9999984328731542	37.15186259286923	1.5671268458147304e-06	6749.106586666666	5.166847461036713	2907.518063333333	146.14164479495557	1.0	2.321260415121594	1.21490838331549
GTHPm	21.328130476063347	0.9999857119841196	21.328130476063347	1.4288015880330868e-05	6476.364129999999	203.2672446140056	2711.92939	144.87090714818447	1.0	2.3881020478929207	1.255864486872162
GDR	-2.3559282764876017	0.0390043672814156	-2.3559282764876017	0.9609956327185843	11.82044	1.746270746247557	14.768046666666663	0.2850675674681745	-1.0	0.8004064631431737	-0.32119527808478915
GTHOr	-2.3559282764876017	0.0390043672814156	-2.3559282764876017	0.9609956327185843	11.82044	1.746270746247557	14.768046666666663	0.2850675674681745	-1.0	0.8004064631431737	-0.32119527808478915
GDRm	-2.3559282764876017	0.0390043672814156	-2.3559282764876017	0.9609956327185843	11.82044	1.746270746247557	14.768046666666663	0.2850675674681745	-1.0	0.8004064631431737	-0.32119527808478915
GTHOm	-2.3559282764876017	0.0390043672814156	-2.3559282764876017	0.9609956327185843	11.82044	1.746270746247557	14.768046666666663	0.2850675674681745	-1.0	0.8004064631431737	-0.32119527808478915
r0885	2.7134512700029623	0.9733267111542482	2.7134512700029623	0.0266732888457518	14.531996666666666	4.709455362950394	5.3291466666666665	0.9091065387266528	1.0	2.726889983637155	1.447256495903037
PYRt2m_f	8.340896453900355	0.9994353766701988	8.340896453900355	0.0005646233298013	113.87540666666666	15.024616860921578	24.716346666666663	1.6693786756421958	1.0	4.6072912070068615	2.203918787355476
PYRt2m_b	8.340896453900355	0.9994353766701988	8.340896453900355	0.0005646233298013	113.87540666666666	15.024616860921578	24.716346666666663	1.6693786756421958	1.0	4.6072912070068615	2.203918787355476
HMR_4964	10.151491588916365	0.9997348960584608	10.151491588916365	0.000265103941539	958.4784166666668	51.68920543971912	402.95074666666665	57.59863960612978	1.0	2.3786490646698066	1.2501424386370315
r2420	-0.7194733429871994	0.2558214537144532	-0.7194733429871994	0.7441785462855468	565.1561666666666	79.65168564066609	608.3372266666667	29.322900430087444	0.0	0.929017889901943	-0.10622171633722978
ATPtm	-2.5198448981902644	0.0326837865977046	-2.5198448981902644	0.9673162134022952	1429.28418	330.8252376796282	2037.45604	84.00655647838722	-1.0	0.701504303376283	-0.5114761408061512
FUMtm_f	2.7134512700029623	0.9733267111542482	2.7134512700029623	0.0266732888457518	14.531996666666666	4.709455362950394	5.3291466666666665	0.9091065387266528	1.0	2.726889983637155	1.447256495903037
FUMtm_b	2.7134512700029623	0.9733267111542482	2.7134512700029623	0.0266732888457518	14.531996666666666	4.709455362950394	5.3291466666666665	0.9091065387266528	1.0	2.726889983637155	1.447256495903037
CO2tm_f					1.0	0.0	1.0	0.0	0.0	1.0	0.0
CO2tm_b					1.0	0.0	1.0	0.0	0.0	1.0	0.0
O2tm					1.0	0.0	1.0	0.0	0.0	1.0	0.0
r0801_f	3.880549104196236	0.9910835181379382	3.880549104196236	0.0089164818620618	19.101740000000003	1.9549684153117832	12.280316666666666	1.5356340397879815	1.0	1.5554761752886397	0.6373562977612954
r0801_b	3.880549104196236	0.9910835181379382	3.880549104196236	0.0089164818620618	19.101740000000003	1.9549684153117832	12.280316666666666	1.5356340397879815	1.0	1.5554761752886397	0.6373562977612954
THD1m	-12.629624120326794	0.0001131416909689	-12.629624120326794	0.999886858309031	3.96753	0.7571799221233131	10.755340000000002	0.0662323365132169	-1.0	0.3688893145172537	-1.438740095272464
H2Otm_f	1.9621960309195527	0.9393755113229464	1.9621960309195527	0.0606244886770534	0.0407166666666666	0.0293457235196014	0.0	0.0	0.0	inf	inf
H2Otm_b	1.9621960309195527	0.9393755113229464	1.9621960309195527	0.0606244886770534	0.0407166666666666	0.0293457235196014	0.0	0.0	0.0	inf	inf
NH4tm_f					1.0	0.0	1.0	0.0	0.0	1.0	0.0
NH4tm_b					1.0	0.0	1.0	0.0	0.0	1.0	0.0
HCO3E	20.176178723982844	0.9999821890748288	20.176178723982844	1.7810925171316667e-05	258.6990633333333	16.048099077885283	28.90016	1.380277331770684	1.0	8.951475124474511	3.162125445438775
HCO3Em	0.8155499498107446	0.7697330636682768	0.8155499498107446	0.2302669363317232	0.4374	0.0632262809281077	0.4007466666666666	0.0064961338929824	0.0	1.0914626031408041	0.12626270001484122
GLUN	-1.157478033833763	0.1557433771392013	-1.157478033833763	0.8442566228607987	10.03258	4.184203837553806	13.581233333333332	1.1363552742674958	0.0	0.7387090519515901	-0.4369218387121564
GLNS	6.165438676833719	0.9982433153364212	6.165438676833719	0.0017566846635786	987.2912666666668	221.6372223591632	20.995986666666667	2.0277228584849123	1.0	47.022856431610116	5.555290273915535
GLUt2m	-4.395357070960532	0.0058667645638599	-4.395357070960532	0.99413323543614	35.36752	5.009223115141376	70.2238	10.034212023595408	-1.0	0.5036400764413205	-0.9895350068608286
GLNtm_1					1.0	0.0	1.0	0.0	0.0	1.0	0.0
GLUNm	-1.0551252997238507	0.1754407740054517	-1.0551252997238507	0.8245592259945483	10.344476666666669	4.250586403288636	13.622233333333334	1.110547878491613	0.0	0.7593818438973542	-0.3971025889938052
GLUPRT	-4.032758947506072	0.0078488459680359	-4.032758947506072	0.992151154031964	5.1331	1.8272847711472529	10.640123333333332	0.6249839960795438	-1.0	0.4824286184652622	-1.0516126020497387
PRAGSr	-4.54058216610902	0.0052462301115637	-4.54058216610902	0.9947537698884362	26.306933333333333	10.843617866543536	63.069903333333336	3.677447610905631	-1.0	0.41710755753497003	-1.261508642359469
GARFT	-4.54058216610902	0.0052462301115637	-4.54058216610902	0.9947537698884362	26.306933333333333	10.843617866543536	63.069903333333336	3.677447610905631	-1.0	0.41710755753497003	-1.261508642359469
PRFGS	-13.019373245963695	0.0001004315516167	-13.019373245963695	0.9998995684483832	18.667136666666664	1.767957724161474	54.22656333333333	3.434239320968895	-1.0	0.3442434024800514	-1.5384990899113522
PRAIS	-4.54058216610902	0.0052462301115637	-4.54058216610902	0.9947537698884362	26.306933333333333	10.843617866543536	63.069903333333336	3.677447610905631	-1.0	0.41710755753497003	-1.261508642359469
AIRCr	-3.841787013656943	0.0092156886301935	-3.841787013656943	0.9907843113698064	105.58597000000002	24.950239211359616	182.07197	13.046810792856611	-1.0	0.5799133716189264	-0.7860906906299828
PRASCSi	-3.841787013656943	0.0092156886301935	-3.841787013656943	0.9907843113698064	105.58597000000002	24.950239211359616	182.07197	13.046810792856611	-1.0	0.5799133716189264	-0.7860906906299828
ADSL2r	-0.7396000548465883	0.2502984635570566	-0.7396000548465883	0.7497015364429434	2.022253333333333	0.6360994815453179	2.356813333333333	0.0679939704843173	0.0	0.8580456096084542	-0.22087375834310582
AICART	-4.984935715592745	0.0037853923065372	-4.984935715592745	0.9962146076934628	36.59657333333333	12.646532577146283	86.24381	6.200536384561154	-1.0	0.4243385505966554	-1.2367123433664502
IMPC	-4.984935715592745	0.0037853923065372	-4.984935715592745	0.9962146076934628	36.59657333333333	12.646532577146283	86.24381	6.200536384561154	-1.0	0.4243385505966554	-1.2367123433664502
ADSS	4.134436599001055	0.9927791583880256	4.134436599001055	0.0072208416119743	26.784386666666663	1.1951636638924763	19.08019333333333	2.3486708343988	1.0	1.4037796262721307	0.48931647051535526
ADSL1r	-0.7396000548465883	0.2502984635570566	-0.7396000548465883	0.7497015364429434	2.022253333333333	0.6360994815453179	2.356813333333333	0.0679939704843173	0.0	0.8580456096084542	-0.22087375834310582
IMPDH2	-6.07470587885608	0.0018551065003056	-6.07470587885608	0.9981448934996944	510.8497766666666	46.65165314800061	742.3202666666666	26.97128678948455	-1.0	0.6881797515250381	-0.5391426509440727
GMPS	-4.495106707145082	0.0054315983144936	-4.495106707145082	0.9945684016855064	11.227150000000002	3.219050252615928	25.76496	3.2491621458257	-1.0	0.43575266563580933	-1.1984186050910772
GMPS2	-4.495106707145082	0.0054315983144936	-4.495106707145082	0.9945684016855064	11.227150000000002	3.219050252615928	25.76496	3.2491621458257	-1.0	0.43575266563580933	-1.1984186050910772
GK1	4.048031951829058	0.9922495653537662	4.048031951829058	0.0077504346462337	217.26895666666667	37.962777162912566	104.59088333333334	10.413086198728768	1.0	2.077322131167264	1.054724952822997
RNDR2	-10.96152554483548	0.0001967510787786	-10.96152554483548	0.9998032489212214	6.668783333333333	4.922404583211565	69.81535	6.491712159422965	-1.0	0.09552030224489791	-3.388048788195819
ADK1	6.055649772592574	0.998123369065972	6.055649772592574	0.0018766309340279	57.36313333333334	4.736376745778946	36.605426666666666	1.0328124151827152	1.0	1.567066376679305	0.6480662897517444
RNDR1	-10.96152554483548	0.0001967510787786	-10.96152554483548	0.9998032489212214	6.668783333333333	4.922404583211565	69.81535	6.491712159422965	-1.0	0.09552030224489791	-3.388048788195819
CBPS	-6.834856527887342	0.0011984916920929	-6.834856527887342	0.998801508307907	29.73268	6.433607736260168	75.18029	6.858381839418589	-1.0	0.3954850400284436	-1.3383049718327187
ASPCT	-6.834856527887342	0.0011984916920929	-6.834856527887342	0.998801508307907	29.73268	6.433607736260168	75.18029	6.858381839418589	-1.0	0.3954850400284436	-1.3383049718327187
DHORTS	-6.834856527887342	0.0011984916920929	-6.834856527887342	0.998801508307907	29.73268	6.433607736260168	75.18029	6.858381839418589	-1.0	0.3954850400284436	-1.3383049718327187
DHORD9	-1.802112868379214	0.0729396605908502	-1.802112868379214	0.9270603394091498	7.4979	1.3411125278911786	9.305356666666666	0.4618397535461364	0.0	0.8057616992649753	-0.3115748642255295
ORPT	-3.340802527693718	0.014407121366617	-3.340802527693718	0.985592878633383	12.330666666666666	7.05525290905688	30.3569	2.907279870979055	-1.0	0.40618991618599615	-1.299773670243531
OMPDC	-3.340802527693718	0.014407121366617	-3.340802527693718	0.985592878633383	12.330666666666666	7.05525290905688	30.3569	2.907279870979055	-1.0	0.40618991618599615	-1.299773670243531
UMPK	0.7470732671104715	0.7517294607058638	0.7470732671104715	0.2482705392941361	42.78416333333333	8.292791554715187	38.21960666666667	2.4273056710178795	0.0	1.1194297133007298	0.16276394716698978
RNDR4	-10.96152554483548	0.0001967510787786	-10.96152554483548	0.9998032489212214	6.668783333333333	4.922404583211565	69.81535	6.491712159422965	-1.0	0.09552030224489791	-3.388048788195819
TMDS	-4.103184262057708	0.0074072077420639	-4.103184262057708	0.992592792257936	16.846026666666667	5.307145441241354	35.41048333333333	3.5741630029638465	-1.0	0.4757355754816488	-1.0717681808926922
URIDK2r	-5.5401189376025535	0.0025950535653089	-5.5401189376025535	0.997404946434691	47.48305333333333	17.439663299565797	119.62205	5.912820178854303	-1.0	0.3969423140076042	-1.3329987332171511
NDPK2	2.83209005325431	0.976377598683036	2.83209005325431	0.0236224013169639	348.4374833333333	101.2503326585621	143.22001333333336	15.802079192891744	1.0	2.4328826343729797	1.2826667243486025
NDPK3_f	2.83209005325431	0.976377598683036	2.83209005325431	0.0236224013169639	348.4374833333333	101.2503326585621	143.22001333333336	15.802079192891744	1.0	2.4328826343729797	1.2826667243486025
NDPK3_b	2.83209005325431	0.976377598683036	2.83209005325431	0.0236224013169639	348.4374833333333	101.2503326585621	143.22001333333336	15.802079192891744	1.0	2.4328826343729797	1.2826667243486025
CYTK1_r	0.7470732671104715	0.7517294607058638	0.7470732671104715	0.2482705392941361	42.78416333333333	8.292791554715187	38.21960666666667	2.4273056710178795	0.0	1.1194297133007298	0.16276394716698978
CTPS1	0.0014244652982424	0.5005341742610298	0.0014244652982424	0.4994658257389702	30.11805	8.853242238144547	30.108923333333333	1.929122567495965	0.0	1.000303121654854	0.0004372458422495906
RNDR3	-10.96152554483548	0.0001967510787786	-10.96152554483548	0.9998032489212214	6.668783333333333	4.922404583211565	69.81535	6.491712159422965	-1.0	0.09552030224489791	-3.388048788195819
GDHm	-4.167111662316194	0.0070319994636916	-4.167111662316194	0.9929680005363084	57.27625333333333	11.002342292246482	95.15072666666669	6.645658467633004	-1.0	0.6019528735075694	-0.7322775511220988
GLUDym_f	-4.167111662316194	0.0070319994636916	-4.167111662316194	0.9929680005363084	57.27625333333333	11.002342292246482	95.15072666666669	6.645658467633004	-1.0	0.6019528735075694	-0.7322775511220988
GLUDym_b	-4.167111662316194	0.0070319994636916	-4.167111662316194	0.9929680005363084	57.27625333333333	11.002342292246482	95.15072666666669	6.645658467633004	-1.0	0.6019528735075694	-0.7322775511220988
ASPTA_f	0.3745442821027472	0.6364949193258966	0.3745442821027472	0.3635050806741032	33.93216	5.807392268072362	32.36110333333333	1.2096403125539248	0.0	1.048547685487856	0.06839247331099274
ASPTA_b	0.3745442821027472	0.6364949193258966	0.3745442821027472	0.3635050806741032	33.93216	5.807392268072362	32.36110333333333	1.2096403125539248	0.0	1.048547685487856	0.06839247331099274
ASPTAm	-0.0374251690192852	0.4859696553713324	-0.0374251690192852	0.5140303446286676	110.61321666666667	16.744464542935443	111.07462	4.859643613867172	0.0	0.995846005745207	-0.006005428823310087
ASPGLUm	-8.174457939459101	0.0006097516188744	-8.174457939459101	0.9993902483811254	3.46383	0.7085968800853321	7.967276666666667	0.3238969369345065	-1.0	0.43475708763722276	-1.2017185475953542
ASPT	-0.4631909161214792	0.3336536552265625	-0.4631909161214792	0.6663463447734375	68.87960333333334	7.720184833073766	72.1151	6.163255469219713	0.0	0.9551342691521378	-0.0662245388868017
CBPSam	-23.429264624362776	9.836271803636773e-06	-23.429264624362776	0.9999901637281964	0.0096366666666666	0.0046044061023714	1.3262266666666669	0.0793371751170632	-1.0	0.007266229000573003	-7.104577450592569
OCBTm					0.0	0.0	0.0	0.0	0.0		
ORNt4m	-14.515758793344324	6.54854618632046e-05	-14.515758793344324	0.9999345145381368	1.1230566666666666	0.7378121808126752	11.15072	0.6403719152700768	-1.0	0.10071606736306414	-3.3116342381968593
ARGSS	9.340537855152595	0.9996342738276728	9.340537855152595	0.0003657261723273	83.06081333333333	11.846062960745888	4.719919999999999	0.600669458021631	1.0	17.597928213472546	4.137333686699625
ARGSL	-2.3116344744117154	0.0409425729107797	-2.3116344744117154	0.9590574270892204	5.013896666666667	2.0936124362344515	8.504593333333334	0.4210973937490261	-1.0	0.5895516070139352	-0.76230998834167
ARGN	0.1792763137657963	0.5667822314889455	0.1792763137657963	0.4332177685110544	0.1174399999999999	0.084003911020063	0.1042866666666666	0.0609046694068324	0.0	1.1261267020392507	0.17136915612169623
ORNDC	-2.7688759908148586	0.0251944958067084	-2.7688759908148586	0.9748055041932916	135.32763	66.03195515129978	275.23858	27.318800694504635	-1.0	0.49167391431826163	-1.0242262796555968
SPMS	8.0301385980959	0.9993474529387764	8.0301385980959	0.0006525470612235	405.4768333333333	25.99546282845569	230.19415	16.648362521679623	1.0	1.76145585512635	0.8167683190631663
SPRMS	8.134124964919279	0.999378647355388	8.134124964919279	0.0006213526446119	464.37997	29.219043329250194	273.87308	15.598261512534012	1.0	1.6956028317934715	0.761798280924723
ADMDC	-3.736753502729553	0.0100889723174947	-3.736753502729553	0.9899110276825052	45.85030333333333	15.949322492102567	90.99706	6.128582042941635	-1.0	0.5038657659196168	-0.9888886560748079
MTAP	0.7685368578456803	0.7574848987625065	0.7685368578456803	0.2425151012374936	0.0165333333333333	0.0164279037683516	0.00745	0.0030824124751023	0.0	2.219239373601785	1.1500652892035543
ADPT	11.184075960612503	0.9998180628626658	11.184075960612503	0.0001819371373342	896.7930266666666	48.40405380606212	483.67488333333336	19.644060473768896	1.0	1.8541236222279198	0.8907374377225517
MTRI					1.0	0.0	1.0	0.0	0.0	1.0	0.0
MDRPD	1.2641835923121514	0.8625940046235029	1.2641835923121514	0.1374059953764971	0.6429033333333334	0.2416373197353606	0.3904	0.146289344109542	0.0	1.6467810792349726	0.7196487779577024
DKMPPD					1.0	0.0	1.0	0.0	0.0	1.0	0.0
SPMDtex2					1.0	0.0	1.0	0.0	0.0	1.0	0.0
SPRMti					1.0	0.0	1.0	0.0	0.0	1.0	0.0
GLYAMDTRc	-0.4613593720214082	0.3342566867076648	-0.4613593720214082	0.6657433132923352	0.0572633333333333	0.0314721308814993	0.0719566666666666	0.0322193133936084	0.0	0.7958030296011491	-0.32951670354327917
ARGDr					1.0	0.0	1.0	0.0	0.0	1.0	0.0
r0074_f	14.327119617179353	0.999931053744092	14.327119617179353	6.894625590794424e-05	2.00201	0.1033062924834042	0.92203	0.0263084587157818	1.0	2.1713067904515033	1.1185635830663712
r0074_b	14.327119617179353	0.999931053744092	14.327119617179353	6.894625590794424e-05	2.00201	0.1033062924834042	0.92203	0.0263084587157818	1.0	2.1713067904515033	1.1185635830663712
GLU5SAtmc_f					1.0	0.0	1.0	0.0	0.0	1.0	0.0
GLU5SAtmc_b					1.0	0.0	1.0	0.0	0.0	1.0	0.0
G5SADs_f	14.327119617179353	0.999931053744092	14.327119617179353	6.894625590794424e-05	2.00201	0.1033062924834042	0.92203	0.0263084587157818	1.0	2.1713067904515033	1.1185635830663712
G5SADs_b	14.327119617179353	0.999931053744092	14.327119617179353	6.894625590794424e-05	2.00201	0.1033062924834042	0.92203	0.0263084587157818	1.0	2.1713067904515033	1.1185635830663712
PRO1x	0.9192036475701302	0.7949980293990893	0.9192036475701302	0.2050019706009107	151.65198666666666	27.135745586506776	132.25738666666666	12.4103384292622	0.0	1.1466428491353828	0.1974160975279001
P5CR	0.9192036475701302	0.7949980293990893	0.9192036475701302	0.2050019706009107	151.65198666666666	27.135745586506776	132.25738666666666	12.4103384292622	0.0	1.1466428491353828	0.1974160975279001
PROD2					0.0	0.0	0.0	0.0	0.0		
EXRiboflavin					1.0	0.0	1.0	0.0	0.0	1.0	0.0
RBFK	-4.512862370694021	0.0053582923384737	-4.512862370694021	0.9946417076615264	25.741253333333333	7.675121836172301	51.265620000000006	2.2519452124922275	-1.0	0.5021153227705688	-0.993909343297619
FMNAT	7.274781513275041	0.9990515341076752	7.274781513275041	0.0009484658923248	74.68006999999999	7.897188985763647	33.23947666666667	1.5918560154807408	1.0	2.246728212628297	1.1678256118302444
TransportFAD					1.0	0.0	1.0	0.0	0.0	1.0	0.0
ASNS1	3.3351838348381526	0.985517309405472	3.3351838348381526	0.014482690594528	0.8845066666666668	0.1022934277241483	0.4255333333333334	0.1655661886443673	1.0	2.0785837380542067	1.055600869704914
ASNN	-4.831983611583785	0.0042245487861643	-4.831983611583785	0.9957754512138356	0.02212	0.0071408869663835	0.13294	0.0316386925562145	-1.0	0.1663908530163984	-2.5873519683229844
METS	-10.569636186196837	0.0002266727362426	-10.569636186196837	0.9997733272637572	2.056823333333333	0.6557298054500462	7.261516666666666	0.2344611821934614	-1.0	0.28324982613824934	-1.8198530243828335
METAT	-4.023402114903501	0.0079098793388152	-4.023402114903501	0.9920901206611848	38.93566666666666	14.137500200158758	80.67893333333333	3.926472101495469	-1.0	0.48260016658623806	-1.0510996813372246
HMR_3915					1.0	0.0	1.0	0.0	0.0	1.0	0.0
AHCi	1.2641835923121514	0.8625940046235029	1.2641835923121514	0.1374059953764971	0.6429033333333334	0.2416373197353606	0.3904	0.146289344109542	0.0	1.6467810792349726	0.7196487779577024
ADNK1	2.941076932406562	0.978828154397777	2.941076932406562	0.0211718456022229	2.5843133333333337	0.4965436943736394	1.4999433333333334	0.1591263641121594	1.0	1.7229406444243451	0.7848730013483242
CYSTS	4.535417192193902	0.9947331064967452	4.535417192193902	0.0052668935032547	0.4067033333333333	0.1268164196344026	0.0	0.0	1.0	inf	inf
CYSTGL	13.016622278688171	0.9998994851538304	13.016622278688171	0.0001005148461696	10.223406666666667	0.8689287843597361	2.093383333333333	0.1586902039264624	1.0	4.883676345310224	2.287967592117271
MTHFR3	-3.098269205186378	0.0181409790520398	-3.098269205186378	0.98185902094796	4.18156	0.4557502157980839	6.555343333333333	0.983009300916776	-1.0	0.6378857349449788	-0.6486300790354258
MetSynthesis					1.0	0.0	1.0	0.0	0.0	1.0	0.0
UNK3					1.0	0.0	1.0	0.0	0.0	1.0	0.0
5MTHFt	-0.1140022941487282	0.4573644987770266	-0.1140022941487282	0.5426355012229733	0.8226966666666667	0.3969512124794291	0.8553666666666667	0.0817197056338854	0.0	0.9618058532403259	-0.05618238887015178
ILETA	-5.377690726724616	0.002888769628821	-5.377690726724616	0.9971112303711788	6.7067033333333335	1.2626953668596752	11.691433333333334	0.3521221239223056	-1.0	0.5736425245835269	-0.8017761187350076
3MOPt2im					1.0	0.0	1.0	0.0	0.0	1.0	0.0
ILETAm	-3.007981681189931	0.0198145181685804	-3.007981681189931	0.9801854818314196	19.552376666666667	2.314874945180024	26.37213	2.2185396818778496	-1.0	0.741403013964616	-0.43167011484903295
LEUTA	-5.377690726724616	0.002888769628821	-5.377690726724616	0.9971112303711788	6.7067033333333335	1.2626953668596752	11.691433333333334	0.3521221239223056	-1.0	0.5736425245835269	-0.8017761187350076
4MOPt2im					1.0	0.0	1.0	0.0	0.0	1.0	0.0
LEUTAm	-3.007981681189931	0.0198145181685804	-3.007981681189931	0.9801854818314196	19.552376666666667	2.314874945180024	26.37213	2.2185396818778496	-1.0	0.741403013964616	-0.43167011484903295
OIVD1m	-1.506055363500752	0.1032586148218634	-1.506055363500752	0.8967413851781366	0.00971	0.0069869068024889	0.0569466666666666	0.04380235483269	0.0	0.17051041910559608	-2.5520681965017915
ACOAD8m	-3.187871646658286	0.0166419068364809	-3.187871646658286	0.9833580931635192	17.931096666666665	1.8541104336281824	22.18744333333333	0.3572475203863881	-1.0	0.80816416733008	-0.3072797086731266
MCCCrm	-4.156483058247789	0.0070927658404936	-4.156483058247789	0.9929072341595064	2.00584	0.4893645803147861	3.50695	0.1462176877125335	-1.0	0.571961390952252	-0.8060103306838188
MGCHrm	9.131227424692373	0.9996009252506748	9.131227424692373	0.0003990747493252	1.572463333333333	0.0913110436304879	0.9496133333333332	0.0311089979837916	1.0	1.6558985411606126	0.7276142799334913
HMGCOAtm					1.0	0.0	1.0	0.0	0.0	1.0	0.0
VALTA	-5.377690726724616	0.002888769628821	-5.377690726724616	0.9971112303711788	6.7067033333333335	1.2626953668596752	11.691433333333334	0.3521221239223056	-1.0	0.5736425245835269	-0.8017761187350076
3MOBt2im					1.0	0.0	1.0	0.0	0.0	1.0	0.0
VALTAim	-3.007981681189931	0.0198145181685804	-3.007981681189931	0.9801854818314196	19.552376666666667	2.314874945180024	26.37213	2.2185396818778496	-1.0	0.741403013964616	-0.43167011484903295
OIVD2m	-1.506055363500752	0.1032586148218634	-1.506055363500752	0.8967413851781366	0.00971	0.0069869068024889	0.0569466666666666	0.04380235483269	0.0	0.17051041910559608	-2.5520681965017915
ACOAD9m	-4.412176409262069	0.0057905087238499	-4.412176409262069	0.99420949127615	32.222166666666666	3.78866848285193	48.056933333333326	3.377290948599025	-1.0	0.6704998515649494	-0.5766910821409614
ECOAH12m	-1.7120325991919347	0.0810272741692729	-1.7120325991919347	0.9189727258307272	171.85999333333334	30.185877889176734	210.32085	9.907954006981804	0.0	0.8171324589708217	-0.2913581335166564
3HBCOAHLm					1.0	0.0	1.0	0.0	0.0	1.0	0.0
HIBDm	-9.872193134814797	0.0002953440428339	-9.872193134814797	0.999704655957166	3.06852	0.57688001271206	7.1782233333333325	0.1174969679987058	-1.0	0.42747625108720033	-1.2260838231705782
r0643	-1.3315027534012585	0.1269181466192162	-1.3315027534012585	0.8730818533807838	197.20815666666667	60.222358443441	254.60501666666664	9.469147882892573	0.0	0.7745650861422541	-0.36854162216122294
MMSAD1m	-20.9144626948488	1.544344296480872e-05	-20.9144626948488	0.9999845565570352	1.2603633333333333	0.3131002602291405	5.994293333333334	0.0665907943254087	-1.0	0.2102605366882279	-2.2497499954915496
MMTSADm					1.0	0.0	1.0	0.0	0.0	1.0	0.0
PCC					1.0	0.0	1.0	0.0	0.0	1.0	0.0
MMALH					1.0	0.0	1.0	0.0	0.0	1.0	0.0
MMEm	4.338327193052449	0.9938654677172372	4.338327193052449	0.0061345322827628	3.674416666666666	0.5542198524252105	1.9234866666666663	0.1364524047261739	1.0	1.9102896476190807	0.9337914034453414
MMMm	-6.374520535762776	0.0015532383880474	-6.374520535762776	0.9984467616119526	5.367103333333333	1.1318458567706509	11.80826	0.8723288135024929	-1.0	0.45452110076618674	-1.1375808229892033
ILEtmi					1.0	0.0	1.0	0.0	0.0	1.0	0.0
LEUt5m					1.0	0.0	1.0	0.0	0.0	1.0	0.0
VALt5m					1.0	0.0	1.0	0.0	0.0	1.0	0.0
PGCD	27.43399321373242	0.999994750378717	27.43399321373242	5.249621283070555e-06	24.58638333333333	0.975054356991901	4.252056666666667	0.3847739538424548	1.0	5.782233225176521	2.5316268007934655
PSERT	3.7820909517750927	0.9902996203262932	3.7820909517750927	0.0097003796737068	163.89647	41.17207592663017	53.57004666666666	2.593314618287226	1.0	3.0594796943117593	1.6132863240744708
PSP_L	1.218795032941889	0.8550581731656661	1.218795032941889	0.1449418268343338	15.01315	3.204679728407608	12.248833333333332	0.135433647304583	0.0	1.225679996734383	0.2935823661529435
GHMT2r_f	0.1356859652305004	0.5506880137113915	0.1356859652305004	0.4493119862886084	18.126396666666665	3.567583481203425	17.77935	0.5968318532607533	0.0	1.0195196487310652	0.027889580017290413
GHMT2r_b	0.1356859652305004	0.5506880137113915	0.1356859652305004	0.4493119862886084	18.126396666666665	3.567583481203425	17.77935	0.5968318532607533	0.0	1.0195196487310652	0.027889580017290413
SERD_L	-8.3386993565398	0.0005651915818157	-8.3386993565398	0.9994348084181844	3.1078166666666664	0.9809699777034748	10.135736666666666	0.6770136858455835	-1.0	0.30661971289046247	-1.7054776425903326
ALATA_L_f	17.58926106300203	0.9999693217878428	17.58926106300203	3.067821215725288e-05	26.888566666666662	0.965634566915571	11.384949999999998	0.7882705070384574	1.0	2.3617641418422273	1.239864896833017
ALATA_L_b	17.58926106300203	0.9999693217878428	17.58926106300203	3.067821215725288e-05	26.888566666666662	0.965634566915571	11.384949999999998	0.7882705070384574	1.0	2.3617641418422273	1.239864896833017
r1435					1.0	0.0	1.0	0.0	0.0	1.0	0.0
GLYtm_r					1.0	0.0	1.0	0.0	0.0	1.0	0.0
GHMT2rm	-7.252436494816296	0.000959513292301	-7.252436494816296	0.999040486707699	342.98444	63.48564035445232	751.1217066666667	47.99503571422802	-1.0	0.4566296473072238	-1.1309035633261468
MLTHFtm_r					1.0	0.0	1.0	0.0	0.0	1.0	0.0
r0962	-2.3948818412430923	0.0373851956818505	-2.3948818412430923	0.9626148043181494	30.61949333333333	8.808568276041736	46.52138666666667	3.2537625738041926	-1.0	0.658181011514704	-0.6034436894957977
FORtm_r					1.0	0.0	1.0	0.0	0.0	1.0	0.0
r0514	-4.512356747637238	0.005360363206687	-4.512356747637238	0.9946396367933128	16.737196666666666	4.365331253481483	35.69065666666666	4.028609874190129	-1.0	0.4689517714113227	-1.092488536162635
DHFRim	-4.512356747637238	0.005360363206687	-4.512356747637238	0.9946396367933128	16.737196666666666	4.365331253481483	35.69065666666666	4.028609874190129	-1.0	0.4689517714113227	-1.092488536162635
FTHFLmi	-4.5670933682870425	0.0051417012146683	-4.5670933682870425	0.9948582987853316	20.40265666666667	2.016982636817238	29.077373333333338	1.7740314817261715	-1.0	0.7016678030982165	-0.5111399308173704
MTHFCm	2.8044782270414426	0.9757053362141356	2.8044782270414426	0.0242946637858644	97.6712	34.70745854052795	28.82698	0.7726740251015741	1.0	3.388187038670024	1.7605135182101221
MTHFDm	2.5243097543862656	0.9674712728779652	2.5243097543862656	0.0325287271220347	115.53102333333334	34.52375033419006	53.78257666666667	2.200526696442368	1.0	2.14811246492281	1.1030695279317762
FOLR2	-4.512356747637238	0.005360363206687	-4.512356747637238	0.9946396367933128	16.737196666666666	4.365331253481483	35.69065666666666	4.028609874190129	-1.0	0.4689517714113227	-1.092488536162635
DHFR	-4.512356747637238	0.005360363206687	-4.512356747637238	0.9946396367933128	16.737196666666666	4.365331253481483	35.69065666666666	4.028609874190129	-1.0	0.4689517714113227	-1.092488536162635
FTHFLi	-5.2673615491507295	0.003111642028643	-5.2673615491507295	0.996888357971357	17.859826666666667	1.0092582603190436	24.955593333333336	1.6158158609885664	-1.0	0.7156642772668999	-0.48264512626543254
FTHFDH	8.266306537235533	0.9994156824000324	8.266306537235533	0.0005843175999677	7.860030000000001	1.1179656206103417	1.26108	0.1571694323545983	1.0	6.232776667618233	2.639875019135432
MTHFC_f	-5.2673615491507295	0.003111642028643	-5.2673615491507295	0.996888357971357	17.859826666666667	1.0092582603190436	24.955593333333336	1.6158158609885664	-1.0	0.7156642772668999	-0.48264512626543254
MTHFC_b	-5.2673615491507295	0.003111642028643	-5.2673615491507295	0.996888357971357	17.859826666666667	1.0092582603190436	24.955593333333336	1.6158158609885664	-1.0	0.7156642772668999	-0.48264512626543254
MTHFD	-7.3752447085484	0.0009006945169866	-7.3752447085484	0.9990993054830134	22.041386666666668	1.4488521034329984	31.510936666666662	1.094511578904287	-1.0	0.6994837030656341	-0.5156376497636395
MTHFD2i_f	2.815775782246614	0.9759830469047313	2.815775782246614	0.0240169530952687	98.76144	34.89962524832132	29.25710666666667	0.7785813207080917	1.0	3.375639331845527	1.7551607683951367
MTHFD2i_b	2.815775782246614	0.9759830469047313	2.815775782246614	0.0240169530952687	98.76144	34.89962524832132	29.25710666666667	0.7785813207080917	1.0	3.375639331845527	1.7551607683951367
ACACT1r	-1.142627879743643	0.1584698486012648	-1.142627879743643	0.8415301513987352	27.972446666666663	14.60982199837797	39.92897	2.3550120031541235	0.0	0.7005551775231533	-0.5134294093932696
HMGCOAS	-1.0028374921930736	0.1863422437437459	-1.0028374921930736	0.8136577562562541	23.18535333333333	14.66737407174925	33.66494	1.8084311577349748	0.0	0.6887091833026683	-0.5380331807197153
HMGCOAR	0.176684703653906	0.5658293554087106	0.176684703653906	0.4341706445912894	43.01354666666666	12.506261249673656	41.42709666666666	2.1995259328217887	0.0	1.0382949839030478	0.05421637756379589
MEVK1	13.517532078501658	0.999913333697978	13.517532078501658	8.66663020220583e-05	29.100203333333337	1.4930819249756158	12.603676666666669	0.8656566108002771	1.0	2.3088662223695042	1.2071845845822362
PMEVK	0.7524872423793203	0.7531908592502714	0.7524872423793203	0.2468091407497285	21.0869	8.905727763108416	16.34098	0.4939026244109252	0.0	1.2904305616921385	0.36785251183276807
IPDDI	0.3203575063670695	0.6176328217581291	0.3203575063670695	0.3823671782418709	77.59015666666666	14.442692068106815	73.80409333333333	8.411328748270924	0.0	1.0512988258826474	0.07217280568658457
DPMVD	5.878146079204063	0.9979073830896874	5.878146079204063	0.0020926169103125	84.43490333333334	12.98101715953552	29.38508	2.627912222316416	1.0	2.8733936859567284	1.5227556712090151
DMATT	4.813273667672863	0.9957175704012486	4.813273667672863	0.0042824295987513	10.29079	2.268080179314655	2.564686666666667	0.094489151523101	1.0	4.012494053854532	2.0044992542957667
GRTT	4.813273667672863	0.9957175704012486	4.813273667672863	0.0042824295987513	10.29079	2.268080179314655	2.564686666666667	0.094489151523101	1.0	4.012494053854532	2.0044992542957667
HMR_1465					1.0	0.0	1.0	0.0	0.0	1.0	0.0
HMR_1467					1.0	0.0	1.0	0.0	0.0	1.0	0.0
SMO	10.8632255958486	0.9997962294023184	10.8632255958486	0.0002037705976815	143.84948333333332	17.32549530839322	10.492703333333331	1.1075930520527637	1.0	13.709477792662904	3.7771017133944382
LNSTLS	-1.41357945846173	0.1151861434016998	-1.41357945846173	0.8848138565983001	22.30006	1.8171318442167776	25.70873	2.8857389876540576	0.0	0.8674119647294907	-0.20521075159774546
HMR_1477	-4.758860487029537	0.0044563274490496	-4.758860487029537	0.9955436725509504	0.41988	0.5331059024871763	2.5475233333333334	0.3399686540779245	-1.0	0.16481890254194595	-2.6010463848924594
HMR_1478	-4.758860487029537	0.0044563274490496	-4.758860487029537	0.9955436725509504	0.41988	0.5331059024871763	2.5475233333333334	0.3399686540779245	-1.0	0.16481890254194595	-2.6010463848924594
HMR_1479	-4.758860487029537	0.0044563274490496	-4.758860487029537	0.9955436725509504	0.41988	0.5331059024871763	2.5475233333333334	0.3399686540779245	-1.0	0.16481890254194595	-2.6010463848924594
C14STR	-6.933169512017474	0.0011361618368094	-6.933169512017474	0.9988638381631906	54.90204333333333	2.791822892774939	88.13767333333334	6.177791507620037	-1.0	0.6229123285986445	-0.6828989685505047
HMR_1490	3.3153875811550444	0.9852472930808857	3.3153875811550444	0.0147527069191144	96.38867	18.44806867714884	52.19532333333333	3.877393709235912	1.0	1.8466916927487185	0.8849430268672911
HMR_1493	3.3153875811550444	0.9852472930808857	3.3153875811550444	0.0147527069191144	96.38867	18.44806867714884	52.19532333333333	3.877393709235912	1.0	1.8466916927487185	0.8849430268672911
HMR_1494	3.3153875811550444	0.9852472930808857	3.3153875811550444	0.0147527069191144	96.38867	18.44806867714884	52.19532333333333	3.877393709235912	1.0	1.8466916927487185	0.8849430268672911
C3STDH1	0.6543933774242031	0.7257121810457079	0.6543933774242031	0.274287818954292	12.61676	4.144494254317005	10.63288	1.097613014408995	0.0	1.186579741330665	0.24680905675321654
HMR_1495	0.0472883687558254	0.5177248817417778	0.0472883687558254	0.4822751182582222	12.646383333333333	4.1860777461273	12.49888	1.391385599561339	0.0	1.011801324065303	0.016926032201285045
HMR_1500	-3.602379939940465	0.0113549909441527	-3.602379939940465	0.9886450090558472	7.117993333333334	0.9903529142123476	9.710583333333334	0.2347403848699424	-1.0	0.7330139795927124	-0.4480873820715767
HMR_1502	3.3153875811550444	0.9852472930808857	3.3153875811550444	0.0147527069191144	96.38867	18.44806867714884	52.19532333333333	3.877393709235912	1.0	1.8466916927487185	0.8849430268672911
HMR_1503	3.3153875811550444	0.9852472930808857	3.3153875811550444	0.0147527069191144	96.38867	18.44806867714884	52.19532333333333	3.877393709235912	1.0	1.8466916927487185	0.8849430268672911
HMR_1504	3.3153875811550444	0.9852472930808857	3.3153875811550444	0.0147527069191144	96.38867	18.44806867714884	52.19532333333333	3.877393709235912	1.0	1.8466916927487185	0.8849430268672911
HMR_1505	0.6543933774242031	0.7257121810457079	0.6543933774242031	0.274287818954292	12.61676	4.144494254317005	10.63288	1.097613014408995	0.0	1.186579741330665	0.24680905675321654
HMR_1509	-3.602379939940465	0.0113549909441527	-3.602379939940465	0.9886450090558472	7.117993333333334	0.9903529142123476	9.710583333333334	0.2347403848699424	-1.0	0.7330139795927124	-0.4480873820715767
CHLSTI_1	11.534928425745502	0.9998387094773638	11.534928425745502	0.0001612905226362	225.70307000000005	22.446238439484684	42.38049	1.153277481528186	1.0	5.3256361594686625	2.412953868867633
HMR_1516	3.4852659441556573	0.9873844923334316	3.4852659441556573	0.0126155076665684	40.093336666666666	11.670853960421615	11.298836666666668	0.5524318010598436	1.0	3.548448203074593	1.8271882473825305
RE2410C					1.0	0.0	1.0	0.0	0.0	1.0	0.0
DSMSTOLR					1.0	0.0	1.0	0.0	0.0	1.0	0.0
ACCOAC	-2.219617392502557	0.0453254057205085	-2.219617392502557	0.9546745942794914	5.250006666666667	1.457506359284774	7.661743333333334	0.4867024943661395	-1.0	0.6852235109241891	-0.5453534418428245
FASN	0.4326232358594151	0.656203806677147	0.4326232358594151	0.3437961933228531	492.5312933333333	55.13215385480743	460.3711533333333	89.51301825676917	0.0	1.069856983364712	0.0974179525322554
MCAT	0.4326232358594151	0.656203806677147	0.4326232358594151	0.3437961933228531	492.5312933333333	55.13215385480743	460.3711533333333	89.51301825676917	0.0	1.069856983364712	0.0974179525322554
AcetoacetylACPsynthesis	0.4326232358594151	0.656203806677147	0.4326232358594151	0.3437961933228531	492.5312933333333	55.13215385480743	460.3711533333333	89.51301825676917	0.0	1.069856983364712	0.0974179525322554
r0691	0.4326232358594151	0.656203806677147	0.4326232358594151	0.3437961933228531	492.5312933333333	55.13215385480743	460.3711533333333	89.51301825676917	0.0	1.069856983364712	0.0974179525322554
r0681	0.4326232358594151	0.656203806677147	0.4326232358594151	0.3437961933228531	492.5312933333333	55.13215385480743	460.3711533333333	89.51301825676917	0.0	1.069856983364712	0.0974179525322554
r0682	0.4326232358594151	0.656203806677147	0.4326232358594151	0.3437961933228531	492.5312933333333	55.13215385480743	460.3711533333333	89.51301825676917	0.0	1.069856983364712	0.0974179525322554
r0760	0.4326232358594151	0.656203806677147	0.4326232358594151	0.3437961933228531	492.5312933333333	55.13215385480743	460.3711533333333	89.51301825676917	0.0	1.069856983364712	0.0974179525322554
r0761	0.4326232358594151	0.656203806677147	0.4326232358594151	0.3437961933228531	492.5312933333333	55.13215385480743	460.3711533333333	89.51301825676917	0.0	1.069856983364712	0.0974179525322554
r0762	0.4326232358594151	0.656203806677147	0.4326232358594151	0.3437961933228531	492.5312933333333	55.13215385480743	460.3711533333333	89.51301825676917	0.0	1.069856983364712	0.0974179525322554
r0763	0.4326232358594151	0.656203806677147	0.4326232358594151	0.3437961933228531	492.5312933333333	55.13215385480743	460.3711533333333	89.51301825676917	0.0	1.069856983364712	0.0974179525322554
r0764	0.4326232358594151	0.656203806677147	0.4326232358594151	0.3437961933228531	492.5312933333333	55.13215385480743	460.3711533333333	89.51301825676917	0.0	1.069856983364712	0.0974179525322554
r0694	0.4326232358594151	0.656203806677147	0.4326232358594151	0.3437961933228531	492.5312933333333	55.13215385480743	460.3711533333333	89.51301825676917	0.0	1.069856983364712	0.0974179525322554
r0695	0.4326232358594151	0.656203806677147	0.4326232358594151	0.3437961933228531	492.5312933333333	55.13215385480743	460.3711533333333	89.51301825676917	0.0	1.069856983364712	0.0974179525322554
r0765	0.4326232358594151	0.656203806677147	0.4326232358594151	0.3437961933228531	492.5312933333333	55.13215385480743	460.3711533333333	89.51301825676917	0.0	1.069856983364712	0.0974179525322554
r0766	0.4326232358594151	0.656203806677147	0.4326232358594151	0.3437961933228531	492.5312933333333	55.13215385480743	460.3711533333333	89.51301825676917	0.0	1.069856983364712	0.0974179525322554
r0692	0.4326232358594151	0.656203806677147	0.4326232358594151	0.3437961933228531	492.5312933333333	55.13215385480743	460.3711533333333	89.51301825676917	0.0	1.069856983364712	0.0974179525322554
r0693	0.4326232358594151	0.656203806677147	0.4326232358594151	0.3437961933228531	492.5312933333333	55.13215385480743	460.3711533333333	89.51301825676917	0.0	1.069856983364712	0.0974179525322554
r0767	0.4326232358594151	0.656203806677147	0.4326232358594151	0.3437961933228531	492.5312933333333	55.13215385480743	460.3711533333333	89.51301825676917	0.0	1.069856983364712	0.0974179525322554
r0768	0.4326232358594151	0.656203806677147	0.4326232358594151	0.3437961933228531	492.5312933333333	55.13215385480743	460.3711533333333	89.51301825676917	0.0	1.069856983364712	0.0974179525322554
r0769	0.4326232358594151	0.656203806677147	0.4326232358594151	0.3437961933228531	492.5312933333333	55.13215385480743	460.3711533333333	89.51301825676917	0.0	1.069856983364712	0.0974179525322554
r0770	0.4326232358594151	0.656203806677147	0.4326232358594151	0.3437961933228531	492.5312933333333	55.13215385480743	460.3711533333333	89.51301825676917	0.0	1.069856983364712	0.0974179525322554
r0712	0.4326232358594151	0.656203806677147	0.4326232358594151	0.3437961933228531	492.5312933333333	55.13215385480743	460.3711533333333	89.51301825676917	0.0	1.069856983364712	0.0974179525322554
r0713	0.4326232358594151	0.656203806677147	0.4326232358594151	0.3437961933228531	492.5312933333333	55.13215385480743	460.3711533333333	89.51301825676917	0.0	1.069856983364712	0.0974179525322554
r0701	0.4326232358594151	0.656203806677147	0.4326232358594151	0.3437961933228531	492.5312933333333	55.13215385480743	460.3711533333333	89.51301825676917	0.0	1.069856983364712	0.0974179525322554
r0702	0.4326232358594151	0.656203806677147	0.4326232358594151	0.3437961933228531	492.5312933333333	55.13215385480743	460.3711533333333	89.51301825676917	0.0	1.069856983364712	0.0974179525322554
r0771	0.4326232358594151	0.656203806677147	0.4326232358594151	0.3437961933228531	492.5312933333333	55.13215385480743	460.3711533333333	89.51301825676917	0.0	1.069856983364712	0.0974179525322554
r0772	0.4326232358594151	0.656203806677147	0.4326232358594151	0.3437961933228531	492.5312933333333	55.13215385480743	460.3711533333333	89.51301825676917	0.0	1.069856983364712	0.0974179525322554
r0696	0.4326232358594151	0.656203806677147	0.4326232358594151	0.3437961933228531	492.5312933333333	55.13215385480743	460.3711533333333	89.51301825676917	0.0	1.069856983364712	0.0974179525322554
r0697	0.4326232358594151	0.656203806677147	0.4326232358594151	0.3437961933228531	492.5312933333333	55.13215385480743	460.3711533333333	89.51301825676917	0.0	1.069856983364712	0.0974179525322554
r0773	0.4326232358594151	0.656203806677147	0.4326232358594151	0.3437961933228531	492.5312933333333	55.13215385480743	460.3711533333333	89.51301825676917	0.0	1.069856983364712	0.0974179525322554
FA160ACPH	0.432868283027065	0.6562857670273681	0.432868283027065	0.3437142329726319	492.5826633333333	55.17015652373984	460.39658666666656	89.5192309498491	0.0	1.0699094597979066	0.09748871491867425
TMLYStd_r					1.0	0.0	1.0	0.0	0.0	1.0	0.0
TMLYSOX	7.045517734737571	0.9989302482715416	7.045517734737571	0.0010697517284583	0.44087	0.0884937568419377	0.0	0.0	1.0	inf	inf
GHMT3	0.1356859652305004	0.5506880137113915	0.1356859652305004	0.4493119862886084	18.126396666666665	3.567583481203425	17.77935	0.5968318532607533	0.0	1.0195196487310652	0.027889580017290413
TMABADH	-4.959491983411155	0.0038544482708845	-4.959491983411155	0.9961455517291156	12.912586666666668	4.865914270421222	30.87373666666667	1.5982567029805408	-1.0	0.41823854384972947	-1.257602071557482
BBHOX	3.2478104587317533	0.9842796260131268	3.2478104587317533	0.0157203739868732	0.2233733333333333	0.0972647885356714	0.0	0.0	1.0	inf	inf
SUCFUMtm_r	2.7134512700029623	0.9733267111542482	2.7134512700029623	0.0266732888457518	14.531996666666666	4.709455362950394	5.3291466666666665	0.9091065387266528	1.0	2.726889983637155	1.447256495903037
palmitateActivation	-0.222951897426696	0.4172477014923471	-0.222951897426696	0.582752298507653	50.66996333333333	8.189506567978045	52.02025	2.5083920121198484	0.0	0.9740430569505785	-0.03794254775827589
carnitineAcylTransferaseI	4.505122022196246	0.9946098992142254	4.505122022196246	0.0053901007857746	15.54304	0.9287127297860556	11.217723333333334	0.9904712120781476	1.0	1.3855788325438583	0.4704887953264757
CARN160t_m	-5.11592247739117	0.0034528339564467	-5.11592247739117	0.9965471660435532	1.66111	0.6282089074503798	4.011933333333333	0.1662965155644847	-1.0	0.414042273882916	-1.2721500198978586
carnitineAcylTransferaseII	-0.5014135075995428	0.3212096514721181	-0.5014135075995428	0.6787903485278819	4.918843333333333	1.819804359381036	5.647329999999999	0.953913866027746	0.0	0.8710033473045375	-0.1992498317114689
betaOxidation	-1.1605612122340658	0.1551827801702308	-1.1605612122340658	0.8448172198297692	0.0340266666666666	0.0263521363249526	0.0607433333333333	0.0191167244986047	0.0	0.5601712122043563	-0.8360602512057216
Biomass					1.0	0.0	1.0	0.0	0.0	1.0	0.0
GLCt1_r	-3.2890124324097	0.0151217679807279	-3.2890124324097	0.984878232019272	135.28830666666667	21.85281031747684	188.47947	6.748816082430065	-1.0	0.7177880257550951	-0.47837023878246
O2t_r					1.0	0.0	1.0	0.0	0.0	1.0	0.0
GLNt_r	1.8590995688143408	0.9317286384976948	1.8590995688143408	0.0682713615023052	598.2577733333333	139.87090196389462	413.61873	12.791338176550026	0.0	1.4463991351004177	0.5324657201813416
r0963_r	-0.1140022941487282	0.4573644987770266	-0.1140022941487282	0.5426355012229733	0.8226966666666667	0.3969512124794291	0.8553666666666667	0.0817197056338854	0.0	0.9618058532403259	-0.05618238887015178
THBPTt_r					1.0	0.0	1.0	0.0	0.0	1.0	0.0
ARGt5r_r	-12.563065801441196	0.0001155083912235	-12.563065801441196	0.9998844916087763	7.947776666666666	1.3419519596551217	26.30053666666667	1.5707746048650295	-1.0	0.302190665057405	-1.7264689998492062
PHEtec_r	-4.052488874144865	0.0077219968457221	-4.052488874144865	0.9922780031542778	4.4953233333333324	0.6619719511849089	7.758333333333333	0.926522674100436	-1.0	0.5794186895810955	-0.7873218743261698
ILEtec_r	-3.885467268181154	0.0088793568382188	-3.885467268181154	0.9911206431617812	4.4953233333333324	0.6619719511849089	7.632890000000001	0.930563666423027	-1.0	0.5889411917810072	-0.7638045127190496
LEUtec_r	-3.885467268181154	0.0088793568382188	-3.885467268181154	0.9911206431617812	4.4953233333333324	0.6619719511849089	7.632890000000001	0.930563666423027	-1.0	0.5889411917810072	-0.7638045127190496
VALtec_r	-3.885467268181154	0.0088793568382188	-3.885467268181154	0.9911206431617812	4.4953233333333324	0.6619719511849089	7.632890000000001	0.930563666423027	-1.0	0.5889411917810072	-0.7638045127190496
METtec_r	-3.885467268181154	0.0088793568382188	-3.885467268181154	0.9911206431617812	4.4953233333333324	0.6619719511849089	7.632890000000001	0.930563666423027	-1.0	0.5889411917810072	-0.7638045127190496
r2526_r	1.823153598740592	0.928822659361515	1.823153598740592	0.0711773406384849	599.21179	139.92004554132572	418.08861666666667	12.71496249700678	0.0	1.4332171843792125	0.5192572467843974
GLYt4_r	1.9436474366012344	0.938071348561296	1.9436474366012344	0.0619286514387039	608.0701333333333	139.10324429064102	416.1011066666667	12.66059537349208	0.0	1.4613518772024092	0.5473036048160231
r2532_r	1.86566551675358	0.9322455318399192	1.86566551675358	0.0677544681600809	598.2577733333333	139.87090196389462	412.97631666666666	12.71040662601668	0.0	1.4486491093779024	0.5347081887771514
PROPAT4te_r	-10.145633238623429	0.0002656976388728	-10.145633238623429	0.9997343023611271	1.390186666666667	0.506833976849312	5.112299999999999	0.1109248613551834	-1.0	0.2719297902444432	-1.878693885842896
HDCAt	-0.6982486644146044	0.2617423841752855	-0.6982486644146044	0.7382576158247145	143.52920666666668	25.255269533785533	156.22626	4.847416849395157	0.0	0.9187265102977353	-0.12229263593964047
CRNt	14.069287046094423	0.9999259464482676	14.069287046094423	7.405355173241338e-05	20.49512	1.4187782988425863	5.786490000000001	0.4158942116291916	1.0	3.541891543923864	1.824520036076618
GTHRDt2_r					1.0	0.0	1.0	0.0	0.0	1.0	0.0
DmLact	0.7473599463245979	0.751807007243419	0.7473599463245979	0.248192992756581	95.28143	26.40107529242828	80.82488666666666	7.164061724661199	0.0	1.1788625252634648	0.23739548618476156
UREAt	-3.679811447171762	0.0106037366694905	-3.679811447171762	0.9893962633305096	0.0	0.0	0.0079666666666666	0.0030617242781732	-1.0	0.0	
DmBiomass					1.0	0.0	1.0	0.0	0.0	1.0	0.0
NH4t					1.0	0.0	1.0	0.0	0.0	1.0	0.0
PTRCtex2_f					1.0	0.0	1.0	0.0	0.0	1.0	0.0
PTRCtex2_b					1.0	0.0	1.0	0.0	0.0	1.0	0.0
GUDACtr2					1.0	0.0	1.0	0.0	0.0	1.0	0.0
CE2705t	-10.852283749945892	0.0002045710670344	-10.852283749945892	0.9997954289329656	19.48818333333333	5.4945480032564	79.65179333333333	5.59274968319003	-1.0	0.24466722615745243	-2.0311072334651294
Dm2oxobutyrate					1.0	0.0	1.0	0.0	0.0	1.0	0.0
H2Ot_f	1.2641835923121514	0.8625940046235029	1.2641835923121514	0.1374059953764971	0.6429033333333334	0.2416373197353606	0.3904	0.146289344109542	0.0	1.6467810792349726	0.7196487779577024
H2Ot_b	1.2641835923121514	0.8625940046235029	1.2641835923121514	0.1374059953764971	0.6429033333333334	0.2416373197353606	0.3904	0.146289344109542	0.0	1.6467810792349726	0.7196487779577024
PHLACHt_f					1.0	0.0	1.0	0.0	0.0	1.0	0.0
PHLACHt_b					1.0	0.0	1.0	0.0	0.0	1.0	0.0
CO2t					1.0	0.0	1.0	0.0	0.0	1.0	0.0
DmH2O2					1.0	0.0	1.0	0.0	0.0	1.0	0.0
DmGSSG					1.0	0.0	1.0	0.0	0.0	1.0	0.0
GLUt4	3.8392709692195552	0.9907644771085694	3.8392709692195552	0.0092355228914306	0.3858933333333333	0.1421456286895786	0.0	0.0	1.0	inf	inf
ALAPAT4te	1.6539225343133042	0.9132568565753278	1.6539225343133042	0.086743143424672	611.1154233333333	141.82033847731813	444.56576666666666	12.957166805528464	0.0	1.374634461657829	0.45904803284510165
DmAla	1.6539225343133042	0.9132568565753278	1.6539225343133042	0.086743143424672	611.1154233333333	141.82033847731813	444.56576666666666	12.957166805528464	0.0	1.374634461657829	0.45904803284510165
ASPte_r	9.880381746338694	0.9997056017318672	9.880381746338694	0.0002943982681328	8.314973333333333	0.9474489529726068	1.6810200000000002	0.0629955617484279	1.0	4.946385726126596	2.3063747475061906
DmAsp	9.880381746338694	0.9997056017318672	9.880381746338694	0.0002943982681328	8.314973333333333	0.9474489529726068	1.6810200000000002	0.0629955617484279	1.0	4.946385726126596	2.3063747475061906
DmPalm	-0.6982486644146044	0.2617423841752855	-0.6982486644146044	0.7382576158247145	143.52920666666668	25.255269533785533	156.22626	4.847416849395157	0.0	0.9187265102977353	-0.12229263593964047
ATPM					1.0	0.0	1.0	0.0	0.0	1.0	0.0
GACMTRc	-7.271047007494197	0.000950301263351	-7.271047007494197	0.999049698736649	25.02328	7.323407138251976	102.96663	13.27369948245276	-1.0	0.24302320081758527	-2.0408340439917216
CKc_cho	-7.538756061221191	0.0008291274730006	-7.538756061221191	0.9991708725269992	9.947526666666668	1.1878761148743116	47.51824	6.947157106428499	-1.0	0.20934122700391825	-2.256071635481918
CRTNsyn_cho					1.0	0.0	1.0	0.0	0.0	1.0	0.0
CRTNtr					1.0	0.0	1.0	0.0	0.0	1.0	0.0
NDPK1	2.83209005325431	0.976377598683036	2.83209005325431	0.0236224013169639	348.4374833333333	101.2503326585621	143.22001333333336	15.802079192891744	1.0	2.4328826343729797	1.2826667243486025
NDPK5	2.83209005325431	0.976377598683036	2.83209005325431	0.0236224013169639	348.4374833333333	101.2503326585621	143.22001333333336	15.802079192891744	1.0	2.4328826343729797	1.2826667243486025
NDPK8	2.83209005325431	0.976377598683036	2.83209005325431	0.0236224013169639	348.4374833333333	101.2503326585621	143.22001333333336	15.802079192891744	1.0	2.4328826343729797	1.2826667243486025
NDPK7	2.83209005325431	0.976377598683036	2.83209005325431	0.0236224013169639	348.4374833333333	101.2503326585621	143.22001333333336	15.802079192891744	1.0	2.4328826343729797	1.2826667243486025
DTMPK					1.0	0.0	1.0	0.0	0.0	1.0	0.0
NDPK4	2.83209005325431	0.976377598683036	2.83209005325431	0.0236224013169639	348.4374833333333	101.2503326585621	143.22001333333336	15.802079192891744	1.0	2.4328826343729797	1.2826667243486025
HIStiDF_r	-39.11032986713164	1.2766295223077738e-06	-39.11032986713164	0.9999987233704776	0.0463066666666666	0.0144277726008633	1.63473	0.0555951292830586	-1.0	0.028326798105293597	-5.141688652607851
PTRCOX1	3.445280853917614	0.9869164696206132	3.445280853917614	0.0130835303793867	14.063493333333334	2.3534362672531044	7.11076	1.6144201964172769	1.0	1.9777764027098839	0.9838793315895944
ABUTD					1.0	0.0	1.0	0.0	0.0	1.0	0.0
r0465_1	0.448212974218013	0.6613972299274478	0.448212974218013	0.3386027700725522	0.21817	0.0688029597231592	0.1794333333333333	0.1010178513377159	0.0	1.2158833364295005	0.28200480934976024
ABUTH	1.2641835923121514	0.8625940046235029	1.2641835923121514	0.1374059953764971	0.6429033333333334	0.2416373197353606	0.3904	0.146289344109542	0.0	1.6467810792349726	0.7196487779577024
GLUDC					1.0	0.0	1.0	0.0	0.0	1.0	0.0
HISDr	2.726332087861169	0.973679143490164	2.726332087861169	0.0263208565098359	0.4227433333333333	0.1943189030662968	0.0458733333333333	0.0213793924661628	1.0	9.215448335997682	3.2040543553716034
URCN	1.2641835923121514	0.8625940046235029	1.2641835923121514	0.1374059953764971	0.6429033333333334	0.2416373197353606	0.3904	0.146289344109542	0.0	1.6467810792349726	0.7196487779577024
IZPN	-12.866653107502811	0.00010518876225	-12.866653107502811	0.99989481123775	0.1773	0.1017782927085469	1.5100266666666666	0.1053507061622696	-1.0	0.11741514498640201	-3.090309586034263
GluForTx					1.0	0.0	1.0	0.0	0.0	1.0	0.0
FTCD	-0.7389989717424877	0.2504621103686491	-0.7389989717424877	0.7495378896313509	0.0324466666666666	0.0309218556292399	0.0522466666666666	0.0218990552815006	0.0	0.6210284547658539	-0.687268722401176
CARPEPT1tc_r	1.7262708746782756	0.9203118648306144	1.7262708746782756	0.0796881351693855	0.0065033333333333	0.0053277283047175	0.0	0.0	0.0	inf	inf
NBAHH_ir	1.2641835923121514	0.8625940046235029	1.2641835923121514	0.1374059953764971	0.6429033333333334	0.2416373197353606	0.3904	0.146289344109542	0.0	1.6467810792349726	0.7196487779577024
r0283	0.448212974218013	0.6613972299274478	0.448212974218013	0.3386027700725522	0.21817	0.0688029597231592	0.1794333333333333	0.1010178513377159	0.0	1.2158833364295005	0.28200480934976024
ASP1DC	-24.58714848824384	8.119221063900314e-06	-24.58714848824384	0.999991880778936	0.0460233333333333	0.0266008299786971	1.36674	0.0711558533549184	-1.0	0.03367380286911431	-4.892229532149256
CSNt_r	-1.2192812775066413	0.14485905438449	-1.2192812775066413	0.8551409456155099	15.135176666666666	3.289008016503186	18.37699333333333	1.822302919647433	0.0	0.8235937398537084	-0.2799952308185238
bAlaSynthesis					1.0	0.0	1.0	0.0	0.0	1.0	0.0
LYSt5r_r	-13.468163503030452	8.792095632677787e-05	-13.468163503030452	0.9999120790436732	7.592363333333334	1.1826215221372482	26.17352	1.5518358914739236	-1.0	0.29007803815968713	-1.7854870218177963
LYStm	-14.515758793344324	6.54854618632046e-05	-14.515758793344324	0.9999345145381368	1.1230566666666666	0.7378121808126752	11.15072	0.6403719152700768	-1.0	0.10071606736306414	-3.3116342381968593
SACCD3m	-19.901192726255285	1.880743995535925e-05	-19.901192726255285	0.9999811925600446	0.2241933333333333	0.0884582497879963	5.450036666666667	0.3606682420483155	-1.0	0.04113611468057401	-4.603450652493611
r0525	-19.901192726255285	1.880743995535925e-05	-19.901192726255285	0.9999811925600446	0.2241933333333333	0.0884582497879963	5.450036666666667	0.3606682420483155	-1.0	0.04113611468057401	-4.603450652493611
AASAD3m					1.0	0.0	1.0	0.0	0.0	1.0	0.0
r0450	-4.191823472174423	0.0068931252891212	-4.191823472174423	0.9931068747108788	3.08591	0.4036617062178015	4.400243333333333	0.1835226616948314	-1.0	0.701304397559832	-0.5118873203658426
2OXOADOXm	-4.829786575641421	0.0042312959841149	-4.829786575641421	0.9957687040158852	2.7978400000000003	0.6780849576564872	5.373006666666666	0.3298058743496778	-1.0	0.5207214830678293	-0.9414161665996225
GLUTCOADHm	-6.006876596109146	0.0019331348696924	-6.006876596109146	0.9980668651303076	4.65555	0.6675154130555087	7.654683333333334	0.2301974263298545	-1.0	0.6081962894175896	-0.7173910803193293
3HBCDm	3.3712899814080632	0.9859948751462309	3.3712899814080632	0.0140051248537691	12.7618	3.4075457653957733	4.546013333333334	0.5161723604464781	1.0	2.8072508952899384	1.4891580090641687
HACD1m					1.0	0.0	1.0	0.0	0.0	1.0	0.0
HMGCOASm	1.0238764376058649	0.8181139049917145	1.0238764376058649	0.1818860950082855	0.0184866666666666	0.0140960806215376	0.0063733333333333	0.0090132544375245	0.0	2.900627615062766	1.5363650930587323
CYStec_r	0.8611072126604038	0.7811316404666918	0.8611072126604038	0.2188683595333082	4.357076666666667	0.7116509932231919	3.789396666666667	0.6022946884669961	0.0	1.1498074891429506	0.2013923327280377
CYSTA	0.3745442821027472	0.6364949193258966	0.3745442821027472	0.3635050806741032	33.93216	5.807392268072362	32.36110333333333	1.2096403125539248	0.0	1.048547685487856	0.06839247331099274
CYANt_r					1.0	0.0	1.0	0.0	0.0	1.0	0.0
MCPST	1.2681194906168625	0.8632295502492382	1.2681194906168625	0.1367704497507618	67.83467	3.086305250306041	59.99776666666666	8.176677539695175	0.0	1.1306199175191523	0.17711401750752653
TCYNTt					1.0	0.0	1.0	0.0	0.0	1.0	0.0
CYSO	-1.3692495287104998	0.121383060866435	-1.3692495287104998	0.878616939133565	0.02188	0.0157436907998093	0.0890466666666666	0.0675622262971123	0.0	0.24571385790222375	-2.0249488690024067
3SALATAi	0.3745442821027472	0.6364949193258966	0.3745442821027472	0.3635050806741032	33.93216	5.807392268072362	32.36110333333333	1.2096403125539248	0.0	1.048547685487856	0.06839247331099274
3SALAASPm	-8.174457939459101	0.0006097516188744	-8.174457939459101	0.9993902483811254	3.46383	0.7085968800853321	7.967276666666667	0.3238969369345065	-1.0	0.43475708763722276	-1.2017185475953542
3SALATAim	-0.0374251690192852	0.4859696553713324	-0.0374251690192852	0.5140303446286676	110.61321666666667	16.744464542935443	111.07462	4.859643613867172	0.0	0.995846005745207	-0.006005428823310087
3SPYRSP					1.0	0.0	1.0	0.0	0.0	1.0	0.0
3SPYRSPm					1.0	0.0	1.0	0.0	0.0	1.0	0.0
HMR_3951					1.0	0.0	1.0	0.0	0.0	1.0	0.0
ExSulfitem					1.0	0.0	1.0	0.0	0.0	1.0	0.0
PHETHPTOX2					1.0	0.0	1.0	0.0	0.0	1.0	0.0
TYRt_r	-14.90825571669357	5.895194061998499e-05	-14.90825571669357	0.99994104805938	0.0	0.0	0.1254433333333333	0.0118996928064924	-1.0	0.0	
TYRTA	0.3975030283317796	0.6443519507423414	0.3975030283317796	0.3556480492576584	34.010376666666666	5.741651445431201	32.36110333333333	1.2096403125539248	0.0	1.0509646817769192	0.07171418758606611
34HPPOR	3.282187674256484	0.9847809640271624	3.282187674256484	0.0152190359728374	0.1225899999999999	0.029919700310442	0.0384833333333333	0.020447781189057	1.0	3.185534863577306	1.6715356268758672
HGNTOR	2.2200338469236245	0.954695579270318	2.2200338469236245	0.0453044207296818	0.0801299999999999	0.051044686958259	0.0	0.0	1.0	inf	inf
MACACI	-10.49320656922378	0.00023315261593	-10.49320656922378	0.9997668473840698	16.11492666666667	1.646827321636634	32.015746666666665	1.3713117905211138	-1.0	0.5033437712525629	-0.9903840334658266
FUMAC	-2.3355045327798867	0.0398849032839022	-2.3355045327798867	0.9601150967160976	10.564756666666668	2.072238635957634	13.994736666666668	0.1398032563601034	-1.0	0.7549092861340013	-0.405624801850257
AACOAT	4.898915568612284	0.9959748685591732	4.898915568612284	0.0040251314408267	10.986103333333332	0.968084196900708	7.42323	0.3473894892864012	1.0	1.4799626757265143	0.5655607919195849
r2534_r	-14.95727658220973	5.81941260121876e-05	-14.95727658220973	0.9999418058739878	0.1382533333333333	0.057546781163	3.843493333333333	0.3455724496477627	-1.0	0.035970748832659175	-4.797031996219735
THRD_L					1.0	0.0	1.0	0.0	0.0	1.0	0.0
OBDHc					1.0	0.0	1.0	0.0	0.0	1.0	0.0
PPCOAtm					1.0	0.0	1.0	0.0	0.0	1.0	0.0
r1616_r	46.10243291348133	0.9999993379894824	46.10243291348133	6.620105177273843e-07	549.4031699999999	12.264547962777344	66.64075000000001	8.299771618629036	1.0	8.2442525031606	3.0433886921016877
TRPO2					1.0	0.0	1.0	0.0	0.0	1.0	0.0
FKYNH					1.0	0.0	1.0	0.0	0.0	1.0	0.0
KYN	6.438752898422858	0.9985033677310166	6.438752898422858	0.0014966322689834	11.53196	1.4903574061501716	4.4649833333333335	0.4337637172726903	1.0	2.5827554414163547	1.3689110425424178
ANTHte					1.0	0.0	1.0	0.0	0.0	1.0	0.0
KYN3OX	3.2195631289169686	0.9838530428196036	3.2195631289169686	0.0161469571803963	0.2113366666666666	0.0890038764449179	0.00791	0.0079300819667895	1.0	26.71765697429413	4.739721589983011
HKYNH	6.438752898422858	0.9985033677310166	6.438752898422858	0.0014966322689834	11.53196	1.4903574061501716	4.4649833333333335	0.4337637172726903	1.0	2.5827554414163547	1.3689110425424178
3HAO	1.9622581805688832	0.9393798304842568	1.9622581805688832	0.0606201695157433	0.0105466666666666	0.0076010584058332	0.0	0.0	0.0	inf	inf
PCLAD	-3.869693582167595	0.0089990864735223	-3.869693582167595	0.9910009135264776	0.0023366666666666	0.0033045456907451	0.01921	0.0052063230787187	-1.0	0.12163803574526807	-3.0393336703761014
AM6SAD					1.0	0.0	1.0	0.0	0.0	1.0	0.0
AMCOXO					1.0	0.0	1.0	0.0	0.0	1.0	0.0
2OXOADPTm	-5.7175179847557285	0.0023149122789697	-5.7175179847557285	0.9976850877210304	0.0382533333333333	0.0095812188971735	0.0972266666666666	0.0109990009647341	-1.0	0.39344487109160714	-1.3457665932704703
ExCystineGlu					1.0	0.0	1.0	0.0	0.0	1.0	0.0
ExCystineSer					1.0	0.0	1.0	0.0	0.0	1.0	0.0
CystinePyruvate					1.0	0.0	1.0	0.0	0.0	1.0	0.0
CystineReductaseNADPH	-7.395862615941943	0.0008912608853173	-7.395862615941943	0.9991087391146828	14.51515	2.453946686313024	27.71297	0.5890099313820327	-1.0	0.5237673912251195	-0.9330018518888701
CystineReductaseNADH					1.0	0.0	1.0	0.0	0.0	1.0	0.0
CystineGSH					1.0	0.0	1.0	0.0	0.0	1.0	0.0
Ex3HB					1.0	0.0	1.0	0.0	0.0	1.0	0.0
Transport3HB_forward					1.0	0.0	1.0	0.0	0.0	1.0	0.0
bBDH					1.0	0.0	1.0	0.0	0.0	1.0	0.0
OCOAT1m	2.7021500728359187	0.9730130034335558	2.7021500728359187	0.0269869965664441	7.486816666666667	1.4550146996126496	4.613286666666667	0.3803570440461902	1.0	1.622881300822407	0.6985574835720845
ACACT1m	-0.9837546193898112	0.1904661439334692	-0.9837546193898112	0.8095338560665308	60.69224666666667	18.40280827508008	73.83629666666667	4.28660336235528	0.0	0.8219838941904318	-0.28281796861937114
G3PD1ir	2.426667639648956	0.9638797390258532	2.426667639648956	0.0361202609741468	1.031826666666667	0.4860902273126758	0.1875266666666666	0.0762945281276594	1.0	5.502293007216755	2.4600329678626016
GLYC3Ptm					1.0	0.0	1.0	0.0	0.0	1.0	0.0
G3PDm					1.0	0.0	1.0	0.0	0.0	1.0	0.0
DHAPtm					1.0	0.0	1.0	0.0	0.0	1.0	0.0
CMPuptake_r					1.0	0.0	1.0	0.0	0.0	1.0	0.0
UMPuptake_r					1.0	0.0	1.0	0.0	0.0	1.0	0.0
Transport_ala_B_c_e					1.0	0.0	1.0	0.0	0.0	1.0	0.0
EX_ala_B					1.0	0.0	1.0	0.0	0.0	1.0	0.0
Transport_octanoyl_ACP_c_e					1.0	0.0	1.0	0.0	0.0	1.0	0.0
EX_octanoyl_ACP					1.0	0.0	1.0	0.0	0.0	1.0	0.0
TMDK1	-6.457119202643697	0.001480915293154	-6.457119202643697	0.998519084706846	63.780826666666655	14.11618488984974	138.83324000000002	8.422058159693899	-1.0	0.45940602313009943	-1.1221583233196277
THYMDt1_r	-10.852283749945892	0.0002045710670344	-10.852283749945892	0.9997954289329656	19.48818333333333	5.4945480032564	79.65179333333333	5.59274968319003	-1.0	0.24466722615745243	-2.0311072334651294
EX_thymd					1.0	0.0	1.0	0.0	0.0	1.0	0.0
Transport_HC00576_c_e					1.0	0.0	1.0	0.0	0.0	1.0	0.0
EX_HC00576					1.0	0.0	1.0	0.0	0.0	1.0	0.0
Transport_4abut_c_e					1.0	0.0	1.0	0.0	0.0	1.0	0.0
EX_4abut					1.0	0.0	1.0	0.0	0.0	1.0	0.0
