Rxn	statistic_less	pvalue_less	statistic_greater	pvalue_greater	mean_MDAMB231	std_MDAMB231	mean_MCF7	std_MCF7	result	meanRatio	meanRatio_log
EX_lac__L_e					1.0	0.0	1.0	0.0	0.0	1.0	0.0
EX_glc__D_e_r					1.0	0.0	1.0	0.0	0.0	1.0	0.0
EX_gluIN__L_e					1.0	0.0	1.0	0.0	0.0	1.0	0.0
EX_gluOUT__L_e					1.0	0.0	1.0	0.0	0.0	1.0	0.0
EX_gln__L_e_r					1.0	0.0	1.0	0.0	0.0	1.0	0.0
EX_asp__L_e					1.0	0.0	1.0	0.0	0.0	1.0	0.0
DM_asp__L_e					1.0	0.0	1.0	0.0	0.0	1.0	0.0
EX_co2_e					1.0	0.0	1.0	0.0	0.0	1.0	0.0
EX_h_e_f					1.0	0.0	1.0	0.0	0.0	1.0	0.0
EX_h_e_b					1.0	0.0	1.0	0.0	0.0	1.0	0.0
EX_h2o_e_f					1.0	0.0	1.0	0.0	0.0	1.0	0.0
EX_h2o_e_b					1.0	0.0	1.0	0.0	0.0	1.0	0.0
EX_ump_e_r					1.0	0.0	1.0	0.0	0.0	1.0	0.0
EX_pi_e_r					1.0	0.0	1.0	0.0	0.0	1.0	0.0
EX_nh4_e					1.0	0.0	1.0	0.0	0.0	1.0	0.0
EX_o2_e_r					1.0	0.0	1.0	0.0	0.0	1.0	0.0
EX_arg__L_e_r					1.0	0.0	1.0	0.0	0.0	1.0	0.0
EX_pro__L_e					1.0	0.0	1.0	0.0	0.0	1.0	0.0
EX_leu__L_e_r					1.0	0.0	1.0	0.0	0.0	1.0	0.0
EX_ile__L_e_r					1.0	0.0	1.0	0.0	0.0	1.0	0.0
EX_met__L_e_r					1.0	0.0	1.0	0.0	0.0	1.0	0.0
EX_gly_e_r					1.0	0.0	1.0	0.0	0.0	1.0	0.0
EX_phe__L_e_r					1.0	0.0	1.0	0.0	0.0	1.0	0.0
EX_ser__L_e_r					1.0	0.0	1.0	0.0	0.0	1.0	0.0
EX_ala__L_e_f					1.0	0.0	1.0	0.0	0.0	1.0	0.0
EX_ala__L_e_b					1.0	0.0	1.0	0.0	0.0	1.0	0.0
EX_ribflv_e					1.0	0.0	1.0	0.0	0.0	1.0	0.0
EX_asn__L_e					1.0	0.0	1.0	0.0	0.0	1.0	0.0
EX_fol_e_r					1.0	0.0	1.0	0.0	0.0	1.0	0.0
EX_urea_e					1.0	0.0	1.0	0.0	0.0	1.0	0.0
EX_pyr_e					1.0	0.0	1.0	0.0	0.0	1.0	0.0
PYRt2	8.74971172974493	0.9995298425464704	8.74971172974493	0.0004701574535297	80.23409666666667	6.962421034699228	27.606306666666665	4.886757319588885	1.0	2.906368375728638	1.5392175729484454
EX_gudac_e					1.0	0.0	1.0	0.0	0.0	1.0	0.0
EX_hdca_e_f					1.0	0.0	1.0	0.0	0.0	1.0	0.0
EX_hdca_e_b					1.0	0.0	1.0	0.0	0.0	1.0	0.0
EX_ptrcIN_e					1.0	0.0	1.0	0.0	0.0	1.0	0.0
EX_ptrcOUT_e					1.0	0.0	1.0	0.0	0.0	1.0	0.0
EX_biomassx					1.0	0.0	1.0	0.0	0.0	1.0	0.0
EX_h2o2_e					1.0	0.0	1.0	0.0	0.0	1.0	0.0
EX_gthox_e					1.0	0.0	1.0	0.0	0.0	1.0	0.0
EX_2obut_e					1.0	0.0	1.0	0.0	0.0	1.0	0.0
EX_crn_e					1.0	0.0	1.0	0.0	0.0	1.0	0.0
EX_val__L_e_r					1.0	0.0	1.0	0.0	0.0	1.0	0.0
EX_spmd_e					1.0	0.0	1.0	0.0	0.0	1.0	0.0
EX_sprm_e					1.0	0.0	1.0	0.0	0.0	1.0	0.0
EX_5mthf_e					1.0	0.0	1.0	0.0	0.0	1.0	0.0
EX_tmlys_e_r					1.0	0.0	1.0	0.0	0.0	1.0	0.0
EX_thbpt_e_r					1.0	0.0	1.0	0.0	0.0	1.0	0.0
EX_CE2705_e					1.0	0.0	1.0	0.0	0.0	1.0	0.0
EX_crtn_e					1.0	0.0	1.0	0.0	0.0	1.0	0.0
EX_his__L_e_r					1.0	0.0	1.0	0.0	0.0	1.0	0.0
EX_lys__L_e_r					1.0	0.0	1.0	0.0	0.0	1.0	0.0
EX_carn_e_r					1.0	0.0	1.0	0.0	0.0	1.0	0.0
EX_csn_e_r					1.0	0.0	1.0	0.0	0.0	1.0	0.0
EX_cys__L_e					1.0	0.0	1.0	0.0	0.0	1.0	0.0
EX_cyan_e_r					1.0	0.0	1.0	0.0	0.0	1.0	0.0
EX_tcyntc					1.0	0.0	1.0	0.0	0.0	1.0	0.0
EX_tcynt_e					1.0	0.0	1.0	0.0	0.0	1.0	0.0
EX_so3_e					1.0	0.0	1.0	0.0	0.0	1.0	0.0
EX_thr__L_e_r					1.0	0.0	1.0	0.0	0.0	1.0	0.0
EX_trp__L_e_r					1.0	0.0	1.0	0.0	0.0	1.0	0.0
EX_anth_e					1.0	0.0	1.0	0.0	0.0	1.0	0.0
EX_tyr__L_e_r					1.0	0.0	1.0	0.0	0.0	1.0	0.0
EX_cystinex_r					1.0	0.0	1.0	0.0	0.0	1.0	0.0
EX_3hydroxybutanoatex_r					1.0	0.0	1.0	0.0	0.0	1.0	0.0
EX_gthrd_e_r					1.0	0.0	1.0	0.0	0.0	1.0	0.0
EX_cmp_e_r					1.0	0.0	1.0	0.0	0.0	1.0	0.0
HEX1	0.3215135675933961	0.6180396474442992	0.3215135675933961	0.3819603525557007	40.0418	1.3325147843832723	38.49801333333334	6.658494937408069	0.0	1.040100424229683	0.05672283081212791
G6PP	0.7124108108852254	0.742219336863167	0.7124108108852254	0.257780663136833	113.46303666666668	10.331001906657244	106.44671666666666	9.341528967752312	0.0	1.065913916555748	0.0920909304302192
PGI	-4.114451261854971	0.00733935897935	-4.114451261854971	0.99266064102065	94.11592	4.307810102623681	121.91485	8.528832996305333	-1.0	0.7719807718255816	-0.3733631809916089
PFK	4.0179479329034775	0.9920542803840106	4.0179479329034775	0.0079457196159894	156.09096	10.690021792918223	102.86153	15.386289425649926	1.0	1.5174862749951317	0.6016834679893559
FBP	-68.79469562392183	1.337488096199061e-07	-68.79469562392183	0.9999998662511904	0.0745733333333333	0.0036654179691938	24.318766666666665	0.4983747574087415	-1.0	0.003066493229508622	-8.349194518997397
FBA	8.904611694268198	0.9995604568069624	8.904611694268198	0.0004395431930376	169.46344	16.50260957110319	54.10784666666666	7.956549495789966	1.0	3.1319568313998083	1.647064327713685
TPI	5.67238562425954	0.9976174834649784	5.67238562425954	0.0023825165350215	3670.557823333333	100.62031805652714	2702.4192433333333	219.39909742957605	1.0	1.3582488477272079	0.44174782309688804
GAPD	2.4634143548460177	0.9652819249114684	2.4634143548460177	0.0347180750885316	8344.776986666666	209.53649821595928	6999.98559	743.04780657302	1.0	1.1921134521459302	0.2535215420581202
PGK	2.536020940370255	0.9678740097860878	2.536020940370255	0.0321259902139122	48.41243666666667	1.7297005178610796	36.457006666666665	6.438663859038527	1.0	1.327932298702161	0.40918159637128254
DPGM	8.359573526499839	0.9994401788070156	8.359573526499839	0.0005598211929844	754.9779199999999	16.78251461983173	379.7051100000001	61.22760480567079	1.0	1.9883269940717936	0.9915550375501776
DPGase	8.359573526499839	0.9994401788070156	8.359573526499839	0.0005598211929844	754.9779199999999	16.78251461983173	379.7051100000001	61.22760480567079	1.0	1.9883269940717936	0.9915550375501776
PGM_f	8.359573526499839	0.9994401788070156	8.359573526499839	0.0005598211929844	754.9779199999999	16.78251461983173	379.7051100000001	61.22760480567079	1.0	1.9883269940717936	0.9915550375501776
PGM_b	8.359573526499839	0.9994401788070156	8.359573526499839	0.0005598211929844	754.9779199999999	16.78251461983173	379.7051100000001	61.22760480567079	1.0	1.9883269940717936	0.9915550375501776
ENO_f	18.259702486258973	0.99997354472502	18.259702486258973	2.645527497999601e-05	2252.304346666667	13.76976880190876	897.8529233333333	103.99457699485302	1.0	2.508544872031881	1.3268507447910165
ENO_b	18.259702486258973	0.99997354472502	18.259702486258973	2.645527497999601e-05	2252.304346666667	13.76976880190876	897.8529233333333	103.99457699485302	1.0	2.508544872031881	1.3268507447910165
PYK	11.734007357960598	0.9998491327441388	11.734007357960598	0.0001508672558613	1101.9377	40.29878932692891	414.46955333333335	72.39501120227476	1.0	2.6586698374772455	1.4107046296180006
LDH_L	3.820056285300413	0.9906113064521646	3.820056285300413	0.0093886935478355	1837.556196666667	137.4377232573135	1183.482623333333	199.3591809019011	1.0	1.5526685060158345	0.6347498478991243
r0407	8.904611694268198	0.9995604568069624	8.904611694268198	0.0004395431930376	169.46344	16.50260957110319	54.10784666666666	7.956549495789966	1.0	3.1319568313998083	1.647064327713685
PRPPS	4.4887530884704745	0.9945418753292284	4.4887530884704745	0.0054581246707715	77.03104666666665	4.381306490453379	55.92808666666667	5.000853368805058	1.0	1.3773231171982399	0.46186705249771814
G6PDH2r	-18.18584327211451	2.6883352109271383e-05	-18.18584327211451	0.9999731166478908	88.86101333333333	8.936052252758051	354.4349399999999	18.61885185240128	-1.0	0.2507117761396022	-1.9958983325440058
PGL	-0.7911686707777834	0.2365574028195756	-0.7911686707777834	0.7634425971804244	55.62760333333333	5.868916295020365	61.38547	8.454872115638414	0.0	0.9062014729761512	-0.1420962590198811
GND	-0.4456211287783823	0.339463239745927	-0.4456211287783823	0.6605367602540729	88.99552666666666	2.040329052911698	91.65727333333332	8.197151052417883	0.0	0.9709597878066197	-0.0425165470629532
RPI	-6.576465066170693	0.001383586842672	-6.576465066170693	0.998616413157328	6.88737	0.3399224265426842	10.351593333333332	0.6628773727889303	-1.0	0.6653439502711016	-0.5878277586813637
TKT2_f	2.262376226146625	0.956773510572212	2.262376226146625	0.0432264894277879	191.07192666666663	11.511794779489817	172.14502666666667	2.7306463386816606	1.0	1.1099474110085625	0.15049132371549806
TKT2_b	2.262376226146625	0.956773510572212	2.262376226146625	0.0432264894277879	191.07192666666663	11.511794779489817	172.14502666666667	2.7306463386816606	1.0	1.1099474110085625	0.15049132371549806
RPE_f	-1.6466190541369552	0.0874908669796519	-1.6466190541369552	0.912509133020348	49.20446666666667	1.2338790952475391	56.62091333333333	6.249031038538872	0.0	0.8690157712044444	-0.20254573507211213
RPE_b	-1.6466190541369552	0.0874908669796519	-1.6466190541369552	0.912509133020348	49.20446666666667	1.2338790952475391	56.62091333333333	6.249031038538872	0.0	0.8690157712044444	-0.20254573507211213
TKT1_f	2.262376226146625	0.956773510572212	2.262376226146625	0.0432264894277879	191.07192666666663	11.511794779489817	172.14502666666667	2.7306463386816606	1.0	1.1099474110085625	0.15049132371549806
TKT1_b	2.262376226146625	0.956773510572212	2.262376226146625	0.0432264894277879	191.07192666666663	11.511794779489817	172.14502666666667	2.7306463386816606	1.0	1.1099474110085625	0.15049132371549806
TALA_f	-3.3764508068753263	0.0139383983497866	-3.3764508068753263	0.9860616016502134	104.86126	3.1529608321808653	133.61495333333335	11.623326471753058	-1.0	0.7848018308130481	-0.3495996877570399
TALA_b	-3.3764508068753263	0.0139383983497866	-3.3764508068753263	0.9860616016502134	104.86126	3.1529608321808653	133.61495333333335	11.623326471753058	-1.0	0.7848018308130481	-0.3495996877570399
r0408	4.0179479329034775	0.9920542803840106	4.0179479329034775	0.0079457196159894	156.09096	10.690021792918223	102.86153	15.386289425649926	1.0	1.5174862749951317	0.6016834679893559
PDHm	2.574243002442045	0.9691492749094324	2.574243002442045	0.0308507250905675	5.373006666666666	0.3298058743496778	4.575843333333333	0.2881282725145557	1.0	1.1742112382926861	0.231691969796754
PCm	-3.1946261062782417	0.0165349346410166	-3.1946261062782417	0.9834650653589834	3.8951533333333335	0.6410881670687392	7.217916666666666	1.3238823943823548	-1.0	0.5396506378802749	-0.8899023655946886
PEPCK_re					0.0	0.0	0.0	0.0	0.0		
CSm	0.6137961831246014	0.7137304060169432	0.6137961831246014	0.2862695939830568	106.06224333333334	1.9464970152273235	98.48205	17.35629268613164	0.0	1.076970304063871	0.10697847015097953
ACONTm_f	19.281599460070392	0.999978679310976	19.281599460070392	2.1320689023876084e-05	65.98984333333334	0.5796224992949148	13.00613	3.84263400397002	1.0	5.073749326919947	2.3430522435360617
ACONTm_b	19.281599460070392	0.999978679310976	19.281599460070392	2.1320689023876084e-05	65.98984333333334	0.5796224992949148	13.00613	3.84263400397002	1.0	5.073749326919947	2.3430522435360617
ICDHxm	6.49142679402274	0.9985479030409712	6.49142679402274	0.0014520969590288	14.430926666666666	0.6962538997776282	7.210633333333334	1.4105213105404997	1.0	2.0013396881457477	1.0009660572043675
ICDHym_f	-35.65489573448967	1.8465901622934064e-06	-35.65489573448967	0.9999981534098378	10.574246666666667	0.8829725191017497	127.27230000000002	4.543705884348887	-1.0	0.083083645590334	-3.5892916688292225
ICDHym_b	-35.65489573448967	1.8465901622934064e-06	-35.65489573448967	0.9999981534098378	10.574246666666667	0.8829725191017497	127.27230000000002	4.543705884348887	-1.0	0.083083645590334	-3.5892916688292225
AKGDm	12.0098325604012	0.9998622276303308	12.0098325604012	0.0001377723696692	25.699816666666663	1.9422091556495376	6.173923333333332	1.230626432251297	1.0	4.162639423769975	2.0574985947335427
SUCOAS1m_f	2.9748305255563565	0.9795260652601452	2.9748305255563565	0.0204739347398547	2.8123066666666667	0.1605527772693106	2.143963333333333	0.2741759407549992	1.0	1.3117326322433998	0.39147368836669855
SUCOAS1m_b	2.9748305255563565	0.9795260652601452	2.9748305255563565	0.0204739347398547	2.8123066666666667	0.1605527772693106	2.143963333333333	0.2741759407549992	1.0	1.3117326322433998	0.39147368836669855
SUCD1m	-0.0557693468983839	0.4791000350259713	-0.0557693468983839	0.5208999649740288	17.728076666666666	0.9686992754662762	17.871723333333332	3.51146278110546	0.0	0.9919623494619154	-0.011642731609293988
FUMm_f	7.6964657233726115	0.9992333569099244	7.6964657233726115	0.0007666430900754	72.1151	6.163255469219713	36.53460666666666	2.181260373535346	1.0	1.9738846693482035	0.9810376980920993
FUMm_b	7.6964657233726115	0.9992333569099244	7.6964657233726115	0.0007666430900754	72.1151	6.163255469219713	36.53460666666666	2.181260373535346	1.0	1.9738846693482035	0.9810376980920993
MDHm_f	0.2426412883627111	0.5898914122555122	0.2426412883627111	0.4101085877444878	222.46744666666663	7.540536020577204	217.65714333333327	27.00336811073554	0.0	1.022100369689988	0.03153687508569912
MDHm_b	0.2426412883627111	0.5898914122555122	0.2426412883627111	0.4101085877444878	222.46744666666663	7.540536020577204	217.65714333333327	27.00336811073554	0.0	1.022100369689988	0.03153687508569912
ME1m	10.659115059146451	0.9997806316938008	10.659115059146451	0.0002193683061991	7.648283333333333	0.5268092136838743	3.153513333333333	0.2794736744111847	1.0	2.425321387574071	1.2781759363872274
ME2m	29.161028497405407	0.999995883645309	29.161028497405407	4.1163546909993e-06	2.3717200000000003	0.1043767525202171	0.1480233333333333	0.02711785922393	1.0	16.022609048123048	4.002037183602196
ME2	-4.171187912205987	0.0070088611761725	-4.171187912205987	0.9929911388238274	2.48081	0.1635912377441611	3.268826666666667	0.2112313594668702	-1.0	0.7589298096768666	-0.39796163205778046
ACITL	11.91076300203542	0.9998576934017144	11.91076300203542	0.0001423065982857	81.53460666666668	1.8704413400288404	31.939173333333333	5.583714306100874	1.0	2.552808922627094	1.3520855562742704
FUM_f	7.6964657233726115	0.9992333569099244	7.6964657233726115	0.0007666430900754	72.1151	6.163255469219713	36.53460666666666	2.181260373535346	1.0	1.9738846693482035	0.9810376980920993
FUM_b	7.6964657233726115	0.9992333569099244	7.6964657233726115	0.0007666430900754	72.1151	6.163255469219713	36.53460666666666	2.181260373535346	1.0	1.9738846693482035	0.9810376980920993
MDH_f	9.56508925915762	0.9996662940004292	9.56508925915762	0.0003337059995709	160.53465	8.207255914408917	95.97335	4.874149574089824	1.0	1.6727002860689972	0.74217896687184
MDH_b	9.56508925915762	0.9996662940004292	9.56508925915762	0.0003337059995709	160.53465	8.207255914408917	95.97335	4.874149574089824	1.0	1.6727002860689972	0.74217896687184
AKGMALtm_f	2.6819296706113827	0.9724410202634924	2.6819296706113827	0.0275589797365075	325.5234533333333	15.533101853491951	262.0721833333333	29.6344650997813	1.0	1.2421137153625168	0.3127972581636006
AKGMALtm_b	2.6819296706113827	0.9724410202634924	2.6819296706113827	0.0275589797365075	325.5234533333333	15.533101853491951	262.0721833333333	29.6344650997813	1.0	1.2421137153625168	0.3127972581636006
ACONT	43.7894608952383	0.99999918691781	43.7894608952383	8.130821899098082e-07	44.756953333333335	1.3004702743580463	2.8454833333333336	0.3753775825603986	1.0	15.729121590356646	3.975366199040714
ICDHyr	16.44460623313745	0.9999599690375408	16.44460623313745	4.003096245907717e-05	57.336270000000006	3.012099700651801	21.745516666666663	0.5435828011955088	1.0	2.6366938472374772	1.3987300661915505
PPA	-3.281021871338556	0.0152357251085581	-3.281021871338556	0.9847642748914418	73.35074666666667	5.916106464358311	91.28341333333331	4.974401956713546	-1.0	0.8035495605189173	-0.3155410871539551
Complex1ROS	-8.261530039847194	0.0005856075122037	-8.261530039847194	0.9994143924877964	0.1228366666666666	0.0164674412773272	0.5608066666666667	0.0731410857331378	-1.0	0.2190356748017735	-2.1907622311429393
FADH2ETC	-1.9330440690236017	0.0626878719441095	-1.9330440690236017	0.9373121280558904	5.818826666666666	0.2608030220087353	6.330836666666666	0.268880174592492	0.0	0.919124433789952	-0.12166790382010505
CYOR_u10mi	1.99600477738232	0.9416762274652296	1.99600477738232	0.0583237725347703	13.46113	0.7186719969499296	10.808703333333334	1.736459134221771	0.0	1.245397304826265	0.31660606218394216
CYOOm2i	-3.14604628131116	0.0173227556587586	-3.14604628131116	0.9826772443412414	50.47136666666666	6.541386639902038	79.87480333333333	11.485272880999483	-1.0	0.6318809506927946	-0.662275321332347
ATPS4mi	-2.172681485276793	0.0477615371267767	-2.172681485276793	0.9522384628732232	8.625486666666667	0.8875404604611304	19.04692	6.725070075411853	-1.0	0.45285466976638045	-1.1428799603928101
GLUCYS	-0.9484614189347268	0.1983008307532828	-0.9484614189347268	0.8016991692467171	3.69043	0.1004234657172649	3.833243333333333	0.1877764582925369	0.0	0.9627434731076296	-0.05477665754250877
GTHS	13.110946816941372	0.9999022927450468	13.110946816941372	9.7707254953195e-05	60.96936	1.7817953241791464	33.428149999999995	2.377072511991729	1.0	1.823892737109293	0.867020887292814
SPODMm	10.885530960434552	0.9997978491667244	10.885530960434552	0.0002021508332755	9.70935	0.7517371562365849	3.46724	0.3042028732058042	1.0	2.8003109101187116	1.4855870141648881
GTHPi	11.354476775238496	0.9998284768964736	11.354476775238496	0.0001715231035264	2907.518063333333	146.14164479495557	1638.2625133333331	60.284405349873154	1.0	1.774757122054558	0.8276216033313392
GTHPm	14.25592788949813	0.9999296886159638	14.25592788949813	7.031138403621263e-05	2711.92939	144.87090714818447	1127.7504700000002	60.906538670261526	1.0	2.404724681693105	1.2658717284680807
GDR	-3.816423994989	0.0094179895742274	-3.816423994989	0.9905820104257724	14.768046666666663	0.2850675674681745	20.04368333333333	1.934043384076192	-1.0	0.7367930545034553	-0.44066863318755195
GTHOr	-3.816423994989	0.0094179895742274	-3.816423994989	0.9905820104257724	14.768046666666663	0.2850675674681745	20.04368333333333	1.934043384076192	-1.0	0.7367930545034553	-0.44066863318755195
GDRm	-3.816423994989	0.0094179895742274	-3.816423994989	0.9905820104257724	14.768046666666663	0.2850675674681745	20.04368333333333	1.934043384076192	-1.0	0.7367930545034553	-0.44066863318755195
GTHOm	-3.816423994989	0.0094179895742274	-3.816423994989	0.9905820104257724	14.768046666666663	0.2850675674681745	20.04368333333333	1.934043384076192	-1.0	0.7367930545034553	-0.44066863318755195
r0885	-5.71906102228616	0.0023126427952272	-5.71906102228616	0.9976873572047728	5.3291466666666665	0.9091065387266528	27.635996666666667	5.440622919913574	-1.0	0.19283352545393995	-2.3745721989137394
PYRt2m_f	-6.8963165985416826	0.0011590470573923	-6.8963165985416826	0.9988409529426076	24.716346666666663	1.6693786756421958	51.494773333333335	5.231502543249141	-1.0	0.4799777737960719	-1.05896049400482
PYRt2m_b	-6.8963165985416826	0.0011590470573923	-6.8963165985416826	0.9988409529426076	24.716346666666663	1.6693786756421958	51.494773333333335	5.231502543249141	-1.0	0.4799777737960719	-1.05896049400482
HMR_4964	-5.714874455649173	0.0023188067018661	-5.714874455649173	0.997681193298134	402.95074666666665	57.59863960612978	714.17486	51.126088242319085	-1.0	0.5642186098047006	-0.8256738433024529
r2420	6.4165643411293605	0.9984841051026928	6.4165643411293605	0.0015158948973071	608.3372266666667	29.322900430087444	473.75505	4.472133643650053	1.0	1.2840754450357135	0.36072996957959746
ATPtm	-14.18868349091694	7.163188242247109e-05	-14.18868349091694	0.9999283681175776	2037.45604	84.00655647838722	4005.800523333333	177.29327991303137	-1.0	0.5086264351237787	-0.9753216489213082
FUMtm_f	-5.71906102228616	0.0023126427952272	-5.71906102228616	0.9976873572047728	5.3291466666666665	0.9091065387266528	27.635996666666667	5.440622919913574	-1.0	0.19283352545393995	-2.3745721989137394
FUMtm_b	-5.71906102228616	0.0023126427952272	-5.71906102228616	0.9976873572047728	5.3291466666666665	0.9091065387266528	27.635996666666667	5.440622919913574	-1.0	0.19283352545393995	-2.3745721989137394
CO2tm_f					1.0	0.0	1.0	0.0	0.0	1.0	0.0
CO2tm_b					1.0	0.0	1.0	0.0	0.0	1.0	0.0
O2tm					1.0	0.0	1.0	0.0	0.0	1.0	0.0
r0801_f	-2.01466185716945	0.0570951612070105	-2.01466185716945	0.9429048387929896	12.280316666666666	1.5356340397879815	20.19509333333333	5.339422960722336	0.0	0.6080841749018905	-0.7176570503172268
r0801_b	-2.01466185716945	0.0570951612070105	-2.01466185716945	0.9429048387929896	12.280316666666666	1.5356340397879815	20.19509333333333	5.339422960722336	0.0	0.6080841749018905	-0.7176570503172268
THD1m	12.233328200882308	0.999871814260609	12.233328200882308	0.0001281857393909	10.755340000000002	0.0662323365132169	4.05622	0.7716032413531368	1.0	2.651567222685161	1.4068453242301815
H2Otm_f	-2.4141108430462617	0.0366140726520268	-2.4141108430462617	0.9633859273479732	0.0	0.0	0.11733	0.0687332471709773	-1.0	0.0	
H2Otm_b	-2.4141108430462617	0.0366140726520268	-2.4141108430462617	0.9633859273479732	0.0	0.0	0.11733	0.0687332471709773	-1.0	0.0	
NH4tm_f					1.0	0.0	1.0	0.0	0.0	1.0	0.0
NH4tm_b					1.0	0.0	1.0	0.0	0.0	1.0	0.0
HCO3E	-2.820139254397591	0.0239106801465195	-2.820139254397591	0.9760893198534804	28.90016	1.380277331770684	34.93922	2.695563823037152	-1.0	0.827155271354083	-0.27376992125138117
HCO3Em	2.8486115083342125	0.976769507897248	2.8486115083342125	0.0232304921027517	0.4007466666666666	0.0064961338929824	0.3426333333333333	0.0281099227241121	1.0	1.1696079385154197	0.22602500848400772
GLUN	5.49234274726386	0.997322510023833	5.49234274726386	0.002677489976167	13.581233333333332	1.1363552742674958	6.406666666666666	1.4565230277692909	1.0	2.1198595213319456	1.0839686635654588
GLNS	-8.427657600062078	0.0005427385080852	-8.427657600062078	0.9994572614919148	20.995986666666667	2.0277228584849123	96.15372333333332	12.447863522694254	-1.0	0.21835854024997545	-2.1952291372276753
GLUt2m	1.4046423701921646	0.8835903372851127	1.4046423701921646	0.1164096627148873	70.2238	10.034212023595408	59.86750666666666	2.834433895346458	0.0	1.172986882366684	0.23018687964915677
GLNtm_1					1.0	0.0	1.0	0.0	0.0	1.0	0.0
GLUNm	5.390407705845119	0.9971356465662716	5.390407705845119	0.0028643534337284	13.622233333333334	1.110547878491613	6.546756666666667	1.4874635212408478	1.0	2.0807606005416424	1.057110987043805
GLUPRT	-1.0523602227966196	0.1760028005963678	-1.0523602227966196	0.8239971994036321	10.640123333333332	0.6249839960795438	11.912493333333332	1.5915597892284437	0.0	0.8931902865003352	-0.16296053303955466
PRAGSr	4.271688200502558	0.9935336171544674	4.271688200502558	0.0064663828455326	63.069903333333336	3.677447610905631	40.22538333333333	6.608800264124262	1.0	1.567913046612773	0.6488455526297761
GARFT	4.271688200502558	0.9935336171544674	4.271688200502558	0.0064663828455326	63.069903333333336	3.677447610905631	40.22538333333333	6.608800264124262	1.0	1.567913046612773	0.6488455526297761
PRFGS	8.894153558213254	0.9995584691529212	8.894153558213254	0.0004415308470786	54.22656333333333	3.434239320968895	24.302983333333334	3.293100489531948	1.0	2.2312718808870513	1.1578663169478802
PRAIS	4.271688200502558	0.9935336171544674	4.271688200502558	0.0064663828455326	63.069903333333336	3.677447610905631	40.22538333333333	6.608800264124262	1.0	1.567913046612773	0.6488455526297761
AIRCr	1.1093369124748216	0.8352576610178323	1.1093369124748216	0.1647423389821677	182.07197	13.046810792856611	171.01986666666667	5.319356276808519	0.0	1.0646246751839357	0.09034490961852316
PRASCSi	1.1093369124748216	0.8352576610178323	1.1093369124748216	0.1647423389821677	182.07197	13.046810792856611	171.01986666666667	5.319356276808519	0.0	1.0646246751839357	0.09034490961852316
ADSL2r	10.4877648846891	0.999766377301931	10.4877648846891	0.000233622698069	2.356813333333333	0.0679939704843173	1.77016	0.0404314168273468	1.0	1.3314126030038715	0.4129577298244262
AICART	1.7468284370907408	0.9222042129605856	1.7468284370907408	0.0777957870394143	86.24381	6.200536384561154	75.56781	6.021446982561582	0.0	1.1412770861031967	0.19064910031731344
IMPC	1.7468284370907408	0.9222042129605856	1.7468284370907408	0.0777957870394143	86.24381	6.200536384561154	75.56781	6.021446982561582	0.0	1.1412770861031967	0.19064910031731344
ADSS	2.069422412690353	0.9463498281002214	2.069422412690353	0.0536501718997786	19.08019333333333	2.3486708343988	15.598926666666664	0.3789631215420423	0.0	1.223173474756169	0.290629026451103
ADSL1r	10.4877648846891	0.999766377301931	10.4877648846891	0.000233622698069	2.356813333333333	0.0679939704843173	1.77016	0.0404314168273468	1.0	1.3314126030038715	0.4129577298244262
IMPDH2	5.862142258356303	0.9978864455987164	5.862142258356303	0.0021135544012836	742.3202666666666	26.97128678948455	508.74898666666667	49.47363581541544	1.0	1.459109081534223	0.5450877417245259
GMPS	-4.017331054664145	0.0079497855011445	-4.017331054664145	0.9920502144988554	25.76496	3.2491621458257	37.29918333333334	2.435068609934615	-1.0	0.6907647218370732	-0.5337336902636256
GMPS2	-4.017331054664145	0.0079497855011445	-4.017331054664145	0.9920502144988554	25.76496	3.2491621458257	37.29918333333334	2.435068609934615	-1.0	0.6907647218370732	-0.5337336902636256
GK1	-3.983503466265365	0.0081766256357823	-3.983503466265365	0.9918233743642176	104.59088333333334	10.413086198728768	136.10994333333332	4.096300944676262	-1.0	0.7684294091372165	-0.38001536036530725
RNDR2	3.4482957900860143	0.9869524701950309	3.4482957900860143	0.0130475298049691	69.81535	6.491712159422965	41.32658666666666	9.714362368364116	1.0	1.6893567950123474	0.7564740599530617
ADK1	2.911086185099209	0.9781846522095852	2.911086185099209	0.0218153477904146	36.605426666666666	1.0328124151827152	34.06773333333334	0.6731563577819206	1.0	1.0744896441598697	0.103651578260162
RNDR1	3.4482957900860143	0.9869524701950309	3.4482957900860143	0.0130475298049691	69.81535	6.491712159422965	41.32658666666666	9.714362368364116	1.0	1.6893567950123474	0.7564740599530617
CBPS	3.4488070238158777	0.9869585630345152	3.4488070238158777	0.0130414369654846	75.18029	6.858381839418589	45.29455000000001	10.156052952740382	1.0	1.6598087407866948	0.7310170098760935
ASPCT	3.4488070238158777	0.9869585630345152	3.4488070238158777	0.0130414369654846	75.18029	6.858381839418589	45.29455000000001	10.156052952740382	1.0	1.6598087407866948	0.7310170098760935
DHORTS	3.4488070238158777	0.9869585630345152	3.4488070238158777	0.0130414369654846	75.18029	6.858381839418589	45.29455000000001	10.156052952740382	1.0	1.6598087407866948	0.7310170098760935
DHORD9	-15.798855193326464	4.6892929091715005e-05	-15.798855193326464	0.9999531070709085	9.305356666666666	0.4618397535461364	20.57174	0.8965304942945334	-1.0	0.45233687897410074	-1.144530471360917
ORPT	-4.037286671079727	0.0078195156845167	-4.037286671079727	0.9921804843154832	30.3569	2.907279870979055	53.247816666666665	7.472798802342324	-1.0	0.5701060043463441	-0.8106978988977458
OMPDC	-4.037286671079727	0.0078195156845167	-4.037286671079727	0.9921804843154832	30.3569	2.907279870979055	53.247816666666665	7.472798802342324	-1.0	0.5701060043463441	-0.8106978988977458
UMPK	3.4147329607177546	0.9865449738983308	3.4147329607177546	0.0134550261016691	38.21960666666667	2.4273056710178795	24.65074333333333	5.068289210751713	1.0	1.5504443882219647	0.632681779884595
RNDR4	3.4482957900860143	0.9869524701950309	3.4482957900860143	0.0130475298049691	69.81535	6.491712159422965	41.32658666666666	9.714362368364116	1.0	1.6893567950123474	0.7564740599530617
TMDS	1.7960098638745976	0.9265404796052602	1.7960098638745976	0.0734595203947398	35.41048333333333	3.5741630029638465	28.423806666666668	4.182257383442051	0.0	1.2458036936643015	0.3170767549677552
URIDK2r	10.602022341519476	0.9997760054512684	10.602022341519476	0.0002239945487316	119.62205	5.912820178854303	65.30329666666667	4.187802908457951	1.0	1.831791901878971	0.8732556174197174
NDPK2	-4.218577588977524	0.0067464854831947	-4.218577588977524	0.9932535145168052	143.22001333333336	15.802079192891744	340.2984633333333	64.14992826657999	-1.0	0.42086588323216945	-1.2485675300567602
NDPK3_f	-4.218577588977524	0.0067464854831947	-4.218577588977524	0.9932535145168052	143.22001333333336	15.802079192891744	340.2984633333333	64.14992826657999	-1.0	0.42086588323216945	-1.2485675300567602
NDPK3_b	-4.218577588977524	0.0067464854831947	-4.218577588977524	0.9932535145168052	143.22001333333336	15.802079192891744	340.2984633333333	64.14992826657999	-1.0	0.42086588323216945	-1.2485675300567602
CYTK1_r	3.4147329607177546	0.9865449738983308	3.4147329607177546	0.0134550261016691	38.21960666666667	2.4273056710178795	24.65074333333333	5.068289210751713	1.0	1.5504443882219647	0.632681779884595
CTPS1	0.4534409808439694	0.663129259221352	0.4534409808439694	0.336870740778648	30.108923333333333	1.929122567495965	28.54911	4.465979033590135	0.0	1.0546361456918738	0.07674534836630312
RNDR3	3.4482957900860143	0.9869524701950309	3.4482957900860143	0.0130475298049691	69.81535	6.491712159422965	41.32658666666666	9.714362368364116	1.0	1.6893567950123474	0.7564740599530617
GDHm	5.1856567302640935	0.9967096689405104	5.1856567302640935	0.0032903310594896	95.15072666666669	6.645658467633004	69.22726	2.411772615498126	1.0	1.3744690554944206	0.4588744266855076
GLUDym_f	5.1856567302640935	0.9967096689405104	5.1856567302640935	0.0032903310594896	95.15072666666669	6.645658467633004	69.22726	2.411772615498126	1.0	1.3744690554944206	0.4588744266855076
GLUDym_b	5.1856567302640935	0.9967096689405104	5.1856567302640935	0.0032903310594896	95.15072666666669	6.645658467633004	69.22726	2.411772615498126	1.0	1.3744690554944206	0.4588744266855076
ASPTA_f	2.0305881579503824	0.943931190619502	2.0305881579503824	0.0560688093804979	32.36110333333333	1.2096403125539248	30.23361333333333	0.8556922345615211	0.0	1.0703683670404818	0.09810738526598613
ASPTA_b	2.0305881579503824	0.943931190619502	2.0305881579503824	0.0560688093804979	32.36110333333333	1.2096403125539248	30.23361333333333	0.8556922345615211	0.0	1.0703683670404818	0.09810738526598613
ASPTAm	6.159479124663494	0.9982370507090086	6.159479124663494	0.0017629492909914	111.07462	4.859643613867172	76.58952666666666	6.250984815559507	1.0	1.450258603678536	0.5363101781568033
ASPGLUm	3.6387766358765488	0.9890057856960952	3.6387766358765488	0.0109942143039046	7.967276666666667	0.3238969369345065	6.065416666666667	0.6644151524126731	1.0	1.3135580133269218	0.3934799185460179
ASPT	7.6964657233726115	0.9992333569099244	7.6964657233726115	0.0007666430900754	72.1151	6.163255469219713	36.53460666666666	2.181260373535346	1.0	1.9738846693482035	0.9810376980920993
CBPSam	8.127344554747673	0.9993766703608404	8.127344554747673	0.0006233296391597	1.3262266666666669	0.0793371751170632	0.6597066666666667	0.0845975796869443	1.0	2.010327822466551	1.007430779654495
OCBTm					0.0	0.0	0.0	0.0	0.0		
ORNt4m	0.3958172126063421	0.643777896888234	0.3958172126063421	0.3562221031117659	11.15072	0.6403719152700768	10.396736666666667	2.616685113934974	0.0	1.0725211532721324	0.10100610219554573
ARGSS	-12.428132589770634	0.000120498505265	-12.428132589770634	0.9998795014947348	4.719919999999999	0.600669458021631	116.34619	12.687889685239227	-1.0	0.040567894831794654	-4.62351775029513
ARGSL	0.9821856109517216	0.8091912938857326	0.9821856109517216	0.1908087061142674	8.504593333333334	0.4210973937490261	6.6327533333333335	2.662095376507428	0.0	1.2822116104624224	0.358634377535091
ARGN	-1.3900319385219726	0.1184377687808066	-1.3900319385219726	0.8815622312191933	0.1042866666666666	0.0609046694068324	0.2460233333333333	0.1307094034702766	0.0	0.42388933299009557	-1.2382404328961485
ORNDC	2.8383577580361345	0.976527174163969	2.8383577580361345	0.023472825836031	275.23858	27.318800694504635	184.5859533333333	35.969527020425986	1.0	1.491113354129186	0.576389935169255
SPMS	-5.706130418069546	0.0023317456725988	-5.706130418069546	0.9976682543274012	230.19415	16.648362521679623	351.1940233333333	24.943066297814223	-1.0	0.6554614677525787	-0.60941712285561
SPRMS	-5.4233339096815625	0.0028022989221784	-5.4233339096815625	0.9971977010778216	273.87308	15.598261512534012	393.1726566666666	26.91599574169523	-1.0	0.6965720412042558	-0.5216555272533612
ADMDC	1.7973180130049002	0.926652241303477	1.7973180130049002	0.073347758696523	90.99706	6.128582042941635	68.73440333333333	16.410244625640278	0.0	1.3238939393814482	0.40478754868788264
MTAP	-3.610569499737727	0.0112725969055557	-3.610569499737727	0.9887274030944442	0.00745	0.0030824124751023	0.03868	0.0118376546100427	-1.0	0.19260599793174768	-2.376275464127317
ADPT	-8.622022306633708	0.0004974023008319	-8.622022306633708	0.999502597699168	483.67488333333336	19.644060473768896	1447.1697133333334	156.8100696795569	-1.0	0.33422125883166975	-1.5811245929796147
MTRI					1.0	0.0	1.0	0.0	0.0	1.0	0.0
MDRPD	0.8475985792857015	0.7777999955230104	0.8475985792857015	0.2222000044769896	0.3904	0.146289344109542	0.2900233333333333	0.0815369856091223	0.0	1.3460985897686395	0.42878407841884464
DKMPPD					1.0	0.0	1.0	0.0	0.0	1.0	0.0
SPMDtex2					1.0	0.0	1.0	0.0	0.0	1.0	0.0
SPRMti					1.0	0.0	1.0	0.0	0.0	1.0	0.0
GLYAMDTRc	-0.7406401184007525	0.2500154918327723	-0.7406401184007525	0.7499845081672276	0.0719566666666666	0.0322193133936084	0.0890466666666666	0.0051762298592272	0.0	0.8080781612637568	-0.30743325065540594
ARGDr					1.0	0.0	1.0	0.0	0.0	1.0	0.0
r0074_f	-16.741522195690706	3.729764440817757e-05	-16.741522195690706	0.9999627023555918	0.92203	0.0263084587157818	6.89818	0.5041398179738101	-1.0	0.1336627922147581	-2.903330177383935
r0074_b	-16.741522195690706	3.729764440817757e-05	-16.741522195690706	0.9999627023555918	0.92203	0.0263084587157818	6.89818	0.5041398179738101	-1.0	0.1336627922147581	-2.903330177383935
GLU5SAtmc_f					1.0	0.0	1.0	0.0	0.0	1.0	0.0
GLU5SAtmc_b					1.0	0.0	1.0	0.0	0.0	1.0	0.0
G5SADs_f	-16.741522195690706	3.729764440817757e-05	-16.741522195690706	0.9999627023555918	0.92203	0.0263084587157818	6.89818	0.5041398179738101	-1.0	0.1336627922147581	-2.903330177383935
G5SADs_b	-16.741522195690706	3.729764440817757e-05	-16.741522195690706	0.9999627023555918	0.92203	0.0263084587157818	6.89818	0.5041398179738101	-1.0	0.1336627922147581	-2.903330177383935
PRO1x	4.600898564555727	0.9949879479131456	4.600898564555727	0.0050120520868543	132.25738666666666	12.4103384292622	74.34441666666666	12.761842054714863	1.0	1.7789821024443666	0.8310519963585066
P5CR	4.600898564555727	0.9949879479131456	4.600898564555727	0.0050120520868543	132.25738666666666	12.4103384292622	74.34441666666666	12.761842054714863	1.0	1.7789821024443666	0.8310519963585066
PROD2					0.0	0.0	0.0	0.0	0.0		
EXRiboflavin					1.0	0.0	1.0	0.0	0.0	1.0	0.0
RBFK	0.6898232134410747	0.7358798421656804	0.6898232134410747	0.2641201578343196	51.265620000000006	2.2519452124922275	47.37363333333334	7.65461983232058	0.0	1.0821551228566664	0.11390731888301991
FMNAT	-13.207855179812793	9.492372389625476e-05	-13.207855179812793	0.9999050762761038	33.23947666666667	1.5918560154807408	80.76898	4.833790281776812	-1.0	0.411537655504213	-1.280903652275116
TransportFAD					1.0	0.0	1.0	0.0	0.0	1.0	0.0
ASNS1	-2.728168468052947	0.0262710508424036	-2.728168468052947	0.9737289491575964	0.4255333333333334	0.1655661886443673	0.9751066666666668	0.2318345444971957	-1.0	0.43639670189927937	-1.196287896460338
ASNN	-11.775304610872118	0.0001488110149091	-11.775304610872118	0.999851188985091	0.13294	0.0316386925562145	2.2082	0.2472223490436628	-1.0	0.060202880173897286	-4.054023680975763
METS	8.676347984419067	0.9995144219653772	8.676347984419067	0.0004855780346228	7.261516666666666	0.2344611821934614	4.35615	0.4114500349576684	1.0	1.6669574433081196	0.737217273423288
METAT	11.809063391868014	0.9998528440308326	11.809063391868014	0.0001471559691673	80.67893333333333	3.926472101495469	34.82417	3.839064817278638	1.0	2.3167510764314936	1.2121030420059113
HMR_3915					1.0	0.0	1.0	0.0	0.0	1.0	0.0
AHCi	0.8475985792857015	0.7777999955230104	0.8475985792857015	0.2222000044769896	0.3904	0.146289344109542	0.2900233333333333	0.0815369856091223	0.0	1.3460985897686395	0.42878407841884464
ADNK1	-2.0989234987720176	0.0518896659556984	-2.0989234987720176	0.9481103340443016	1.4999433333333334	0.1591263641121594	1.7784733333333334	0.09948920254089	0.0	0.8433881493865526	-0.24573134472083386
CYSTS	-16.433439731584432	4.013855093928427e-05	-16.433439731584432	0.9999598614490608	0.0	0.0	9.932156666666666	0.8547322344583841	-1.0	0.0	
CYSTGL	1.901998697838976	0.935030516125498	1.901998697838976	0.064969483874502	2.093383333333333	0.1586902039264624	1.7139266666666668	0.2332836145600934	0.0	1.2213960924037977	0.2885311347062134
MTHFR3	3.4607536639947654	0.9870999846320198	3.4607536639947654	0.0129000153679802	6.555343333333333	0.983009300916776	3.93746	0.4220457535228459	1.0	1.6648660134536815	0.7354060754922949
MetSynthesis					1.0	0.0	1.0	0.0	0.0	1.0	0.0
UNK3					1.0	0.0	1.0	0.0	0.0	1.0	0.0
5MTHFt	2.0499961049413664	0.9451546082911388	2.0499961049413664	0.0548453917088612	0.8553666666666667	0.0817197056338854	0.5113833333333334	0.2227859981137853	0.0	1.6726526089365445	0.7421378450143161
ILETA	43.00142547397612	0.9999991257700156	43.00142547397612	8.742299843466491e-07	11.691433333333334	0.3521221239223056	0.3303299999999999	0.124965612069881	1.0	35.393192665919955	5.145400001763196
3MOPt2im					1.0	0.0	1.0	0.0	0.0	1.0	0.0
ILETAm	-9.040907221238262	0.0004146259470705	-9.040907221238262	0.9995853740529296	26.37213	2.2185396818778496	41.16323666666667	0.6566625799365233	-1.0	0.6406719231910091	-0.6423423276732432
LEUTA	43.00142547397612	0.9999991257700156	43.00142547397612	8.742299843466491e-07	11.691433333333334	0.3521221239223056	0.3303299999999999	0.124965612069881	1.0	35.393192665919955	5.145400001763196
4MOPt2im					1.0	0.0	1.0	0.0	0.0	1.0	0.0
LEUTAm	-9.040907221238262	0.0004146259470705	-9.040907221238262	0.9995853740529296	26.37213	2.2185396818778496	41.16323666666667	0.6566625799365233	-1.0	0.6406719231910091	-0.6423423276732432
OIVD1m	-0.4809468834676981	0.3278392214095339	-0.4809468834676981	0.672160778590466	0.0569466666666666	0.04380235483269	0.0740966666666666	0.0249891394187332	0.0	0.7685455935939536	-0.37979724525011743
ACOAD8m	1.3297093693563606	0.8728128122732901	1.3297093693563606	0.1271871877267098	22.18744333333333	0.3572475203863881	19.95562333333333	2.3466162988770773	0.0	1.1118391524394042	0.15294809133246792
MCCCrm	-0.6355083401503251	0.2798179239899161	-0.6355083401503251	0.7201820760100839	3.50695	0.1462176877125335	3.755303333333333	0.5329741895147353	0.0	0.93386597265556	-0.09871258398876884
MGCHrm	10.30979447665264	0.999750332782142	10.30979447665264	0.0002496672178579	0.9496133333333332	0.0311089979837916	0.6539033333333334	0.0260306413460922	1.0	1.4522228056134696	0.5382628141422381
HMGCOAtm					1.0	0.0	1.0	0.0	0.0	1.0	0.0
VALTA	43.00142547397612	0.9999991257700156	43.00142547397612	8.742299843466491e-07	11.691433333333334	0.3521221239223056	0.3303299999999999	0.124965612069881	1.0	35.393192665919955	5.145400001763196
3MOBt2im					1.0	0.0	1.0	0.0	0.0	1.0	0.0
VALTAim	-9.040907221238262	0.0004146259470705	-9.040907221238262	0.9995853740529296	26.37213	2.2185396818778496	41.16323666666667	0.6566625799365233	-1.0	0.6406719231910091	-0.6423423276732432
OIVD2m	-0.4809468834676981	0.3278392214095339	-0.4809468834676981	0.672160778590466	0.0569466666666666	0.04380235483269	0.0740966666666666	0.0249891394187332	0.0	0.7685455935939536	-0.37979724525011743
ACOAD9m	11.713457637535624	0.9998480963790032	11.713457637535624	0.0001519036209969	48.056933333333326	3.377290948599025	18.95289333333333	0.9700745600668484	1.0	2.5355987863242695	1.3423264825543613
ECOAH12m	-8.37618420326733	0.000555592781141	-8.37618420326733	0.999444407218859	210.32085	9.907954006981804	330.89005000000003	17.782672692485427	-1.0	0.6356215606966724	-0.6537600322169752
3HBCOAHLm					1.0	0.0	1.0	0.0	0.0	1.0	0.0
HIBDm	19.29935324480614	0.9999787569624	19.29935324480614	2.1243037600011595e-05	7.1782233333333325	0.1174969679987058	3.6851033333333336	0.2274073470424578	1.0	1.9479028629681119	0.961921735629533
r0643	10.527752571300924	0.9997698043992088	10.527752571300924	0.0002301956007911	254.60501666666664	9.469147882892573	135.8015333333333	12.846331634995613	1.0	1.8748316783855656	0.9067610768570601
MMSAD1m	-6.161083696633235	0.0017612598823536	-6.161083696633235	0.9982387401176464	5.994293333333334	0.0665907943254087	18.685323333333333	2.9123345495362	-1.0	0.32080222677441855	-1.640243938926009
MMTSADm					1.0	0.0	1.0	0.0	0.0	1.0	0.0
PCC					1.0	0.0	1.0	0.0	0.0	1.0	0.0
MMALH					1.0	0.0	1.0	0.0	0.0	1.0	0.0
MMEm	-4.253892139760685	0.0065586462407633	-4.253892139760685	0.9934413537592368	1.9234866666666663	0.1364524047261739	3.46221	0.4930165494855794	-1.0	0.5555661460935837	-0.8479694047670336
MMMm	-1.0798335377752708	0.1704894177118672	-1.0798335377752708	0.8295105822881328	11.80826	0.8723288135024929	13.014723333333334	1.317428364892081	0.0	0.9073001167651918	-0.1403482504721928
ILEtmi					1.0	0.0	1.0	0.0	0.0	1.0	0.0
LEUt5m					1.0	0.0	1.0	0.0	0.0	1.0	0.0
VALt5m					1.0	0.0	1.0	0.0	0.0	1.0	0.0
PGCD	-15.204129361409372	5.455730909293187e-05	-15.204129361409372	0.9999454426909072	4.252056666666667	0.3847739538424548	42.175806666666666	3.506433106708615	-1.0	0.10081743546181533	-3.31018293343953
PSERT	3.0755541106213893	0.9814541251934364	3.0755541106213893	0.0185458748065634	53.57004666666666	2.593314618287226	41.628166666666665	4.840205510253558	1.0	1.2868701880537616	0.3638665302512512
PSP_L	6.0657075960051925	0.998134767672004	6.0657075960051925	0.001865232327996	12.248833333333332	0.135433647304583	8.441506666666667	0.877281863117867	1.0	1.4510245406428235	0.5370719193800584
GHMT2r_f	-2.9344254725510304	0.0213126311885417	-2.9344254725510304	0.9786873688114582	17.77935	0.5968318532607533	21.05800333333333	1.4630585781467838	-1.0	0.8443036938766435	-0.24416606889111397
GHMT2r_b	-2.9344254725510304	0.0213126311885417	-2.9344254725510304	0.9786873688114582	17.77935	0.5968318532607533	21.05800333333333	1.4630585781467838	-1.0	0.8443036938766435	-0.24416606889111397
SERD_L	-7.020725029595528	0.0010839861907132	-7.020725029595528	0.9989160138092869	10.135736666666666	0.6770136858455835	24.310900000000004	2.7739397966190005	-1.0	0.4169214906345164	-1.2621523556680179
ALATA_L_f	-16.752817225012787	3.7198335897173146e-05	-16.752817225012787	0.9999628016641028	11.384949999999998	0.7882705070384574	32.60111333333333	1.6081937530934778	-1.0	0.34921966877613786	-1.5177932780543721
ALATA_L_b	-16.752817225012787	3.7198335897173146e-05	-16.752817225012787	0.9999628016641028	11.384949999999998	0.7882705070384574	32.60111333333333	1.6081937530934778	-1.0	0.34921966877613786	-1.5177932780543721
r1435					1.0	0.0	1.0	0.0	0.0	1.0	0.0
GLYtm_r					1.0	0.0	1.0	0.0	0.0	1.0	0.0
GHMT2rm	3.6588342971355567	0.9891987562006216	3.6588342971355567	0.0108012437993784	751.1217066666667	47.99503571422802	560.8733333333333	55.71221278984609	1.0	1.3392002472334812	0.4213716993408618
MLTHFtm_r					1.0	0.0	1.0	0.0	0.0	1.0	0.0
r0962	7.207202819315857	0.999017632651055	7.207202819315857	0.0009823673489449	46.52138666666667	3.2537625738041926	21.214566666666663	3.751241571980609	1.0	2.192898275870197	1.132838889849431
FORtm_r					1.0	0.0	1.0	0.0	0.0	1.0	0.0
r0514	-6.537686979308239	0.0014143229209326	-6.537686979308239	0.9985856770790672	35.69065666666666	4.028609874190129	61.37655	3.8265849931847407	-1.0	0.5815031419437335	-0.7821411080824245
DHFRim	-6.537686979308239	0.0014143229209326	-6.537686979308239	0.9985856770790672	35.69065666666666	4.028609874190129	61.37655	3.8265849931847407	-1.0	0.5815031419437335	-0.7821411080824245
FTHFLmi	-4.59097224634373	0.0050497058817385	-4.59097224634373	0.9949502941182614	29.077373333333338	1.7740314817261715	51.49497	6.673805235041453	-1.0	0.5646643416499385	-0.8245345663645205
MTHFCm	-6.57184567136764	0.0013872047934645	-6.57184567136764	0.9986127952065356	28.82698	0.7726740251015741	82.79544	11.587889316129436	-1.0	0.34817110700782555	-1.5221316090323045
MTHFDm	-8.496265264168775	0.0005261727126518	-8.496265264168775	0.9994738272873482	53.78257666666667	2.200526696442368	128.95966333333334	12.318310347006022	-1.0	0.4170496050974492	-1.2617091026518423
FOLR2	-6.537686979308239	0.0014143229209326	-6.537686979308239	0.9985856770790672	35.69065666666666	4.028609874190129	61.37655	3.8265849931847407	-1.0	0.5815031419437335	-0.7821411080824245
DHFR	-6.537686979308239	0.0014143229209326	-6.537686979308239	0.9985856770790672	35.69065666666666	4.028609874190129	61.37655	3.8265849931847407	-1.0	0.5815031419437335	-0.7821411080824245
FTHFLi	-4.854794043458097	0.0041552645205498	-4.854794043458097	0.9958447354794502	24.955593333333336	1.6158158609885664	46.16423	5.963087396933461	-1.0	0.5405829000794193	-0.8874122181623723
FTHFDH	10.350468021148568	0.9997541173657564	10.350468021148568	0.0002458826342436	1.26108	0.1571694323545983	0.10627	0.0139232347774023	1.0	11.866754493271854	3.5688535128752004
MTHFC_f	-4.854794043458097	0.0041552645205498	-4.854794043458097	0.9958447354794502	24.955593333333336	1.6158158609885664	46.16423	5.963087396933461	-1.0	0.5405829000794193	-0.8874122181623723
MTHFC_b	-4.854794043458097	0.0041552645205498	-4.854794043458097	0.9958447354794502	24.955593333333336	1.6158158609885664	46.16423	5.963087396933461	-1.0	0.5405829000794193	-0.8874122181623723
MTHFD	-4.248749396281291	0.0065856042235063	-4.248749396281291	0.9934143957764936	31.510936666666662	1.094511578904287	50.101686666666666	6.090441231363199	-1.0	0.6289396378272294	-0.6690065330866322
MTHFD2i_f	-6.574887248973293	0.0013848212950411	-6.574887248973293	0.9986151787049588	29.25710666666667	0.7785813207080917	83.19528666666666	11.575581536393276	-1.0	0.3516678388751671	-1.5077146928695337
MTHFD2i_b	-6.574887248973293	0.0013848212950411	-6.574887248973293	0.9986151787049588	29.25710666666667	0.7785813207080917	83.19528666666666	11.575581536393276	-1.0	0.3516678388751671	-1.5077146928695337
ACACT1r	2.134388122092103	0.9501426606036948	2.134388122092103	0.0498573393963051	39.92897	2.3550120031541235	30.429600000000004	5.836961382437497	1.0	1.3121753161395482	0.39196048735528943
HMGCOAS	0.5884645499819391	0.7060782366776854	0.5884645499819391	0.2939217633223145	33.66494	1.8084311577349748	31.28397666666667	5.428700796920834	0.0	1.0761080779052705	0.10582298089424731
HMGCOAR	-0.6462217601522559	0.2766713511775605	-0.6462217601522559	0.7233286488224395	41.42709666666666	2.1995259328217887	46.19466666666667	10.19903169358194	0.0	0.896793930035213	-0.15715158161660606
MEVK1	-0.0586048725894919	0.4780388836349311	-0.0586048725894919	0.5219611163650689	12.603676666666669	0.8656566108002771	12.669263333333332	1.3249745232603114	0.0	0.9948231665140228	-0.007487990804859178
PMEVK	-6.848541546615627	0.0011895672692794	-6.848541546615627	0.9988104327307205	16.34098	0.4939026244109252	29.55179	2.682929775351316	-1.0	0.5529607512776721	-0.8547510121607934
IPDDI	-2.628796753978803	0.0291297968034438	-2.628796753978803	0.970870203196556	73.80409333333333	8.411328748270924	91.68752333333332	4.669938662711627	-1.0	0.8049524150087015	-0.3130245944676579
DPMVD	-7.363802853188817	0.0009059829065259	-7.363802853188817	0.999094017093474	29.38508	2.627912222316416	62.993876666666665	5.895359371722436	-1.0	0.4664751806829055	-1.1001277719201694
DMATT	-3.528783565107253	0.0121285690952265	-3.528783565107253	0.9878714309047736	2.564686666666667	0.094489151523101	6.0367	1.3882501152890283	-1.0	0.42484911734336095	-1.2349775273061583
GRTT	-3.528783565107253	0.0121285690952265	-3.528783565107253	0.9878714309047736	2.564686666666667	0.094489151523101	6.0367	1.3882501152890283	-1.0	0.42484911734336095	-1.2349775273061583
HMR_1465					1.0	0.0	1.0	0.0	0.0	1.0	0.0
HMR_1467					1.0	0.0	1.0	0.0	0.0	1.0	0.0
SMO	-38.244218054264095	1.3959863573236524e-06	-38.244218054264095	0.9999986040136428	10.492703333333331	1.1075930520527637	147.75657333333334	4.953493309953655	-1.0	0.07101344526759011	-3.8157639879114464
LNSTLS	7.5033525374976975	0.9991559905286126	7.5033525374976975	0.0008440094713874	25.70873	2.8857389876540576	8.305670000000001	1.5593191768418253	1.0	3.0953228336786793	1.6300898864211768
HMR_1477	1.928776816980144	0.9370037354608746	1.928776816980144	0.0629962645391253	2.5475233333333334	0.3399686540779245	1.3597833333333331	0.8017727974238643	0.0	1.873477392231606	0.9057185683731163
HMR_1478	1.928776816980144	0.9370037354608746	1.928776816980144	0.0629962645391253	2.5475233333333334	0.3399686540779245	1.3597833333333331	0.8017727974238643	0.0	1.873477392231606	0.9057185683731163
HMR_1479	1.928776816980144	0.9370037354608746	1.928776816980144	0.0629962645391253	2.5475233333333334	0.3399686540779245	1.3597833333333331	0.8017727974238643	0.0	1.873477392231606	0.9057185683731163
C14STR	-7.816858884445207	0.0007228266014288	-7.816858884445207	0.9992771733985713	88.13767333333334	6.177791507620037	185.11788	16.421923730897063	-1.0	0.4761164795822712	-1.0706135298449122
HMR_1490	0.0508797512426142	0.5190696234765154	0.0508797512426142	0.4809303765234844	52.19532333333333	3.877393709235912	51.98852333333334	4.243335859205846	0.0	1.003977800998002	0.005727370141114172
HMR_1493	0.0508797512426142	0.5190696234765154	0.0508797512426142	0.4809303765234844	52.19532333333333	3.877393709235912	51.98852333333334	4.243335859205846	0.0	1.003977800998002	0.005727370141114172
HMR_1494	0.0508797512426142	0.5190696234765154	0.0508797512426142	0.4809303765234844	52.19532333333333	3.877393709235912	51.98852333333334	4.243335859205846	0.0	1.003977800998002	0.005727370141114172
C3STDH1	-2.7490992847163787	0.0257110041946965	-2.7490992847163787	0.9742889958053036	10.63288	1.097613014408995	13.769233333333334	1.1825376029069388	-1.0	0.772220191392888	-0.3729158176840604
HMR_1495	-0.9838615706908952	0.1904428125800171	-0.9838615706908952	0.8095571874199828	12.49888	1.391385599561339	13.769233333333334	1.1825376029069388	0.0	0.9077397192291025	-0.139649409273812
HMR_1500	24.389519013572126	0.9999916158962572	24.389519013572126	8.384103742962891e-06	9.710583333333334	0.2347403848699424	5.341670000000001	0.0952502892384062	1.0	1.8178927813461583	0.8622671124133753
HMR_1502	0.0508797512426142	0.5190696234765154	0.0508797512426142	0.4809303765234844	52.19532333333333	3.877393709235912	51.98852333333334	4.243335859205846	0.0	1.003977800998002	0.005727370141114172
HMR_1503	0.0508797512426142	0.5190696234765154	0.0508797512426142	0.4809303765234844	52.19532333333333	3.877393709235912	51.98852333333334	4.243335859205846	0.0	1.003977800998002	0.005727370141114172
HMR_1504	0.0508797512426142	0.5190696234765154	0.0508797512426142	0.4809303765234844	52.19532333333333	3.877393709235912	51.98852333333334	4.243335859205846	0.0	1.003977800998002	0.005727370141114172
HMR_1505	-2.7490992847163787	0.0257110041946965	-2.7490992847163787	0.9742889958053036	10.63288	1.097613014408995	13.769233333333334	1.1825376029069388	-1.0	0.772220191392888	-0.3729158176840604
HMR_1509	24.389519013572126	0.9999916158962572	24.389519013572126	8.384103742962891e-06	9.710583333333334	0.2347403848699424	5.341670000000001	0.0952502892384062	1.0	1.8178927813461583	0.8622671124133753
CHLSTI_1	-10.857195818130377	0.0002042112337467	-10.857195818130377	0.9997957887662532	42.38049	1.153277481528186	168.50833333333335	16.388363889858628	-1.0	0.25150382275851835	-1.991347766296547
HMR_1516	-4.796100340865105	0.0043364077223843	-4.796100340865105	0.9956635922776156	11.298836666666668	0.5524318010598436	20.682876666666665	2.7113410014521504	-1.0	0.5462894184770881	-0.8722626163114183
RE2410C					1.0	0.0	1.0	0.0	0.0	1.0	0.0
DSMSTOLR					1.0	0.0	1.0	0.0	0.0	1.0	0.0
ACCOAC	7.738207767157426	0.9992489113856682	7.738207767157426	0.0007510886143318	7.661743333333334	0.4867024943661395	3.1845766666666666	0.6577451215748812	1.0	2.4058906835340754	1.2665710922620506
FASN	1.437986566260641	0.8880902956273534	1.437986566260641	0.1119097043726465	460.3711533333333	89.51301825676917	345.5619566666667	68.82113279773608	0.0	1.3322391092298769	0.41385303942238405
MCAT	1.437986566260641	0.8880902956273534	1.437986566260641	0.1119097043726465	460.3711533333333	89.51301825676917	345.5619566666667	68.82113279773608	0.0	1.3322391092298769	0.41385303942238405
AcetoacetylACPsynthesis	1.437986566260641	0.8880902956273534	1.437986566260641	0.1119097043726465	460.3711533333333	89.51301825676917	345.5619566666667	68.82113279773608	0.0	1.3322391092298769	0.41385303942238405
r0691	1.437986566260641	0.8880902956273534	1.437986566260641	0.1119097043726465	460.3711533333333	89.51301825676917	345.5619566666667	68.82113279773608	0.0	1.3322391092298769	0.41385303942238405
r0681	1.437986566260641	0.8880902956273534	1.437986566260641	0.1119097043726465	460.3711533333333	89.51301825676917	345.5619566666667	68.82113279773608	0.0	1.3322391092298769	0.41385303942238405
r0682	1.437986566260641	0.8880902956273534	1.437986566260641	0.1119097043726465	460.3711533333333	89.51301825676917	345.5619566666667	68.82113279773608	0.0	1.3322391092298769	0.41385303942238405
r0760	1.437986566260641	0.8880902956273534	1.437986566260641	0.1119097043726465	460.3711533333333	89.51301825676917	345.5619566666667	68.82113279773608	0.0	1.3322391092298769	0.41385303942238405
r0761	1.437986566260641	0.8880902956273534	1.437986566260641	0.1119097043726465	460.3711533333333	89.51301825676917	345.5619566666667	68.82113279773608	0.0	1.3322391092298769	0.41385303942238405
r0762	1.437986566260641	0.8880902956273534	1.437986566260641	0.1119097043726465	460.3711533333333	89.51301825676917	345.5619566666667	68.82113279773608	0.0	1.3322391092298769	0.41385303942238405
r0763	1.437986566260641	0.8880902956273534	1.437986566260641	0.1119097043726465	460.3711533333333	89.51301825676917	345.5619566666667	68.82113279773608	0.0	1.3322391092298769	0.41385303942238405
r0764	1.437986566260641	0.8880902956273534	1.437986566260641	0.1119097043726465	460.3711533333333	89.51301825676917	345.5619566666667	68.82113279773608	0.0	1.3322391092298769	0.41385303942238405
r0694	1.437986566260641	0.8880902956273534	1.437986566260641	0.1119097043726465	460.3711533333333	89.51301825676917	345.5619566666667	68.82113279773608	0.0	1.3322391092298769	0.41385303942238405
r0695	1.437986566260641	0.8880902956273534	1.437986566260641	0.1119097043726465	460.3711533333333	89.51301825676917	345.5619566666667	68.82113279773608	0.0	1.3322391092298769	0.41385303942238405
r0765	1.437986566260641	0.8880902956273534	1.437986566260641	0.1119097043726465	460.3711533333333	89.51301825676917	345.5619566666667	68.82113279773608	0.0	1.3322391092298769	0.41385303942238405
r0766	1.437986566260641	0.8880902956273534	1.437986566260641	0.1119097043726465	460.3711533333333	89.51301825676917	345.5619566666667	68.82113279773608	0.0	1.3322391092298769	0.41385303942238405
r0692	1.437986566260641	0.8880902956273534	1.437986566260641	0.1119097043726465	460.3711533333333	89.51301825676917	345.5619566666667	68.82113279773608	0.0	1.3322391092298769	0.41385303942238405
r0693	1.437986566260641	0.8880902956273534	1.437986566260641	0.1119097043726465	460.3711533333333	89.51301825676917	345.5619566666667	68.82113279773608	0.0	1.3322391092298769	0.41385303942238405
r0767	1.437986566260641	0.8880902956273534	1.437986566260641	0.1119097043726465	460.3711533333333	89.51301825676917	345.5619566666667	68.82113279773608	0.0	1.3322391092298769	0.41385303942238405
r0768	1.437986566260641	0.8880902956273534	1.437986566260641	0.1119097043726465	460.3711533333333	89.51301825676917	345.5619566666667	68.82113279773608	0.0	1.3322391092298769	0.41385303942238405
r0769	1.437986566260641	0.8880902956273534	1.437986566260641	0.1119097043726465	460.3711533333333	89.51301825676917	345.5619566666667	68.82113279773608	0.0	1.3322391092298769	0.41385303942238405
r0770	1.437986566260641	0.8880902956273534	1.437986566260641	0.1119097043726465	460.3711533333333	89.51301825676917	345.5619566666667	68.82113279773608	0.0	1.3322391092298769	0.41385303942238405
r0712	1.437986566260641	0.8880902956273534	1.437986566260641	0.1119097043726465	460.3711533333333	89.51301825676917	345.5619566666667	68.82113279773608	0.0	1.3322391092298769	0.41385303942238405
r0713	1.437986566260641	0.8880902956273534	1.437986566260641	0.1119097043726465	460.3711533333333	89.51301825676917	345.5619566666667	68.82113279773608	0.0	1.3322391092298769	0.41385303942238405
r0701	1.437986566260641	0.8880902956273534	1.437986566260641	0.1119097043726465	460.3711533333333	89.51301825676917	345.5619566666667	68.82113279773608	0.0	1.3322391092298769	0.41385303942238405
r0702	1.437986566260641	0.8880902956273534	1.437986566260641	0.1119097043726465	460.3711533333333	89.51301825676917	345.5619566666667	68.82113279773608	0.0	1.3322391092298769	0.41385303942238405
r0771	1.437986566260641	0.8880902956273534	1.437986566260641	0.1119097043726465	460.3711533333333	89.51301825676917	345.5619566666667	68.82113279773608	0.0	1.3322391092298769	0.41385303942238405
r0772	1.437986566260641	0.8880902956273534	1.437986566260641	0.1119097043726465	460.3711533333333	89.51301825676917	345.5619566666667	68.82113279773608	0.0	1.3322391092298769	0.41385303942238405
r0696	1.437986566260641	0.8880902956273534	1.437986566260641	0.1119097043726465	460.3711533333333	89.51301825676917	345.5619566666667	68.82113279773608	0.0	1.3322391092298769	0.41385303942238405
r0697	1.437986566260641	0.8880902956273534	1.437986566260641	0.1119097043726465	460.3711533333333	89.51301825676917	345.5619566666667	68.82113279773608	0.0	1.3322391092298769	0.41385303942238405
r0773	1.437986566260641	0.8880902956273534	1.437986566260641	0.1119097043726465	460.3711533333333	89.51301825676917	345.5619566666667	68.82113279773608	0.0	1.3322391092298769	0.41385303942238405
FA160ACPH	1.437753377702479	0.888059437513291	1.437753377702479	0.111940562486709	460.39658666666656	89.5192309498491	345.60137000000003	68.82053651492845	0.0	1.3321607685370764	0.41376820100906725
TMLYStd_r					1.0	0.0	1.0	0.0	0.0	1.0	0.0
TMLYSOX	-14.05255276516112	7.440106654818483e-05	-14.05255276516112	0.9999255989334518	0.0	0.0	0.6136066666666666	0.0617518314618189	-1.0	0.0	
GHMT3	-2.9344254725510304	0.0213126311885417	-2.9344254725510304	0.9786873688114582	17.77935	0.5968318532607533	21.05800333333333	1.4630585781467838	-1.0	0.8443036938766435	-0.24416606889111397
TMABADH	12.31213731380454	0.9998749956356998	12.31213731380454	0.0001250043643002	30.87373666666667	1.5982567029805408	14.093736666666668	1.077253213697792	1.0	2.1905997959850247	1.1313259402455
BBHOX					0.0	0.0	0.0	0.0	0.0		
SUCFUMtm_r	-5.71906102228616	0.0023126427952272	-5.71906102228616	0.9976873572047728	5.3291466666666665	0.9091065387266528	27.635996666666667	5.440622919913574	-1.0	0.19283352545393995	-2.3745721989137394
palmitateActivation	5.530857778980801	0.9973892119729032	5.530857778980801	0.0026107880270968	52.02025	2.5083920121198484	31.36381666666667	4.648102059940404	1.0	1.658607131678808	0.7299722007602822
carnitineAcylTransferaseI	-4.053118731841827	0.0077179881147783	-4.053118731841827	0.9922820118852216	11.217723333333334	0.9904712120781476	19.17916	2.5953252707640844	-1.0	0.5848912743484769	-0.7737596283734706
CARN160t_m	2.8589712336489908	0.9770113973052026	2.8589712336489908	0.0229886026947973	4.011933333333333	0.1662965155644847	2.90531	0.5215290627248558	1.0	1.3808968176660437	0.4656055236489008
carnitineAcylTransferaseII	0.1678679058218601	0.5625836110621205	0.1678679058218601	0.4374163889378795	5.647329999999999	0.953913866027746	5.488226666666666	0.9416240402387548	0.0	1.028989934818047	0.041228870415449495
betaOxidation	0.9057734983949328	0.7918589470981255	0.9057734983949328	0.2081410529018744	0.0607433333333333	0.0191167244986047	0.0376066666666666	0.0306512037102768	0.0	1.615227796489986	0.6917376433657274
Biomass					1.0	0.0	1.0	0.0	0.0	1.0	0.0
GLCt1_r	-4.595147046700915	0.0050338278201762	-4.595147046700915	0.994966172179824	188.47947	6.748816082430065	266.0976633333333	22.9148041248932	-1.0	0.7083093764859442	-0.49754845430763406
O2t_r					1.0	0.0	1.0	0.0	0.0	1.0	0.0
GLNt_r	1.25372194813854	0.8608909351352324	1.25372194813854	0.1391090648647675	413.61873	12.791338176550026	347.38695	73.60708719155787	0.0	1.1906570756328065	0.2517579585234918
r0963_r	2.0499961049413664	0.9451546082911388	2.0499961049413664	0.0548453917088612	0.8553666666666667	0.0817197056338854	0.5113833333333334	0.2227859981137853	0.0	1.6726526089365445	0.7421378450143161
THBPTt_r					1.0	0.0	1.0	0.0	0.0	1.0	0.0
ARGt5r_r	-2.7237882762437065	0.0263900292996352	-2.7237882762437065	0.9736099707003648	26.30053666666667	1.5707746048650295	45.07538333333333	9.620669323217015	-1.0	0.5834789351024193	-0.7772475225397388
PHEtec_r	-0.8516994656663314	0.221184302620707	-0.8516994656663314	0.778815697379293	7.758333333333333	0.926522674100436	8.419903333333332	0.5901544213923072	0.0	0.9214278390369486	-0.11805690823911938
ILEtec_r	-0.541872167113709	0.3083399894871651	-0.541872167113709	0.6916600105128348	7.632890000000001	0.930563666423027	8.05216	0.5756812372022097	0.0	0.9479307415649962	-0.07714643919294437
LEUtec_r	-0.541872167113709	0.3083399894871651	-0.541872167113709	0.6916600105128348	7.632890000000001	0.930563666423027	8.05216	0.5756812372022097	0.0	0.9479307415649962	-0.07714643919294437
VALtec_r	-0.541872167113709	0.3083399894871651	-0.541872167113709	0.6916600105128348	7.632890000000001	0.930563666423027	8.05216	0.5756812372022097	0.0	0.9479307415649962	-0.07714643919294437
METtec_r	-0.541872167113709	0.3083399894871651	-0.541872167113709	0.6916600105128348	7.632890000000001	0.930563666423027	8.05216	0.5756812372022097	0.0	0.9479307415649962	-0.07714643919294437
r2526_r	1.2970158573131925	0.8678097288544878	1.2970158573131925	0.1321902711455122	418.08861666666667	12.71496249700678	349.5878733333334	73.6002106079153	0.0	1.1959471382121358	0.2581536227094036
GLYt4_r	1.2367942675471475	0.8580924688230152	1.2367942675471475	0.1419075311769849	416.1011066666667	12.66059537349208	350.81577	73.56913968167133	0.0	1.1860957865909696	0.2462205235935499
r2532_r	1.2415902851344531	0.8588907412089575	1.2415902851344531	0.1411092587910425	412.97631666666666	12.71040662601668	347.39226666666667	73.61320275437568	0.0	1.1887896084426366	0.24949341002531847
PROPAT4te_r	16.394200909203647	0.999959480514532	16.394200909203647	4.0519485468083806e-05	5.112299999999999	0.1109248613551834	2.19561	0.2258307158027888	1.0	2.32841898151311	1.219350683746058
HDCAt	5.819203485171838	0.9978289866078884	5.819203485171838	0.0021710133921116	156.22626	4.847416849395157	109.51409333333334	10.265273722456485	1.0	1.4265402309864046	0.5125204340743031
CRNt	-5.5026103468348	0.0026595062257871	-5.5026103468348	0.9973404937742129	5.786490000000001	0.4158942116291916	9.074089999999998	0.7354953666747333	-1.0	0.6376936971090216	-0.6490644730507723
GTHRDt2_r					1.0	0.0	1.0	0.0	0.0	1.0	0.0
DmLact	8.308788904897362	0.9994270015491492	8.308788904897362	0.0005729984508508	80.82488666666666	7.164061724661199	30.83566	4.590318190546999	1.0	2.6211498851221817	1.3901998536051998
UREAt	-1.2365145190931066	0.1419542262212474	-1.2365145190931066	0.8580457737787526	0.0079666666666666	0.0030617242781732	0.0321	0.0274311878464398	0.0	0.24818276220145172	-2.010525179862723
DmBiomass					1.0	0.0	1.0	0.0	0.0	1.0	0.0
NH4t					1.0	0.0	1.0	0.0	0.0	1.0	0.0
PTRCtex2_f					1.0	0.0	1.0	0.0	0.0	1.0	0.0
PTRCtex2_b					1.0	0.0	1.0	0.0	0.0	1.0	0.0
GUDACtr2					1.0	0.0	1.0	0.0	0.0	1.0	0.0
CE2705t	-0.6149161024399872	0.2859343823473752	-0.6149161024399872	0.7140656176526248	79.65179333333333	5.59274968319003	88.15169666666668	18.731375821802896	0.0	0.9035764068674191	-0.14628149363372878
Dm2oxobutyrate					1.0	0.0	1.0	0.0	0.0	1.0	0.0
H2Ot_f	0.8475985792857015	0.7777999955230104	0.8475985792857015	0.2222000044769896	0.3904	0.146289344109542	0.2900233333333333	0.0815369856091223	0.0	1.3460985897686395	0.42878407841884464
H2Ot_b	0.8475985792857015	0.7777999955230104	0.8475985792857015	0.2222000044769896	0.3904	0.146289344109542	0.2900233333333333	0.0815369856091223	0.0	1.3460985897686395	0.42878407841884464
PHLACHt_f					1.0	0.0	1.0	0.0	0.0	1.0	0.0
PHLACHt_b					1.0	0.0	1.0	0.0	0.0	1.0	0.0
CO2t					1.0	0.0	1.0	0.0	0.0	1.0	0.0
DmH2O2					1.0	0.0	1.0	0.0	0.0	1.0	0.0
DmGSSG					1.0	0.0	1.0	0.0	0.0	1.0	0.0
GLUt4					0.0	0.0	0.0	0.0	0.0		
ALAPAT4te	0.8566697741998842	0.780041714122552	0.8566697741998842	0.219958285877448	444.56576666666666	12.957166805528464	394.11140666666665	82.27740959429481	0.0	1.1280205524289062	0.17379335374481056
DmAla	0.8566697741998842	0.780041714122552	0.8566697741998842	0.219958285877448	444.56576666666666	12.957166805528464	394.11140666666665	82.27740959429481	0.0	1.1280205524289062	0.17379335374481056
ASPte_r	15.923903457441	0.9999545440819584	15.923903457441	4.5455918041656046e-05	1.6810200000000002	0.0629955617484279	0.4928433333333333	0.0846559477466816	1.0	3.410860787403706	1.770135873268272
DmAsp	15.923903457441	0.9999545440819584	15.923903457441	4.5455918041656046e-05	1.6810200000000002	0.0629955617484279	0.4928433333333333	0.0846559477466816	1.0	3.410860787403706	1.770135873268272
DmPalm	5.819203485171838	0.9978289866078884	5.819203485171838	0.0021710133921116	156.22626	4.847416849395157	109.51409333333334	10.265273722456485	1.0	1.4265402309864046	0.5125204340743031
ATPM					1.0	0.0	1.0	0.0	0.0	1.0	0.0
GACMTRc	4.955191906333284	0.9961337299430576	4.955191906333284	0.0038662700569425	102.96663	13.27369948245276	46.01159333333334	9.382618987117734	1.0	2.237840999203244	1.1621075350587375
CKc_cho	-2.697398923710126	0.0271201531966792	-2.697398923710126	0.9728798468033208	47.51824	6.947157106428499	76.14881666666668	13.306278664874297	-1.0	0.6240181013975047	-0.6803402157715647
CRTNsyn_cho					1.0	0.0	1.0	0.0	0.0	1.0	0.0
CRTNtr					1.0	0.0	1.0	0.0	0.0	1.0	0.0
NDPK1	-4.218577588977524	0.0067464854831947	-4.218577588977524	0.9932535145168052	143.22001333333336	15.802079192891744	340.2984633333333	64.14992826657999	-1.0	0.42086588323216945	-1.2485675300567602
NDPK5	-4.218577588977524	0.0067464854831947	-4.218577588977524	0.9932535145168052	143.22001333333336	15.802079192891744	340.2984633333333	64.14992826657999	-1.0	0.42086588323216945	-1.2485675300567602
NDPK8	-4.218577588977524	0.0067464854831947	-4.218577588977524	0.9932535145168052	143.22001333333336	15.802079192891744	340.2984633333333	64.14992826657999	-1.0	0.42086588323216945	-1.2485675300567602
NDPK7	-4.218577588977524	0.0067464854831947	-4.218577588977524	0.9932535145168052	143.22001333333336	15.802079192891744	340.2984633333333	64.14992826657999	-1.0	0.42086588323216945	-1.2485675300567602
DTMPK					1.0	0.0	1.0	0.0	0.0	1.0	0.0
NDPK4	-4.218577588977524	0.0067464854831947	-4.218577588977524	0.9932535145168052	143.22001333333336	15.802079192891744	340.2984633333333	64.14992826657999	-1.0	0.42086588323216945	-1.2485675300567602
HIStiDF_r	41.58381078758739	0.9999990005717516	41.58381078758739	9.994282482150544e-07	1.63473	0.0555951292830586	0.0	0.0	1.0	inf	inf
PTRCOX1	4.159630877294618	0.9929252967785536	4.159630877294618	0.0070747032214464	7.11076	1.6144201964172769	1.9553966666666664	0.6824756537944942	1.0	3.6364795548729245	1.862542465158148
ABUTD					1.0	0.0	1.0	0.0	0.0	1.0	0.0
r0465_1	-10.11077699737858	0.0002692643910627	-10.11077699737858	0.9997307356089372	0.1794333333333333	0.1010178513377159	1.2833433333333333	0.1167758634688217	-1.0	0.13981709233434544	-2.8383873570732985
ABUTH	0.8475985792857015	0.7777999955230104	0.8475985792857015	0.2222000044769896	0.3904	0.146289344109542	0.2900233333333333	0.0815369856091223	0.0	1.3460985897686395	0.42878407841884464
GLUDC					1.0	0.0	1.0	0.0	0.0	1.0	0.0
HISDr	0.7189174721916497	0.7440247408440835	0.7189174721916497	0.2559752591559164	0.0458733333333333	0.0213793924661628	0.0300533333333333	0.0226139047687233	0.0	1.526397515527951	0.6101307282259643
URCN	0.8475985792857015	0.7777999955230104	0.8475985792857015	0.2222000044769896	0.3904	0.146289344109542	0.2900233333333333	0.0815369856091223	0.0	1.3460985897686395	0.42878407841884464
IZPN	10.964705721187553	0.9998034709538296	10.964705721187553	0.0001965290461704	1.5100266666666666	0.1053507061622696	0.2467633333333333	0.1242929610056641	1.0	6.119331613286685	2.613374082516516
GluForTx					1.0	0.0	1.0	0.0	0.0	1.0	0.0
FTCD	-1.917632325713833	0.0638094680042607	-1.917632325713833	0.9361905319957392	0.0522466666666666	0.0218990552815006	0.3689733333333334	0.2325504332875392	0.0	0.14160011563617947	-2.8201056513049085
CARPEPT1tc_r					0.0	0.0	0.0	0.0	0.0		
NBAHH_ir	0.8475985792857015	0.7777999955230104	0.8475985792857015	0.2222000044769896	0.3904	0.146289344109542	0.2900233333333333	0.0815369856091223	0.0	1.3460985897686395	0.42878407841884464
r0283	-10.11077699737858	0.0002692643910627	-10.11077699737858	0.9997307356089372	0.1794333333333333	0.1010178513377159	1.2833433333333333	0.1167758634688217	-1.0	0.13981709233434544	-2.8383873570732985
ASP1DC	12.08338438116785	0.9998654781168356	12.08338438116785	0.0001345218831644	1.36674	0.0711558533549184	0.5200066666666666	0.0689755596006456	1.0	2.628312457532596	1.3941367954992694
CSNt_r	-8.226698778809801	0.0005951212089838	-8.226698778809801	0.999404878791016	18.37699333333333	1.822302919647433	53.187666666666665	5.6999260404402525	-1.0	0.34551230548435413	-1.5331910015093988
bAlaSynthesis					1.0	0.0	1.0	0.0	0.0	1.0	0.0
LYSt5r_r	-2.740641293206431	0.0259356359618446	-2.740641293206431	0.9740643640381552	26.17352	1.5518358914739236	45.06959666666666	9.626388945007136	-1.0	0.5807356163752372	-0.7840465779946402
LYStm	0.3958172126063421	0.643777896888234	0.3958172126063421	0.3562221031117659	11.15072	0.6403719152700768	10.396736666666667	2.616685113934974	0.0	1.0725211532721324	0.10100610219554573
SACCD3m	21.141098982589543	0.9999852034427256	21.141098982589543	1.4796557274504668e-05	5.450036666666667	0.3606682420483155	0.04887	0.0214557824373757	1.0	111.5211104290294	6.801173021252219
r0525	21.141098982589543	0.9999852034427256	21.141098982589543	1.4796557274504668e-05	5.450036666666667	0.3606682420483155	0.04887	0.0214557824373757	1.0	111.5211104290294	6.801173021252219
AASAD3m					1.0	0.0	1.0	0.0	0.0	1.0	0.0
r0450	-0.9039614034848636	0.2085676503963177	-0.9039614034848636	0.7914323496036823	4.400243333333333	0.1835226616948314	4.84984	0.679013037037336	0.0	0.9072965981008307	-0.14035384550009375
2OXOADOXm	2.574243002442045	0.9691492749094324	2.574243002442045	0.0308507250905675	5.373006666666666	0.3298058743496778	4.575843333333333	0.2881282725145557	1.0	1.1742112382926861	0.231691969796754
GLUTCOADHm	-9.74317556763532	0.0003107556474311	-9.74317556763532	0.9996892443525688	7.654683333333334	0.2301974263298545	10.593646666666666	0.359146862655872	-1.0	0.7225730264743586	-0.4687846946672498
3HBCDm	-5.050940221090919	0.0036131575457364	-5.050940221090919	0.9963868424542636	4.546013333333334	0.5161723604464781	7.83512	0.7626631901435912	-1.0	0.5802097904477957	-0.7853534551402955
HACD1m					1.0	0.0	1.0	0.0	0.0	1.0	0.0
HMGCOASm	1.0000000000000002	0.8130495168499705	1.0000000000000002	0.1869504831500294	0.0063733333333333	0.0090132544375245	0.0	0.0	0.0	inf	inf
CYStec_r	-2.940855991237935	0.0211765046059606	-2.940855991237935	0.9788234953940392	3.789396666666667	0.6022946884669961	5.726783333333334	0.7107966293454753	-1.0	0.6616972296839122	-0.5957568554258281
CYSTA	2.0305881579503824	0.943931190619502	2.0305881579503824	0.0560688093804979	32.36110333333333	1.2096403125539248	30.23361333333333	0.8556922345615211	0.0	1.0703683670404818	0.09810738526598613
CYANt_r					1.0	0.0	1.0	0.0	0.0	1.0	0.0
MCPST	1.824171928357043	0.928906787257132	1.824171928357043	0.0710932127428679	59.99776666666666	8.176677539695175	45.85360333333333	7.306370963774624	0.0	1.3084635078842584	0.3878736892093725
TCYNTt					1.0	0.0	1.0	0.0	0.0	1.0	0.0
CYSO	1.1148246169129636	0.8363070177739966	1.1148246169129636	0.1636929822260033	0.0890466666666666	0.0675622262971123	0.0322166666666666	0.0251511197011628	0.0	2.7639937920331126	1.4667543754175245
3SALATAi	2.0305881579503824	0.943931190619502	2.0305881579503824	0.0560688093804979	32.36110333333333	1.2096403125539248	30.23361333333333	0.8556922345615211	0.0	1.0703683670404818	0.09810738526598613
3SALAASPm	3.6387766358765488	0.9890057856960952	3.6387766358765488	0.0109942143039046	7.967276666666667	0.3238969369345065	6.065416666666667	0.6644151524126731	1.0	1.3135580133269218	0.3934799185460179
3SALATAim	6.159479124663494	0.9982370507090086	6.159479124663494	0.0017629492909914	111.07462	4.859643613867172	76.58952666666666	6.250984815559507	1.0	1.450258603678536	0.5363101781568033
3SPYRSP					1.0	0.0	1.0	0.0	0.0	1.0	0.0
3SPYRSPm					1.0	0.0	1.0	0.0	0.0	1.0	0.0
HMR_3951					1.0	0.0	1.0	0.0	0.0	1.0	0.0
ExSulfitem					1.0	0.0	1.0	0.0	0.0	1.0	0.0
PHETHPTOX2					1.0	0.0	1.0	0.0	0.0	1.0	0.0
TYRt_r	-9.748296716194847	0.0003101251446418	-9.748296716194847	0.9996898748553582	0.1254433333333333	0.0118996928064924	0.3677433333333333	0.0330756923165974	-1.0	0.3411165396154926	-1.551663386717768
TYRTA	1.4372035013151994	0.8879866379639406	1.4372035013151994	0.1120133620360594	32.36110333333333	1.2096403125539248	30.88806	0.7986005538440357	0.0	1.0476897329690933	0.06721153464216433
34HPPOR	-7.869173316864441	0.0007047545797004	-7.869173316864441	0.9992952454202996	0.0384833333333333	0.020447781189057	0.4755033333333333	0.0758308302883611	-1.0	0.08093178456512742	-3.6271497821894236
HGNTOR	-1.9857562315388328	0.0590109551389516	-1.9857562315388328	0.9409890448610484	0.0	0.0	0.01482	0.0105544903556101	0.0	0.0	
MACACI	-26.626729516749368	5.912582507685373e-06	-26.626729516749368	0.9999940874174924	32.015746666666665	1.3713117905211138	111.99081	4.020234701266418	-1.0	0.2858783382910318	-1.8065267873495074
FUMAC	9.376699263919924	0.9996396799764158	9.376699263919924	0.0003603200235842	13.994736666666668	0.1398032563601034	9.113896666666667	0.7227413542586008	1.0	1.5355382202051153	0.6187444220592421
AACOAT	-0.8918353305373327	0.2114410263647647	-0.8918353305373327	0.7885589736352353	7.42323	0.3473894892864012	8.084143333333335	0.9887836501592362	0.0	0.9182457180579429	-0.12304783145667464
r2534_r	3.042604317329736	0.9808477913028776	3.042604317329736	0.0191522086971222	3.843493333333333	0.3455724496477627	2.3253800000000004	0.6152119660734827	1.0	1.6528452697336917	0.7249516737915894
THRD_L					1.0	0.0	1.0	0.0	0.0	1.0	0.0
OBDHc					1.0	0.0	1.0	0.0	0.0	1.0	0.0
PPCOAtm					1.0	0.0	1.0	0.0	0.0	1.0	0.0
r1616_r	-15.746445515221678	4.751202337164271e-05	-15.746445515221678	0.9999524879766284	66.64075000000001	8.299771618629036	478.44519666666673	36.0415123144801	-1.0	0.13928606758785936	-2.8438771386506736
TRPO2					1.0	0.0	1.0	0.0	0.0	1.0	0.0
FKYNH					1.0	0.0	1.0	0.0	0.0	1.0	0.0
KYN	-0.9883250678584704	0.1894713057494995	-0.9883250678584704	0.8105286942505004	4.4649833333333335	0.4337637172726903	4.943813333333334	0.53038012307736	0.0	0.9031456149908572	-0.146969481390816
ANTHte					1.0	0.0	1.0	0.0	0.0	1.0	0.0
KYN3OX	-2.0400775853082167	0.0554669171425973	-2.0400775853082167	0.9445330828574028	0.00791	0.0079300819667895	0.0233233333333333	0.0071608627661445	0.0	0.3391453480062889	-1.5600243911208054
HKYNH	-0.9883250678584704	0.1894713057494995	-0.9883250678584704	0.8105286942505004	4.4649833333333335	0.4337637172726903	4.943813333333334	0.53038012307736	0.0	0.9031456149908572	-0.146969481390816
3HAO	-5.198878420016207	0.0032605814707639	-5.198878420016207	0.996739418529236	0.0	0.0	0.13726	0.0373378521074793	-1.0	0.0	
PCLAD	5.218086185283871	0.9967820544325924	5.218086185283871	0.0032179455674076	0.01921	0.0052063230787187	0.0	0.0	1.0	inf	inf
AM6SAD					1.0	0.0	1.0	0.0	0.0	1.0	0.0
AMCOXO					1.0	0.0	1.0	0.0	0.0	1.0	0.0
2OXOADPTm	4.928668836005134	0.9960598283381662	4.928668836005134	0.0039401716618337	0.0972266666666666	0.0109990009647341	0.0532599999999999	0.0061786783915872	1.0	1.8255100763549903	0.8682996321073656
ExCystineGlu					1.0	0.0	1.0	0.0	0.0	1.0	0.0
ExCystineSer					1.0	0.0	1.0	0.0	0.0	1.0	0.0
CystinePyruvate					1.0	0.0	1.0	0.0	0.0	1.0	0.0
CystineReductaseNADPH	4.705715219115459	0.9953654723946302	4.705715219115459	0.0046345276053697	27.71297	0.5890099313820327	21.37933333333333	1.810029388091684	1.0	1.29625042876298	0.3743444662412956
CystineReductaseNADH					1.0	0.0	1.0	0.0	0.0	1.0	0.0
CystineGSH					1.0	0.0	1.0	0.0	0.0	1.0	0.0
Ex3HB					1.0	0.0	1.0	0.0	0.0	1.0	0.0
Transport3HB_forward					1.0	0.0	1.0	0.0	0.0	1.0	0.0
bBDH					1.0	0.0	1.0	0.0	0.0	1.0	0.0
OCOAT1m	1.7822128471655752	0.9253506038768198	1.7822128471655752	0.0746493961231802	4.613286666666667	0.3803570440461902	3.73505	0.583943802604326	0.0	1.2351338447053364	0.30466738725920134
ACACT1m	9.149857034741148	0.9996040423649242	9.149857034741148	0.0003959576350757	73.83629666666667	4.28660336235528	42.555686666666666	2.236077293153248	1.0	1.7350512340458064	0.794978264539839
G3PD1ir	-5.983870223511856	0.0019605123333875	-5.983870223511856	0.9980394876666124	0.1875266666666666	0.0762945281276594	0.92907	0.1577761433170427	-1.0	0.20184342048141324	-2.308691535037207
GLYC3Ptm					1.0	0.0	1.0	0.0	0.0	1.0	0.0
G3PDm					1.0	0.0	1.0	0.0	0.0	1.0	0.0
DHAPtm					1.0	0.0	1.0	0.0	0.0	1.0	0.0
CMPuptake_r					1.0	0.0	1.0	0.0	0.0	1.0	0.0
UMPuptake_r					1.0	0.0	1.0	0.0	0.0	1.0	0.0
Transport_ala_B_c_e					1.0	0.0	1.0	0.0	0.0	1.0	0.0
EX_ala_B					1.0	0.0	1.0	0.0	0.0	1.0	0.0
Transport_octanoyl_ACP_c_e					1.0	0.0	1.0	0.0	0.0	1.0	0.0
EX_octanoyl_ACP					1.0	0.0	1.0	0.0	0.0	1.0	0.0
TMDK1	-3.326964576616096	0.0145940833249634	-3.326964576616096	0.9854059166750364	138.83324000000002	8.422058159693899	185.28550333333337	17.85955481971547	-1.0	0.7492935901749176	-0.41639698488403
THYMDt1_r	-0.6149161024399872	0.2859343823473752	-0.6149161024399872	0.7140656176526248	79.65179333333333	5.59274968319003	88.15169666666668	18.731375821802896	0.0	0.9035764068674191	-0.14628149363372878
EX_thymd					1.0	0.0	1.0	0.0	0.0	1.0	0.0
Transport_HC00576_c_e					1.0	0.0	1.0	0.0	0.0	1.0	0.0
EX_HC00576					1.0	0.0	1.0	0.0	0.0	1.0	0.0
Transport_4abut_c_e					1.0	0.0	1.0	0.0	0.0	1.0	0.0
EX_4abut					1.0	0.0	1.0	0.0	0.0	1.0	0.0
