Rxn	statistic_less	pvalue_less	statistic_greater	pvalue_greater	mean_MCF102A	std_MCF102A	mean_MCF7	std_MCF7	result	meanRatio	meanRatio_log
EX_lac__L_e					1.0	0.0	1.0	0.0	0.0	1.0	0.0
EX_glc__D_e_r					1.0	0.0	1.0	0.0	0.0	1.0	0.0
EX_gluIN__L_e					1.0	0.0	1.0	0.0	0.0	1.0	0.0
EX_gluOUT__L_e					1.0	0.0	1.0	0.0	0.0	1.0	0.0
EX_gln__L_e_r					1.0	0.0	1.0	0.0	0.0	1.0	0.0
EX_asp__L_e					1.0	0.0	1.0	0.0	0.0	1.0	0.0
DM_asp__L_e					1.0	0.0	1.0	0.0	0.0	1.0	0.0
EX_co2_e					1.0	0.0	1.0	0.0	0.0	1.0	0.0
EX_h_e_f					1.0	0.0	1.0	0.0	0.0	1.0	0.0
EX_h_e_b					1.0	0.0	1.0	0.0	0.0	1.0	0.0
EX_h2o_e_f					1.0	0.0	1.0	0.0	0.0	1.0	0.0
EX_h2o_e_b					1.0	0.0	1.0	0.0	0.0	1.0	0.0
EX_ump_e_r					1.0	0.0	1.0	0.0	0.0	1.0	0.0
EX_pi_e_r					1.0	0.0	1.0	0.0	0.0	1.0	0.0
EX_nh4_e					1.0	0.0	1.0	0.0	0.0	1.0	0.0
EX_o2_e_r					1.0	0.0	1.0	0.0	0.0	1.0	0.0
EX_arg__L_e_r					1.0	0.0	1.0	0.0	0.0	1.0	0.0
EX_pro__L_e					1.0	0.0	1.0	0.0	0.0	1.0	0.0
EX_leu__L_e_r					1.0	0.0	1.0	0.0	0.0	1.0	0.0
EX_ile__L_e_r					1.0	0.0	1.0	0.0	0.0	1.0	0.0
EX_met__L_e_r					1.0	0.0	1.0	0.0	0.0	1.0	0.0
EX_gly_e_r					1.0	0.0	1.0	0.0	0.0	1.0	0.0
EX_phe__L_e_r					1.0	0.0	1.0	0.0	0.0	1.0	0.0
EX_ser__L_e_r					1.0	0.0	1.0	0.0	0.0	1.0	0.0
EX_ala__L_e_f					1.0	0.0	1.0	0.0	0.0	1.0	0.0
EX_ala__L_e_b					1.0	0.0	1.0	0.0	0.0	1.0	0.0
EX_ribflv_e					1.0	0.0	1.0	0.0	0.0	1.0	0.0
EX_asn__L_e					1.0	0.0	1.0	0.0	0.0	1.0	0.0
EX_fol_e_r					1.0	0.0	1.0	0.0	0.0	1.0	0.0
EX_urea_e					1.0	0.0	1.0	0.0	0.0	1.0	0.0
EX_pyr_e					1.0	0.0	1.0	0.0	0.0	1.0	0.0
PYRt2	3.550006250084137	0.9881007743556712	3.550006250084137	0.0118992256443288	95.06304666666666	26.424635480501053	27.606306666666665	4.886757319588885	1.0	3.4435264309169935	1.783886750532418
EX_gudac_e					1.0	0.0	1.0	0.0	0.0	1.0	0.0
EX_hdca_e_f					1.0	0.0	1.0	0.0	0.0	1.0	0.0
EX_hdca_e_b					1.0	0.0	1.0	0.0	0.0	1.0	0.0
EX_ptrcIN_e					1.0	0.0	1.0	0.0	0.0	1.0	0.0
EX_ptrcOUT_e					1.0	0.0	1.0	0.0	0.0	1.0	0.0
EX_biomassx					1.0	0.0	1.0	0.0	0.0	1.0	0.0
EX_h2o2_e					1.0	0.0	1.0	0.0	0.0	1.0	0.0
EX_gthox_e					1.0	0.0	1.0	0.0	0.0	1.0	0.0
EX_2obut_e					1.0	0.0	1.0	0.0	0.0	1.0	0.0
EX_crn_e					1.0	0.0	1.0	0.0	0.0	1.0	0.0
EX_val__L_e_r					1.0	0.0	1.0	0.0	0.0	1.0	0.0
EX_spmd_e					1.0	0.0	1.0	0.0	0.0	1.0	0.0
EX_sprm_e					1.0	0.0	1.0	0.0	0.0	1.0	0.0
EX_5mthf_e					1.0	0.0	1.0	0.0	0.0	1.0	0.0
EX_tmlys_e_r					1.0	0.0	1.0	0.0	0.0	1.0	0.0
EX_thbpt_e_r					1.0	0.0	1.0	0.0	0.0	1.0	0.0
EX_CE2705_e					1.0	0.0	1.0	0.0	0.0	1.0	0.0
EX_crtn_e					1.0	0.0	1.0	0.0	0.0	1.0	0.0
EX_his__L_e_r					1.0	0.0	1.0	0.0	0.0	1.0	0.0
EX_lys__L_e_r					1.0	0.0	1.0	0.0	0.0	1.0	0.0
EX_carn_e_r					1.0	0.0	1.0	0.0	0.0	1.0	0.0
EX_csn_e_r					1.0	0.0	1.0	0.0	0.0	1.0	0.0
EX_cys__L_e					1.0	0.0	1.0	0.0	0.0	1.0	0.0
EX_cyan_e_r					1.0	0.0	1.0	0.0	0.0	1.0	0.0
EX_tcyntc					1.0	0.0	1.0	0.0	0.0	1.0	0.0
EX_tcynt_e					1.0	0.0	1.0	0.0	0.0	1.0	0.0
EX_so3_e					1.0	0.0	1.0	0.0	0.0	1.0	0.0
EX_thr__L_e_r					1.0	0.0	1.0	0.0	0.0	1.0	0.0
EX_trp__L_e_r					1.0	0.0	1.0	0.0	0.0	1.0	0.0
EX_anth_e					1.0	0.0	1.0	0.0	0.0	1.0	0.0
EX_tyr__L_e_r					1.0	0.0	1.0	0.0	0.0	1.0	0.0
EX_cystinex_r					1.0	0.0	1.0	0.0	0.0	1.0	0.0
EX_3hydroxybutanoatex_r					1.0	0.0	1.0	0.0	0.0	1.0	0.0
EX_gthrd_e_r					1.0	0.0	1.0	0.0	0.0	1.0	0.0
EX_cmp_e_r					1.0	0.0	1.0	0.0	0.0	1.0	0.0
HEX1	-0.8993834315401308	0.2096486158744734	-0.8993834315401308	0.7903513841255265	33.32140999999999	4.6820055847040605	38.49801333333334	6.658494937408069	0.0	0.865535831978862	-0.20833454849226868
G6PP	2.1837147512512085	0.9528239880337518	2.1837147512512085	0.0471760119662482	123.85077333333334	6.306777953579431	106.44671666666666	9.341528967752312	1.0	1.1635001737175863	0.2184714261463398
PGI	-2.487136477257959	0.0338458064181749	-2.487136477257959	0.9661541935818252	85.43209999999999	18.91013593551	121.91485	8.528832996305333	-1.0	0.7007522053301956	-0.5130237153314409
PFK	0.0205687914497309	0.5077126170140511	0.0205687914497309	0.4922873829859487	103.33859	28.96771942048712	102.86153	15.386289425649926	0.0	1.004637885514633	0.006675586068518152
FBP	-68.76187151593273	1.3400419729875314e-07	-68.76187151593273	0.9999998659958028	0.0424433333333333	0.0301673381140744	24.318766666666665	0.4983747574087415	-1.0	0.0017452913593479918	-9.162316384273888
FBA	-0.9191986084402513	0.2050031409566021	-0.9191986084402513	0.7949968590433979	45.24776	11.068472326932325	54.10784666666666	7.956549495789966	0.0	0.8362513533157299	-0.25799145440045373
TPI	-2.062087620593298	0.0540980456391903	-2.062087620593298	0.9459019543608096	1764.7924633333332	604.4537048416506	2702.4192433333333	219.39909742957605	0.0	0.6530417024253156	-0.6147529714752891
GAPD	-1.4308558557339897	0.1128571843323011	-1.4308558557339897	0.8871428156676989	4453.822003333334	2404.350128827296	6999.98559	743.04780657302	0.0	0.6362615959804188	-0.652308050086464
PGK	-0.8240432990203355	0.228106767497588	-0.8240432990203355	0.7718932325024119	27.848076666666667	13.297774811108646	36.457006666666665	6.438663859038527	0.0	0.763860755801674	-0.38861842157807347
DPGM	-0.4271283918234501	0.3456367583166362	-0.4271283918234501	0.6543632416833638	309.97781333333336	222.59861805649385	379.7051100000001	61.22760480567079	0.0	0.8163646081384928	-0.2927144563308695
DPGase	-0.4271283918234501	0.3456367583166362	-0.4271283918234501	0.6543632416833638	309.97781333333336	222.59861805649385	379.7051100000001	61.22760480567079	0.0	0.8163646081384928	-0.2927144563308695
PGM_f	-0.4271283918234501	0.3456367583166362	-0.4271283918234501	0.6543632416833638	309.97781333333336	222.59861805649385	379.7051100000001	61.22760480567079	0.0	0.8163646081384928	-0.2927144563308695
PGM_b	-0.4271283918234501	0.3456367583166362	-0.4271283918234501	0.6543632416833638	309.97781333333336	222.59861805649385	379.7051100000001	61.22760480567079	0.0	0.8163646081384928	-0.2927144563308695
ENO_f	0.3715685891420126	0.6354704811201841	0.3715685891420126	0.3645295188798159	1000.50093	376.5896277476224	897.8529233333333	103.99457699485302	0.0	1.1143260816989713	0.1561714657229664
ENO_b	0.3715685891420126	0.6354704811201841	0.3715685891420126	0.3645295188798159	1000.50093	376.5896277476224	897.8529233333333	103.99457699485302	0.0	1.1143260816989713	0.1561714657229664
PYK	2.650300087756217	0.9715180304461416	2.650300087756217	0.0284819695538582	770.7759733333332	175.80445106659468	414.46955333333335	72.39501120227476	1.0	1.8596685019066859	0.8950454744094292
LDH_L	0.2209817207304397	0.5820357514747877	0.2209817207304397	0.4179642485252123	1240.7522266666667	307.54452869634497	1183.482623333333	199.3591809019011	0.0	1.0483907428839396	0.06817652007771366
r0407	-0.9191986084402513	0.2050031409566021	-0.9191986084402513	0.7949968590433979	45.24776	11.068472326932325	54.10784666666666	7.956549495789966	0.0	0.8362513533157299	-0.25799145440045373
PRPPS	-2.523665105798579	0.0325510630366292	-2.523665105798579	0.9674489369633708	33.29793	11.653843270829867	55.92808666666667	5.000853368805058	-1.0	0.5953704477404496	-0.7481404822405568
G6PDH2r	-18.307822318946734	2.6180948982950104e-05	-18.307822318946734	0.999973819051017	54.52883666666667	13.785244152190009	354.4349399999999	18.61885185240128	-1.0	0.15384723827359312	-2.700429548939355
PGL	0.5523867518080656	0.6949520498069349	0.5523867518080656	0.3050479501930651	66.84778333333333	11.13923906698698	61.38547	8.454872115638414	0.0	1.088983815442536	0.12298251277446945
GND	-1.4859599328326212	0.1057398459603563	-1.4859599328326212	0.8942601540396438	65.40235666666666	23.60444045408453	91.65727333333332	8.197151052417883	0.0	0.7135533743057744	-0.48690674652305016
RPI	-6.495224044733485	0.0014489498691874	-6.495224044733485	0.9985510501308124	3.83033	1.255651899559216	10.351593333333332	0.6628773727889303	-1.0	0.37002322991822845	-1.4343122494543747
TKT2_f	3.967298844816593	0.9917119568352958	3.967298844816593	0.0082880431647041	360.3257066666667	67.02471702112156	172.14502666666667	2.7306463386816606	1.0	2.0931519988920972	1.065677079909729
TKT2_b	3.967298844816593	0.9917119568352958	3.967298844816593	0.0082880431647041	360.3257066666667	67.02471702112156	172.14502666666667	2.7306463386816606	1.0	2.0931519988920972	1.065677079909729
RPE_f	-2.768111816140328	0.0252142292621692	-2.768111816140328	0.9747857707378308	36.5147	8.152718785301012	56.62091333333333	6.249031038538872	-1.0	0.6448977568594502	-0.6328576434431186
RPE_b	-2.768111816140328	0.0252142292621692	-2.768111816140328	0.9747857707378308	36.5147	8.152718785301012	56.62091333333333	6.249031038538872	-1.0	0.6448977568594502	-0.6328576434431186
TKT1_f	3.967298844816593	0.9917119568352958	3.967298844816593	0.0082880431647041	360.3257066666667	67.02471702112156	172.14502666666667	2.7306463386816606	1.0	2.0931519988920972	1.065677079909729
TKT1_b	3.967298844816593	0.9917119568352958	3.967298844816593	0.0082880431647041	360.3257066666667	67.02471702112156	172.14502666666667	2.7306463386816606	1.0	2.0931519988920972	1.065677079909729
TALA_f	-6.683417546480148	0.0013029787099635	-6.683417546480148	0.9986970212900363	63.35532333333334	9.269566964773611	133.61495333333335	11.623326471753058	-1.0	0.47416342073090323	-1.0765437242767315
TALA_b	-6.683417546480148	0.0013029787099635	-6.683417546480148	0.9986970212900363	63.35532333333334	9.269566964773611	133.61495333333335	11.623326471753058	-1.0	0.47416342073090323	-1.0765437242767315
r0408	0.0205687914497309	0.5077126170140511	0.0205687914497309	0.4922873829859487	103.33859	28.96771942048712	102.86153	15.386289425649926	0.0	1.004637885514633	0.006675586068518152
PDHm	-3.4128783149810955	0.0134779809374691	-3.4128783149810955	0.9865220190625308	2.7978400000000003	0.6780849576564872	4.575843333333333	0.2881282725145557	-1.0	0.6114370174386798	-0.7097241968028685
PCm	1.243848286242771	0.8592650919011826	1.243848286242771	0.1407349080988174	8.51182	0.6415158548833116	7.217916666666666	1.3238823943823548	0.0	1.1792627143104546	0.2378851554774385
PEPCK_re					0.0	0.0	0.0	0.0	0.0		
CSm	-2.057640651082626	0.0543715897761492	-2.057640651082626	0.9456284102238508	51.53575333333333	27.200402482866973	98.48205	17.35629268613164	0.0	0.5233009805678632	-0.934287132592353
ACONTm_f	-0.4936922039903278	0.323701505589558	-0.4936922039903278	0.676298494410442	10.886616666666669	4.700753812303819	13.00613	3.84263400397002	0.0	0.8370373559749648	-0.25663608492271694
ACONTm_b	-0.4936922039903278	0.323701505589558	-0.4936922039903278	0.676298494410442	10.886616666666669	4.700753812303819	13.00613	3.84263400397002	0.0	0.8370373559749648	-0.25663608492271694
ICDHxm	-0.4999600447244099	0.3216778578040135	-0.4999600447244099	0.6783221421959866	5.68516	4.07798435904308	7.210633333333334	1.4105213105404997	0.0	0.788441144790795	-0.34292502951969145
ICDHym_f	-26.51922531553196	6.00858473631479e-06	-26.51922531553196	0.9999939914152636	23.215823333333333	3.1854907258310385	127.27230000000002	4.543705884348887	-1.0	0.18241065285481076	-2.4547381089591296
ICDHym_b	-26.51922531553196	6.00858473631479e-06	-26.51922531553196	0.9999939914152636	23.215823333333333	3.1854907258310385	127.27230000000002	4.543705884348887	-1.0	0.18241065285481076	-2.4547381089591296
AKGDm	2.259830671963305	0.9566516510852048	2.259830671963305	0.0433483489147953	9.47343	1.6580579828823845	6.173923333333332	1.230626432251297	1.0	1.534426245439826	0.6176993021123593
SUCOAS1m_f	-0.5749386135152896	0.2980620336854043	-0.5749386135152896	0.7019379663145957	1.84856	0.6729100846819481	2.143963333333333	0.2741759407549992	0.0	0.862216238150839	-0.21387836178514222
SUCOAS1m_b	-0.5749386135152896	0.2980620336854043	-0.5749386135152896	0.7019379663145957	1.84856	0.6729100846819481	2.143963333333333	0.2741759407549992	0.0	0.862216238150839	-0.21387836178514222
SUCD1m	0.0200650294298994	0.5075237549865508	0.0200650294298994	0.4924762450134492	17.951523333333334	4.393606675775862	17.871723333333332	3.51146278110546	0.0	1.0044651541718512	0.006427516509785942
FUMm_f	5.701865340054551	0.9976619109858644	5.701865340054551	0.0023380890141353	68.87960333333334	7.720184833073766	36.53460666666666	2.181260373535346	1.0	1.8853248910485056	0.9148131592052977
FUMm_b	5.701865340054551	0.9976619109858644	5.701865340054551	0.0023380890141353	68.87960333333334	7.720184833073766	36.53460666666666	2.181260373535346	1.0	1.8853248910485056	0.9148131592052977
MDHm_f	-2.312166348227088	0.0409186642563853	-2.312166348227088	0.9590813357436144	98.15833666666668	67.91909751960604	217.65714333333327	27.00336811073554	-1.0	0.45097686739525517	-1.148874661739446
MDHm_b	-2.312166348227088	0.0409186642563853	-2.312166348227088	0.9590813357436144	98.15833666666668	67.91909751960604	217.65714333333327	27.00336811073554	-1.0	0.45097686739525517	-1.148874661739446
ME1m	2.149156815624879	0.950962827104474	2.149156815624879	0.049037172895526	5.34101	1.4120513093604874	3.153513333333333	0.2794736744111847	1.0	1.693669705957588	0.7601525523335835
ME2m	-4.341225471492458	0.006120572368467	-4.341225471492458	0.9938794276315328	0.0545166666666666	0.0138743944812817	0.1480233333333333	0.02711785922393	-1.0	0.3682977908888235	-1.441055351147668
ME2	0.6421771144215876	0.7221435990483519	0.6421771144215876	0.2778564009516481	3.7649	1.0718455919891945	3.268826666666667	0.2112313594668702	0.0	1.1517588370138927	0.20383866724293537
ACITL	1.6937069270866263	0.917214138689304	1.6937069270866263	0.082785861310696	46.98083	11.250031775815865	31.939173333333333	5.583714306100874	0.0	1.4709469625179195	0.5567452287192993
FUM_f	5.701865340054551	0.9976619109858644	5.701865340054551	0.0023380890141353	68.87960333333334	7.720184833073766	36.53460666666666	2.181260373535346	1.0	1.8853248910485056	0.9148131592052977
FUM_b	5.701865340054551	0.9976619109858644	5.701865340054551	0.0023380890141353	68.87960333333334	7.720184833073766	36.53460666666666	2.181260373535346	1.0	1.8853248910485056	0.9148131592052977
MDH_f	2.0663523670034154	0.9461628656515276	2.0663523670034154	0.0538371343484725	121.82471	17.008061378275883	95.97335	4.874149574089824	0.0	1.2693597753959824	0.34410103105126766
MDH_b	2.0663523670034154	0.9461628656515276	2.0663523670034154	0.0538371343484725	121.82471	17.008061378275883	95.97335	4.874149574089824	0.0	1.2693597753959824	0.34410103105126766
AKGMALtm_f	-8.960346033947674	0.0004291355286828	-8.960346033947674	0.9995708644713172	66.32329333333334	8.735291968027683	262.0721833333333	29.6344650997813	-1.0	0.2530726172070532	-1.9823766805117036
AKGMALtm_b	-8.960346033947674	0.0004291355286828	-8.960346033947674	0.9995708644713172	66.32329333333334	8.735291968027683	262.0721833333333	29.6344650997813	-1.0	0.2530726172070532	-1.9823766805117036
ACONT	2.688279947965474	0.9726221465976568	2.688279947965474	0.0273778534023433	5.097563333333333	1.1237031324845344	2.8454833333333336	0.3753775825603986	1.0	1.7914578074023741	0.8411340654475205
ICDHyr	5.370703193204373	0.9970977062045868	5.370703193204373	0.0029022937954131	82.18729	15.906242188180924	21.745516666666663	0.5435828011955088	1.0	3.7795050474005762	1.9181973158181556
PPA	1.5828139404820722	0.905684593526012	1.5828139404820722	0.094315406473988	125.85272666666668	30.483811773080845	91.28341333333331	4.974401956713546	0.0	1.3787031189017769	0.4633118295861379
Complex1ROS	-3.972130634557263	0.0082546315541587	-3.972130634557263	0.9917453684458412	0.2633399999999999	0.0765959428864653	0.5608066666666667	0.0731410857331378	-1.0	0.46957359042331864	-1.090576823655581
FADH2ETC	-2.5042559746534	0.0332318311500011	-2.5042559746534	0.9667681688499988	4.65811	0.905553609567098	6.330836666666666	0.268880174592492	-1.0	0.735781105288348	-0.44265146622094786
CYOR_u10mi	2.0891771352189843	0.9475358699856932	2.0891771352189843	0.0524641300143068	15.126473333333331	2.3510582736338583	10.808703333333334	1.736459134221771	0.0	1.3994715986592283	0.4848822086762742
CYOOm2i	1.2878240831646333	0.8663690821986654	1.2878240831646333	0.1336309178013345	101.23583666666666	20.45336766933721	79.87480333333333	11.485272880999483	0.0	1.2674314357205927	0.3419077038192255
ATPS4mi	1.6386553122239198	0.9116861412749848	1.6386553122239198	0.0883138587250153	31.60823666666667	8.502766440045	19.04692	6.725070075411853	0.0	1.6594933284051527	0.7307428294185336
GLUCYS	0.1058549348983253	0.5396032057115463	0.1058549348983253	0.4603967942884537	3.9288	1.2627442000922702	3.833243333333333	0.1877764582925369	0.0	1.0249284113627017	0.03552314467816273
GTHS	1.1217333286796591	0.8376194210777401	1.1217333286796591	0.1623805789222598	36.23929999999999	2.628758125503371	33.428149999999995	2.377072511991729	0.0	1.084095290944907	0.11649157378725239
SPODMm	3.3585490610848145	0.9858285151215652	3.3585490610848145	0.0141714848784349	8.173463333333332	1.9582027384029688	3.46724	0.3042028732058042	1.0	2.357339939933011	1.237159817261258
GTHPi	119.457480203898	0.9999999852746716	119.457480203898	1.472532845561936e-08	6749.106586666666	5.166847461036713	1638.2625133333331	60.284405349873154	1.0	4.1196734538803685	2.0425299866468287
GTHPm	35.646661055830585	0.9999981517074	35.646661055830585	1.8482925998974927e-06	6476.364129999999	203.2672446140056	1127.7504700000002	60.906538670261526	1.0	5.742727936969956	2.5217362153402427
GDR	-4.462967471138574	0.0055674035475054	-4.462967471138574	0.9944325964524944	11.82044	1.746270746247557	20.04368333333333	1.934043384076192	-1.0	0.5897339228235663	-0.761863911272341
GTHOr	-4.462967471138574	0.0055674035475054	-4.462967471138574	0.9944325964524944	11.82044	1.746270746247557	20.04368333333333	1.934043384076192	-1.0	0.5897339228235663	-0.761863911272341
GDRm	-4.462967471138574	0.0055674035475054	-4.462967471138574	0.9944325964524944	11.82044	1.746270746247557	20.04368333333333	1.934043384076192	-1.0	0.5897339228235663	-0.761863911272341
GTHOm	-4.462967471138574	0.0055674035475054	-4.462967471138574	0.9944325964524944	11.82044	1.746270746247557	20.04368333333333	1.934043384076192	-1.0	0.5897339228235663	-0.761863911272341
r0885	-2.575375709992845	0.0308138271303125	-2.575375709992845	0.9691861728696874	14.531996666666666	4.709455362950394	27.635996666666667	5.440622919913574	-1.0	0.5258358090697892	-0.9273157030107025
PYRt2m_f	5.545134345376032	0.99741341902758	5.545134345376032	0.0025865809724198	113.87540666666666	15.024616860921578	51.494773333333335	5.231502543249141	1.0	2.21139737676937	1.1449582933506557
PYRt2m_b	5.545134345376032	0.99741341902758	5.545134345376032	0.0025865809724198	113.87540666666666	15.024616860921578	51.494773333333335	5.231502543249141	1.0	2.21139737676937	1.1449582933506557
HMR_4964	4.752209205009707	0.9955218318475542	4.752209205009707	0.0044781681524458	958.4784166666668	51.68920543971912	714.17486	51.126088242319085	1.0	1.3420780684812497	0.4244685953345784
r2420	1.6202725441042372	0.9097554833566932	1.6202725441042372	0.0902445166433068	565.1561666666666	79.65168564066609	473.75505	4.472133643650053	0.0	1.1929290604219769	0.25450825324236764
ATPtm	-9.707914284519696	0.0003151404020782	-9.707914284519696	0.9996848595979216	1429.28418	330.8252376796282	4005.800523333333	177.29327991303137	-1.0	0.3568036330502685	-1.4867977897274598
FUMtm_f	-2.575375709992845	0.0308138271303125	-2.575375709992845	0.9691861728696874	14.531996666666666	4.709455362950394	27.635996666666667	5.440622919913574	-1.0	0.5258358090697892	-0.9273157030107025
FUMtm_b	-2.575375709992845	0.0308138271303125	-2.575375709992845	0.9691861728696874	14.531996666666666	4.709455362950394	27.635996666666667	5.440622919913574	-1.0	0.5258358090697892	-0.9273157030107025
CO2tm_f					1.0	0.0	1.0	0.0	0.0	1.0	0.0
CO2tm_b					1.0	0.0	1.0	0.0	0.0	1.0	0.0
O2tm					1.0	0.0	1.0	0.0	0.0	1.0	0.0
r0801_f	-0.2719341090589619	0.3995658235214808	-0.2719341090589619	0.6004341764785192	19.101740000000003	1.9549684153117832	20.19509333333333	5.339422960722336	0.0	0.9458604466299408	-0.08030075255593133
r0801_b	-0.2719341090589619	0.3995658235214808	-0.2719341090589619	0.6004341764785192	19.101740000000003	1.9549684153117832	20.19509333333333	5.339422960722336	0.0	0.9458604466299408	-0.08030075255593133
THD1m	-0.1160217553871265	0.4566134257645079	-0.1160217553871265	0.5433865742354922	3.96753	0.7571799221233131	4.05622	0.7716032413531368	0.0	0.9781348151727471	-0.031894771042282735
H2Otm_f	-1.4497429986392816	0.1103649706671048	-1.4497429986392816	0.8896350293328952	0.0407166666666666	0.0293457235196014	0.11733	0.0687332471709773	0.0	0.3470269041734135	-1.5268805790206412
H2Otm_b	-1.4497429986392816	0.1103649706671048	-1.4497429986392816	0.8896350293328952	0.0407166666666666	0.0293457235196014	0.11733	0.0687332471709773	0.0	0.3470269041734135	-1.5268805790206412
NH4tm_f					1.0	0.0	1.0	0.0	0.0	1.0	0.0
NH4tm_b					1.0	0.0	1.0	0.0	0.0	1.0	0.0
HCO3E	19.446075468113484	0.999979385374544	19.446075468113484	2.0614625455891512e-05	258.6990633333333	16.048099077885283	34.93922	2.695563823037152	1.0	7.404259835604038	2.8883555241873937
HCO3Em	1.9368935873523343	0.9375889242137542	1.9368935873523343	0.0624110757862458	0.4374	0.0632262809281077	0.3426333333333333	0.0281099227241121	0.0	1.2765833252261896	0.352287708498849
GLUN	1.157398983063654	0.8442422248482739	1.157398983063654	0.1557577751517261	10.03258	4.184203837553806	6.406666666666666	1.4565230277692909	0.0	1.5659594172736733	0.6470468248533026
GLNS	5.6771865904629335	0.9976247888460688	5.6771865904629335	0.0023752111539312	987.2912666666668	221.6372223591632	96.15372333333332	12.447863522694254	1.0	10.267842288790554	3.3600611366878597
GLUt2m	-6.0199678595661545	0.0019177658245365	-6.0199678595661545	0.9980822341754636	35.36752	5.009223115141376	59.86750666666666	2.834433895346458	-1.0	0.590763203099823	-0.7593481272116717
GLNtm_1					1.0	0.0	1.0	0.0	0.0	1.0	0.0
GLUNm	1.1926241964524766	0.8505367674874503	1.1926241964524766	0.1494632325125496	10.344476666666669	4.250586403288636	6.546756666666667	1.4874635212408478	0.0	1.5800918215482784	0.6600083980499998
GLUPRT	-3.9565040595144807	0.0083632774956848	-3.9565040595144807	0.9916367225043152	5.1331	1.8272847711472529	11.912493333333332	1.5915597892284437	-1.0	0.43090055594294846	-1.2145731350892934
PRAGSr	-1.5500373177025848	0.0980329010645205	-1.5500373177025848	0.9019670989354794	26.306933333333333	10.843617866543536	40.22538333333333	6.608800264124262	0.0	0.6539883812998675	-0.6126630897296927
GARFT	-1.5500373177025848	0.0980329010645205	-1.5500373177025848	0.9019670989354794	26.306933333333333	10.843617866543536	40.22538333333333	6.608800264124262	0.0	0.6539883812998675	-0.6126630897296927
PRFGS	-2.132421647223383	0.0499676899767802	-2.132421647223383	0.9500323100232198	18.667136666666664	1.767957724161474	24.302983333333334	3.293100489531948	-1.0	0.7681006241346225	-0.3806327729634721
PRAIS	-1.5500373177025848	0.0980329010645205	-1.5500373177025848	0.9019670989354794	26.306933333333333	10.843617866543536	40.22538333333333	6.608800264124262	0.0	0.6539883812998675	-0.6126630897296927
AIRCr	-3.627360145088392	0.0111058870371248	-3.627360145088392	0.9888941129628752	105.58597000000002	24.950239211359616	171.01986666666667	5.319356276808519	-1.0	0.6173900848946205	-0.6957457810114596
PRASCSi	-3.627360145088392	0.0111058870371248	-3.627360145088392	0.9888941129628752	105.58597000000002	24.950239211359616	171.01986666666667	5.319356276808519	-1.0	0.6173900848946205	-0.6957457810114596
ADSL2r	0.5593398949341378	0.6971168842909952	0.5593398949341378	0.3028831157090048	2.022253333333333	0.6360994815453179	1.77016	0.0404314168273468	0.0	1.142412738584836	0.1920839714813206
AICART	-3.934756512534229	0.0085173536775429	-3.934756512534229	0.9914826463224572	36.59657333333333	12.646532577146283	75.56781	6.021446982561582	-1.0	0.4842878645462047	-1.046063243049137
IMPC	-3.934756512534229	0.0085173536775429	-3.934756512534229	0.9914826463224572	36.59657333333333	12.646532577146283	75.56781	6.021446982561582	-1.0	0.4842878645462047	-1.046063243049137
ADSS	12.616489723799209	0.9998863960875352	12.616489723799209	0.0001136039124648	26.784386666666663	1.1951636638924763	15.598926666666664	0.3789631215420423	1.0	1.7170660032591987	0.7799454969664583
ADSL1r	0.5593398949341378	0.6971168842909952	0.5593398949341378	0.3028831157090048	2.022253333333333	0.6360994815453179	1.77016	0.0404314168273468	0.0	1.142412738584836	0.1920839714813206
IMPDH2	0.0436905900821129	0.5163774589537437	0.0436905900821129	0.4836225410462563	510.8497766666666	46.65165314800061	508.74898666666667	49.47363581541544	0.0	1.004129325178148	0.0059450907804532716
GMPS	-9.134920741102588	0.0003984543700884	-9.134920741102588	0.9996015456299115	11.227150000000002	3.219050252615928	37.29918333333334	2.435068609934615	-1.0	0.301002568867683	-1.7321522953547028
GMPS2	-9.134920741102588	0.0003984543700884	-9.134920741102588	0.9996015456299115	11.227150000000002	3.219050252615928	37.29918333333334	2.435068609934615	-1.0	0.301002568867683	-1.7321522953547028
GK1	3.0059387281923966	0.9801455706036905	3.0059387281923966	0.0198544293963095	217.26895666666667	37.962777162912566	136.10994333333332	4.096300944676262	1.0	1.5962754178405238	0.6747095924576897
RNDR2	-4.500654704460291	0.0054085630713978	-4.500654704460291	0.9945914369286022	6.668783333333333	4.922404583211565	41.32658666666666	9.714362368364116	-1.0	0.16136787165905148	-2.631574728242757
ADK1	6.886465694098668	0.9988347396152863	6.886465694098668	0.0011652603847135	57.36313333333334	4.736376745778946	34.06773333333334	0.6731563577819206	1.0	1.6837965934530426	0.7517178680119063
RNDR1	-4.500654704460291	0.0054085630713978	-4.500654704460291	0.9945914369286022	6.668783333333333	4.922404583211565	41.32658666666666	9.714362368364116	-1.0	0.16136787165905148	-2.631574728242757
CBPS	-1.8305756587537672	0.0705666143468739	-1.8305756587537672	0.929433385653126	29.73268	6.433607736260168	45.29455000000001	10.156052952740382	0.0	0.6564295262895866	-0.6072879619566249
ASPCT	-1.8305756587537672	0.0705666143468739	-1.8305756587537672	0.929433385653126	29.73268	6.433607736260168	45.29455000000001	10.156052952740382	0.0	0.6564295262895866	-0.6072879619566249
DHORTS	-1.8305756587537672	0.0705666143468739	-1.8305756587537672	0.929433385653126	29.73268	6.433607736260168	45.29455000000001	10.156052952740382	0.0	0.6564295262895866	-0.6072879619566249
DHORD9	-11.461338315273938	0.0001653692287193	-11.461338315273938	0.9998346307712808	7.4979	1.3411125278911786	20.57174	0.8965304942945334	-1.0	0.3644757322423869	-1.4561053355864466
ORPT	-5.630522517589124	0.0024473983192056	-5.630522517589124	0.9975526016807944	12.330666666666666	7.05525290905688	53.247816666666665	7.472798802342324	-1.0	0.23157131012257465	-2.1104715691412768
OMPDC	-5.630522517589124	0.0024473983192056	-5.630522517589124	0.9975526016807944	12.330666666666666	7.05525290905688	53.247816666666665	7.472798802342324	-1.0	0.23157131012257465	-2.1104715691412768
UMPK	2.638611596063666	0.9711679736268088	2.638611596063666	0.028832026373191	42.78416333333333	8.292791554715187	24.65074333333333	5.068289210751713	1.0	1.7356135169960394	0.7954457270515848
RNDR4	-4.500654704460291	0.0054085630713978	-4.500654704460291	0.9945914369286022	6.668783333333333	4.922404583211565	41.32658666666666	9.714362368364116	-1.0	0.16136787165905148	-2.631574728242757
TMDS	-2.423183337623528	0.0362565233822992	-2.423183337623528	0.9637434766177008	16.846026666666667	5.307145441241354	28.423806666666668	4.182257383442051	-1.0	0.5926731371425502	-0.7546914259249371
URIDK2r	-1.4051312807788	0.1163423958944369	-1.4051312807788	0.883657604105563	47.48305333333333	17.439663299565797	65.30329666666667	4.187802908457951	0.0	0.727115716312229	-0.45974311579743377
NDPK2	0.0960298914979006	0.5359421917889007	0.0960298914979006	0.4640578082110993	348.4374833333333	101.2503326585621	340.2984633333333	64.14992826657999	0.0	1.0239172987155913	0.03409919429184219
NDPK3_f	0.0960298914979006	0.5359421917889007	0.0960298914979006	0.4640578082110993	348.4374833333333	101.2503326585621	340.2984633333333	64.14992826657999	0.0	1.0239172987155913	0.03409919429184219
NDPK3_b	0.0960298914979006	0.5359421917889007	0.0960298914979006	0.4640578082110993	348.4374833333333	101.2503326585621	340.2984633333333	64.14992826657999	0.0	1.0239172987155913	0.03409919429184219
CYTK1_r	2.638611596063666	0.9711679736268088	2.638611596063666	0.028832026373191	42.78416333333333	8.292791554715187	24.65074333333333	5.068289210751713	1.0	1.7356135169960394	0.7954457270515848
CTPS1	0.2237637078175973	0.5830474385371209	0.2237637078175973	0.4169525614628791	30.11805	8.853242238144547	28.54911	4.465979033590135	0.0	1.0549558287456247	0.0771825942085527
RNDR3	-4.500654704460291	0.0054085630713978	-4.500654704460291	0.9945914369286022	6.668783333333333	4.922404583211565	41.32658666666666	9.714362368364116	-1.0	0.16136787165905148	-2.631574728242757
GDHm	-1.5005246229468676	0.1039355546207942	-1.5005246229468676	0.8960644453792058	57.27625333333333	11.002342292246482	69.22726	2.411772615498126	0.0	0.8273655975021015	-0.273403124436591
GLUDym_f	-1.5005246229468676	0.1039355546207942	-1.5005246229468676	0.8960644453792058	57.27625333333333	11.002342292246482	69.22726	2.411772615498126	0.0	0.8273655975021015	-0.273403124436591
GLUDym_b	-1.5005246229468676	0.1039355546207942	-1.5005246229468676	0.8960644453792058	57.27625333333333	11.002342292246482	69.22726	2.411772615498126	0.0	0.8273655975021015	-0.273403124436591
ASPTA_f	0.8910477504392907	0.7883712237737133	0.8910477504392907	0.2116287762262867	33.93216	5.807392268072362	30.23361333333333	0.8556922345615211	0.0	1.1223322738797128	0.16649985857697858
ASPTA_b	0.8910477504392907	0.7883712237737133	0.8910477504392907	0.2116287762262867	33.93216	5.807392268072362	30.23361333333333	0.8556922345615211	0.0	1.1223322738797128	0.16649985857697858
ASPTAm	2.6921153858024063	0.9727308779679956	2.6921153858024063	0.0272691220320042	110.61321666666667	16.744464542935443	76.58952666666666	6.250984815559507	1.0	1.4442342377708912	0.530304749333493
ASPGLUm	-3.78764456583368	0.009654020637802	-3.78764456583368	0.990345979362198	3.46383	0.7085968800853321	6.065416666666667	0.6644151524126731	-1.0	0.5710786563165487	-0.8082386290493363
ASPT	5.701865340054551	0.9976619109858644	5.701865340054551	0.0023380890141353	68.87960333333334	7.720184833073766	36.53460666666666	2.181260373535346	1.0	1.8853248910485056	0.9148131592052977
CBPSam	-10.851127742086325	0.000204655864865	-10.851127742086325	0.9997953441351348	0.0096366666666666	0.0046044061023714	0.6597066666666667	0.0845975796869443	-1.0	0.01460750232426523	-6.097146670938074
OCBTm					0.0	0.0	0.0	0.0	0.0		
ORNt4m	-4.823958043144767	0.0042492592898313	-4.823958043144767	0.9957507407101688	1.1230566666666666	0.7378121808126752	10.396736666666667	2.616685113934974	-1.0	0.10802011272126733	-3.2106281360013136
ARGSS	-2.7118173697602725	0.0267183824967934	-2.7118173697602725	0.9732816175032064	83.06081333333333	11.846062960745888	116.34619	12.687889685239227	-1.0	0.7139109010216262	-0.48618406359550403
ARGSL	-0.6759932398187559	0.2680567131227289	-0.6759932398187559	0.7319432868772711	5.013896666666667	2.0936124362344515	6.6327533333333335	2.662095376507428	0.0	0.755929915480047	-0.403675610806579
ARGN	-1.1703522811069318	0.1534149229593215	-1.1703522811069318	0.8465850770406784	0.1174399999999999	0.084003911020063	0.2460233333333333	0.1307094034702766	0.0	0.47735309658975406	-1.0668712767744524
ORNDC	-0.9264366410404992	0.2033278461440769	-0.9264366410404992	0.796672153855923	135.32763	66.03195515129978	184.5859533333333	35.969527020425986	0.0	0.7331415395169291	-0.44783634448634196
SPMS	2.130851815978924	0.9499440229639302	2.130851815978924	0.0500559770360697	405.4768333333333	25.99546282845569	351.1940233333333	24.943066297814223	0.0	1.1545664401824909	0.2073511962075561
SPRMS	2.534868121659241	0.9678346194327212	2.534868121659241	0.0321653805672786	464.37997	29.219043329250194	393.1726566666666	26.91599574169523	1.0	1.1811095256140949	0.24014275367136195
ADMDC	-1.4142203355672074	0.1150988988289555	-1.4142203355672074	0.8849011011710445	45.85030333333333	15.949322492102567	68.73440333333333	16.410244625640278	0.0	0.6670648337627721	-0.5841011073869253
MTAP	-1.5467788095074404	0.0984106150887332	-1.5467788095074404	0.9015893849112668	0.0165333333333333	0.0164279037683516	0.03868	0.0118376546100427	0.0	0.4274388142019984	-1.2262101749237628
ADPT	-4.742833724636585	0.0045091756347703	-4.742833724636585	0.9954908243652296	896.7930266666666	48.40405380606212	1447.1697133333334	156.8100696795569	-1.0	0.6196875310505506	-0.6903871552570631
MTRI					1.0	0.0	1.0	0.0	0.0	1.0	0.0
MDRPD	1.956871067503784	0.9390041983480388	1.956871067503784	0.0609958016519612	0.6429033333333334	0.2416373197353606	0.2900233333333333	0.0815369856091223	0.0	2.216729688415875	1.1484328563765471
DKMPPD					1.0	0.0	1.0	0.0	0.0	1.0	0.0
SPMDtex2					1.0	0.0	1.0	0.0	0.0	1.0	0.0
SPRMti					1.0	0.0	1.0	0.0	0.0	1.0	0.0
GLYAMDTRc	-1.4092641335801084	0.1157753198852231	-1.4092641335801084	0.8842246801147768	0.0572633333333333	0.0314721308814993	0.0890466666666666	0.0051762298592272	0.0	0.6430710488882235	-0.6369499541986852
ARGDr					1.0	0.0	1.0	0.0	0.0	1.0	0.0
r0074_f	-13.45515162765859	8.825540082604456e-05	-13.45515162765859	0.999911744599174	2.00201	0.1033062924834042	6.89818	0.5041398179738101	-1.0	0.2902229283666126	-1.784766594317564
r0074_b	-13.45515162765859	8.825540082604456e-05	-13.45515162765859	0.999911744599174	2.00201	0.1033062924834042	6.89818	0.5041398179738101	-1.0	0.2902229283666126	-1.784766594317564
GLU5SAtmc_f					1.0	0.0	1.0	0.0	0.0	1.0	0.0
GLU5SAtmc_b					1.0	0.0	1.0	0.0	0.0	1.0	0.0
G5SADs_f	-13.45515162765859	8.825540082604456e-05	-13.45515162765859	0.999911744599174	2.00201	0.1033062924834042	6.89818	0.5041398179738101	-1.0	0.2902229283666126	-1.784766594317564
G5SADs_b	-13.45515162765859	8.825540082604456e-05	-13.45515162765859	0.999911744599174	2.00201	0.1033062924834042	6.89818	0.5041398179738101	-1.0	0.2902229283666126	-1.784766594317564
PRO1x	3.64590760912001	0.9890748590619538	3.64590760912001	0.0109251409380462	151.65198666666666	27.135745586506776	74.34441666666666	12.761842054714863	1.0	2.039857106507662	1.0284680938864066
P5CR	3.64590760912001	0.9890748590619538	3.64590760912001	0.0109251409380462	151.65198666666666	27.135745586506776	74.34441666666666	12.761842054714863	1.0	2.039857106507662	1.0284680938864066
PROD2					0.0	0.0	0.0	0.0	0.0		
EXRiboflavin					1.0	0.0	1.0	0.0	0.0	1.0	0.0
RBFK	-2.822273345703702	0.0238589029426248	-2.822273345703702	0.9761410970573752	25.741253333333333	7.675121836172301	47.37363333333334	7.65461983232058	-1.0	0.5433666688009996	-0.8800020244145991
FMNAT	-0.9300050309861392	0.2025061582104196	-0.9300050309861392	0.7974938417895804	74.68006999999999	7.897188985763647	80.76898	4.833790281776812	0.0	0.9246132611802202	-0.11307804044487162
TransportFAD					1.0	0.0	1.0	0.0	0.0	1.0	0.0
ASNS1	-0.5056357795970697	0.3198518018439372	-0.5056357795970697	0.6801481981560629	0.8845066666666668	0.1022934277241483	0.9751066666666668	0.2318345444971957	0.0	0.9070870879083314	-0.14068702675542435
ASNN	-12.50006372365934	0.0001178056712072	-12.50006372365934	0.9998821943287928	0.02212	0.0071408869663835	2.2082	0.2472223490436628	-1.0	0.010017208586178787	-6.641375649298747
METS	-4.200523549040284	0.006845021883596	-4.200523549040284	0.993154978116404	2.056823333333333	0.6557298054500462	4.35615	0.4114500349576684	-1.0	0.4721654059968855	-1.0826357509595455
METAT	0.3969105694776177	0.6441502593170085	0.3969105694776177	0.3558497406829913	38.93566666666666	14.137500200158758	34.82417	3.839064817278638	0.0	1.1180644554246852	0.16100336066868673
HMR_3915					1.0	0.0	1.0	0.0	0.0	1.0	0.0
AHCi	1.956871067503784	0.9390041983480388	1.956871067503784	0.0609958016519612	0.6429033333333334	0.2416373197353606	0.2900233333333333	0.0815369856091223	0.0	2.216729688415875	1.1484328563765471
ADNK1	2.250397821387769	0.9561967155164508	2.250397821387769	0.0438032844835492	2.5843133333333337	0.4965436943736394	1.7784733333333334	0.09948920254089	1.0	1.4531077216039225	0.53914165662749
CYSTS	-15.589860677662202	4.94233988165399e-05	-15.589860677662202	0.9999505766011836	0.4067033333333333	0.1268164196344026	9.932156666666666	0.8547322344583841	-1.0	0.04094813915876612	-4.610058298040772
CYSTGL	13.375829736744498	0.9999096711515576	13.375829736744498	9.032884844231164e-05	10.223406666666667	0.8689287843597361	1.7139266666666668	0.2332836145600934	1.0	5.964903204726768	2.576498726823484
MTHFR3	0.5557561624666046	0.6960023153262609	0.5557561624666046	0.3039976846737391	4.18156	0.4557502157980839	3.93746	0.4220457535228459	0.0	1.0619942805768186	0.08677599645686912
MetSynthesis					1.0	0.0	1.0	0.0	0.0	1.0	0.0
UNK3					1.0	0.0	1.0	0.0	0.0	1.0	0.0
5MTHFt	0.9671944422677012	0.8058913950839873	0.9671944422677012	0.1941086049160127	0.8226966666666667	0.3969512124794291	0.5113833333333334	0.2227859981137853	0.0	1.6087670697128702	0.6859554561441641
ILETA	7.106792568588071	0.9989644515167908	7.106792568588071	0.001035548483209	6.7067033333333335	1.2626953668596752	0.3303299999999999	0.124965612069881	1.0	20.30304039394949	4.343623883028188
3MOPt2im					1.0	0.0	1.0	0.0	0.0	1.0	0.0
ILETAm	-12.701450664861808	0.000110654989515	-12.701450664861808	0.999889345010485	19.552376666666667	2.314874945180024	41.16323666666667	0.6566625799365233	-1.0	0.4749960948163211	-1.0740124425222761
LEUTA	7.106792568588071	0.9989644515167908	7.106792568588071	0.001035548483209	6.7067033333333335	1.2626953668596752	0.3303299999999999	0.124965612069881	1.0	20.30304039394949	4.343623883028188
4MOPt2im					1.0	0.0	1.0	0.0	0.0	1.0	0.0
LEUTAm	-12.701450664861808	0.000110654989515	-12.701450664861808	0.999889345010485	19.552376666666667	2.314874945180024	41.16323666666667	0.6566625799365233	-1.0	0.4749960948163211	-1.0740124425222761
OIVD1m	-3.509255848783526	0.0123442566298032	-3.509255848783526	0.9876557433701968	0.00971	0.0069869068024889	0.0740966666666666	0.0249891394187332	-1.0	0.13104503126546416	-2.931865441751909
ACOAD8m	-0.9573362546092364	0.1963052145222096	-0.9573362546092364	0.8036947854777904	17.931096666666665	1.8541104336281824	19.95562333333333	2.3466162988770773	0.0	0.898548562836173	-0.15433161734065867
MCCCrm	-3.4193633195034248	0.0133979185980325	-3.4193633195034248	0.9866020814019676	2.00584	0.4893645803147861	3.755303333333333	0.5329741895147353	-1.0	0.5341352806830518	-0.9047229146725876
MGCHrm	13.681458964965511	0.9999173429271452	13.681458964965511	8.265707285478926e-05	1.572463333333333	0.0913110436304879	0.6539033333333334	0.0260306413460922	1.0	2.4047336252555165	1.2658770940757293
HMGCOAtm					1.0	0.0	1.0	0.0	0.0	1.0	0.0
VALTA	7.106792568588071	0.9989644515167908	7.106792568588071	0.001035548483209	6.7067033333333335	1.2626953668596752	0.3303299999999999	0.124965612069881	1.0	20.30304039394949	4.343623883028188
3MOBt2im					1.0	0.0	1.0	0.0	0.0	1.0	0.0
VALTAim	-12.701450664861808	0.000110654989515	-12.701450664861808	0.999889345010485	19.552376666666667	2.314874945180024	41.16323666666667	0.6566625799365233	-1.0	0.4749960948163211	-1.0740124425222761
OIVD2m	-3.509255848783526	0.0123442566298032	-3.509255848783526	0.9876557433701968	0.00971	0.0069869068024889	0.0740966666666666	0.0249891394187332	-1.0	0.13104503126546416	-2.931865441751909
ACOAD9m	4.798291602714486	0.9956705255772936	4.798291602714486	0.0043294744227065	32.222166666666666	3.78866848285193	18.95289333333333	0.9700745600668484	1.0	1.7001186098586887	0.7656354004133998
ECOAH12m	-6.419471336062272	0.0015133539429582	-6.419471336062272	0.9984866460570416	171.85999333333334	30.185877889176734	330.89005000000003	17.782672692485427	-1.0	0.5193870088669433	-0.9451181657336315
3HBCOAHLm					1.0	0.0	1.0	0.0	0.0	1.0	0.0
HIBDm	-1.406228775605158	0.116191537720907	-1.406228775605158	0.883808462279093	3.06852	0.57688001271206	3.6851033333333336	0.2274073470424578	0.0	0.832682213343633	-0.26416208754104503
r0643	1.4102943126711769	0.884365603890275	1.4102943126711769	0.115634396109725	197.20815666666667	60.222358443441	135.8015333333333	12.846331634995613	0.0	1.4521791604709424	0.5382194546958372
MMSAD1m	-8.412985131418365	0.0005463647359457	-8.412985131418365	0.9994536352640544	1.2603633333333333	0.3131002602291405	18.685323333333333	2.9123345495362	-1.0	0.06745204837236783	-3.889993934417559
MMTSADm					1.0	0.0	1.0	0.0	0.0	1.0	0.0
PCC					1.0	0.0	1.0	0.0	0.0	1.0	0.0
MMALH					1.0	0.0	1.0	0.0	0.0	1.0	0.0
MMEm	0.4045795029205242	0.6467565704603493	0.4045795029205242	0.3532434295396507	3.674416666666666	0.5542198524252105	3.46221	0.4930165494855794	0.0	1.0612922574502028	0.08582199867830796
MMMm	-6.226955662623946	0.0016935907241981	-6.226955662623946	0.9983064092758018	5.367103333333333	1.1318458567706509	13.014723333333334	1.317428364892081	-1.0	0.41238704779740476	-1.2779290734613962
ILEtmi					1.0	0.0	1.0	0.0	0.0	1.0	0.0
LEUt5m					1.0	0.0	1.0	0.0	0.0	1.0	0.0
VALt5m					1.0	0.0	1.0	0.0	0.0	1.0	0.0
PGCD	-6.834825559896776	0.001198511980693	-6.834825559896776	0.9988014880193068	24.58638333333333	0.975054356991901	42.175806666666666	3.506433106708615	-1.0	0.5829499250043982	-0.7785561326460639
PSERT	4.171051918552552	0.9929903683556892	4.171051918552552	0.0070096316443106	163.89647	41.17207592663017	41.628166666666665	4.840205510253558	1.0	3.9371532095656385	1.9771528543257217
PSP_L	2.797128379465444	0.9755226653316372	2.797128379465444	0.0244773346683628	15.01315	3.204679728407608	8.441506666666667	0.877281863117867	1.0	1.7784917542366052	0.8306542855330017
GHMT2r_f	-1.07520583792077	0.1714071198789036	-1.07520583792077	0.8285928801210963	18.126396666666665	3.567583481203425	21.05800333333333	1.4630585781467838	0.0	0.8607842054034563	-0.21627648887382356
GHMT2r_b	-1.07520583792077	0.1714071198789036	-1.07520583792077	0.8285928801210963	18.126396666666665	3.567583481203425	21.05800333333333	1.4630585781467838	0.0	0.8607842054034563	-0.21627648887382356
SERD_L	-10.19129101879088	0.0002611139043739	-10.19129101879088	0.999738886095626	3.1078166666666664	0.9809699777034748	24.310900000000004	2.7739397966190005	-1.0	0.12783634775621905	-2.9676299982583503
ALATA_L_f	-4.306766622286167	0.0062890670573948	-4.306766622286167	0.9937109329426052	26.888566666666662	0.965634566915571	32.60111333333333	1.6081937530934778	-1.0	0.8247744913415022	-0.2779283812213549
ALATA_L_b	-4.306766622286167	0.0062890670573948	-4.306766622286167	0.9937109329426052	26.888566666666662	0.965634566915571	32.60111333333333	1.6081937530934778	-1.0	0.8247744913415022	-0.2779283812213549
r1435					1.0	0.0	1.0	0.0	0.0	1.0	0.0
GLYtm_r					1.0	0.0	1.0	0.0	0.0	1.0	0.0
GHMT2rm	-3.64817028419934	0.0109033321138483	-3.64817028419934	0.9890966678861516	342.98444	63.48564035445232	560.8733333333333	55.71221278984609	-1.0	0.6115185365679714	-0.709531863985285
MLTHFtm_r					1.0	0.0	1.0	0.0	0.0	1.0	0.0
r0962	1.3892298812136488	0.8814498863376898	1.3892298812136488	0.1185501136623102	30.61949333333333	8.808568276041736	21.214566666666663	3.751241571980609	0.0	1.4433240053610963	0.5293952003536331
FORtm_r					1.0	0.0	1.0	0.0	0.0	1.0	0.0
r0514	-10.874898832501554	0.0002029209099978	-10.874898832501554	0.9997970790900024	16.737196666666666	4.365331253481483	61.37655	3.8265849931847407	-1.0	0.2726969284957637	-1.8746296442450596
DHFRim	-10.874898832501554	0.0002029209099978	-10.874898832501554	0.9997970790900024	16.737196666666666	4.365331253481483	61.37655	3.8265849931847407	-1.0	0.2726969284957637	-1.8746296442450596
FTHFLmi	-6.306880834116246	0.0016157221748491	-6.306880834116246	0.9983842778251508	20.40265666666667	2.016982636817238	51.49497	6.673805235041453	-1.0	0.39620678809341314	-1.3356744971818908
MTHFCm	0.5749395988361258	0.7019382692848715	0.5749395988361258	0.2980617307151286	97.6712	34.70745854052795	82.79544	11.587889316129436	0.0	1.1796688320033084	0.2383819091778175
MTHFDm	-0.5180923334452829	0.3158657546174269	-0.5180923334452829	0.6841342453825732	115.53102333333334	34.52375033419006	128.95966333333334	12.318310347006022	0.0	0.8958694552009661	-0.1586395747200661
FOLR2	-10.874898832501554	0.0002029209099978	-10.874898832501554	0.9997970790900024	16.737196666666666	4.365331253481483	61.37655	3.8265849931847407	-1.0	0.2726969284957637	-1.8746296442450596
DHFR	-10.874898832501554	0.0002029209099978	-10.874898832501554	0.9997970790900024	16.737196666666666	4.365331253481483	61.37655	3.8265849931847407	-1.0	0.2726969284957637	-1.8746296442450596
FTHFLi	-6.61858088256021	0.0013511314649124	-6.61858088256021	0.9986488685350876	17.859826666666667	1.0092582603190436	46.16423	5.963087396933461	-1.0	0.3868758704881824	-1.3700573444278046
FTHFDH	9.807656025420272	0.9996970684154995	9.807656025420272	0.0003029315845003	7.860030000000001	1.1179656206103417	0.10627	0.0139232347774023	1.0	73.96283052601864	6.208728532010632
MTHFC_f	-6.61858088256021	0.0013511314649124	-6.61858088256021	0.9986488685350876	17.859826666666667	1.0092582603190436	46.16423	5.963087396933461	-1.0	0.3868758704881824	-1.3700573444278046
MTHFC_b	-6.61858088256021	0.0013511314649124	-6.61858088256021	0.9986488685350876	17.859826666666667	1.0092582603190436	46.16423	5.963087396933461	-1.0	0.3868758704881824	-1.3700573444278046
MTHFD	-6.338770247458123	0.0015858857160095	-6.338770247458123	0.9984141142839904	22.041386666666668	1.4488521034329984	50.101686666666666	6.090441231363199	-1.0	0.43993302687214925	-1.1846441828502714
MTHFD2i_f	0.5987030916682469	0.7091871665864378	0.5987030916682469	0.2908128334135621	98.76144	34.89962524832132	83.19528666666666	11.575581536393276	0.0	1.1871037886521296	0.2474460755256029
MTHFD2i_b	0.5987030916682469	0.7091871665864378	0.5987030916682469	0.2908128334135621	98.76144	34.89962524832132	83.19528666666666	11.575581536393276	0.0	1.1871037886521296	0.2474460755256029
ACACT1r	-0.2208740655536187	0.4180034135047775	-0.2208740655536187	0.5819965864952225	27.972446666666663	14.60982199837797	30.429600000000004	5.836961382437497	0.0	0.919251211539641	-0.12146892203798028
HMGCOAS	-0.7323110971910232	0.2522882981544145	-0.7323110971910232	0.7477117018455854	23.18535333333333	14.66737407174925	31.28397666666667	5.428700796920834	0.0	0.741125515479543	-0.4322101998254681
HMGCOAR	-0.2787739557698872	0.3971185119528024	-0.2787739557698872	0.6028814880471975	43.01354666666666	12.506261249673656	46.19466666666667	10.19903169358194	0.0	0.9311366391502625	-0.10293520405281012
MEVK1	11.640492555106237	0.9998443443026186	11.640492555106237	0.0001556556973814	29.100203333333337	1.4930819249756158	12.669263333333332	1.3249745232603114	1.0	2.2969136063949	1.199696593777377
PMEVK	-1.2870722055770678	0.1337494298831756	-1.2870722055770678	0.8662505701168244	21.0869	8.905727763108416	29.55179	2.682929775351316	0.0	0.7135574528649533	-0.48689850032802534
IPDDI	-1.3134454988785909	0.1296525950320113	-1.3134454988785909	0.8703474049679887	77.59015666666666	14.442692068106815	91.68752333333332	4.669938662711627	0.0	0.8462455287900496	-0.24085178878107316
DPMVD	2.126828171419277	0.949716942731102	2.126828171419277	0.0502830572688982	84.43490333333334	12.98101715953552	62.993876666666665	5.895359371722436	0.0	1.3403668388297847	0.42262789928884553
DMATT	2.262393625481877	0.9567743421809108	2.262393625481877	0.0432256578190892	10.29079	2.268080179314655	6.0367	1.3882501152890283	1.0	1.7047045571255819	0.7695217269896084
GRTT	2.262393625481877	0.9567743421809108	2.262393625481877	0.0432256578190892	10.29079	2.268080179314655	6.0367	1.3882501152890283	1.0	1.7047045571255819	0.7695217269896084
HMR_1465					1.0	0.0	1.0	0.0	0.0	1.0	0.0
HMR_1467					1.0	0.0	1.0	0.0	0.0	1.0	0.0
SMO	-0.3066342476663406	0.3872103632448092	-0.3066342476663406	0.6127896367551908	143.84948333333332	17.32549530839322	147.75657333333334	4.953493309953655	0.0	0.9735572508765091	-0.038662274517008474
LNSTLS	8.265348438992794	0.999415423944018	8.265348438992794	0.0005845760559819	22.30006	1.8171318442167776	8.305670000000001	1.5593191768418253	1.0	2.684920060633278	1.4248791348234315
HMR_1477	-1.380538728178024	0.1197742794000827	-1.380538728178024	0.8802257205999172	0.41988	0.5331059024871763	1.3597833333333331	0.8017727974238643	0.0	0.3087844877247601	-1.695327816519343
HMR_1478	-1.380538728178024	0.1197742794000827	-1.380538728178024	0.8802257205999172	0.41988	0.5331059024871763	1.3597833333333331	0.8017727974238643	0.0	0.3087844877247601	-1.695327816519343
HMR_1479	-1.380538728178024	0.1197742794000827	-1.380538728178024	0.8802257205999172	0.41988	0.5331059024871763	1.3597833333333331	0.8017727974238643	0.0	0.3087844877247601	-1.695327816519343
C14STR	-11.055229693341236	0.0001903374859585	-11.055229693341236	0.9998096625140416	54.90204333333333	2.791822892774939	185.11788	16.421923730897063	-1.0	0.2965788249807816	-1.753512498395417
HMR_1490	3.317061263923873	0.9852703509169668	3.317061263923873	0.0147296490830331	96.38867	18.44806867714884	51.98852333333334	4.243335859205846	1.0	1.8540374648071365	0.8906703970084053
HMR_1493	3.317061263923873	0.9852703509169668	3.317061263923873	0.0147296490830331	96.38867	18.44806867714884	51.98852333333334	4.243335859205846	1.0	1.8540374648071365	0.8906703970084053
HMR_1494	3.317061263923873	0.9852703509169668	3.317061263923873	0.0147296490830331	96.38867	18.44806867714884	51.98852333333334	4.243335859205846	1.0	1.8540374648071365	0.8906703970084053
C3STDH1	-0.3781628032951318	0.3622611941538689	-0.3781628032951318	0.6377388058461311	12.61676	4.144494254317005	13.769233333333334	1.1825376029069388	0.0	0.9163008349532895	-0.12610676093084403
HMR_1495	-0.3650541833339919	0.366776994742102	-0.3650541833339919	0.633223005257898	12.646383333333333	4.1860777461273	13.769233333333334	1.1825376029069388	0.0	0.9184522498226722	-0.12272337707252713
HMR_1500	2.5249199020359505	0.9674923972631856	2.5249199020359505	0.0325076027368145	7.117993333333334	0.9903529142123476	5.341670000000001	0.0952502892384062	1.0	1.332540822127412	0.41417973034179856
HMR_1502	3.317061263923873	0.9852703509169668	3.317061263923873	0.0147296490830331	96.38867	18.44806867714884	51.98852333333334	4.243335859205846	1.0	1.8540374648071365	0.8906703970084053
HMR_1503	3.317061263923873	0.9852703509169668	3.317061263923873	0.0147296490830331	96.38867	18.44806867714884	51.98852333333334	4.243335859205846	1.0	1.8540374648071365	0.8906703970084053
HMR_1504	3.317061263923873	0.9852703509169668	3.317061263923873	0.0147296490830331	96.38867	18.44806867714884	51.98852333333334	4.243335859205846	1.0	1.8540374648071365	0.8906703970084053
HMR_1505	-0.3781628032951318	0.3622611941538689	-0.3781628032951318	0.6377388058461311	12.61676	4.144494254317005	13.769233333333334	1.1825376029069388	0.0	0.9163008349532895	-0.12610676093084403
HMR_1509	2.5249199020359505	0.9674923972631856	2.5249199020359505	0.0325076027368145	7.117993333333334	0.9903529142123476	5.341670000000001	0.0952502892384062	1.0	1.332540822127412	0.41417973034179856
CHLSTI_1	2.910358780790665	0.9781687634391396	2.910358780790665	0.0218312365608602	225.70307000000005	22.446238439484684	168.50833333333335	16.388363889858628	1.0	1.3394178527273628	0.4216061025710859
HMR_1516	2.2910459246723973	0.9581197364721328	2.2910459246723973	0.0418802635278673	40.093336666666666	11.670853960421615	20.682876666666665	2.7113410014521504	1.0	1.938479705353688	0.9549256310711123
RE2410C					1.0	0.0	1.0	0.0	0.0	1.0	0.0
DSMSTOLR					1.0	0.0	1.0	0.0	0.0	1.0	0.0
ACCOAC	1.8266867108273128	0.9291140862722814	1.8266867108273128	0.0708859137277185	5.250006666666667	1.457506359284774	3.1845766666666666	0.6577451215748812	0.0	1.6485728610710162	0.7212176504192258
FASN	2.357036581186052	0.961042783613408	2.357036581186052	0.0389572163865919	492.5312933333333	55.13215385480743	345.5619566666667	68.82113279773608	1.0	1.4253053145211672	0.5112709919546394
MCAT	2.357036581186052	0.961042783613408	2.357036581186052	0.0389572163865919	492.5312933333333	55.13215385480743	345.5619566666667	68.82113279773608	1.0	1.4253053145211672	0.5112709919546394
AcetoacetylACPsynthesis	2.357036581186052	0.961042783613408	2.357036581186052	0.0389572163865919	492.5312933333333	55.13215385480743	345.5619566666667	68.82113279773608	1.0	1.4253053145211672	0.5112709919546394
r0691	2.357036581186052	0.961042783613408	2.357036581186052	0.0389572163865919	492.5312933333333	55.13215385480743	345.5619566666667	68.82113279773608	1.0	1.4253053145211672	0.5112709919546394
r0681	2.357036581186052	0.961042783613408	2.357036581186052	0.0389572163865919	492.5312933333333	55.13215385480743	345.5619566666667	68.82113279773608	1.0	1.4253053145211672	0.5112709919546394
r0682	2.357036581186052	0.961042783613408	2.357036581186052	0.0389572163865919	492.5312933333333	55.13215385480743	345.5619566666667	68.82113279773608	1.0	1.4253053145211672	0.5112709919546394
r0760	2.357036581186052	0.961042783613408	2.357036581186052	0.0389572163865919	492.5312933333333	55.13215385480743	345.5619566666667	68.82113279773608	1.0	1.4253053145211672	0.5112709919546394
r0761	2.357036581186052	0.961042783613408	2.357036581186052	0.0389572163865919	492.5312933333333	55.13215385480743	345.5619566666667	68.82113279773608	1.0	1.4253053145211672	0.5112709919546394
r0762	2.357036581186052	0.961042783613408	2.357036581186052	0.0389572163865919	492.5312933333333	55.13215385480743	345.5619566666667	68.82113279773608	1.0	1.4253053145211672	0.5112709919546394
r0763	2.357036581186052	0.961042783613408	2.357036581186052	0.0389572163865919	492.5312933333333	55.13215385480743	345.5619566666667	68.82113279773608	1.0	1.4253053145211672	0.5112709919546394
r0764	2.357036581186052	0.961042783613408	2.357036581186052	0.0389572163865919	492.5312933333333	55.13215385480743	345.5619566666667	68.82113279773608	1.0	1.4253053145211672	0.5112709919546394
r0694	2.357036581186052	0.961042783613408	2.357036581186052	0.0389572163865919	492.5312933333333	55.13215385480743	345.5619566666667	68.82113279773608	1.0	1.4253053145211672	0.5112709919546394
r0695	2.357036581186052	0.961042783613408	2.357036581186052	0.0389572163865919	492.5312933333333	55.13215385480743	345.5619566666667	68.82113279773608	1.0	1.4253053145211672	0.5112709919546394
r0765	2.357036581186052	0.961042783613408	2.357036581186052	0.0389572163865919	492.5312933333333	55.13215385480743	345.5619566666667	68.82113279773608	1.0	1.4253053145211672	0.5112709919546394
r0766	2.357036581186052	0.961042783613408	2.357036581186052	0.0389572163865919	492.5312933333333	55.13215385480743	345.5619566666667	68.82113279773608	1.0	1.4253053145211672	0.5112709919546394
r0692	2.357036581186052	0.961042783613408	2.357036581186052	0.0389572163865919	492.5312933333333	55.13215385480743	345.5619566666667	68.82113279773608	1.0	1.4253053145211672	0.5112709919546394
r0693	2.357036581186052	0.961042783613408	2.357036581186052	0.0389572163865919	492.5312933333333	55.13215385480743	345.5619566666667	68.82113279773608	1.0	1.4253053145211672	0.5112709919546394
r0767	2.357036581186052	0.961042783613408	2.357036581186052	0.0389572163865919	492.5312933333333	55.13215385480743	345.5619566666667	68.82113279773608	1.0	1.4253053145211672	0.5112709919546394
r0768	2.357036581186052	0.961042783613408	2.357036581186052	0.0389572163865919	492.5312933333333	55.13215385480743	345.5619566666667	68.82113279773608	1.0	1.4253053145211672	0.5112709919546394
r0769	2.357036581186052	0.961042783613408	2.357036581186052	0.0389572163865919	492.5312933333333	55.13215385480743	345.5619566666667	68.82113279773608	1.0	1.4253053145211672	0.5112709919546394
r0770	2.357036581186052	0.961042783613408	2.357036581186052	0.0389572163865919	492.5312933333333	55.13215385480743	345.5619566666667	68.82113279773608	1.0	1.4253053145211672	0.5112709919546394
r0712	2.357036581186052	0.961042783613408	2.357036581186052	0.0389572163865919	492.5312933333333	55.13215385480743	345.5619566666667	68.82113279773608	1.0	1.4253053145211672	0.5112709919546394
r0713	2.357036581186052	0.961042783613408	2.357036581186052	0.0389572163865919	492.5312933333333	55.13215385480743	345.5619566666667	68.82113279773608	1.0	1.4253053145211672	0.5112709919546394
r0701	2.357036581186052	0.961042783613408	2.357036581186052	0.0389572163865919	492.5312933333333	55.13215385480743	345.5619566666667	68.82113279773608	1.0	1.4253053145211672	0.5112709919546394
r0702	2.357036581186052	0.961042783613408	2.357036581186052	0.0389572163865919	492.5312933333333	55.13215385480743	345.5619566666667	68.82113279773608	1.0	1.4253053145211672	0.5112709919546394
r0771	2.357036581186052	0.961042783613408	2.357036581186052	0.0389572163865919	492.5312933333333	55.13215385480743	345.5619566666667	68.82113279773608	1.0	1.4253053145211672	0.5112709919546394
r0772	2.357036581186052	0.961042783613408	2.357036581186052	0.0389572163865919	492.5312933333333	55.13215385480743	345.5619566666667	68.82113279773608	1.0	1.4253053145211672	0.5112709919546394
r0696	2.357036581186052	0.961042783613408	2.357036581186052	0.0389572163865919	492.5312933333333	55.13215385480743	345.5619566666667	68.82113279773608	1.0	1.4253053145211672	0.5112709919546394
r0697	2.357036581186052	0.961042783613408	2.357036581186052	0.0389572163865919	492.5312933333333	55.13215385480743	345.5619566666667	68.82113279773608	1.0	1.4253053145211672	0.5112709919546394
r0773	2.357036581186052	0.961042783613408	2.357036581186052	0.0389572163865919	492.5312933333333	55.13215385480743	345.5619566666667	68.82113279773608	1.0	1.4253053145211672	0.5112709919546394
FA160ACPH	2.356605664875149	0.9610244586865704	2.356605664875149	0.0389755413134296	492.5826633333333	55.17015652373984	345.60137000000003	68.82053651492845	1.0	1.4252914082294676	0.5112569159277416
TMLYStd_r					1.0	0.0	1.0	0.0	0.0	1.0	0.0
TMLYSOX	-2.263811941512758	0.0431579291275955	-2.263811941512758	0.9568420708724044	0.44087	0.0884937568419377	0.6136066666666666	0.0617518314618189	-1.0	0.7184895861626884	-0.4769608485740267
GHMT3	-1.07520583792077	0.1714071198789036	-1.07520583792077	0.8285928801210963	18.126396666666665	3.567583481203425	21.05800333333333	1.4630585781467838	0.0	0.8607842054034563	-0.21627648887382356
TMABADH	-0.3351701017690081	0.3771686157839989	-0.3351701017690081	0.622831384216001	12.912586666666668	4.865914270421222	14.093736666666668	1.077253213697792	0.0	0.9161932688302913	-0.12627613131198195
BBHOX	3.2478104587317533	0.9842796260131268	3.2478104587317533	0.0157203739868732	0.2233733333333333	0.0972647885356714	0.0	0.0	1.0	inf	inf
SUCFUMtm_r	-2.575375709992845	0.0308138271303125	-2.575375709992845	0.9691861728696874	14.531996666666666	4.709455362950394	27.635996666666667	5.440622919913574	-1.0	0.5258358090697892	-0.9273157030107025
palmitateActivation	2.899447270018445	0.9779287957853584	2.899447270018445	0.0220712042146415	50.66996333333333	8.189506567978045	31.36381666666667	4.648102059940404	1.0	1.6155547608204568	0.6920296530020064
carnitineAcylTransferaseI	-1.8655086033619528	0.0677667716130622	-1.8655086033619528	0.9322332283869378	15.54304	0.9287127297860556	19.17916	2.5953252707640844	0.0	0.8104129690768521	-0.3032708330469949
CARN160t_m	-2.155062341405164	0.0487134185384291	-2.155062341405164	0.9512865814615707	1.66111	0.6282089074503798	2.90531	0.5215290627248558	-1.0	0.5717496583841312	-0.8065444962489576
carnitineAcylTransferaseII	-0.3929893232593369	0.3571860902072449	-0.3929893232593369	0.6428139097927552	4.918843333333333	1.819804359381036	5.488226666666666	0.9416240402387548	0.0	0.8962536775691967	-0.15802096129601947
betaOxidation	-0.1252509757855597	0.4531837634067484	-0.1252509757855597	0.5468162365932516	0.0340266666666666	0.0263521363249526	0.0376066666666666	0.0306512037102768	0.0	0.9048041127459668	-0.144322607839994
Biomass					1.0	0.0	1.0	0.0	0.0	1.0	0.0
GLCt1_r	-5.842284307206653	0.0021398926811454	-5.842284307206653	0.9978601073188546	135.28830666666667	21.85281031747684	266.0976633333333	22.9148041248932	-1.0	0.5084159889716683	-0.9759186930900939
O2t_r					1.0	0.0	1.0	0.0	0.0	1.0	0.0
GLNt_r	2.2446708111115816	0.955917898351242	2.2446708111115816	0.0440821016487581	598.2577733333333	139.87090196389462	347.38695	73.60708719155787	1.0	1.7221653643964843	0.7842236787048338
r0963_r	0.9671944422677012	0.8058913950839873	0.9671944422677012	0.1941086049160127	0.8226966666666667	0.3969512124794291	0.5113833333333334	0.2227859981137853	0.0	1.6087670697128702	0.6859554561441641
THBPTt_r					1.0	0.0	1.0	0.0	0.0	1.0	0.0
ARGt5r_r	-5.405331430335052	0.0028360213335021	-5.405331430335052	0.997163978666498	7.947776666666666	1.3419519596551217	45.07538333333333	9.620669323217015	-1.0	0.17632188744558652	-2.5037165223889453
PHEtec_r	-6.258378548874034	0.0016624375358052	-6.258378548874034	0.9983375624641948	4.4953233333333324	0.6619719511849089	8.419903333333332	0.5901544213923072	-1.0	0.5338925110383294	-0.9053787825652894
ILEtec_r	-5.733792160905151	0.0022911130940258	-5.733792160905151	0.997708886905974	4.4953233333333324	0.6619719511849089	8.05216	0.5756812372022097	-1.0	0.5582754606631428	-0.8409509519119941
LEUtec_r	-5.733792160905151	0.0022911130940258	-5.733792160905151	0.997708886905974	4.4953233333333324	0.6619719511849089	8.05216	0.5756812372022097	-1.0	0.5582754606631428	-0.8409509519119941
VALtec_r	-5.733792160905151	0.0022911130940258	-5.733792160905151	0.997708886905974	4.4953233333333324	0.6619719511849089	8.05216	0.5756812372022097	-1.0	0.5582754606631428	-0.8409509519119941
METtec_r	-5.733792160905151	0.0022911130940258	-5.733792160905151	0.997708886905974	4.4953233333333324	0.6619719511849089	8.05216	0.5756812372022097	-1.0	0.5582754606631428	-0.8409509519119941
r2526_r	2.232944903829325	0.955340803314256	2.232944903829325	0.0446591966857439	599.21179	139.92004554132572	349.5878733333334	73.6002106079153	1.0	1.7140519900947742	0.777410869493801
GLYt4_r	2.311978228308899	0.9590728812234672	2.311978228308899	0.0409271187765328	608.0701333333333	139.10324429064102	350.81577	73.56913968167133	1.0	1.7333033042765817	0.7935241284095731
r2532_r	2.244582793659781	0.9559135977694444	2.244582793659781	0.0440864022305555	598.2577733333333	139.87090196389462	347.39226666666667	73.61320275437568	1.0	1.7221390075081309	0.7842015988024699
PROPAT4te_r	-2.052807994454495	0.0546705869560959	-2.052807994454495	0.945329413043904	1.390186666666667	0.506833976849312	2.19561	0.2258307158027888	0.0	0.6331664852440402	-0.6593432020968379
HDCAt	1.7645450861919008	0.92379684111242	1.7645450861919008	0.0762031588875798	143.52920666666668	25.255269533785533	109.51409333333334	10.265273722456485	0.0	1.3106003282134648	0.39022779813466285
CRNt	10.106937412724877	0.9997303390873836	10.106937412724877	0.0002696609126164	20.49512	1.4187782988425863	9.074089999999998	0.7354953666747333	1.0	2.2586419134039892	1.1754555630258459
GTHRDt2_r					1.0	0.0	1.0	0.0	0.0	1.0	0.0
DmLact	3.40110971114714	0.9863752722488414	3.40110971114714	0.0136247277511586	95.28143	26.40107529242828	30.83566	4.590318190546999	1.0	3.089975372669176	1.6275953397899614
UREAt	-1.6549139470848024	0.0866421592451532	-1.6549139470848024	0.9133578407548468	0.0	0.0	0.0321	0.0274311878464398	0.0	0.0	
DmBiomass					1.0	0.0	1.0	0.0	0.0	1.0	0.0
NH4t					1.0	0.0	1.0	0.0	0.0	1.0	0.0
PTRCtex2_f					1.0	0.0	1.0	0.0	0.0	1.0	0.0
PTRCtex2_b					1.0	0.0	1.0	0.0	0.0	1.0	0.0
GUDACtr2					1.0	0.0	1.0	0.0	0.0	1.0	0.0
CE2705t	-4.974477524849513	0.0038135925847853	-4.974477524849513	0.9961864074152148	19.48818333333333	5.4945480032564	88.15169666666668	18.731375821802896	-1.0	0.2210755330895691	-2.177388727098858
Dm2oxobutyrate					1.0	0.0	1.0	0.0	0.0	1.0	0.0
H2Ot_f	1.956871067503784	0.9390041983480388	1.956871067503784	0.0609958016519612	0.6429033333333334	0.2416373197353606	0.2900233333333333	0.0815369856091223	0.0	2.216729688415875	1.1484328563765471
H2Ot_b	1.956871067503784	0.9390041983480388	1.956871067503784	0.0609958016519612	0.6429033333333334	0.2416373197353606	0.2900233333333333	0.0815369856091223	0.0	2.216729688415875	1.1484328563765471
PHLACHt_f					1.0	0.0	1.0	0.0	0.0	1.0	0.0
PHLACHt_b					1.0	0.0	1.0	0.0	0.0	1.0	0.0
CO2t					1.0	0.0	1.0	0.0	0.0	1.0	0.0
DmH2O2					1.0	0.0	1.0	0.0	0.0	1.0	0.0
DmGSSG					1.0	0.0	1.0	0.0	0.0	1.0	0.0
GLUt4	3.8392709692195552	0.9907644771085694	3.8392709692195552	0.0092355228914306	0.3858933333333333	0.1421456286895786	0.0	0.0	1.0	inf	inf
ALAPAT4te	1.8717476330998664	0.9327205751930832	1.8717476330998664	0.0672794248069168	611.1154233333333	141.82033847731813	394.11140666666665	82.27740959429481	0.0	1.5506159248270763	0.6328413865899122
DmAla	1.8717476330998664	0.9327205751930832	1.8717476330998664	0.0672794248069168	611.1154233333333	141.82033847731813	394.11140666666665	82.27740959429481	0.0	1.5506159248270763	0.6328413865899122
ASPte_r	11.629403948048534	0.9998437640465248	11.629403948048534	0.0001562359534751	8.314973333333333	0.9474489529726068	0.4928433333333333	0.0846559477466816	1.0	16.871433112618615	4.076510620774463
DmAsp	11.629403948048534	0.9998437640465248	11.629403948048534	0.0001562359534751	8.314973333333333	0.9474489529726068	0.4928433333333333	0.0846559477466816	1.0	16.871433112618615	4.076510620774463
DmPalm	1.7645450861919008	0.92379684111242	1.7645450861919008	0.0762031588875798	143.52920666666668	25.255269533785533	109.51409333333334	10.265273722456485	0.0	1.3106003282134648	0.39022779813466285
ATPM					1.0	0.0	1.0	0.0	0.0	1.0	0.0
GACMTRc	-2.493790579116595	0.0336056383920961	-2.493790579116595	0.9663943616079038	25.02328	7.323407138251976	46.01159333333334	9.382618987117734	-1.0	0.5438472825471956	-0.8787265089329843
CKc_cho	-7.008113842511748	0.0010913164133373	-7.008113842511748	0.9989086835866626	9.947526666666668	1.1878761148743116	76.14881666666668	13.306278664874297	-1.0	0.13063271501920912	-2.9364118512534825
CRTNsyn_cho					1.0	0.0	1.0	0.0	0.0	1.0	0.0
CRTNtr					1.0	0.0	1.0	0.0	0.0	1.0	0.0
NDPK1	0.0960298914979006	0.5359421917889007	0.0960298914979006	0.4640578082110993	348.4374833333333	101.2503326585621	340.2984633333333	64.14992826657999	0.0	1.0239172987155913	0.03409919429184219
NDPK5	0.0960298914979006	0.5359421917889007	0.0960298914979006	0.4640578082110993	348.4374833333333	101.2503326585621	340.2984633333333	64.14992826657999	0.0	1.0239172987155913	0.03409919429184219
NDPK8	0.0960298914979006	0.5359421917889007	0.0960298914979006	0.4640578082110993	348.4374833333333	101.2503326585621	340.2984633333333	64.14992826657999	0.0	1.0239172987155913	0.03409919429184219
NDPK7	0.0960298914979006	0.5359421917889007	0.0960298914979006	0.4640578082110993	348.4374833333333	101.2503326585621	340.2984633333333	64.14992826657999	0.0	1.0239172987155913	0.03409919429184219
DTMPK					1.0	0.0	1.0	0.0	0.0	1.0	0.0
NDPK4	0.0960298914979006	0.5359421917889007	0.0960298914979006	0.4640578082110993	348.4374833333333	101.2503326585621	340.2984633333333	64.14992826657999	0.0	1.0239172987155913	0.03409919429184219
HIStiDF_r	4.538990032624407	0.9947474107712354	4.538990032624407	0.0052525892287645	0.0463066666666666	0.0144277726008633	0.0	0.0	1.0	inf	inf
PTRCOX1	6.988030523153569	0.9988968835380928	6.988030523153569	0.001103116461907	14.063493333333334	2.3534362672531044	1.9553966666666664	0.6824756537944942	1.0	7.192143452564613	2.8464217967477423
ABUTD					1.0	0.0	1.0	0.0	0.0	1.0	0.0
r0465_1	-11.114127917737742	0.0001864389683116	-11.114127917737742	0.9998135610316884	0.21817	0.0688029597231592	1.2833433333333333	0.1167758634688217	-1.0	0.17000127271735546	-2.5563825477235382
ABUTH	1.956871067503784	0.9390041983480388	1.956871067503784	0.0609958016519612	0.6429033333333334	0.2416373197353606	0.2900233333333333	0.0815369856091223	0.0	2.216729688415875	1.1484328563765471
GLUDC					1.0	0.0	1.0	0.0	0.0	1.0	0.0
HISDr	2.838759883456979	0.9765367330470652	2.838759883456979	0.0234632669529348	0.4227433333333333	0.1943189030662968	0.0300533333333333	0.0226139047687233	1.0	14.06643744454305	3.8141850835975677
URCN	1.956871067503784	0.9390041983480388	1.956871067503784	0.0609958016519612	0.6429033333333334	0.2416373197353606	0.2900233333333333	0.0815369856091223	0.0	2.216729688415875	1.1484328563765471
IZPN	-0.6115009503474238	0.2869574204018236	-0.6115009503474238	0.7130425795981764	0.1773	0.1017782927085469	0.2467633333333333	0.1242929610056641	0.0	0.7185022085939295	-0.4769355035177468
GluForTx					1.0	0.0	1.0	0.0	0.0	1.0	0.0
FTCD	-2.02867082067578	0.056191290902863	-2.02867082067578	0.943808709097137	0.0324466666666666	0.0309218556292399	0.3689733333333334	0.2325504332875392	0.0	0.08793770100820276	-3.5073743737060847
CARPEPT1tc_r	1.7262708746782756	0.9203118648306144	1.7262708746782756	0.0796881351693855	0.0065033333333333	0.0053277283047175	0.0	0.0	0.0	inf	inf
NBAHH_ir	1.956871067503784	0.9390041983480388	1.956871067503784	0.0609958016519612	0.6429033333333334	0.2416373197353606	0.2900233333333333	0.0815369856091223	0.0	2.216729688415875	1.1484328563765471
r0283	-11.114127917737742	0.0001864389683116	-11.114127917737742	0.9998135610316884	0.21817	0.0688029597231592	1.2833433333333333	0.1167758634688217	-1.0	0.17000127271735546	-2.5563825477235382
ASP1DC	-9.067211963039025	0.0004100204512404	-9.067211963039025	0.9995899795487596	0.0460233333333333	0.0266008299786971	0.5200066666666666	0.0689755596006456	-1.0	0.08850527557339002	-3.4980927366499857
CSNt_r	-8.17749673078355	0.0006088884722522	-8.17749673078355	0.9993911115277476	15.135176666666666	3.289008016503186	53.187666666666665	5.6999260404402525	-1.0	0.2845617718393362	-1.8131862323279229
bAlaSynthesis					1.0	0.0	1.0	0.0	0.0	1.0	0.0
LYSt5r_r	-5.464699426505504	0.0027266522026533	-5.464699426505504	0.9972733477973468	7.592363333333334	1.1826215221372482	45.06959666666666	9.626388945007136	-1.0	0.16845864828758547	-2.5695335998124365
LYStm	-4.823958043144767	0.0042492592898313	-4.823958043144767	0.9957507407101688	1.1230566666666666	0.7378121808126752	10.396736666666667	2.616685113934974	-1.0	0.10802011272126733	-3.2106281360013136
SACCD3m	2.7239735711046498	0.9736150164338232	2.7239735711046498	0.0263849835661767	0.2241933333333333	0.0884582497879963	0.04887	0.0214557824373757	1.0	4.587545187913512	2.1977223687586087
r0525	2.7239735711046498	0.9736150164338232	2.7239735711046498	0.0263849835661767	0.2241933333333333	0.0884582497879963	0.04887	0.0214557824373757	1.0	4.587545187913512	2.1977223687586087
AASAD3m					1.0	0.0	1.0	0.0	0.0	1.0	0.0
r0450	-3.1579375356647783	0.0171259031213123	-3.1579375356647783	0.9828740968786877	3.08591	0.4036617062178015	4.84984	0.679013037037336	-1.0	0.636291094139188	-0.6522411658659364
2OXOADOXm	-3.4128783149810955	0.0134779809374691	-3.4128783149810955	0.9865220190625308	2.7978400000000003	0.6780849576564872	4.575843333333333	0.2881282725145557	-1.0	0.6114370174386798	-0.7097241968028685
GLUTCOADHm	-11.07881528789509	0.0001887642841775	-11.07881528789509	0.9998112357158224	4.65555	0.6675154130555087	10.593646666666666	0.359146862655872	-1.0	0.43946623353494263	-1.1861757749865793
3HBCDm	1.995325031949792	0.9416309214389222	1.995325031949792	0.0583690785610777	12.7618	3.4075457653957733	7.83512	0.7626631901435912	0.0	1.6287944536905623	0.7038045539238733
HACD1m					1.0	0.0	1.0	0.0	0.0	1.0	0.0
HMGCOASm	1.8547066681162856	0.9313804447362476	1.8547066681162856	0.0686195552637523	0.0184866666666666	0.0140960806215376	0.0	0.0	0.0	inf	inf
CYStec_r	-1.9258444358444224	0.0632091415430075	-1.9258444358444224	0.9367908584569924	4.357076666666667	0.7116509932231919	5.726783333333334	0.7107966293454753	0.0	0.7608244302357053	-0.39436452269779054
CYSTA	0.8910477504392907	0.7883712237737133	0.8910477504392907	0.2116287762262867	33.93216	5.807392268072362	30.23361333333333	0.8556922345615211	0.0	1.1223322738797128	0.16649985857697858
CYANt_r					1.0	0.0	1.0	0.0	0.0	1.0	0.0
MCPST	3.91931039875756	0.991371141541406	3.91931039875756	0.008628858458594	67.83467	3.086305250306041	45.85360333333333	7.306370963774624	1.0	1.479374903360921	0.5649877067168991
TCYNTt					1.0	0.0	1.0	0.0	0.0	1.0	0.0
CYSO	-0.4926573654330358	0.3240363280709013	-0.4926573654330358	0.6759636719290987	0.02188	0.0157436907998093	0.0322166666666666	0.0251511197011628	0.0	0.6791515778582528	-0.5581944935848825
3SALATAi	0.8910477504392907	0.7883712237737133	0.8910477504392907	0.2116287762262867	33.93216	5.807392268072362	30.23361333333333	0.8556922345615211	0.0	1.1223322738797128	0.16649985857697858
3SALAASPm	-3.78764456583368	0.009654020637802	-3.78764456583368	0.990345979362198	3.46383	0.7085968800853321	6.065416666666667	0.6644151524126731	-1.0	0.5710786563165487	-0.8082386290493363
3SALATAim	2.6921153858024063	0.9727308779679956	2.6921153858024063	0.0272691220320042	110.61321666666667	16.744464542935443	76.58952666666666	6.250984815559507	1.0	1.4442342377708912	0.530304749333493
3SPYRSP					1.0	0.0	1.0	0.0	0.0	1.0	0.0
3SPYRSPm					1.0	0.0	1.0	0.0	0.0	1.0	0.0
HMR_3951					1.0	0.0	1.0	0.0	0.0	1.0	0.0
ExSulfitem					1.0	0.0	1.0	0.0	0.0	1.0	0.0
PHETHPTOX2					1.0	0.0	1.0	0.0	0.0	1.0	0.0
TYRt_r	-15.72355929829832	4.778556386736067e-05	-15.72355929829832	0.9999522144361326	0.0	0.0	0.3677433333333333	0.0330756923165974	-1.0	0.0	
TYRTA	0.7617182524516075	0.755667589406654	0.7617182524516075	0.2443324105933459	34.010376666666666	5.741651445431201	30.88806	0.7986005538440357	0.0	1.1010849068108086	0.13892572222823055
34HPPOR	-6.122363706744655	0.0018025887035746	-6.122363706744655	0.9981974112964254	0.1225899999999999	0.029919700310442	0.4755033333333333	0.0758308302883611	-1.0	0.2578110213037411	-1.9556141553135564
HGNTOR	1.7719573824195018	0.924452853999564	1.7719573824195018	0.0755471460004359	0.0801299999999999	0.051044686958259	0.01482	0.0105544903556101	0.0	5.406882591093111	2.4347970290504306
MACACI	-31.20963110498653	3.1405093319077583e-06	-31.20963110498653	0.999996859490668	16.11492666666667	1.646827321636634	111.99081	4.020234701266418	-1.0	0.1438950809148239	-2.7969108208153344
FUMAC	0.9349178663821872	0.7986205361870898	0.9349178663821872	0.2013794638129101	10.564756666666668	2.072238635957634	9.113896666666667	0.7227413542586008	0.0	1.1591920616465186	0.21311962020898512
AACOAT	2.965757413337409	0.9793411402755946	2.965757413337409	0.0206588597244053	10.986103333333332	0.968084196900708	8.084143333333335	0.9887836501592362	1.0	1.3589693898714474	0.4425129604629102
r2534_r	-5.005788002020911	0.0037299190275945	-5.005788002020911	0.9962700809724054	0.1382533333333333	0.057546781163	2.3253800000000004	0.6152119660734827	-1.0	0.059454082056839434	-4.072080322428145
THRD_L					1.0	0.0	1.0	0.0	0.0	1.0	0.0
OBDHc					1.0	0.0	1.0	0.0	0.0	1.0	0.0
PPCOAtm					1.0	0.0	1.0	0.0	0.0	1.0	0.0
r1616_r	2.635849514822817	0.9710845309086246	2.635849514822817	0.0289154690913754	549.4031699999999	12.264547962777344	478.44519666666673	36.0415123144801	1.0	1.1483095113666064	0.19951155345101426
TRPO2					1.0	0.0	1.0	0.0	0.0	1.0	0.0
FKYNH					1.0	0.0	1.0	0.0	0.0	1.0	0.0
KYN	5.889710751422931	0.9979223546927076	5.889710751422931	0.0020776453072923	11.53196	1.4903574061501716	4.943813333333334	0.53038012307736	1.0	2.3326042515089562	1.2219415611516016
ANTHte					1.0	0.0	1.0	0.0	0.0	1.0	0.0
KYN3OX	2.977787051543727	0.979585905685252	2.977787051543727	0.020414094314748	0.2113366666666666	0.0890038764449179	0.0233233333333333	0.0071608627661445	1.0	9.061169072459634	3.179697198862206
HKYNH	5.889710751422931	0.9979223546927076	5.889710751422931	0.0020776453072923	11.53196	1.4903574061501716	4.943813333333334	0.53038012307736	1.0	2.3326042515089562	1.2219415611516016
3HAO	-4.702948940917655	0.0046440379870188	-4.702948940917655	0.9953559620129812	0.0105466666666666	0.0076010584058332	0.13726	0.0373378521074793	-1.0	0.07683714604886056	-3.7020522555919575
PCLAD	1.0	0.8130495168499705	1.0	0.1869504831500295	0.0023366666666666	0.0033045456907451	0.0	0.0	0.0	inf	inf
AM6SAD					1.0	0.0	1.0	0.0	0.0	1.0	0.0
AMCOXO					1.0	0.0	1.0	0.0	0.0	1.0	0.0
2OXOADPTm	-1.8615210306635528	0.0680802432453473	-1.8615210306635528	0.9319197567546528	0.0382533333333333	0.0095812188971735	0.0532599999999999	0.0061786783915872	0.0	0.7182375766679191	-0.4774669611631046
ExCystineGlu					1.0	0.0	1.0	0.0	0.0	1.0	0.0
ExCystineSer					1.0	0.0	1.0	0.0	0.0	1.0	0.0
CystinePyruvate					1.0	0.0	1.0	0.0	0.0	1.0	0.0
CystineReductaseNADPH	-3.1835207371438963	0.0167112451845675	-3.1835207371438963	0.9832887548154324	14.51515	2.453946686313024	21.37933333333333	1.810029388091684	-1.0	0.6789337054476287	-0.5586573856475743
CystineReductaseNADH					1.0	0.0	1.0	0.0	0.0	1.0	0.0
CystineGSH					1.0	0.0	1.0	0.0	0.0	1.0	0.0
Ex3HB					1.0	0.0	1.0	0.0	0.0	1.0	0.0
Transport3HB_forward					1.0	0.0	1.0	0.0	0.0	1.0	0.0
bBDH					1.0	0.0	1.0	0.0	0.0	1.0	0.0
OCOAT1m	3.3841900386980024	0.9861609606948004	3.3841900386980024	0.0138390393051997	7.486816666666667	1.4550146996126496	3.73505	0.583943802604326	1.0	2.0044756205851773	1.0032248708312859
ACACT1m	1.3835768198887983	0.880655057510731	1.3835768198887983	0.1193449424892689	60.69224666666667	18.40280827508008	42.555686666666666	2.236077293153248	0.0	1.4261841699808864	0.512160295920468
G3PD1ir	0.2843528097526644	0.604873387455667	0.2843528097526644	0.3951266125443329	1.031826666666667	0.4860902273126758	0.92907	0.1577761433170427	0.0	1.1106016410675912	0.15134143282539483
GLYC3Ptm					1.0	0.0	1.0	0.0	0.0	1.0	0.0
G3PDm					1.0	0.0	1.0	0.0	0.0	1.0	0.0
DHAPtm					1.0	0.0	1.0	0.0	0.0	1.0	0.0
CMPuptake_r					1.0	0.0	1.0	0.0	0.0	1.0	0.0
UMPuptake_r					1.0	0.0	1.0	0.0	0.0	1.0	0.0
Transport_ala_B_c_e					1.0	0.0	1.0	0.0	0.0	1.0	0.0
EX_ala_B					1.0	0.0	1.0	0.0	0.0	1.0	0.0
Transport_octanoyl_ACP_c_e					1.0	0.0	1.0	0.0	0.0	1.0	0.0
EX_octanoyl_ACP					1.0	0.0	1.0	0.0	0.0	1.0	0.0
TMDK1	-7.548254940111668	0.0008251898754594	-7.548254940111668	0.9991748101245406	63.780826666666655	14.11618488984974	185.28550333333337	17.85955481971547	-1.0	0.34422998841913344	-1.5385553082036576
THYMDt1_r	-4.974477524849513	0.0038135925847853	-4.974477524849513	0.9961864074152148	19.48818333333333	5.4945480032564	88.15169666666668	18.731375821802896	-1.0	0.2210755330895691	-2.177388727098858
EX_thymd					1.0	0.0	1.0	0.0	0.0	1.0	0.0
Transport_HC00576_c_e					1.0	0.0	1.0	0.0	0.0	1.0	0.0
EX_HC00576					1.0	0.0	1.0	0.0	0.0	1.0	0.0
Transport_4abut_c_e					1.0	0.0	1.0	0.0	0.0	1.0	0.0
EX_4abut					1.0	0.0	1.0	0.0	0.0	1.0	0.0
