Rxn	statistic_less	pvalue_less	statistic_greater	pvalue_greater	mean_MCF7	std_MCF7	mean_SKBR3	std_SKBR3	result	meanRatio	meanRatio_log
EX_lac__L_e					1.0	0.0	1.0	0.0	0.0	1.0	0.0
EX_glc__D_e_r					1.0	0.0	1.0	0.0	0.0	1.0	0.0
EX_gluIN__L_e					1.0	0.0	1.0	0.0	0.0	1.0	0.0
EX_gluOUT__L_e					1.0	0.0	1.0	0.0	0.0	1.0	0.0
EX_gln__L_e_r					1.0	0.0	1.0	0.0	0.0	1.0	0.0
EX_asp__L_e					1.0	0.0	1.0	0.0	0.0	1.0	0.0
DM_asp__L_e					1.0	0.0	1.0	0.0	0.0	1.0	0.0
EX_co2_e					1.0	0.0	1.0	0.0	0.0	1.0	0.0
EX_h_e_f					1.0	0.0	1.0	0.0	0.0	1.0	0.0
EX_h_e_b					1.0	0.0	1.0	0.0	0.0	1.0	0.0
EX_h2o_e_f					1.0	0.0	1.0	0.0	0.0	1.0	0.0
EX_h2o_e_b					1.0	0.0	1.0	0.0	0.0	1.0	0.0
EX_ump_e_r					1.0	0.0	1.0	0.0	0.0	1.0	0.0
EX_pi_e_r					1.0	0.0	1.0	0.0	0.0	1.0	0.0
EX_nh4_e					1.0	0.0	1.0	0.0	0.0	1.0	0.0
EX_o2_e_r					1.0	0.0	1.0	0.0	0.0	1.0	0.0
EX_arg__L_e_r					1.0	0.0	1.0	0.0	0.0	1.0	0.0
EX_pro__L_e					1.0	0.0	1.0	0.0	0.0	1.0	0.0
EX_leu__L_e_r					1.0	0.0	1.0	0.0	0.0	1.0	0.0
EX_ile__L_e_r					1.0	0.0	1.0	0.0	0.0	1.0	0.0
EX_met__L_e_r					1.0	0.0	1.0	0.0	0.0	1.0	0.0
EX_gly_e_r					1.0	0.0	1.0	0.0	0.0	1.0	0.0
EX_phe__L_e_r					1.0	0.0	1.0	0.0	0.0	1.0	0.0
EX_ser__L_e_r					1.0	0.0	1.0	0.0	0.0	1.0	0.0
EX_ala__L_e_f					1.0	0.0	1.0	0.0	0.0	1.0	0.0
EX_ala__L_e_b					1.0	0.0	1.0	0.0	0.0	1.0	0.0
EX_ribflv_e					1.0	0.0	1.0	0.0	0.0	1.0	0.0
EX_asn__L_e					1.0	0.0	1.0	0.0	0.0	1.0	0.0
EX_fol_e_r					1.0	0.0	1.0	0.0	0.0	1.0	0.0
EX_urea_e					1.0	0.0	1.0	0.0	0.0	1.0	0.0
EX_pyr_e					1.0	0.0	1.0	0.0	0.0	1.0	0.0
PYRt2	-0.2055333344276994	0.4235958852533814	-0.2055333344276994	0.5764041147466186	27.606306666666665	4.886757319588885	28.81798	6.754841651768505	0.0	0.957954258649172	-0.06197132451617356
EX_gudac_e					1.0	0.0	1.0	0.0	0.0	1.0	0.0
EX_hdca_e_f					1.0	0.0	1.0	0.0	0.0	1.0	0.0
EX_hdca_e_b					1.0	0.0	1.0	0.0	0.0	1.0	0.0
EX_ptrcIN_e					1.0	0.0	1.0	0.0	0.0	1.0	0.0
EX_ptrcOUT_e					1.0	0.0	1.0	0.0	0.0	1.0	0.0
EX_biomassx					1.0	0.0	1.0	0.0	0.0	1.0	0.0
EX_h2o2_e					1.0	0.0	1.0	0.0	0.0	1.0	0.0
EX_gthox_e					1.0	0.0	1.0	0.0	0.0	1.0	0.0
EX_2obut_e					1.0	0.0	1.0	0.0	0.0	1.0	0.0
EX_crn_e					1.0	0.0	1.0	0.0	0.0	1.0	0.0
EX_val__L_e_r					1.0	0.0	1.0	0.0	0.0	1.0	0.0
EX_spmd_e					1.0	0.0	1.0	0.0	0.0	1.0	0.0
EX_sprm_e					1.0	0.0	1.0	0.0	0.0	1.0	0.0
EX_5mthf_e					1.0	0.0	1.0	0.0	0.0	1.0	0.0
EX_tmlys_e_r					1.0	0.0	1.0	0.0	0.0	1.0	0.0
EX_thbpt_e_r					1.0	0.0	1.0	0.0	0.0	1.0	0.0
EX_CE2705_e					1.0	0.0	1.0	0.0	0.0	1.0	0.0
EX_crtn_e					1.0	0.0	1.0	0.0	0.0	1.0	0.0
EX_his__L_e_r					1.0	0.0	1.0	0.0	0.0	1.0	0.0
EX_lys__L_e_r					1.0	0.0	1.0	0.0	0.0	1.0	0.0
EX_carn_e_r					1.0	0.0	1.0	0.0	0.0	1.0	0.0
EX_csn_e_r					1.0	0.0	1.0	0.0	0.0	1.0	0.0
EX_cys__L_e					1.0	0.0	1.0	0.0	0.0	1.0	0.0
EX_cyan_e_r					1.0	0.0	1.0	0.0	0.0	1.0	0.0
EX_tcyntc					1.0	0.0	1.0	0.0	0.0	1.0	0.0
EX_tcynt_e					1.0	0.0	1.0	0.0	0.0	1.0	0.0
EX_so3_e					1.0	0.0	1.0	0.0	0.0	1.0	0.0
EX_thr__L_e_r					1.0	0.0	1.0	0.0	0.0	1.0	0.0
EX_trp__L_e_r					1.0	0.0	1.0	0.0	0.0	1.0	0.0
EX_anth_e					1.0	0.0	1.0	0.0	0.0	1.0	0.0
EX_tyr__L_e_r					1.0	0.0	1.0	0.0	0.0	1.0	0.0
EX_cystinex_r					1.0	0.0	1.0	0.0	0.0	1.0	0.0
EX_3hydroxybutanoatex_r					1.0	0.0	1.0	0.0	0.0	1.0	0.0
EX_gthrd_e_r					1.0	0.0	1.0	0.0	0.0	1.0	0.0
EX_cmp_e_r					1.0	0.0	1.0	0.0	0.0	1.0	0.0
HEX1	-1.7564890169501115	0.0769230203403196	-1.7564890169501115	0.9230769796596804	38.49801333333334	6.658494937408069	47.61937	3.098042834575834	0.0	0.8084528067744983	-0.30676453568389983
G6PP	-0.2299010061769034	0.414723455439404	-0.2299010061769034	0.5852765445605961	106.44671666666666	9.341528967752312	110.47779333333337	22.96988980041674	0.0	0.9635123354201677	-0.05362495806477391
PGI	-1.837282545375708	0.0700195696849555	-1.837282545375708	0.9299804303150444	121.91485	8.528832996305333	145.31741	15.866683136944529	0.0	0.8389555663013812	-0.2533336918196377
PFK	1.4404449522127862	0.8884150983736819	1.4404449522127862	0.111584901626318	102.86153	15.386289425649926	83.20861000000001	11.643032756651795	0.0	1.2361885386620446	0.30589879425297795
FBP	4.68028495515031	0.9952771445491444	4.68028495515031	0.0047228554508555	24.318766666666665	0.4983747574087415	9.7992	4.358891773497785	1.0	2.481709391242822	1.3113341854281515
FBA	-3.5658610383934475	0.011731255412744	-3.5658610383934475	0.988268744587256	54.10784666666666	7.956549495789966	85.80837666666666	9.73436043643455	-1.0	0.630566021273836	-0.6652806639407767
TPI	3.3965576670754856	0.9863180035028632	3.3965576670754856	0.0136819964971369	2702.4192433333333	219.39909742957605	2114.56979	108.49864973085543	1.0	1.2779995515462903	0.3538873300391667
GAPD	0.3944836182890465	0.6433234548209728	0.3944836182890465	0.3566765451790272	6999.98559	743.04780657302	6733.50629	600.4322801669891	0.0	1.0395751171118308	0.05599400751741554
PGK	5.07772818246329	0.9964540104650106	5.07772818246329	0.0035459895349893	36.457006666666665	6.438663859038527	13.098503333333332	0.931162526677749	1.0	2.783295597894009	1.4767941371888056
DPGM	6.417848056822277	0.9984852278232672	6.417848056822277	0.0015147721767327	379.7051100000001	61.22760480567079	98.14218666666666	10.03296504207782	1.0	3.868928570846327	1.9519340936203526
DPGase	6.417848056822277	0.9984852278232672	6.417848056822277	0.0015147721767327	379.7051100000001	61.22760480567079	98.14218666666666	10.03296504207782	1.0	3.868928570846327	1.9519340936203526
PGM_f	6.417848056822277	0.9984852278232672	6.417848056822277	0.0015147721767327	379.7051100000001	61.22760480567079	98.14218666666666	10.03296504207782	1.0	3.868928570846327	1.9519340936203526
PGM_b	6.417848056822277	0.9984852278232672	6.417848056822277	0.0015147721767327	379.7051100000001	61.22760480567079	98.14218666666666	10.03296504207782	1.0	3.868928570846327	1.9519340936203526
ENO_f	-1.7952015475836165	0.0735286697628191	-1.7952015475836165	0.9264713302371808	897.8529233333333	103.99457699485302	1029.90787	2.694843006534266	0.0	0.8717798450586975	-0.1979642449118879
ENO_b	-1.7952015475836165	0.0735286697628191	-1.7952015475836165	0.9264713302371808	897.8529233333333	103.99457699485302	1029.90787	2.694843006534266	0.0	0.8717798450586975	-0.1979642449118879
PYK	0.8329735602473267	0.7741471654292282	0.8329735602473267	0.2258528345707718	414.46955333333335	72.39501120227476	369.66841	23.335104252059104	0.0	1.121192782832954	0.1650343628217724
LDH_L	-1.4415126264828797	0.1114441347063582	-1.4415126264828797	0.8885558652936417	1183.482623333333	199.3591809019011	1430.2387633333335	137.33228271687727	0.0	0.8274720652760751	-0.27321748625202097
r0407	-3.5658610383934475	0.011731255412744	-3.5658610383934475	0.988268744587256	54.10784666666666	7.956549495789966	85.80837666666666	9.73436043643455	-1.0	0.630566021273836	-0.6652806639407767
PRPPS	8.371366625600553	0.9994431849410598	8.371366625600553	0.0005568150589402	55.92808666666667	5.000853368805058	23.747116666666667	2.132317159028855	1.0	2.3551527308227596	1.235820621135645
G6PDH2r	10.226537883495018	0.999742357614022	10.226537883495018	0.000257642385978	354.4349399999999	18.61885185240128	208.31254666666663	7.852620742123121	1.0	1.7014574766211872	0.7667710954496468
PGL	-0.7206068056072293	0.2555080436860021	-0.7206068056072293	0.7444919563139978	61.38547	8.454872115638414	66.52174666666667	5.488501648242038	0.0	0.9227880065686789	-0.11592884138264785
GND	3.1429786687040453	0.982626030663666	3.1429786687040453	0.017373969336334	91.65727333333332	8.197151052417883	67.94484666666666	6.829921440647924	1.0	1.3489952193578183	0.4318852355945654
RPI	10.135187654419106	0.9997332396810504	10.135187654419106	0.0002667603189496	10.351593333333332	0.6628773727889303	4.071886666666667	0.5730517530051037	1.0	2.5422105723309256	1.346083534306536
TKT2_f	-13.920456078696525	7.721683438745998e-05	-13.920456078696525	0.9999227831656126	172.14502666666667	2.7306463386816606	312.54658666666666	13.999924958233004	-1.0	0.5507819762250696	-0.8604467453566842
TKT2_b	-13.920456078696525	7.721683438745998e-05	-13.920456078696525	0.9999227831656126	172.14502666666667	2.7306463386816606	312.54658666666666	13.999924958233004	-1.0	0.5507819762250696	-0.8604467453566842
RPE_f	6.937001184706932	0.9988661854770512	6.937001184706932	0.0011338145229489	56.62091333333333	6.249031038538872	22.61764	3.00057168316306	1.0	2.503396169243711	1.3238866195025083
RPE_b	6.937001184706932	0.9988661854770512	6.937001184706932	0.0011338145229489	56.62091333333333	6.249031038538872	22.61764	3.00057168316306	1.0	2.503396169243711	1.3238866195025083
TKT1_f	-13.920456078696525	7.721683438745998e-05	-13.920456078696525	0.9999227831656126	172.14502666666667	2.7306463386816606	312.54658666666666	13.999924958233004	-1.0	0.5507819762250696	-0.8604467453566842
TKT1_b	-13.920456078696525	7.721683438745998e-05	-13.920456078696525	0.9999227831656126	172.14502666666667	2.7306463386816606	312.54658666666666	13.999924958233004	-1.0	0.5507819762250696	-0.8604467453566842
TALA_f	-0.9641010941816472	0.1947955906664197	-0.9641010941816472	0.8052044093335802	133.61495333333335	11.623326471753058	150.79038333333332	22.35272781890737	0.0	0.8860973119085955	-0.17446294949451774
TALA_b	-0.9641010941816472	0.1947955906664197	-0.9641010941816472	0.8052044093335802	133.61495333333335	11.623326471753058	150.79038333333332	22.35272781890737	0.0	0.8860973119085955	-0.17446294949451774
r0408	1.4404449522127862	0.8884150983736819	1.4404449522127862	0.111584901626318	102.86153	15.386289425649926	83.20861000000001	11.643032756651795	0.0	1.2361885386620446	0.30589879425297795
PDHm	-0.916874609089971	0.2055434943778835	-0.916874609089971	0.7944565056221164	4.575843333333333	0.2881282725145557	5.1707600000000005	0.8712072296914591	0.0	0.884945991176023	-0.17633868561282143
PCm	3.524508476680673	0.987824597572714	3.524508476680673	0.012175402427286	7.217916666666666	1.3238823943823548	3.73588	0.446569309514212	1.0	1.9320525998336846	0.9501343718580615
PEPCK_re	-5.713589604884015	0.002320702431933	-5.713589604884015	0.997679297568067	0.0	0.0	0.8956733333333333	0.2216948473816105	-1.0	0.0	
CSm	2.740807104822926	0.9740687895130856	2.740807104822926	0.0259312104869145	98.48205	17.35629268613164	62.56732333333334	6.494093675919854	1.0	1.574017310526895	0.6544514072202274
ACONTm_f	2.68512825921289	0.9725324244657788	2.68512825921289	0.0274675755342211	13.00613	3.84263400397002	5.524743333333333	0.8719669890285731	1.0	2.3541600424273104	1.2352124021808075
ACONTm_b	2.68512825921289	0.9725324244657788	2.68512825921289	0.0274675755342211	13.00613	3.84263400397002	5.524743333333333	0.8719669890285731	1.0	2.3541600424273104	1.2352124021808075
ICDHxm	3.766217859002105	0.9901656422152144	3.766217859002105	0.0098343577847855	7.210633333333334	1.4105213105404997	3.419033333333333	0.1935927950335159	1.0	2.1089684218736293	1.0765374934495813
ICDHym_f	2.012854431835375	0.94278706519653	2.012854431835375	0.05721293480347	127.27230000000002	4.543705884348887	94.42838666666668	22.62408337098225	0.0	1.347818219634237	0.4306259332285935
ICDHym_b	2.012854431835375	0.94278706519653	2.012854431835375	0.05721293480347	127.27230000000002	4.543705884348887	94.42838666666668	22.62408337098225	0.0	1.347818219634237	0.4306259332285935
AKGDm	-2.9379896463568502	0.0212370560478703	-2.9379896463568502	0.9787629439521296	6.173923333333332	1.230626432251297	9.33438	0.8943764313009748	-1.0	0.6614176124534604	-0.5963666322719161
SUCOAS1m_f	3.646902222913825	0.9890844520671772	3.646902222913825	0.0109155479328226	2.143963333333333	0.2741759407549992	1.1470066666666667	0.2725633295625481	1.0	1.8691812311465785	0.9024064559748299
SUCOAS1m_b	3.646902222913825	0.9890844520671772	3.646902222913825	0.0109155479328226	2.143963333333333	0.2741759407549992	1.1470066666666667	0.2725633295625481	1.0	1.8691812311465785	0.9024064559748299
SUCD1m	-0.1663160983109887	0.4379882848921778	-0.1663160983109887	0.5620117151078222	17.871723333333332	3.51146278110546	18.411526666666667	2.956023863518169	0.0	0.9706812290416619	-0.04293050139134947
FUMm_f	-6.648683400771204	0.0013285071501211	-6.648683400771204	0.9986714928498788	36.53460666666666	2.181260373535346	77.67360333333333	8.47427954402549	-1.0	0.47036065148001155	-1.08816071985143
FUMm_b	-6.648683400771204	0.0013285071501211	-6.648683400771204	0.9986714928498788	36.53460666666666	2.181260373535346	77.67360333333333	8.47427954402549	-1.0	0.47036065148001155	-1.08816071985143
MDHm_f	1.6666573266215892	0.9145446986868988	1.6666573266215892	0.0854553013131011	217.65714333333327	27.00336811073554	159.29001333333335	41.51728970997853	0.0	1.3664205230359279	0.4504015488794447
MDHm_b	1.6666573266215892	0.9145446986868988	1.6666573266215892	0.0854553013131011	217.65714333333327	27.00336811073554	159.29001333333335	41.51728970997853	0.0	1.3664205230359279	0.4504015488794447
ME1m	3.166641216455365	0.983016513383624	3.166641216455365	0.016983486616376	3.153513333333333	0.2794736744111847	2.384703333333333	0.1994559136473242	1.0	1.322392303165593	0.40315023272445494
ME2m	3.61238489746069	0.9887455709139578	3.61238489746069	0.0112544290860423	0.1480233333333333	0.02711785922393	0.0288133333333333	0.0379824848523046	1.0	5.137320684868122	2.3610161332583015
ME2	9.491689204223253	0.9996562247219396	9.491689204223253	0.0003437752780604	3.268826666666667	0.2112313594668702	1.3385166666666664	0.1951890245092917	1.0	2.442126234264298	1.2881377756079353
ACITL	-6.704440016234079	0.0012878212400422	-6.704440016234079	0.9987121787599578	31.939173333333333	5.583714306100874	71.74485	6.27081249295496	-1.0	0.44517722642577595	-1.1675483031126084
FUM_f	-6.648683400771204	0.0013285071501211	-6.648683400771204	0.9986714928498788	36.53460666666666	2.181260373535346	77.67360333333333	8.47427954402549	-1.0	0.47036065148001155	-1.08816071985143
FUM_b	-6.648683400771204	0.0013285071501211	-6.648683400771204	0.9986714928498788	36.53460666666666	2.181260373535346	77.67360333333333	8.47427954402549	-1.0	0.47036065148001155	-1.08816071985143
MDH_f	-1.3933954549492038	0.1179677862468584	-1.3933954549492038	0.8820322137531416	95.97335	4.874149574089824	109.0522	12.347004519391197	0.0	0.8800679857902912	-0.18431311775796175
MDH_b	-1.3933954549492038	0.1179677862468584	-1.3933954549492038	0.8820322137531416	95.97335	4.874149574089824	109.0522	12.347004519391197	0.0	0.8800679857902912	-0.18431311775796175
AKGMALtm_f	-4.208058895906402	0.0068036853062202	-4.208058895906402	0.9931963146937798	262.0721833333333	29.6344650997813	355.67994666666664	10.557831775139984	-1.0	0.7368202390643633	-0.44061540479800587
AKGMALtm_b	-4.208058895906402	0.0068036853062202	-4.208058895906402	0.9931963146937798	262.0721833333333	29.6344650997813	355.67994666666664	10.557831775139984	-1.0	0.7368202390643633	-0.44061540479800587
ACONT	7.525024239952237	0.9991651391035514	7.525024239952237	0.0008348608964485	2.8454833333333336	0.3753775825603986	0.6552933333333334	0.1688691182214465	1.0	4.3423047184975685	2.118460969720921
ICDHyr	1.3372962538722788	0.8739471927544896	1.3372962538722788	0.1260528072455103	21.745516666666663	0.5435828011955088	18.21964333333333	3.6888353002841177	0.0	1.1935204366422834	0.2552232698885185
PPA	-3.7786462953377504	0.0097292680212916	-3.7786462953377504	0.9902707319787084	91.28341333333331	4.974401956713546	161.15845000000002	25.674296665151324	-1.0	0.5664202735465209	-0.8200551910102677
Complex1ROS	3.4349886130529668	0.9867926809176546	3.4349886130529668	0.0132073190823454	0.5608066666666667	0.0731410857331378	0.2823566666666666	0.0882765881886144	1.0	1.98616407144628	0.9899848047821276
FADH2ETC	14.675427212170748	0.999937276111365	14.675427212170748	6.272388863504392e-05	6.330836666666666	0.268880174592492	2.67759	0.2272488118047411	1.0	2.3643786638980075	1.2414611069112953
CYOR_u10mi	-9.477424070770336	0.0003457757731552	-9.477424070770336	0.9996542242268448	10.808703333333334	1.736459134221771	40.990476666666666	4.155480939869925	-1.0	0.2636881591114294	-1.9230953062968166
CYOOm2i	-1.9406101621820533	0.0621450989103092	-1.9406101621820533	0.9378549010896908	79.87480333333333	11.485272880999483	110.64236	19.256786918410526	0.0	0.7219188322929241	-0.47009145560208365
ATPS4mi	-2.450716385526678	0.0351954855820657	-2.450716385526678	0.9648045144179342	19.04692	6.725070075411853	55.029203333333335	19.644755480796626	-1.0	0.3461238550851878	-1.5306397184602811
GLUCYS	4.201378481889893	0.9931596832216976	4.201378481889893	0.0068403167783024	3.833243333333333	0.1877764582925369	2.3872066666666667	0.449067684158586	1.0	1.6057442310538674	0.6832421132934484
GTHS	-7.1060453407762605	0.0010359573852795	-7.1060453407762605	0.9989640426147204	33.428149999999995	2.377072511991729	46.39675666666667	1.0054114631775837	-1.0	0.7204846287028539	-0.47296044357231215
SPODMm	-2.6371119090203865	0.0288772976283878	-2.6371119090203865	0.971122702371612	3.46724	0.3042028732058042	5.281216666666666	0.924000431830106	-1.0	0.6565229603027082	-0.6070826281170764
GTHPi	-2.9041340479664544	0.0219677571371259	-2.9041340479664544	0.978032242862874	1638.2625133333331	60.284405349873154	2041.61197	186.93731624498847	-1.0	0.8024357896634654	-0.31754214145656356
GTHPm	-3.0826776844644868	0.0184177660285838	-3.0826776844644868	0.9815822339714162	1127.7504700000002	60.906538670261526	1673.23915	242.72419270962217	-1.0	0.6739923997116611	-0.5691957719670513
GDR	0.6618508439778882	0.7278748862679744	0.6618508439778882	0.2721251137320256	20.04368333333333	1.934043384076192	18.25948	3.285410259688533	0.0	1.0977138085714013	0.13450196985021404
GTHOr	0.6618508439778882	0.7278748862679744	0.6618508439778882	0.2721251137320256	20.04368333333333	1.934043384076192	18.25948	3.285410259688533	0.0	1.0977138085714013	0.13450196985021404
GDRm	0.6618508439778882	0.7278748862679744	0.6618508439778882	0.2721251137320256	20.04368333333333	1.934043384076192	18.25948	3.285410259688533	0.0	1.0977138085714013	0.13450196985021404
GTHOm	0.6618508439778882	0.7278748862679744	0.6618508439778882	0.2721251137320256	20.04368333333333	1.934043384076192	18.25948	3.285410259688533	0.0	1.0977138085714013	0.13450196985021404
r0885	-10.772862980681731	0.0002104999292821	-10.772862980681731	0.999789500070718	27.635996666666667	5.440622919913574	98.73829	7.584394991524816	-1.0	0.27989138425089866	-1.8370610170148038
PYRt2m_f	-5.246972021984388	0.0031551009258374	-5.246972021984388	0.9968448990741624	51.494773333333335	5.231502543249141	109.67295333333334	14.782313472480848	-1.0	0.46953028771663724	-1.0907098709183702
PYRt2m_b	-5.246972021984388	0.0031551009258374	-5.246972021984388	0.9968448990741624	51.494773333333335	5.231502543249141	109.67295333333334	14.782313472480848	-1.0	0.46953028771663724	-1.0907098709183702
HMR_4964	0.4115786228815066	0.649126786972346	0.4115786228815066	0.3508732130276539	714.17486	51.126088242319085	676.97581	117.14826566299853	0.0	1.0549488614667044	0.07717306613954238
r2420	2.1263206090076725	0.9496882166563582	2.1263206090076725	0.0503117833436419	473.75505	4.472133643650053	391.41373	54.58222064458779	0.0	1.2103690128601263	0.2754469581288894
ATPtm	18.917077758932056	0.999977003729994	18.917077758932056	2.2996270006060497e-05	4005.800523333333	177.29327991303137	1088.1770966666666	127.05221560059503	1.0	3.6812027523865454	1.880177212315578
FUMtm_f	-10.772862980681731	0.0002104999292821	-10.772862980681731	0.999789500070718	27.635996666666667	5.440622919913574	98.73829	7.584394991524816	-1.0	0.27989138425089866	-1.8370610170148038
FUMtm_b	-10.772862980681731	0.0002104999292821	-10.772862980681731	0.999789500070718	27.635996666666667	5.440622919913574	98.73829	7.584394991524816	-1.0	0.27989138425089866	-1.8370610170148038
CO2tm_f					1.0	0.0	1.0	0.0	0.0	1.0	0.0
CO2tm_b					1.0	0.0	1.0	0.0	0.0	1.0	0.0
O2tm					1.0	0.0	1.0	0.0	0.0	1.0	0.0
r0801_f	-0.450927638753698	0.3377028004018158	-0.450927638753698	0.6622971995981842	20.19509333333333	5.339422960722336	23.47272	8.783880639182208	0.0	0.8603644287212274	-0.2169802163006515
r0801_b	-0.450927638753698	0.3377028004018158	-0.450927638753698	0.6622971995981842	20.19509333333333	5.339422960722336	23.47272	8.783880639182208	0.0	0.8603644287212274	-0.2169802163006515
THD1m	6.593228985666815	0.9986294455950976	6.593228985666815	0.0013705544049022	4.05622	0.7716032413531368	0.3675366666666666	0.1750184326165548	1.0	11.036232212659055	3.4641758126650117
H2Otm_f	1.4099671980439312	0.8843208746270925	1.4099671980439312	0.1156791253729074	0.11733	0.0687332471709773	0.0424133333333333	0.0303661767249169	0.0	2.7663470606727465	1.4679821656357452
H2Otm_b	1.4099671980439312	0.8843208746270925	1.4099671980439312	0.1156791253729074	0.11733	0.0687332471709773	0.0424133333333333	0.0303661767249169	0.0	2.7663470606727465	1.4679821656357452
NH4tm_f					1.0	0.0	1.0	0.0	0.0	1.0	0.0
NH4tm_b					1.0	0.0	1.0	0.0	0.0	1.0	0.0
HCO3E	7.402001158433883	0.9991115241741746	7.402001158433883	0.0008884758258254	34.93922	2.695563823037152	16.852446666666665	2.1622438326937647	1.0	2.0732431729992125	1.0518893416788475
HCO3Em	3.65796858922548	0.9891905113167824	3.65796858922548	0.0108094886832178	0.3426333333333333	0.0281099227241121	0.24128	0.0272992393056412	1.0	1.420065207780725	0.5059571781679426
GLUN	2.418867237588368	0.9635738746544138	2.418867237588368	0.0364261253455861	6.406666666666666	1.4565230277692909	3.75809	0.5257760489029526	1.0	1.704766694428996	0.7695743129613828
GLNS	-3.4178454195415284	0.0134166075388522	-3.4178454195415284	0.9865833924611476	96.15372333333332	12.447863522694254	356.25101333333333	106.89903748657868	-1.0	0.26990442057596387	-1.8894794889948097
GLUt2m	-2.342155630467099	0.0395957111684079	-2.342155630467099	0.960404288831592	59.86750666666666	2.834433895346458	106.46234666666663	27.9912185652588	-1.0	0.5623350277456469	-0.830498180000433
GLNtm_1					1.0	0.0	1.0	0.0	0.0	1.0	0.0
GLUNm	2.4025544120852027	0.9629246773852896	2.4025544120852027	0.0370753226147103	6.546756666666667	1.4874635212408478	3.873653333333333	0.5130781988698756	1.0	1.6900729371755865	0.7570855091292948
GLUPRT	4.42996474452834	0.9942888392379376	4.42996474452834	0.0057111607620622	11.912493333333332	1.5915597892284437	6.405283333333333	0.7469222034604553	1.0	1.8597917864679416	0.8951411130297758
PRAGSr	4.81314416389937	0.9957171664208818	4.81314416389937	0.0042828335791181	40.22538333333333	6.608800264124262	17.341826666666666	1.2378112682293516	1.0	2.3195586085894835	1.2138502994117928
GARFT	4.81314416389937	0.9957171664208818	4.81314416389937	0.0042828335791181	40.22538333333333	6.608800264124262	17.341826666666666	1.2378112682293516	1.0	2.3195586085894835	1.2138502994117928
PRFGS	0.903953738601332	0.7914305436201112	0.903953738601332	0.2085694563798888	24.302983333333334	3.293100489531948	21.00678333333333	3.9684162600239183	0.0	1.1569112199472076	0.21027815791452806
PRAIS	4.81314416389937	0.9957171664208818	4.81314416389937	0.0042828335791181	40.22538333333333	6.608800264124262	17.341826666666666	1.2378112682293516	1.0	2.3195586085894835	1.2138502994117928
AIRCr	3.706063713378572	0.9896373944993984	3.706063713378572	0.0103626055006014	171.01986666666667	5.319356276808519	141.06354000000002	10.118107080569304	1.0	1.212360519710952	0.27781877691103773
PRASCSi	3.706063713378572	0.9896373944993984	3.706063713378572	0.0103626055006014	171.01986666666667	5.319356276808519	141.06354000000002	10.118107080569304	1.0	1.212360519710952	0.27781877691103773
ADSL2r	1.195785520456286	0.851089895763752	1.195785520456286	0.148910104236248	1.77016	0.0404314168273468	1.5962500000000002	0.2016641584417023	0.0	1.10894909945184	0.1491931475972915
AICART	12.594048874208482	0.9998856009040428	12.594048874208482	0.0001143990959573	75.56781	6.021446982561582	20.70601333333333	1.3017607375994855	1.0	3.649558646731288	1.8677220046304819
IMPC	12.594048874208482	0.9998856009040428	12.594048874208482	0.0001143990959573	75.56781	6.021446982561582	20.70601333333333	1.3017607375994855	1.0	3.649558646731288	1.8677220046304819
ADSS	20.5433841743477	0.999983419261342	20.5433841743477	1.658073865799574e-05	15.598926666666664	0.3789631215420423	8.064100000000002	0.3541704072900504	1.0	1.9343667199894174	0.9518613289184256
ADSL1r	1.195785520456286	0.851089895763752	1.195785520456286	0.148910104236248	1.77016	0.0404314168273468	1.5962500000000002	0.2016641584417023	0.0	1.10894909945184	0.1491931475972915
IMPDH2	-1.1852723044161655	0.150757029449531	-1.1852723044161655	0.8492429705504689	508.74898666666667	49.47363581541544	562.84782	41.458913017945854	0.0	0.90388372947179	-0.14579089050214375
GMPS	5.265912681432351	0.996885294037582	5.265912681432351	0.0031147059624179	37.29918333333334	2.435068609934615	24.93334	2.2581606030277523	1.0	1.4959561508138637	0.5810678878388357
GMPS2	5.265912681432351	0.996885294037582	5.265912681432351	0.0031147059624179	37.29918333333334	2.435068609934615	24.93334	2.2581606030277523	1.0	1.4959561508138637	0.5810678878388357
GK1	-3.07860846764863	0.0184908182660833	-3.07860846764863	0.9815091817339164	136.10994333333332	4.096300944676262	204.6620533333333	31.22307109195841	-1.0	0.6650472870593697	-0.5884711702425109
RNDR2	4.464418692922691	0.9944388166669718	4.464418692922691	0.0055611833330282	41.32658666666666	9.714362368364116	10.058383333333332	1.9337847602449336	1.0	4.108670876532511	2.038671768614183
ADK1	-2.121227242234558	0.0506010577496707	-2.121227242234558	0.9493989422503292	34.06773333333334	0.6731563577819206	36.33220333333333	1.3513303206429177	0.0	0.9376731991939934	-0.0928428971492937
RNDR1	4.464418692922691	0.9944388166669718	4.464418692922691	0.0055611833330282	41.32658666666666	9.714362368364116	10.058383333333332	1.9337847602449336	1.0	4.108670876532511	2.038671768614183
CBPS	3.1007042038692783	0.98190180566912	3.1007042038692783	0.0180981943308801	45.29455000000001	10.156052952740382	20.18209	5.295346328787192	1.0	2.2442943223422356	1.1662618869715091
ASPCT	3.1007042038692783	0.98190180566912	3.1007042038692783	0.0180981943308801	45.29455000000001	10.156052952740382	20.18209	5.295346328787192	1.0	2.2442943223422356	1.1662618869715091
DHORTS	3.1007042038692783	0.98190180566912	3.1007042038692783	0.0180981943308801	45.29455000000001	10.156052952740382	20.18209	5.295346328787192	1.0	2.2442943223422356	1.1662618869715091
DHORD9	9.277643886635689	0.9996246292474144	9.277643886635689	0.0003753707525855	20.57174	0.8965304942945334	13.813253333333334	0.5075141397263943	1.0	1.4892755170396739	0.5746106782295185
ORPT	6.533216627298721	0.9985820800082034	6.533216627298721	0.0014179199917966	53.247816666666665	7.472798802342324	17.597763333333333	1.925944862092948	1.0	3.025828661180237	1.5973302966544316
OMPDC	6.533216627298721	0.9985820800082034	6.533216627298721	0.0014179199917966	53.247816666666665	7.472798802342324	17.597763333333333	1.925944862092948	1.0	3.025828661180237	1.5973302966544316
UMPK	-0.1253964754713115	0.4531297329651158	-0.1253964754713115	0.5468702670348842	24.65074333333333	5.068289210751713	25.24871333333333	4.448842623104975	0.0	0.9763168129755523	-0.03457871928935679
RNDR4	4.464418692922691	0.9944388166669718	4.464418692922691	0.0055611833330282	41.32658666666666	9.714362368364116	10.058383333333332	1.9337847602449336	1.0	4.108670876532511	2.038671768614183
TMDS	4.31555350832318	0.9937544254596404	4.31555350832318	0.0062455745403593	28.423806666666668	4.182257383442051	14.164636666666668	2.0840669649563144	1.0	2.006673897506725	1.0048061848742689
URIDK2r	5.868761578221723	0.9978951365517011	5.868761578221723	0.0021048634482988	65.30329666666667	4.187802908457951	37.585366666666665	5.203366353495484	1.0	1.7374659996221935	0.7969847460914565
NDPK2	-2.0031749090890947	0.057848210117066	-2.0031749090890947	0.942151789882934	340.2984633333333	64.14992826657999	469.45688	64.80213093265837	0.0	0.7248769329641804	-0.46419201461933934
NDPK3_f	-2.0031749090890947	0.057848210117066	-2.0031749090890947	0.942151789882934	340.2984633333333	64.14992826657999	469.45688	64.80213093265837	0.0	0.7248769329641804	-0.46419201461933934
NDPK3_b	-2.0031749090890947	0.057848210117066	-2.0031749090890947	0.942151789882934	340.2984633333333	64.14992826657999	469.45688	64.80213093265837	0.0	0.7248769329641804	-0.46419201461933934
CYTK1_r	-0.1253964754713115	0.4531297329651158	-0.1253964754713115	0.5468702670348842	24.65074333333333	5.068289210751713	25.24871333333333	4.448842623104975	0.0	0.9763168129755523	-0.03457871928935679
CTPS1	0.8604122784853558	0.7809612398160705	0.8604122784853558	0.2190387601839295	28.54911	4.465979033590135	25.827736666666667	0.2500828984334762	0.0	1.1053663109724028	0.14452454830186276
RNDR3	4.464418692922691	0.9944388166669718	4.464418692922691	0.0055611833330282	41.32658666666666	9.714362368364116	10.058383333333332	1.9337847602449336	1.0	4.108670876532511	2.038671768614183
GDHm	12.166593456991857	0.9998690411780674	12.166593456991857	0.0001309588219326	69.22726	2.411772615498126	31.73535	3.629765399205115	1.0	2.181392674100018	1.1252494939515532
GLUDym_f	12.166593456991857	0.9998690411780674	12.166593456991857	0.0001309588219326	69.22726	2.411772615498126	31.73535	3.629765399205115	1.0	2.181392674100018	1.1252494939515532
GLUDym_b	12.166593456991857	0.9998690411780674	12.166593456991857	0.0001309588219326	69.22726	2.411772615498126	31.73535	3.629765399205115	1.0	2.181392674100018	1.1252494939515532
ASPTA_f	3.4992555330953734	0.9875435223682734	3.4992555330953734	0.0124564776317266	30.23361333333333	0.8556922345615211	23.68499333333333	2.504457799422638	1.0	1.2764881504435017	0.3521801453629372
ASPTA_b	3.4992555330953734	0.9875435223682734	3.4992555330953734	0.0124564776317266	30.23361333333333	0.8556922345615211	23.68499333333333	2.504457799422638	1.0	1.2764881504435017	0.3521801453629372
ASPTAm	-8.53095628056431	0.0005180347755655	-8.53095628056431	0.9994819652244344	76.58952666666666	6.250984815559507	134.01264999999998	7.179267147910477	-1.0	0.5715096796210408	-0.8071501614117161
ASPGLUm	2.829520454537834	0.9763159566981916	2.829520454537834	0.0236840433018082	6.065416666666667	0.6644151524126731	4.364313333333333	0.5305013443484905	1.0	1.3897757111848068	0.47485207253835554
ASPT	-6.648683400771204	0.0013285071501211	-6.648683400771204	0.9986714928498788	36.53460666666666	2.181260373535346	77.67360333333333	8.47427954402549	-1.0	0.47036065148001155	-1.08816071985143
CBPSam	-6.038211273996541	0.0018965975915002	-6.038211273996541	0.9981034024084996	0.6597066666666667	0.0845975796869443	13.616013333333331	3.0333259238920496	-1.0	0.04845079470153281	-4.367335860510888
OCBTm					0.0	0.0	0.0	0.0	0.0		
ORNt4m	3.936106977919855	0.9914923127848844	3.936106977919855	0.0085076872151156	10.396736666666667	2.616685113934974	3.11287	0.0429987627728984	1.0	3.339919966675983	1.7398135323211652
ARGSS	4.851387603698643	0.9958344770708312	4.851387603698643	0.0041655229291688	116.34619	12.687889685239227	65.43996	7.696032499883731	1.0	1.7779074131463406	0.830180195892879
ARGSL	-1.0300713823794228	0.180591941420985	-1.0300713823794228	0.8194080585790149	6.6327533333333335	2.662095376507428	8.601516666666667	0.468288139669964	0.0	0.7711143964920915	-0.3749831919334799
ARGN	0.574038522220969	0.701661119996414	0.574038522220969	0.2983388800035859	0.2460233333333333	0.1307094034702766	0.1829933333333333	0.0838305920028932	0.0	1.3444387773689386	0.42700405971263544
ORNDC	2.8819295180959723	0.9775370843204984	2.8819295180959723	0.0224629156795016	184.5859533333333	35.969527020425986	111.08134	2.6904666049342927	1.0	1.6617188209408826	0.7326762846637911
SPMS	-3.430622331824091	0.0132602537486202	-3.430622331824091	0.9867397462513798	351.1940233333333	24.943066297814223	540.0183699999999	73.73487869909238	-1.0	0.65033717896177	-0.6207401916834874
SPRMS	-3.205746767806211	0.0163605737458275	-3.205746767806211	0.9836394262541724	393.1726566666666	26.91599574169523	570.49806	73.45062664108637	-1.0	0.6891743973093731	-0.5370589881603849
ADMDC	2.650482498773768	0.9715234545471696	2.650482498773768	0.0284765454528305	68.73440333333333	16.410244625640278	36.918053333333326	4.346854494016973	1.0	1.8618100665473878	0.8967059031724064
MTAP	-8.079763380937235	0.0006374243424334	-8.079763380937235	0.9993625756575666	0.03868	0.0118376546100427	3.131686666666667	0.5412443354797247	-1.0	0.012351171786023718	-6.339208269447322
ADPT	5.875757681185677	0.9979042746015442	5.875757681185677	0.0020957253984557	1447.1697133333334	156.8100696795569	775.4159566666667	39.39057285191669	1.0	1.8663140742607107	0.9001917917898716
MTRI					1.0	0.0	1.0	0.0	0.0	1.0	0.0
MDRPD	-24.45284099076561	8.298074046123468e-06	-24.45284099076561	0.999991701925954	0.2900233333333333	0.0815369856091223	2.38121	0.0893239993879957	-1.0	0.12179662160554228	-3.037453978560417
DKMPPD					1.0	0.0	1.0	0.0	0.0	1.0	0.0
SPMDtex2					1.0	0.0	1.0	0.0	0.0	1.0	0.0
SPRMti					1.0	0.0	1.0	0.0	0.0	1.0	0.0
GLYAMDTRc	2.208960500532604	0.95413388358547	2.208960500532604	0.0458661164145298	0.0890466666666666	0.0051762298592272	0.04536	0.0274857793534523	1.0	1.963109935332156	0.9731409668527345
ARGDr					1.0	0.0	1.0	0.0	0.0	1.0	0.0
r0074_f	-4.719613267176448	0.0045871029968471	-4.719613267176448	0.9954128970031528	6.89818	0.5041398179738101	21.04892	4.210137115518528	-1.0	0.3277213272699977	-1.6094585320296868
r0074_b	-4.719613267176448	0.0045871029968471	-4.719613267176448	0.9954128970031528	6.89818	0.5041398179738101	21.04892	4.210137115518528	-1.0	0.3277213272699977	-1.6094585320296868
GLU5SAtmc_f					1.0	0.0	1.0	0.0	0.0	1.0	0.0
GLU5SAtmc_b					1.0	0.0	1.0	0.0	0.0	1.0	0.0
G5SADs_f	-4.719613267176448	0.0045871029968471	-4.719613267176448	0.9954128970031528	6.89818	0.5041398179738101	21.04892	4.210137115518528	-1.0	0.3277213272699977	-1.6094585320296868
G5SADs_b	-4.719613267176448	0.0045871029968471	-4.719613267176448	0.9954128970031528	6.89818	0.5041398179738101	21.04892	4.210137115518528	-1.0	0.3277213272699977	-1.6094585320296868
PRO1x	-0.6406382086216347	0.2783082061631616	-0.6406382086216347	0.7216917938368383	74.34441666666666	12.761842054714863	81.88203666666668	10.677237967577984	0.0	0.9079453771932311	-0.139322588585774
P5CR	-0.6406382086216347	0.2783082061631616	-0.6406382086216347	0.7216917938368383	74.34441666666666	12.761842054714863	81.88203666666668	10.677237967577984	0.0	0.9079453771932311	-0.139322588585774
PROD2					0.0	0.0	0.0	0.0	0.0		
EXRiboflavin					1.0	0.0	1.0	0.0	0.0	1.0	0.0
RBFK	4.101640349559306	0.9925834362211872	4.101640349559306	0.0074165637788128	47.37363333333334	7.65461983232058	23.92574	2.601608955857893	1.0	1.9800279252944042	0.9855207774764266
FMNAT	-2.4855150337844605	0.0339046257449121	-2.4855150337844605	0.9660953742550878	80.76898	4.833790281776812	92.38609	4.508393826770981	-1.0	0.874254771470467	-0.19387433006331783
TransportFAD					1.0	0.0	1.0	0.0	0.0	1.0	0.0
ASNS1	4.21718311624277	0.9932459649402832	4.21718311624277	0.0067540350597167	0.9751066666666668	0.2318345444971957	0.2424966666666666	0.0813029959814246	1.0	4.021113692284431	2.0075951272290795
ASNN	0.54410666103279	0.6923614553554585	0.54410666103279	0.3076385446445416	2.2082	0.2472223490436628	2.03485	0.3766795064773235	0.0	1.0851905545863332	0.11794839568232493
METS	5.862790799278555	0.9978872990548288	5.862790799278555	0.0021127009451712	4.35615	0.4114500349576684	2.441073333333333	0.2100200797278413	1.0	1.7845223822307676	0.8355379963888016
METAT	3.982057209010063	0.991813503846756	3.982057209010063	0.008186496153244	34.82417	3.839064817278638	19.567556666666665	3.823598703719952	1.0	1.779689237303857	0.8316253451570084
HMR_3915					1.0	0.0	1.0	0.0	0.0	1.0	0.0
AHCi	-24.45284099076561	8.298074046123468e-06	-24.45284099076561	0.999991701925954	0.2900233333333333	0.0815369856091223	2.38121	0.0893239993879957	-1.0	0.12179662160554228	-3.037453978560417
ADNK1	-2.557315403284797	0.0314082187980413	-2.557315403284797	0.9685917812019588	1.7784733333333334	0.09948920254089	2.9345733333333333	0.6315430854836606	-1.0	0.6060415369866375	-0.7225114181016672
CYSTS	16.178093801727872	0.9999572997963728	16.178093801727872	4.27002036270919e-05	9.932156666666666	0.8547322344583841	0.1431133333333333	0.040948377528569	1.0	69.40063818884802	6.116877024371775
CYSTGL	-2.3777225758650644	0.0380888864742819	-2.3777225758650644	0.961911113525718	1.7139266666666668	0.2332836145600934	2.34971	0.2976162308521944	-1.0	0.7294205100487579	-0.45517732854261994
MTHFR3	-0.3702774585370057	0.3649744413741913	-0.3702774585370057	0.6350255586258087	3.93746	0.4220457535228459	4.06078	0.2090902237472298	0.0	0.969631450115495	-0.044491601326277906
MetSynthesis					1.0	0.0	1.0	0.0	0.0	1.0	0.0
UNK3					1.0	0.0	1.0	0.0	0.0	1.0	0.0
5MTHFt	-3.793823118553047	0.0096027562390693	-3.793823118553047	0.9903972437609306	0.5113833333333334	0.2227859981137853	2.8286333333333338	0.8345709242612172	-1.0	0.1807881308994921	-2.467628129825224
ILETA	-0.3260060813921729	0.380381160705318	-0.3260060813921729	0.619618839294682	0.3303299999999999	0.124965612069881	0.4689166666666666	0.588057261629814	0.0	0.7044535276346187	-0.5054235589166789
3MOPt2im					1.0	0.0	1.0	0.0	0.0	1.0	0.0
ILETAm	2.4440797748910947	0.9645520259714376	2.4440797748910947	0.0354479740285624	41.16323666666667	0.6566625799365233	35.34732666666667	3.30056055740368	1.0	1.164536063924872	0.21975531832930809
LEUTA	-0.3260060813921729	0.380381160705318	-0.3260060813921729	0.619618839294682	0.3303299999999999	0.124965612069881	0.4689166666666666	0.588057261629814	0.0	0.7044535276346187	-0.5054235589166789
4MOPt2im					1.0	0.0	1.0	0.0	0.0	1.0	0.0
LEUTAm	2.4440797748910947	0.9645520259714376	2.4440797748910947	0.0354479740285624	41.16323666666667	0.6566625799365233	35.34732666666667	3.30056055740368	1.0	1.164536063924872	0.21975531832930809
OIVD1m	3.062746548893071	0.9812211571625716	3.062746548893071	0.0187788428374284	0.0740966666666666	0.0249891394187332	0.0142499999999999	0.0117975166878457	1.0	5.199766081871377	2.378446723231645
ACOAD8m	-6.909577389477152	0.0011507473590978	-6.909577389477152	0.998849252640902	19.95562333333333	2.3466162988770773	44.16136	4.363304445608472	-1.0	0.45187972773785345	-1.1459892587195397
MCCCrm	-0.9804080910435514	0.1911974355343264	-0.9804080910435514	0.8088025644656736	3.755303333333333	0.5329741895147353	4.61974	1.1272831649885786	0.0	0.8128819659403631	-0.29888221308536184
MGCHrm	-2.222684722205977	0.0451710984411225	-2.222684722205977	0.9548289015588776	0.6539033333333334	0.0260306413460922	0.8870533333333332	0.1460431726883831	-1.0	0.7371634926122445	-0.4399434703802709
HMGCOAtm					1.0	0.0	1.0	0.0	0.0	1.0	0.0
VALTA	-0.3260060813921729	0.380381160705318	-0.3260060813921729	0.619618839294682	0.3303299999999999	0.124965612069881	0.4689166666666666	0.588057261629814	0.0	0.7044535276346187	-0.5054235589166789
3MOBt2im					1.0	0.0	1.0	0.0	0.0	1.0	0.0
VALTAim	2.4440797748910947	0.9645520259714376	2.4440797748910947	0.0354479740285624	41.16323666666667	0.6566625799365233	35.34732666666667	3.30056055740368	1.0	1.164536063924872	0.21975531832930809
OIVD2m	3.062746548893071	0.9812211571625716	3.062746548893071	0.0187788428374284	0.0740966666666666	0.0249891394187332	0.0142499999999999	0.0117975166878457	1.0	5.199766081871377	2.378446723231645
ACOAD9m	-6.541700702952902	0.0014111028437904	-6.541700702952902	0.9985888971562096	18.95289333333333	0.9700745600668484	28.90717	1.9209070206719192	-1.0	0.6556467939730292	-0.609009270615217
ECOAH12m	3.065867776261387	0.9812782467914384	3.065867776261387	0.0187217532085616	330.89005000000003	17.782672692485427	254.65992666666665	30.33522863478075	1.0	1.2993408673721707	0.37777995515603957
3HBCOAHLm					1.0	0.0	1.0	0.0	0.0	1.0	0.0
HIBDm	-2.9043588942124963	0.0219628085275963	-2.9043588942124963	0.9780371914724036	3.6851033333333336	0.2274073470424578	6.69028	1.4455262430224731	-1.0	0.5508145149879129	-0.8603615172133872
r0643	0.4503749366404181	0.6621140729588266	0.4503749366404181	0.3378859270411734	135.8015333333333	12.846331634995613	129.49495	15.07108752424545	0.0	1.0487013843654391	0.06860393184690425
MMSAD1m	6.238416807791943	0.9983178545305236	6.238416807791943	0.0016821454694765	18.685323333333333	2.9123345495362	4.480503333333334	1.3739305180232204	1.0	4.170362555992592	2.0601728117264235
MMTSADm					1.0	0.0	1.0	0.0	0.0	1.0	0.0
PCC					1.0	0.0	1.0	0.0	0.0	1.0	0.0
MMALH					1.0	0.0	1.0	0.0	0.0	1.0	0.0
MMEm	-2.556389963662789	0.0314390283824272	-2.556389963662789	0.9685609716175728	3.46221	0.4930165494855794	6.20029	1.4322461297556368	-1.0	0.5583948492731792	-0.8406424609370632
MMMm	7.531135347438071	0.9991676966937578	7.531135347438071	0.0008323033062422	13.014723333333334	1.317428364892081	4.68933	0.8417128271962275	1.0	2.77539079854336	1.4726909294535546
ILEtmi					1.0	0.0	1.0	0.0	0.0	1.0	0.0
LEUt5m					1.0	0.0	1.0	0.0	0.0	1.0	0.0
VALt5m					1.0	0.0	1.0	0.0	0.0	1.0	0.0
PGCD	14.672781128879556	0.9999372315413296	14.672781128879556	6.276845867030384e-05	42.175806666666666	3.506433106708615	4.939163333333333	0.7653924697100757	1.0	8.53905890943743	3.0940770790376395
PSERT	5.229501488050945	0.9968070708625228	5.229501488050945	0.0031929291374771	41.628166666666665	4.840205510253558	23.251583333333333	1.126548711813604	1.0	1.7903368587802264	0.8402310616621111
PSP_L	7.706411467643811	0.9992370988907252	7.706411467643811	0.0007629011092747	8.441506666666667	0.877281863117867	3.62735	0.1042314926817547	1.0	2.327182837792512	1.2185845621889924
GHMT2r_f	9.3942123939965	0.9996422625547574	9.3942123939965	0.0003577374452425	21.05800333333333	1.4630585781467838	10.781836666666669	0.502611614956209	1.0	1.9530998274567313	0.9657656905949532
GHMT2r_b	9.3942123939965	0.9996422625547574	9.3942123939965	0.0003577374452425	21.05800333333333	1.4630585781467838	10.781836666666669	0.502611614956209	1.0	1.9530998274567313	0.9657656905949532
SERD_L	8.161089926687769	0.9993864332591856	8.161089926687769	0.0006135667408144	24.310900000000004	2.7739397966190005	6.459733333333333	1.3690380353209897	1.0	3.763452567701454	1.912056788719971
ALATA_L_f	3.5143680169738434	0.9877126461990968	3.5143680169738434	0.0122873538009031	32.60111333333333	1.6081937530934778	25.26673666666667	2.4747911069062427	1.0	1.2902779556943178	0.3676818889863371
ALATA_L_b	3.5143680169738434	0.9877126461990968	3.5143680169738434	0.0122873538009031	32.60111333333333	1.6081937530934778	25.26673666666667	2.4747911069062427	1.0	1.2902779556943178	0.3676818889863371
r1435					1.0	0.0	1.0	0.0	0.0	1.0	0.0
GLYtm_r					1.0	0.0	1.0	0.0	0.0	1.0	0.0
GHMT2rm	6.433368000021063	0.9984987207323852	6.433368000021063	0.0015012792676146	560.8733333333333	55.71221278984609	277.7466933333333	27.744341664808378	1.0	2.0193699755777472	1.0139052559057005
MLTHFtm_r					1.0	0.0	1.0	0.0	0.0	1.0	0.0
r0962	2.061370527768874	0.945857946918986	2.061370527768874	0.054142053081014	21.214566666666663	3.751241571980609	15.600716666666663	0.8726652826574206	0.0	1.359845648116593	0.44344290490629285
FORtm_r					1.0	0.0	1.0	0.0	0.0	1.0	0.0
r0514	16.677011451567914	0.9999621287814512	16.677011451567914	3.787121854869193e-05	61.37655	3.8265849931847407	13.756266666666669	1.2901068674424698	1.0	4.4617156302097465	2.1575985655856544
DHFRim	16.677011451567914	0.9999621287814512	16.677011451567914	3.787121854869193e-05	61.37655	3.8265849931847407	13.756266666666669	1.2901068674424698	1.0	4.4617156302097465	2.1575985655856544
FTHFLmi	6.277466554028255	0.9983561428971864	6.277466554028255	0.0016438571028136	51.49497	6.673805235041453	19.192826666666665	2.901272642150145	1.0	2.6830320981033196	1.4238643141949607
MTHFCm	4.162415667014699	0.9929412300722852	4.162415667014699	0.0070587699277148	82.79544	11.587889316129436	47.91413666666667	2.484293730906679	1.0	1.7279960729752617	0.7890999388523345
MTHFDm	6.701049162940249	0.9987097486626546	6.701049162940249	0.0012902513373454	128.95966333333334	12.318310347006022	66.29366	4.81318086137085	1.0	1.9452789804233668	0.9599770728520847
FOLR2	16.677011451567914	0.9999621287814512	16.677011451567914	3.787121854869193e-05	61.37655	3.8265849931847407	13.756266666666669	1.2901068674424698	1.0	4.4617156302097465	2.1575985655856544
DHFR	16.677011451567914	0.9999621287814512	16.677011451567914	3.787121854869193e-05	61.37655	3.8265849931847407	13.756266666666669	1.2901068674424698	1.0	4.4617156302097465	2.1575985655856544
FTHFLi	5.954368754622109	0.9980036809410112	5.954368754622109	0.0019963190589887	46.16423	5.963087396933461	18.379526666666667	2.826618959821473	1.0	2.5117202873196955	1.328675810341948
FTHFDH	-9.375571783838724	0.0003604870790026	-9.375571783838724	0.9996395129209972	0.10627	0.0139232347774023	2.089296666666667	0.2987960118356483	-1.0	0.05086400686674463	-4.297211073419413
MTHFC_f	5.954368754622109	0.9980036809410112	5.954368754622109	0.0019963190589887	46.16423	5.963087396933461	18.379526666666667	2.826618959821473	1.0	2.5117202873196955	1.328675810341948
MTHFC_b	5.954368754622109	0.9980036809410112	5.954368754622109	0.0019963190589887	46.16423	5.963087396933461	18.379526666666667	2.826618959821473	1.0	2.5117202873196955	1.328675810341948
MTHFD	5.900721491962239	0.997936487221892	5.900721491962239	0.002063512778108	50.101686666666666	6.090441231363199	22.440303333333333	2.618664411748011	1.0	2.2326653041380458	1.1587669948902606
MTHFD2i_f	4.171024747589029	0.9929902144071352	4.171024747589029	0.0070097855928646	83.19528666666666	11.575581536393276	48.28363333333333	2.474091022743955	1.0	1.7230535674959564	0.7849675537738101
MTHFD2i_b	4.171024747589029	0.9929902144071352	4.171024747589029	0.0070097855928646	83.19528666666666	11.575581536393276	48.28363333333333	2.474091022743955	1.0	1.7230535674959564	0.7849675537738101
ACACT1r	4.062914101871381	0.9923440333767258	4.062914101871381	0.0076559666232741	30.429600000000004	5.836961382437497	13.219896666666664	1.3468237552190052	1.0	2.301803165884555	1.2027644695502835
HMGCOAS	5.106635493379896	0.9965247925713806	5.106635493379896	0.0034752074286194	31.28397666666667	5.428700796920834	11.096076666666669	1.3363635333828727	1.0	2.81937279332665	1.495374251773112
HMGCOAR	4.03570962078441	0.9921702832807208	4.03570962078441	0.007829716719279	46.19466666666667	10.19903169358194	16.586033333333333	1.9060276536002545	1.0	2.785154577847627	1.477757400278243
MEVK1	-6.530341224669322	0.0014202396389409	-6.530341224669322	0.9985797603610592	12.669263333333332	1.3249745232603114	34.85680333333333	4.618649544418322	-1.0	0.3634660129954544	-1.4601076280611343
PMEVK	1.552680577317926	0.9022724031401712	1.552680577317926	0.0977275968598289	29.55179	2.682929775351316	24.77162333333333	3.429010333807053	0.0	1.192969455507357	0.25455710510171575
IPDDI	1.223076124786239	0.8557854001746216	1.223076124786239	0.1442145998253784	91.68752333333332	4.669938662711627	83.19012666666667	8.644587675632014	0.0	1.1021442929245047	0.14031311416238465
DPMVD	5.389897824206985	0.9971346724767284	5.389897824206985	0.0028653275232716	62.993876666666665	5.895359371722436	32.27788	5.495232415909874	1.0	1.9516113408522078	0.9646657719304318
DMATT	-4.04255196529444	0.0077855731284657	-4.04255196529444	0.9922144268715342	6.0367	1.3882501152890283	16.95703333333333	3.5591160031702	-1.0	0.3559997719726918	-1.4900517777798807
GRTT	-4.04255196529444	0.0077855731284657	-4.04255196529444	0.9922144268715342	6.0367	1.3882501152890283	16.95703333333333	3.5591160031702	-1.0	0.3559997719726918	-1.4900517777798807
HMR_1465					1.0	0.0	1.0	0.0	0.0	1.0	0.0
HMR_1467					1.0	0.0	1.0	0.0	0.0	1.0	0.0
SMO	6.053334196709251	0.9981207327018716	6.053334196709251	0.0018792672981283	147.75657333333334	4.953493309953655	94.49092	11.41584256522779	1.0	1.5637118712923246	0.6449747069214757
LNSTLS	-4.179032212171141	0.0069645918403851	-4.179032212171141	0.9930354081596148	8.305670000000001	1.5593191768418253	15.79989	2.000076863239677	-1.0	0.5256789762460372	-0.9277460572803964
HMR_1477	2.031813779933856	0.9440093310018012	2.031813779933856	0.0559906689981988	1.3597833333333331	0.8017727974238643	0.2065799999999999	0.0379390809939654	0.0	6.58235711750089	2.7186043001892775
HMR_1478	2.031813779933856	0.9440093310018012	2.031813779933856	0.0559906689981988	1.3597833333333331	0.8017727974238643	0.2065799999999999	0.0379390809939654	0.0	6.58235711750089	2.7186043001892775
HMR_1479	2.031813779933856	0.9440093310018012	2.031813779933856	0.0559906689981988	1.3597833333333331	0.8017727974238643	0.2065799999999999	0.0379390809939654	0.0	6.58235711750089	2.7186043001892775
C14STR	7.000065725681057	0.9989039736637764	7.000065725681057	0.0010960263362235	185.11788	16.421923730897063	89.07240333333333	10.33600932618688	1.0	2.0782854517491596	1.055393821489468
HMR_1490	2.803418633966094	0.9756790992257344	2.803418633966094	0.0243209007742655	51.98852333333334	4.243335859205846	37.71102333333334	5.819719759217126	1.0	1.3786028258580802	0.46320687766586555
HMR_1493	2.803418633966094	0.9756790992257344	2.803418633966094	0.0243209007742655	51.98852333333334	4.243335859205846	37.71102333333334	5.819719759217126	1.0	1.3786028258580802	0.46320687766586555
HMR_1494	2.803418633966094	0.9756790992257344	2.803418633966094	0.0243209007742655	51.98852333333334	4.243335859205846	37.71102333333334	5.819719759217126	1.0	1.3786028258580802	0.46320687766586555
C3STDH1	6.755959942226677	0.9987484166354896	6.755959942226677	0.0012515833645104	13.769233333333334	1.1825376029069388	7.692369999999999	0.4687643407939645	1.0	1.7899858344480748	0.8399481703652977
HMR_1495	3.375408265900359	0.9860481526138926	3.375408265900359	0.0139518473861074	13.769233333333334	1.1825376029069388	9.87765	1.1225258582619226	1.0	1.39397866226616	0.4792084779363227
HMR_1500	12.99974799495571	0.9998989723432212	12.99974799495571	0.0001010276567787	5.341670000000001	0.0952502892384062	2.4723666666666664	0.2972573771816083	1.0	2.1605492712785326	1.111398131931425
HMR_1502	2.803418633966094	0.9756790992257344	2.803418633966094	0.0243209007742655	51.98852333333334	4.243335859205846	37.71102333333334	5.819719759217126	1.0	1.3786028258580802	0.46320687766586555
HMR_1503	2.803418633966094	0.9756790992257344	2.803418633966094	0.0243209007742655	51.98852333333334	4.243335859205846	37.71102333333334	5.819719759217126	1.0	1.3786028258580802	0.46320687766586555
HMR_1504	2.803418633966094	0.9756790992257344	2.803418633966094	0.0243209007742655	51.98852333333334	4.243335859205846	37.71102333333334	5.819719759217126	1.0	1.3786028258580802	0.46320687766586555
HMR_1505	6.755959942226677	0.9987484166354896	6.755959942226677	0.0012515833645104	13.769233333333334	1.1825376029069388	7.692369999999999	0.4687643407939645	1.0	1.7899858344480748	0.8399481703652977
HMR_1509	12.99974799495571	0.9998989723432212	12.99974799495571	0.0001010276567787	5.341670000000001	0.0952502892384062	2.4723666666666664	0.2972573771816083	1.0	2.1605492712785326	1.111398131931425
CHLSTI_1	-1.130951136113293	0.1606445292015334	-1.130951136113293	0.8393554707984665	168.50833333333335	16.388363889858628	189.55276	20.589228213667138	0.0	0.8889785267876519	-0.16977952360634962
HMR_1516	5.967836249034437	0.99802012552706	5.967836249034437	0.00197987447294	20.682876666666665	2.7113410014521504	7.46162	1.5699652734376008	1.0	2.771901633514795	1.4708760614583893
RE2410C					1.0	0.0	1.0	0.0	0.0	1.0	0.0
DSMSTOLR					1.0	0.0	1.0	0.0	0.0	1.0	0.0
ACCOAC	3.691369493318282	0.989503242845317	3.691369493318282	0.010496757154683	3.1845766666666666	0.6577451215748812	1.4645466666666664	0.0401064968413957	1.0	2.174445334620042	1.1206474400211575
FASN	-4.866214234182436	0.0041210964347641	-4.866214234182436	0.9958789035652358	345.5619566666667	68.82113279773608	1888.0455	442.9604224536907	-1.0	0.18302628653105377	-2.449877229304003
MCAT	-4.866214234182436	0.0041210964347641	-4.866214234182436	0.9958789035652358	345.5619566666667	68.82113279773608	1888.0455	442.9604224536907	-1.0	0.18302628653105377	-2.449877229304003
AcetoacetylACPsynthesis	-4.866214234182436	0.0041210964347641	-4.866214234182436	0.9958789035652358	345.5619566666667	68.82113279773608	1888.0455	442.9604224536907	-1.0	0.18302628653105377	-2.449877229304003
r0691	-4.866214234182436	0.0041210964347641	-4.866214234182436	0.9958789035652358	345.5619566666667	68.82113279773608	1888.0455	442.9604224536907	-1.0	0.18302628653105377	-2.449877229304003
r0681	-4.866214234182436	0.0041210964347641	-4.866214234182436	0.9958789035652358	345.5619566666667	68.82113279773608	1888.0455	442.9604224536907	-1.0	0.18302628653105377	-2.449877229304003
r0682	-4.866214234182436	0.0041210964347641	-4.866214234182436	0.9958789035652358	345.5619566666667	68.82113279773608	1888.0455	442.9604224536907	-1.0	0.18302628653105377	-2.449877229304003
r0760	-4.866214234182436	0.0041210964347641	-4.866214234182436	0.9958789035652358	345.5619566666667	68.82113279773608	1888.0455	442.9604224536907	-1.0	0.18302628653105377	-2.449877229304003
r0761	-4.866214234182436	0.0041210964347641	-4.866214234182436	0.9958789035652358	345.5619566666667	68.82113279773608	1888.0455	442.9604224536907	-1.0	0.18302628653105377	-2.449877229304003
r0762	-4.866214234182436	0.0041210964347641	-4.866214234182436	0.9958789035652358	345.5619566666667	68.82113279773608	1888.0455	442.9604224536907	-1.0	0.18302628653105377	-2.449877229304003
r0763	-4.866214234182436	0.0041210964347641	-4.866214234182436	0.9958789035652358	345.5619566666667	68.82113279773608	1888.0455	442.9604224536907	-1.0	0.18302628653105377	-2.449877229304003
r0764	-4.866214234182436	0.0041210964347641	-4.866214234182436	0.9958789035652358	345.5619566666667	68.82113279773608	1888.0455	442.9604224536907	-1.0	0.18302628653105377	-2.449877229304003
r0694	-4.866214234182436	0.0041210964347641	-4.866214234182436	0.9958789035652358	345.5619566666667	68.82113279773608	1888.0455	442.9604224536907	-1.0	0.18302628653105377	-2.449877229304003
r0695	-4.866214234182436	0.0041210964347641	-4.866214234182436	0.9958789035652358	345.5619566666667	68.82113279773608	1888.0455	442.9604224536907	-1.0	0.18302628653105377	-2.449877229304003
r0765	-4.866214234182436	0.0041210964347641	-4.866214234182436	0.9958789035652358	345.5619566666667	68.82113279773608	1888.0455	442.9604224536907	-1.0	0.18302628653105377	-2.449877229304003
r0766	-4.866214234182436	0.0041210964347641	-4.866214234182436	0.9958789035652358	345.5619566666667	68.82113279773608	1888.0455	442.9604224536907	-1.0	0.18302628653105377	-2.449877229304003
r0692	-4.866214234182436	0.0041210964347641	-4.866214234182436	0.9958789035652358	345.5619566666667	68.82113279773608	1888.0455	442.9604224536907	-1.0	0.18302628653105377	-2.449877229304003
r0693	-4.866214234182436	0.0041210964347641	-4.866214234182436	0.9958789035652358	345.5619566666667	68.82113279773608	1888.0455	442.9604224536907	-1.0	0.18302628653105377	-2.449877229304003
r0767	-4.866214234182436	0.0041210964347641	-4.866214234182436	0.9958789035652358	345.5619566666667	68.82113279773608	1888.0455	442.9604224536907	-1.0	0.18302628653105377	-2.449877229304003
r0768	-4.866214234182436	0.0041210964347641	-4.866214234182436	0.9958789035652358	345.5619566666667	68.82113279773608	1888.0455	442.9604224536907	-1.0	0.18302628653105377	-2.449877229304003
r0769	-4.866214234182436	0.0041210964347641	-4.866214234182436	0.9958789035652358	345.5619566666667	68.82113279773608	1888.0455	442.9604224536907	-1.0	0.18302628653105377	-2.449877229304003
r0770	-4.866214234182436	0.0041210964347641	-4.866214234182436	0.9958789035652358	345.5619566666667	68.82113279773608	1888.0455	442.9604224536907	-1.0	0.18302628653105377	-2.449877229304003
r0712	-4.866214234182436	0.0041210964347641	-4.866214234182436	0.9958789035652358	345.5619566666667	68.82113279773608	1888.0455	442.9604224536907	-1.0	0.18302628653105377	-2.449877229304003
r0713	-4.866214234182436	0.0041210964347641	-4.866214234182436	0.9958789035652358	345.5619566666667	68.82113279773608	1888.0455	442.9604224536907	-1.0	0.18302628653105377	-2.449877229304003
r0701	-4.866214234182436	0.0041210964347641	-4.866214234182436	0.9958789035652358	345.5619566666667	68.82113279773608	1888.0455	442.9604224536907	-1.0	0.18302628653105377	-2.449877229304003
r0702	-4.866214234182436	0.0041210964347641	-4.866214234182436	0.9958789035652358	345.5619566666667	68.82113279773608	1888.0455	442.9604224536907	-1.0	0.18302628653105377	-2.449877229304003
r0771	-4.866214234182436	0.0041210964347641	-4.866214234182436	0.9958789035652358	345.5619566666667	68.82113279773608	1888.0455	442.9604224536907	-1.0	0.18302628653105377	-2.449877229304003
r0772	-4.866214234182436	0.0041210964347641	-4.866214234182436	0.9958789035652358	345.5619566666667	68.82113279773608	1888.0455	442.9604224536907	-1.0	0.18302628653105377	-2.449877229304003
r0696	-4.866214234182436	0.0041210964347641	-4.866214234182436	0.9958789035652358	345.5619566666667	68.82113279773608	1888.0455	442.9604224536907	-1.0	0.18302628653105377	-2.449877229304003
r0697	-4.866214234182436	0.0041210964347641	-4.866214234182436	0.9958789035652358	345.5619566666667	68.82113279773608	1888.0455	442.9604224536907	-1.0	0.18302628653105377	-2.449877229304003
r0773	-4.866214234182436	0.0041210964347641	-4.866214234182436	0.9958789035652358	345.5619566666667	68.82113279773608	1888.0455	442.9604224536907	-1.0	0.18302628653105377	-2.449877229304003
FA160ACPH	-4.867750112120993	0.0041165273625618	-4.867750112120993	0.995883472637438	345.60137000000003	68.82053651492845	1888.315106666667	442.8850576551104	-1.0	0.18302102693552566	-2.4499186883837822
TMLYStd_r					1.0	0.0	1.0	0.0	0.0	1.0	0.0
TMLYSOX	12.85628062790885	0.9998944780649124	12.85628062790885	0.0001055219350877	0.6136066666666666	0.0617518314618189	0.0176366666666666	0.0220120456922012	1.0	34.79153279153292	5.120664335271737
GHMT3	9.3942123939965	0.9996422625547574	9.3942123939965	0.0003577374452425	21.05800333333333	1.4630585781467838	10.781836666666669	0.502611614956209	1.0	1.9530998274567313	0.9657656905949532
TMABADH	2.2538408455713363	0.9563633861529828	2.2538408455713363	0.0436366138470171	14.093736666666668	1.077253213697792	11.958366666666668	0.7967405705888347	1.0	1.17856702838459	0.2370338110005984
BBHOX	-11.518067457328902	0.0001622138852428	-11.518067457328902	0.9998377861147572	0.0	0.0	0.1122099999999999	0.0137773896898747	-1.0	0.0	
SUCFUMtm_r	-10.772862980681731	0.0002104999292821	-10.772862980681731	0.999789500070718	27.635996666666667	5.440622919913574	98.73829	7.584394991524816	-1.0	0.27989138425089866	-1.8370610170148038
palmitateActivation	3.9033733358710094	0.9912542506400056	3.9033733358710094	0.0087457493599942	31.36381666666667	4.648102059940404	15.866769999999995	3.149541248795873	1.0	1.9766982609987211	0.9830926633866678
carnitineAcylTransferaseI	-0.0145099822035674	0.494558995326536	-0.0145099822035674	0.505441004673464	19.17916	2.5953252707640844	19.21137	1.7662855314095351	0.0	0.9983233887015867	-0.002420868801280993
CARN160t_m	7.021722420840317	0.9989165909451052	7.021722420840317	0.0010834090548946	2.90531	0.5215290627248558	0.1387199999999999	0.1961797053723957	1.0	20.943699538639002	4.3884444003186385
carnitineAcylTransferaseII	3.2191589162962746	0.9838468401156062	3.2191589162962746	0.0161531598843938	5.488226666666666	0.9416240402387548	3.2308966666666663	0.3110556816534442	1.0	1.69866982230939	0.7644054569903328
betaOxidation	1.5599447928086	0.9031064241168992	1.5599447928086	0.0968935758831008	0.0376066666666666	0.0306512037102768	0.0033866666666666	0.0047894699312368	0.0	11.104330708661617	3.473050534832723
Biomass					1.0	0.0	1.0	0.0	0.0	1.0	0.0
GLCt1_r	-5.457693066208697	0.0027392876508015	-5.457693066208697	0.9972607123491984	266.0976633333333	22.9148041248932	395.82868	24.5960635157024	-1.0	0.6722546313049708	-0.5729203057223509
O2t_r					1.0	0.0	1.0	0.0	0.0	1.0	0.0
GLNt_r	3.93049102188186	0.9914520277413752	3.93049102188186	0.0085479722586249	347.38695	73.60708719155787	141.24992	9.114953283581148	1.0	2.4593780300902117	1.298293508101569
r0963_r	-3.793823118553047	0.0096027562390693	-3.793823118553047	0.9903972437609306	0.5113833333333334	0.2227859981137853	2.8286333333333338	0.8345709242612172	-1.0	0.1807881308994921	-2.467628129825224
THBPTt_r					1.0	0.0	1.0	0.0	0.0	1.0	0.0
ARGt5r_r	5.244563395129925	0.996839716428573	5.244563395129925	0.0031602835714269	45.07538333333333	9.620669323217015	9.370786666666667	0.3720482811261048	1.0	4.810202700876055	2.26609769012567
PHEtec_r	0.0131184811265748	0.5049192540539433	0.0131184811265748	0.4950807459460566	8.419903333333332	0.5901544213923072	8.40553	1.4327033252096075	0.0	1.0017099853707419	0.00246488055961968
ILEtec_r	-0.1124902828692289	0.4579269835247651	-0.1124902828692289	0.5420730164752349	8.05216	0.5756812372022097	8.17599	1.4464230573613888	0.0	0.9848544335303737	-0.022017592189626952
LEUtec_r	-0.1124902828692289	0.4579269835247651	-0.1124902828692289	0.5420730164752349	8.05216	0.5756812372022097	8.17599	1.4464230573613888	0.0	0.9848544335303737	-0.022017592189626952
VALtec_r	-0.1124902828692289	0.4579269835247651	-0.1124902828692289	0.5420730164752349	8.05216	0.5756812372022097	8.17599	1.4464230573613888	0.0	0.9848544335303737	-0.022017592189626952
METtec_r	-0.1124902828692289	0.4579269835247651	-0.1124902828692289	0.5420730164752349	8.05216	0.5756812372022097	8.17599	1.4464230573613888	0.0	0.9848544335303737	-0.022017592189626952
r2526_r	3.9444709481806064	0.9915518884400156	3.9444709481806064	0.0084481115599842	349.5878733333334	73.6002106079153	142.67161333333334	9.302888633022652	1.0	2.450297330812175	1.2929568233753093
GLYt4_r	3.836830024484561	0.9907451859519818	3.836830024484561	0.0092548140480182	350.81577	73.56913968167133	149.21363999999997	10.455187383938505	1.0	2.351097191918916	1.2333341797400432
r2532_r	3.930224938905344	0.9914501133666666	3.930224938905344	0.0085498866333335	347.39226666666667	73.61320275437568	141.25364000000002	9.111100945827932	1.0	2.459350900031083	1.2982775932575839
PROPAT4te_r	-2.50458717907317	0.0332200787550907	-2.50458717907317	0.9667799212449092	2.19561	0.2258307158027888	2.9117	0.3353969780225616	-1.0	0.7540646357797849	-0.4072399033266777
HDCAt	-6.322155256825309	0.0016013457174416	-6.322155256825309	0.9983986542825584	109.51409333333334	10.265273722456485	170.69413666666665	9.05075477213672	-1.0	0.641580873672267	-0.640296960995814
CRNt	-2.63087368288195	0.0290664913867504	-2.63087368288195	0.9709335086132496	9.074089999999998	0.7354953666747333	12.514273333333334	1.6966989324043973	-1.0	0.7250992333554057	-0.4637496464177499
GTHRDt2_r					1.0	0.0	1.0	0.0	0.0	1.0	0.0
DmLact	-0.1203794300578703	0.4549934819437908	-0.1203794300578703	0.5450065180562091	30.83566	4.590318190546999	31.59982666666666	7.715100418276413	0.0	0.9758173779012291	-0.035316919075068315
UREAt	-1.2799811919623956	0.1348721233349951	-1.2799811919623956	0.8651278766650048	0.0321	0.0274311878464398	0.27642	0.2685446007649381	0.0	0.11612763186455392	-3.1062168013157017
DmBiomass					1.0	0.0	1.0	0.0	0.0	1.0	0.0
NH4t					1.0	0.0	1.0	0.0	0.0	1.0	0.0
PTRCtex2_f					1.0	0.0	1.0	0.0	0.0	1.0	0.0
PTRCtex2_b					1.0	0.0	1.0	0.0	0.0	1.0	0.0
GUDACtr2					1.0	0.0	1.0	0.0	0.0	1.0	0.0
CE2705t	2.714427832778893	0.9733536211197362	2.714427832778893	0.0266463788802637	88.15169666666668	18.731375821802896	51.54805	3.580196878729809	1.0	1.7100879018055324	0.7740704843156121
Dm2oxobutyrate					1.0	0.0	1.0	0.0	0.0	1.0	0.0
H2Ot_f	-24.45284099076561	8.298074046123468e-06	-24.45284099076561	0.999991701925954	0.2900233333333333	0.0815369856091223	2.38121	0.0893239993879957	-1.0	0.12179662160554228	-3.037453978560417
H2Ot_b	-24.45284099076561	8.298074046123468e-06	-24.45284099076561	0.999991701925954	0.2900233333333333	0.0815369856091223	2.38121	0.0893239993879957	-1.0	0.12179662160554228	-3.037453978560417
PHLACHt_f					1.0	0.0	1.0	0.0	0.0	1.0	0.0
PHLACHt_b					1.0	0.0	1.0	0.0	0.0	1.0	0.0
CO2t					1.0	0.0	1.0	0.0	0.0	1.0	0.0
DmH2O2					1.0	0.0	1.0	0.0	0.0	1.0	0.0
DmGSSG					1.0	0.0	1.0	0.0	0.0	1.0	0.0
GLUt4	-3.8606368134726825	0.0090687066156073	-3.8606368134726825	0.9909312933843928	0.0	0.0	1.4623166666666665	0.5356701918365648	-1.0	0.0	
ALAPAT4te	4.0694448794021705	0.9923850512237076	4.0694448794021705	0.0076149487762923	394.11140666666665	82.27740959429481	155.85428666666667	9.280191886429694	1.0	2.5287171440434766	1.338405669777732
DmAla	4.0694448794021705	0.9923850512237076	4.0694448794021705	0.0076149487762923	394.11140666666665	82.27740959429481	155.85428666666667	9.280191886429694	1.0	2.5287171440434766	1.338405669777732
ASPte_r	-4.723452903917362	0.0045741049991219	-4.723452903917362	0.995425895000878	0.4928433333333333	0.0846559477466816	1.3375200000000005	0.238308454319187	-1.0	0.3684754869709112	-1.4403594484348856
DmAsp	-4.723452903917362	0.0045741049991219	-4.723452903917362	0.995425895000878	0.4928433333333333	0.0846559477466816	1.3375200000000005	0.238308454319187	-1.0	0.3684754869709112	-1.4403594484348856
DmPalm	-6.322155256825309	0.0016013457174416	-6.322155256825309	0.9983986542825584	109.51409333333334	10.265273722456485	170.69413666666665	9.05075477213672	-1.0	0.641580873672267	-0.640296960995814
ATPM					1.0	0.0	1.0	0.0	0.0	1.0	0.0
GACMTRc	-0.3347609283514104	0.3773118024516816	-0.3347609283514104	0.6226881975483184	46.01159333333334	9.382618987117734	49.92483333333333	13.611119076554855	0.0	0.9216173647717069	-0.11776019512751977
CKc_cho	-12.976212007418036	0.0001017483697315	-12.976212007418036	0.9998982516302684	76.14881666666668	13.306278664874297	250.1881033333333	13.517250985813984	-1.0	0.30436625743635487	-1.7161196668196381
CRTNsyn_cho					1.0	0.0	1.0	0.0	0.0	1.0	0.0
CRTNtr					1.0	0.0	1.0	0.0	0.0	1.0	0.0
NDPK1	-2.0031749090890947	0.057848210117066	-2.0031749090890947	0.942151789882934	340.2984633333333	64.14992826657999	469.45688	64.80213093265837	0.0	0.7248769329641804	-0.46419201461933934
NDPK5	-2.0031749090890947	0.057848210117066	-2.0031749090890947	0.942151789882934	340.2984633333333	64.14992826657999	469.45688	64.80213093265837	0.0	0.7248769329641804	-0.46419201461933934
NDPK8	-2.0031749090890947	0.057848210117066	-2.0031749090890947	0.942151789882934	340.2984633333333	64.14992826657999	469.45688	64.80213093265837	0.0	0.7248769329641804	-0.46419201461933934
NDPK7	-2.0031749090890947	0.057848210117066	-2.0031749090890947	0.942151789882934	340.2984633333333	64.14992826657999	469.45688	64.80213093265837	0.0	0.7248769329641804	-0.46419201461933934
DTMPK					1.0	0.0	1.0	0.0	0.0	1.0	0.0
NDPK4	-2.0031749090890947	0.057848210117066	-2.0031749090890947	0.942151789882934	340.2984633333333	64.14992826657999	469.45688	64.80213093265837	0.0	0.7248769329641804	-0.46419201461933934
HIStiDF_r	-2.950776138797873	0.0209684920572789	-2.950776138797873	0.979031507942721	0.0	0.0	0.01258	0.0060291956345768	-1.0	0.0	
PTRCOX1	-1.5707680158168265	0.095664485138433	-1.5707680158168265	0.9043355148615668	1.9553966666666664	0.6824756537944942	4.276653333333333	1.9753281217616028	0.0	0.4572258993792654	-1.1290209681334222
ABUTD					1.0	0.0	1.0	0.0	0.0	1.0	0.0
r0465_1	-0.8344533588515146	0.2254810624652101	-0.8344533588515146	0.7745189375347898	1.2833433333333333	0.1167758634688217	1.4904799999999998	0.3310589549712658	0.0	0.8610268727747662	-0.21586982983912542
ABUTH	-24.45284099076561	8.298074046123468e-06	-24.45284099076561	0.999991701925954	0.2900233333333333	0.0815369856091223	2.38121	0.0893239993879957	-1.0	0.12179662160554228	-3.037453978560417
GLUDC					1.0	0.0	1.0	0.0	0.0	1.0	0.0
HISDr	-0.5946454356274035	0.2920423421610357	-0.5946454356274035	0.7079576578389642	0.0300533333333333	0.0226139047687233	0.0451566666666666	0.027907318434816	0.0	0.6655348047538202	-0.5874139797152521
URCN	-24.45284099076561	8.298074046123468e-06	-24.45284099076561	0.999991701925954	0.2900233333333333	0.0815369856091223	2.38121	0.0893239993879957	-1.0	0.12179662160554228	-3.037453978560417
IZPN	2.304735304151491	0.958745867563754	2.304735304151491	0.0412541324362459	0.2467633333333333	0.1242929610056641	0.0428966666666666	0.0141433478670677	1.0	5.752506022223958	2.5241905887888856
GluForTx					1.0	0.0	1.0	0.0	0.0	1.0	0.0
FTCD	1.6511458799548822	0.9129733746565863	1.6511458799548822	0.0870266253434137	0.3689733333333334	0.2325504332875392	0.0905633333333333	0.0527557076427649	0.0	4.074202215760612	2.0265175876761656
CARPEPT1tc_r	-6.357904567586364	0.0015683083026318	-6.357904567586364	0.998431691697368	0.0	0.0	4.107043333333333	0.9135457007117316	-1.0	0.0	
NBAHH_ir	-24.45284099076561	8.298074046123468e-06	-24.45284099076561	0.999991701925954	0.2900233333333333	0.0815369856091223	2.38121	0.0893239993879957	-1.0	0.12179662160554228	-3.037453978560417
r0283	-0.8344533588515146	0.2254810624652101	-0.8344533588515146	0.7745189375347898	1.2833433333333333	0.1167758634688217	1.4904799999999998	0.3310589549712658	0.0	0.8610268727747662	-0.21586982983912542
ASP1DC	10.588008055030274	0.9997748513866817	10.588008055030274	0.0002251486133182	0.5200066666666666	0.0689755596006456	0.0027666666666666	0.0039126575225655	1.0	187.9542168674744	7.554237473261787
CSNt_r	2.5682376808564986	0.9689528034685344	2.5682376808564986	0.0310471965314656	53.187666666666665	5.6999260404402525	40.16108	4.3548873327867685	1.0	1.3243584750874893	0.4052936812322228
bAlaSynthesis					1.0	0.0	1.0	0.0	0.0	1.0	0.0
LYSt5r_r	5.24540980565229	0.9968415388351928	5.24540980565229	0.0031584611648071	45.06959666666666	9.626388945007136	9.334063333333331	0.3988402876117487	1.0	4.828507698862126	2.2715773778580384
LYStm	3.936106977919855	0.9914923127848844	3.936106977919855	0.0085076872151156	10.396736666666667	2.616685113934974	3.11287	0.0429987627728984	1.0	3.339919966675983	1.7398135323211652
SACCD3m	-0.9922207420735988	0.1886269003379225	-0.9922207420735988	0.8113730996620775	0.04887	0.0214557824373757	0.0940266666666666	0.0606802946231769	0.0	0.5197461712989226	-0.9441208693523505
r0525	-0.9922207420735988	0.1886269003379225	-0.9922207420735988	0.8113730996620775	0.04887	0.0214557824373757	0.0940266666666666	0.0606802946231769	0.0	0.5197461712989226	-0.9441208693523505
AASAD3m					1.0	0.0	1.0	0.0	0.0	1.0	0.0
r0450	7.05541371339862	0.9989358654973316	7.05541371339862	0.0010641345026682	4.84984	0.679013037037336	0.7980166666666667	0.4455889006197927	1.0	6.07736680520457	2.603446369730506
2OXOADOXm	-0.916874609089971	0.2055434943778835	-0.916874609089971	0.7944565056221164	4.575843333333333	0.2881282725145557	5.1707600000000005	0.8712072296914591	0.0	0.884945991176023	-0.17633868561282143
GLUTCOADHm	10.549406782675897	0.9997716341803068	10.549406782675897	0.000228365819693	10.593646666666666	0.359146862655872	7.139036666666667	0.2923802429865754	1.0	1.4839042242394047	0.5693979789709266
3HBCDm	-1.38667703196528	0.1189083968501989	-1.38667703196528	0.8810916031498011	7.83512	0.7626631901435912	9.687689999999998	1.7285888063002914	0.0	0.8087707183033315	-0.30619732974744784
HACD1m					1.0	0.0	1.0	0.0	0.0	1.0	0.0
HMGCOASm	-1.627420932055203	0.0894885876942841	-1.627420932055203	0.910511412305716	0.0	0.0	0.0207066666666666	0.0179938995835316	0.0	0.0	
CYStec_r	-2.0054408766288483	0.0576988029289426	-2.0054408766288483	0.9423011970710574	5.726783333333334	0.7107966293454753	8.016913333333333	1.4501399938013644	0.0	0.7143376877385063	-0.4853218564095393
CYSTA	3.4992555330953734	0.9875435223682734	3.4992555330953734	0.0124564776317266	30.23361333333333	0.8556922345615211	23.68499333333333	2.504457799422638	1.0	1.2764881504435017	0.3521801453629372
CYANt_r					1.0	0.0	1.0	0.0	0.0	1.0	0.0
MCPST	0.0532347652334368	0.5199512594626413	0.0532347652334368	0.4800487405373587	45.85360333333333	7.306370963774624	45.47201	7.027155306727372	0.0	1.0083918290247855	0.012056333232552436
TCYNTt					1.0	0.0	1.0	0.0	0.0	1.0	0.0
CYSO	-1.3494351394589483	0.1242583787812499	-1.3494351394589483	0.8757416212187501	0.0322166666666666	0.0251511197011628	0.1368433333333333	0.1067256433831886	0.0	0.2354273743697168	-2.086646015074608
3SALATAi	3.4992555330953734	0.9875435223682734	3.4992555330953734	0.0124564776317266	30.23361333333333	0.8556922345615211	23.68499333333333	2.504457799422638	1.0	1.2764881504435017	0.3521801453629372
3SALAASPm	2.829520454537834	0.9763159566981916	2.829520454537834	0.0236840433018082	6.065416666666667	0.6644151524126731	4.364313333333333	0.5305013443484905	1.0	1.3897757111848068	0.47485207253835554
3SALATAim	-8.53095628056431	0.0005180347755655	-8.53095628056431	0.9994819652244344	76.58952666666666	6.250984815559507	134.01264999999998	7.179267147910477	-1.0	0.5715096796210408	-0.8071501614117161
3SPYRSP					1.0	0.0	1.0	0.0	0.0	1.0	0.0
3SPYRSPm					1.0	0.0	1.0	0.0	0.0	1.0	0.0
HMR_3951					1.0	0.0	1.0	0.0	0.0	1.0	0.0
ExSulfitem					1.0	0.0	1.0	0.0	0.0	1.0	0.0
PHETHPTOX2					1.0	0.0	1.0	0.0	0.0	1.0	0.0
TYRt_r	5.311776465206065	0.9969805212999636	5.311776465206065	0.0030194787000363	0.3677433333333333	0.0330756923165974	0.22954	0.0161214536151882	1.0	1.6020882344398941	0.6799536058511376
TYRTA	3.861060126420664	0.9909345617828909	3.861060126420664	0.0090654382171092	30.88806	0.7986005538440357	23.70988333333333	2.504974339859703	1.0	1.3027504001495862	0.3815606979041654
34HPPOR	7.424010294333637	0.9991214217752126	7.424010294333637	0.0008785782247874	0.4755033333333333	0.0758308302883611	0.07303	0.0112982919063015	1.0	6.51106851065772	2.702894318895045
HGNTOR	-3.82426341916332	0.0093548975042137	-3.82426341916332	0.9906451024957862	0.01482	0.0105544903556101	0.1039066666666666	0.0312078156165335	-1.0	0.14262799948671892	-2.8096708679764766
MACACI	16.67408301994242	0.9999621024842708	16.67408301994242	3.78975157291424e-05	111.99081	4.020234701266418	41.90113333333333	4.379121778944063	1.0	2.6727394008435734	1.4183191778582689
FUMAC	-0.8550458292192965	0.2203582561444494	-0.8550458292192965	0.7796417438555505	9.113896666666667	0.7227413542586008	9.677816666666669	0.5895580842367353	0.0	0.9417306589468354	-0.08661359615777324
AACOAT	2.4159646493170506	0.9634593104454936	2.4159646493170506	0.0365406895545065	8.084143333333335	0.9887836501592362	6.301793333333333	0.3329007589190644	1.0	1.282832188509303	0.35933245909498207
r2534_r	4.823602619631702	0.9957496423112928	4.823602619631702	0.0042503576887071	2.3253800000000004	0.6152119660734827	0.15908	0.1578078859457494	1.0	14.617676640683936	3.869642119903585
THRD_L					1.0	0.0	1.0	0.0	0.0	1.0	0.0
OBDHc					1.0	0.0	1.0	0.0	0.0	1.0	0.0
PPCOAtm					1.0	0.0	1.0	0.0	0.0	1.0	0.0
r1616_r	11.522512897268848	0.9998380301986312	11.522512897268848	0.0001619698013688	478.44519666666673	36.0415123144801	155.22215666666668	16.57635607216965	1.0	3.082325403415883	1.624019176295592
TRPO2					1.0	0.0	1.0	0.0	0.0	1.0	0.0
FKYNH					1.0	0.0	1.0	0.0	0.0	1.0	0.0
KYN	9.081466859503724	0.9995924488307678	9.081466859503724	0.0004075511692322	4.943813333333334	0.53038012307736	1.4568266666666665	0.1164420898510881	1.0	3.393549449946002	1.7627950358657756
ANTHte					1.0	0.0	1.0	0.0	0.0	1.0	0.0
KYN3OX	-10.874379506319636	0.0002029586177138	-10.874379506319636	0.9997970413822862	0.0233233333333333	0.0071608627661445	0.6240033333333334	0.0777895632816868	-1.0	0.03737693708901122	-4.74170783972707
HKYNH	9.081466859503724	0.9995924488307678	9.081466859503724	0.0004075511692322	4.943813333333334	0.53038012307736	1.4568266666666665	0.1164420898510881	1.0	3.393549449946002	1.7627950358657756
3HAO	-10.467066475104948	0.0002354215327244	-10.467066475104948	0.9997645784672756	0.13726	0.0373378521074793	0.8057866666666667	0.0822467005754976	-1.0	0.170342853360691	-2.553486673648413
PCLAD	-1.0	0.1869504831500295	-1.0	0.8130495168499705	0.0	0.0	0.0020033333333333	0.0028331411699541	0.0	0.0	
AM6SAD					1.0	0.0	1.0	0.0	0.0	1.0	0.0
AMCOXO					1.0	0.0	1.0	0.0	0.0	1.0	0.0
2OXOADPTm	10.463309111740909	0.999764250083219	10.463309111740909	0.0002357499167809	0.0532599999999999	0.0061786783915872	0.0050766666666666	0.0020580627352493	1.0	10.49113591595547	3.3910989874444946
ExCystineGlu					1.0	0.0	1.0	0.0	0.0	1.0	0.0
ExCystineSer					1.0	0.0	1.0	0.0	0.0	1.0	0.0
CystinePyruvate					1.0	0.0	1.0	0.0	0.0	1.0	0.0
CystineReductaseNADPH	-4.234464080815636	0.0066611919635146	-4.234464080815636	0.9933388080364852	21.37933333333333	1.810029388091684	32.27350666666667	3.1562274140322795	-1.0	0.6624422178273778	-0.5941334753271166
CystineReductaseNADH					1.0	0.0	1.0	0.0	0.0	1.0	0.0
CystineGSH					1.0	0.0	1.0	0.0	0.0	1.0	0.0
Ex3HB					1.0	0.0	1.0	0.0	0.0	1.0	0.0
Transport3HB_forward					1.0	0.0	1.0	0.0	0.0	1.0	0.0
bBDH					1.0	0.0	1.0	0.0	0.0	1.0	0.0
OCOAT1m	3.361556272735732	0.985867990838188	3.361556272735732	0.0141320091618121	3.73505	0.583943802604326	1.24955	0.8674121387206891	1.0	2.9891160817894447	1.5797189249083063
ACACT1m	-1.3407190764093848	0.125544275604246	-1.3407190764093848	0.874455724395754	42.555686666666666	2.236077293153248	51.93627	9.638829854389313	0.0	0.8193828064022823	-0.28739047468131673
G3PD1ir	-0.9671838307201024	0.1941109580248756	-0.9671838307201024	0.8058890419751243	0.92907	0.1577761433170427	1.15012	0.282093994382487	0.0	0.8078026640698361	-0.3079251909434122
GLYC3Ptm					1.0	0.0	1.0	0.0	0.0	1.0	0.0
G3PDm					1.0	0.0	1.0	0.0	0.0	1.0	0.0
DHAPtm					1.0	0.0	1.0	0.0	0.0	1.0	0.0
CMPuptake_r					1.0	0.0	1.0	0.0	0.0	1.0	0.0
UMPuptake_r					1.0	0.0	1.0	0.0	0.0	1.0	0.0
Transport_ala_B_c_e					1.0	0.0	1.0	0.0	0.0	1.0	0.0
EX_ala_B					1.0	0.0	1.0	0.0	0.0	1.0	0.0
Transport_octanoyl_ACP_c_e					1.0	0.0	1.0	0.0	0.0	1.0	0.0
EX_octanoyl_ACP					1.0	0.0	1.0	0.0	0.0	1.0	0.0
TMDK1	-9.08172968794092	0.0004075058145833	-9.08172968794092	0.9995924941854166	185.28550333333337	17.85955481971547	445.46114333333327	36.36592461977955	-1.0	0.4159408875639832	-1.265549584016143
THYMDt1_r	2.714427832778893	0.9733536211197362	2.714427832778893	0.0266463788802637	88.15169666666668	18.731375821802896	51.54805	3.580196878729809	1.0	1.7100879018055324	0.7740704843156121
EX_thymd					1.0	0.0	1.0	0.0	0.0	1.0	0.0
Transport_HC00576_c_e					1.0	0.0	1.0	0.0	0.0	1.0	0.0
EX_HC00576					1.0	0.0	1.0	0.0	0.0	1.0	0.0
Transport_4abut_c_e					1.0	0.0	1.0	0.0	0.0	1.0	0.0
EX_4abut					1.0	0.0	1.0	0.0	0.0	1.0	0.0
