Rxn	media_MDAMB361	media_MDAMB231	media_MCF7	media_SKBR3	media_MCF102A	norm_MDAMB361	norm_MDAMB231	norm_MCF7	norm_SKBR3	norm_MCF102A
EX_lac__L_e	1.0	1.0	1.0	1.0	1.0	1.0	1.0	1.0	1.0	1.0
EX_glc__D_e	1.0	1.0	1.0	1.0	1.0	1.0	1.0	1.0	1.0	1.0
EX_gluIN__L_e	1.0	1.0	1.0	1.0	1.0	1.0	1.0	1.0	1.0	1.0
EX_gluOUT__L_e	1.0	1.0	1.0	1.0	1.0	1.0	1.0	1.0	1.0	1.0
EX_gln__L_e	1.0	1.0	1.0	1.0	1.0	1.0	1.0	1.0	1.0	1.0
EX_asp__L_e	1.0	1.0	1.0	1.0	1.0	1.0	1.0	1.0	1.0	1.0
DM_asp__L_e	1.0	1.0	1.0	1.0	1.0	1.0	1.0	1.0	1.0	1.0
EX_co2_e	1.0	1.0	1.0	1.0	1.0	1.0	1.0	1.0	1.0	1.0
EX_h_e	1.0	1.0	1.0	1.0	1.0	1.0	1.0	1.0	1.0	1.0
EX_h2o_e	1.0	1.0	1.0	1.0	1.0	1.0	1.0	1.0	1.0	1.0
EX_ump_e	1.0	1.0	1.0	1.0	1.0	1.0	1.0	1.0	1.0	1.0
EX_pi_e	1.0	1.0	1.0	1.0	1.0	1.0	1.0	1.0	1.0	1.0
EX_nh4_e	1.0	1.0	1.0	1.0	1.0	1.0	1.0	1.0	1.0	1.0
EX_o2_e	1.0	1.0	1.0	1.0	1.0	1.0	1.0	1.0	1.0	1.0
EX_arg__L_e	1.0	1.0	1.0	1.0	1.0	1.0	1.0	1.0	1.0	1.0
EX_pro__L_e	1.0	1.0	1.0	1.0	1.0	1.0	1.0	1.0	1.0	1.0
EX_leu__L_e	1.0	1.0	1.0	1.0	1.0	1.0	1.0	1.0	1.0	1.0
EX_ile__L_e	1.0	1.0	1.0	1.0	1.0	1.0	1.0	1.0	1.0	1.0
EX_met__L_e	1.0	1.0	1.0	1.0	1.0	1.0	1.0	1.0	1.0	1.0
EX_gly_e	1.0	1.0	1.0	1.0	1.0	1.0	1.0	1.0	1.0	1.0
EX_phe__L_e	1.0	1.0	1.0	1.0	1.0	1.0	1.0	1.0	1.0	1.0
EX_ser__L_e	1.0	1.0	1.0	1.0	1.0	1.0	1.0	1.0	1.0	1.0
EX_ala__L_e	1.0	1.0	1.0	1.0	1.0	1.0	1.0	1.0	1.0	1.0
EX_ribflv_e	1.0	1.0	1.0	1.0	1.0	1.0	1.0	1.0	1.0	1.0
EX_asn__L_e	1.0	1.0	1.0	1.0	1.0	1.0	1.0	1.0	1.0	1.0
EX_fol_e	1.0	1.0	1.0	1.0	1.0	1.0	1.0	1.0	1.0	1.0
EX_urea_e	1.0	1.0	1.0	1.0	1.0	1.0	1.0	1.0	1.0	1.0
EX_pyr_e	1.0	1.0	1.0	1.0	1.0	1.0	1.0	1.0	1.0	1.0
PYRt2	2.3327078290000003	80.23409667466666	27.606305273666667	28.81797819866667	95.06304654166667	0.024538534308150554	0.8440093137505288	0.2903999637920995	0.3031459567839075	1.0
EX_gudac_e	1.0	1.0	1.0	1.0	1.0	1.0	1.0	1.0	1.0	1.0
EX_hdca_e	1.0	1.0	1.0	1.0	1.0	1.0	1.0	1.0	1.0	1.0
EX_ptrcIN_e	1.0	1.0	1.0	1.0	1.0	1.0	1.0	1.0	1.0	1.0
EX_ptrcOUT_e	1.0	1.0	1.0	1.0	1.0	1.0	1.0	1.0	1.0	1.0
EX_biomassx	1.0	1.0	1.0	1.0	1.0	1.0	1.0	1.0	1.0	1.0
EX_h2o2_e	1.0	1.0	1.0	1.0	1.0	1.0	1.0	1.0	1.0	1.0
EX_gthox_e	1.0	1.0	1.0	1.0	1.0	1.0	1.0	1.0	1.0	1.0
EX_2obut_e	1.0	1.0	1.0	1.0	1.0	1.0	1.0	1.0	1.0	1.0
EX_crn_e	1.0	1.0	1.0	1.0	1.0	1.0	1.0	1.0	1.0	1.0
EX_val__L_e	1.0	1.0	1.0	1.0	1.0	1.0	1.0	1.0	1.0	1.0
EX_spmd_e	1.0	1.0	1.0	1.0	1.0	1.0	1.0	1.0	1.0	1.0
EX_sprm_e	1.0	1.0	1.0	1.0	1.0	1.0	1.0	1.0	1.0	1.0
EX_5mthf_e	1.0	1.0	1.0	1.0	1.0	1.0	1.0	1.0	1.0	1.0
EX_tmlys_e	1.0	1.0	1.0	1.0	1.0	1.0	1.0	1.0	1.0	1.0
EX_thbpt_e	1.0	1.0	1.0	1.0	1.0	1.0	1.0	1.0	1.0	1.0
EX_CE2705_e	1.0	1.0	1.0	1.0	1.0	1.0	1.0	1.0	1.0	1.0
EX_crtn_e	1.0	1.0	1.0	1.0	1.0	1.0	1.0	1.0	1.0	1.0
EX_his__L_e	1.0	1.0	1.0	1.0	1.0	1.0	1.0	1.0	1.0	1.0
EX_lys__L_e	1.0	1.0	1.0	1.0	1.0	1.0	1.0	1.0	1.0	1.0
EX_carn_e	1.0	1.0	1.0	1.0	1.0	1.0	1.0	1.0	1.0	1.0
EX_csn_e	1.0	1.0	1.0	1.0	1.0	1.0	1.0	1.0	1.0	1.0
EX_cys__L_e	1.0	1.0	1.0	1.0	1.0	1.0	1.0	1.0	1.0	1.0
EX_cyan_e	1.0	1.0	1.0	1.0	1.0	1.0	1.0	1.0	1.0	1.0
EX_tcyntc	1.0	1.0	1.0	1.0	1.0	1.0	1.0	1.0	1.0	1.0
EX_tcynt_e	1.0	1.0	1.0	1.0	1.0	1.0	1.0	1.0	1.0	1.0
EX_so3_e	1.0	1.0	1.0	1.0	1.0	1.0	1.0	1.0	1.0	1.0
EX_thr__L_e	1.0	1.0	1.0	1.0	1.0	1.0	1.0	1.0	1.0	1.0
EX_trp__L_e	1.0	1.0	1.0	1.0	1.0	1.0	1.0	1.0	1.0	1.0
EX_anth_e	1.0	1.0	1.0	1.0	1.0	1.0	1.0	1.0	1.0	1.0
EX_tyr__L_e	1.0	1.0	1.0	1.0	1.0	1.0	1.0	1.0	1.0	1.0
EX_cystinex	1.0	1.0	1.0	1.0	1.0	1.0	1.0	1.0	1.0	1.0
EX_3hydroxybutanoatex	1.0	1.0	1.0	1.0	1.0	1.0	1.0	1.0	1.0	1.0
EX_gthrd_e	1.0	1.0	1.0	1.0	1.0	1.0	1.0	1.0	1.0	1.0
EX_cmp_e	1.0	1.0	1.0	1.0	1.0	1.0	1.0	1.0	1.0	1.0
HEX1	22.90956256	40.041801881999994	38.49801090966667	47.61936871533334	33.321408008333336	0.4810975697085033	0.8408721695024617	0.8084527776881341	1.0	0.6997448497800836
G6PP	168.74265076666666	113.46303601333334	106.44671833	110.47779358666666	123.85077336666666	1.0	0.6724028305696544	0.6308228408548116	0.654711734613158	0.7339624736482573
PGI	62.393266823333335	94.11591953666668	121.9148511	145.31740936666668	85.43210353666666	0.4293585131696222	0.6476575652349557	0.8389555775274176	1.0	0.5878999901594951
PFK	108.70725668600001	156.09096026	102.86153088333333	83.20861133433333	103.33859033666666	0.6964353124929645	1.0	0.6589845479328037	0.5330777079962422	0.6620408392935506
FBP	25.61529253666667	0.07457588633333333	24.31876522366667	9.799198671	0.042445035666666665	1.0	0.0029113814033777936	0.9493846376673583	0.3825526746170502	0.0016570193608333493
FBA	18.020155792	169.463442218	54.10785018000001	85.808375409	45.247759275	0.10633653817097988	1.0	0.3192892193845263	0.506353313056246	0.267006020193976
TPI	1688.84714	3670.5578236666665	2702.4192426666664	2114.569793333333	1764.7924606666668	0.4601063983002298	1.0	0.7362421115510753	0.5760894923652244	0.4807968013166307
GAPD	5155.3421966666665	8344.776983935335	6999.985590042666	6733.506289	4453.822003666667	0.6177926871612386	1.0	0.8388463350810276	0.8069126714785526	0.5337257079776717
PGK	14.978106832333333	48.41243924333333	36.45700346433333	13.098502721000001	27.84807707666667	0.30938550228897843	1.0	0.7530503323968265	0.27056068493396024	0.5752256550572694
DPGM	150.92255444166665	754.977920139	379.70510944333336	98.142189234	309.97781211366663	0.19990326924247015	1.0	0.5029353830287187	0.1299934562535695	0.4105786458716517
DPGase	150.92255444166665	754.977920139	379.70510944333336	98.142189234	309.97781211366663	0.19990326924247015	1.0	0.5029353830287187	0.1299934562535695	0.4105786458716517
PGM	150.92255444166665	754.977920139	379.70510944333336	98.142189234	309.97781211366663	0.19990326924247015	1.0	0.5029353830287187	0.1299934562535695	0.4105786458716517
ENO	510.93231547333335	2252.3043488509998	897.852925747	1029.9078732993332	1000.5009298176668	0.22684870085784922	1.0	0.3986374781920723	0.45726851871716845	0.4442121378170169
PYK	549.8308378333334	1101.9376996666667	414.46955180000003	369.6684118763333	770.7759717829999	0.4989672628494839	1.0	0.3761279352955943	0.335471244869975	0.6994732751372039
LDH_L	265.473392225	1837.5561957466664	1183.4826239123333	1430.238762664	1240.7522276453335	0.1444708971837068	1.0	0.6440524794026454	0.7783374277067165	0.675218657539434
r0407	18.020155792	169.463442218	54.10785018000001	85.808375409	45.247759275	0.10633653817097988	1.0	0.3192892193845263	0.506353313056246	0.267006020193976
PRPPS	26.964472208333333	77.03104691933333	55.928084168999995	23.747117778333333	33.29792955433333	0.3500468095230543	1.0	0.7260460087939309	0.30827982648608215	0.43226635085464715
G6PDH2r	432.08680513333337	88.86101302333334	354.434939	208.312548	54.52883968	1.0	0.20565546544730198	0.8202864211292646	0.48210809847738556	0.12619880781403053
PGL	70.16816997066667	55.627604426666664	61.38547328233333	66.521746074	66.84778411566667	1.0	0.7927754771133608	0.8748336077169336	0.948033076846795	0.9526796002177617
GND	87.66327119666668	88.99552692333333	91.65727645333334	67.94484282666667	65.40235523333334	0.9564245697536062	0.9709597575555802	1.0	0.7412924042234695	0.7135533343785585
RPI	1.882846776	6.887368882	10.351591494666668	4.071887042	3.830330743333333	0.18188959417207273	0.6653439604478693	1.0	0.3933585520736509	0.3700233674509655
TKT2	172.16420853333332	191.0719253033333	172.14502675233334	312.5465883783333	360.3257062513333	0.4778016265463055	0.5302755867494432	0.47774839198472074	0.8674001964220858	1.0
RPE	16.21955353066667	49.204465495	56.62091246166667	22.617638585333335	36.514699052666664	0.2864587097858514	0.8690157638895747	1.0	0.3994573312580553	0.644897750056355
TKT1	172.16420853333332	191.0719253033333	172.14502675233334	312.5465883783333	360.3257062513333	0.4778016265463055	0.5302755867494432	0.47774839198472074	0.8674001964220858	1.0
TALA	80.17222174666666	104.86126026666666	133.61495136666667	150.7903857	63.35532027333334	0.531679930218964	0.6954107835183199	0.8860972849588425	1.0	0.4201549056276029
r0408	108.70725668600001	156.09096026	102.86153088333333	83.20861133433333	103.33859033666666	0.6964353124929645	1.0	0.6589845479328037	0.5330777079962422	0.6620408392935506
PDHm	2.700240211	5.373006194999999	4.575841112	5.170759625666666	2.797839887	0.5025566904264477	1.0	0.8516351826019066	0.9623587686309502	0.5207215077480476
PCm	2.2782162403333337	3.8951514830000007	7.2179159440000005	3.735880129	8.511821702999999	0.2676531910355188	0.45761666760796355	0.847987210711432	0.43890488538819905	1.0
PEPCK_re	0.358923128	0.0	0.0	0.8956718786666666	0.0	0.4007305985025537	0.0	0.0	1.0	0.0
CSm	64.17082834	106.0622434	98.48205033666666	62.567325186666665	51.53575400666667	0.605029898321008	1.0	0.9285307115865387	0.5899113876999764	0.48590103654800376
ACONTm	15.568355289000001	65.98984318666668	13.006129665333333	5.5247387009999995	10.886616508666664	0.23592047710981082	1.0	0.1970929015324776	0.08372104606116536	0.16497412303089573
ICDHxm	3.477694607666667	14.430927556666667	7.210631148333333	3.419032328666667	5.685162255333334	0.24098898660606702	1.0	0.4996651199321025	0.23692394790570298	0.3939568148346054
ICDHym	269.2651759333333	10.574248604333333	127.27229936666667	94.42838754	23.215820776666664	1.0	0.039270761871380594	0.4726652784769231	0.35068919407305493	0.08621917296284393
AKGDm	7.863562524	25.699815423333334	6.173923651666667	9.334378189666667	9.473429014666666	0.305977393007287	1.0	0.24023221762368177	0.3632079855792199	0.3686185623755712
SUCOAS1m	1.5223582436666667	2.812308878666667	2.143963206	1.147007127	1.8485584566666666	0.5413197160577988	1.0	0.7623498337125993	0.40785247157623855	0.6573098960392572
SUCD1m	7.823729453666666	17.72807641333333	17.87172104	18.411523419999998	17.951521576666668	0.42493656147801084	0.9628793885722539	0.9706812756507903	1.0	0.97501554690289
FUMm	47.10684886333333	72.11510005999999	36.53460462	77.67360326	68.87960313	0.606471785603285	0.9284376806700495	0.47036062557451136	1.0	0.8867826422244959
MDHm	125.50066550000001	222.46744680000003	217.65714319999998	159.2900125	98.15833438	0.5641304707956939	1.0	0.9783774944640572	0.7160149261891918	0.4412256075750494
ME1m	1.2439127826666667	7.648285882333333	3.1535151480000003	2.3847052766666668	5.341010123333334	0.16263942036214457	1.0	0.41231658916990277	0.31179604336901995	0.6983277306187595
ME2m	0.14374752400000002	2.3717188743333333	0.14802391966666667	0.028813773	0.05451869	0.06060900621723391	1.0	0.06241208486746758	0.012148898974419668	0.02298699503975768
ME2	0.9481727873333333	2.480809971333333	3.2688256466666665	1.3385161903333334	3.7648998283333337	0.2518454223397162	0.6589312025418619	0.8682370835119212	0.3555250475086013	1.0
ACITL	14.385636313333334	81.53460672666667	31.939174686666664	71.74485030333334	46.980829029999995	0.1764359563486847	1.0	0.3917253785713135	0.8799312731567822	0.5762072194386935
FUM	47.10684886333333	72.11510005999999	36.53460462	77.67360326	68.87960313	0.606471785603285	0.9284376806700495	0.47036062557451136	1.0	0.8867826422244959
MDH	52.498380790666666	160.53464886933332	95.97335095800001	109.05219903200002	121.82470952833334	0.3270221174084204	1.0	0.5978357422148611	0.6793063042780423	0.7588686329484683
AKGMALtm	282.56274795	325.52345357266665	262.0721866933333	355.6799448566667	66.32329434366666	0.7944298013875039	0.9152145300288084	0.7368202522606222	1.0	0.18646903010062568
ACONT	7.070703770333334	44.75695447333334	2.8454819436666665	0.6552946273333333	5.0975646176666665	0.1579800022931885	1.0	0.06357630846759323	0.014641180014242585	0.11389435848911143
ICDHyr	37.547263969999996	57.33626767333334	21.745515326666666	18.219643806666667	82.18728792333333	0.45685001803472536	0.6976293916258468	0.26458489963741727	0.22168445105114645	1.0
PPA	32.884005863999995	73.35074775666668	91.283410835	161.15844704633332	125.85272562899998	0.20404767151017403	0.4551467769826438	0.5664202684253706	1.0	0.7809254056215689
Complex1ROS	0.6251715553333334	0.12283862233333336	0.560804129	0.2823571936666667	0.2633393333333333	1.0	0.19648786206825644	0.8970403791019995	0.4516475377964333	0.4212273112664638
FADH2ETC	2.555499791	5.81882646	6.330837957	2.6775883766666664	4.6581135006666665	0.4036590113911203	0.9191242138121907	1.0	0.4229437548162262	0.7357815082782518
CYOR_u10mi	22.68490923	13.46112881	10.808704476333332	40.990477590000005	15.126473546666666	0.5534190027474621	0.3283964862435261	0.26368818105623176	1.0	0.36902408647116874
CYOOm2i	70.81716736999999	50.471366350000004	79.87480466333334	110.64235926900001	101.23583966666666	0.6400547479092095	0.4561667582240464	0.7219188490832625	1.0	0.9149826552463177
ATPS4mi	11.100867797000001	8.625487957999999	19.046920325333332	55.02920183333333	31.608237876666664	0.20172685460023831	0.15674383183176036	0.34612387043193255	1.0	0.5743902659609416
GLUCYS	4.258399975	3.690429395666667	3.8332401993333334	2.387206508	3.928798493	1.0	0.8666234776752428	0.9001597364825585	0.560587667202398	0.9225996891003646
GTHS	72.57228116	60.96935945333333	33.428151523333334	46.39675724	36.23929885333333	1.0	0.8401190989010566	0.4606187236919608	0.639317884161711	0.49935455071939383
SPODMm	2.773457057	9.709349120333332	3.4672410036666665	5.281218659333334	8.173462933666666	0.28564809264009494	1.0	0.35710334036764274	0.5439312763276168	0.8418136820881009
GTHPi	3995.957500033334	2907.5180622093335	1638.2625148586667	2041.6119699946667	6749.1065845016665	0.5920720690957029	0.43080043644384314	0.24273768599546142	0.3025010709836661	1.0
GTHPm	3449.5351375000005	2711.9293893	1127.7504694216666	1673.2391494746664	6476.364130066667	0.5326345258268379	0.4187425745118015	0.17413327088667846	0.258360882104608	1.0
GDR	13.08867838	14.768050373333333	20.043682723333333	18.25947918	11.820440486666667	0.6530076613497356	0.7367932618560905	1.0	0.9109842453624404	0.5897339650515525
GTHOr	13.08867838	14.768050373333333	20.043682723333333	18.25947918	11.820440486666667	0.6530076613497356	0.7367932618560905	1.0	0.9109842453624404	0.5897339650515525
GDRm	13.08867838	14.768050373333333	20.043682723333333	18.25947918	11.820440486666667	0.6530076613497356	0.7367932618560905	1.0	0.9109842453624404	0.5897339650515525
GTHOm	13.08867838	14.768050373333333	20.043682723333333	18.25947918	11.820440486666667	0.6530076613497356	0.7367932618560905	1.0	0.9109842453624404	0.5897339650515525
r0885	24.024079716666666	5.329148272666667	27.635994693333334	98.73829125666667	14.532000680333333	0.24331066915283076	0.053972457947583236	0.27989136070315973	1.0	0.14717695126562313
PYRt2m	21.329440764666668	24.716347810333332	51.494773943333335	109.67295451733334	113.87540623666666	0.18730506849159162	0.21704728551277766	0.4522027683160314	0.9630960550814687	1.0
HMR_4964	1214.896119	402.9507470333333	714.1748633000001	676.97581	958.4784181	1.0	0.33167506318565604	0.5878485017203352	0.5572293790494857	0.7889385792827609
r2420	530.3994562333332	608.3372263	473.75505119999997	391.4137316333333	565.1561667666666	0.8718839375642089	1.0	0.7787704429686978	0.6434157153491518	0.9290178906262778
ATPtm	433.9773941266667	2037.4560403099997	4005.8005254699997	1088.1770947599998	1429.2841815166666	0.10833724529399731	0.5086264349298685	1.0	0.2716503450037179	0.35680363323856945
FUMtm	24.024079716666666	5.329148272666667	27.635994693333334	98.73829125666667	14.532000680333333	0.24331066915283076	0.053972457947583236	0.27989136070315973	1.0	0.14717695126562313
CO2tm	1.0	1.0	1.0	1.0	1.0	1.0	1.0	1.0	1.0	1.0
O2tm	1.0	1.0	1.0	1.0	1.0	1.0	1.0	1.0	1.0	1.0
r0801	17.092024203333334	12.280316796666666	20.195094816666668	23.472721116666662	19.10173957	0.7281654358853711	0.5231739744032958	0.8603644509850741	1.0	0.813784625781496
THD1m	1.5670595370000002	10.755341603333333	4.0562194756666665	0.36753616699999997	3.9675287073333334	0.14570058253792065	1.0	0.3771353458833468	0.03417243083065738	0.36888913933739703
H2Otm	0.16674335233333334	0.0	0.11732821166666667	0.04241089366666667	0.04071735266666667	1.0	0.0	0.7036455128485012	0.2543483327712153	0.2441917599525612
NH4tm	1.0	1.0	1.0	1.0	1.0	1.0	1.0	1.0	1.0	1.0
HCO3E	19.52581386	28.90015950733333	34.939218467333326	16.852444839666667	258.69906446566665	0.07547694036052989	0.1117134287556298	0.13505738236626016	0.06514304516127559	1.0
HCO3Em	1.9532606953333334	0.400749879	0.34263464299999996	0.24128127233333332	0.437399879	1.0	0.2051696836768684	0.17541674996000864	0.12352742924167504	0.22393318006399324
GLUN	1.753436545666667	13.581233763333335	6.406666387333334	3.758089337	10.032578868333333	0.12910730911654	1.0	0.4717293361542804	0.27671192488756824	0.7387089452373117
GLNS	1026.114125836	20.995987858333336	96.15372098533334	356.25101013266664	987.2912696006666	1.0	0.020461649761645564	0.09370665364049498	0.34718458811043096	0.9621651673455879
GLUt2m	97.94218367466665	70.22380150666667	59.86750882966666	106.46234758466669	35.367517088	0.9199701668871788	0.65961161950538	0.5623350432138049	1.0	0.33220681198931057
GLNtm_1	1.0	1.0	1.0	1.0	1.0	1.0	1.0	1.0	1.0	1.0
GLUNm	2.0201750406666665	13.622233219333333	6.546757676666666	3.873651783	10.344474510333333	0.14829984248100644	1.0	0.48059356870907116	0.2843624625000786	0.7593816919572302
GLUPRT	5.6289739186666665	10.640123499333333	11.91249386	6.405283006666667	5.133098018999999	0.47252691038672795	0.8931902609461939	1.0	0.5376945484248642	0.4309003705962875
PRAGSr	8.618894735	63.06990495	40.22538301666666	17.341826729999998	26.306930750000003	0.13665621887067708	1.0	0.6377904493205783	0.27496199247086384	0.41710750588343803
GARFT	8.618894735	63.06990495	40.22538301666666	17.341826729999998	26.306930750000003	0.13665621887067708	1.0	0.6377904493205783	0.27496199247086384	0.41710750588343803
PRFGS	8.598283666333334	54.226560819999996	24.302983183333335	21.006787903333333	18.667135239999997	0.1585622163071439	1.0	0.44817489466102817	0.3873892717088108	0.3442433921259327
PRAIS	8.618894735	63.06990495	40.22538301666666	17.341826729999998	26.306930750000003	0.13665621887067708	1.0	0.6377904493205783	0.27496199247086384	0.41710750588343803
AIRCr	110.22200246666667	182.071968	171.01986499999998	141.0635404666667	105.58597089	0.6053760151956322	1.0	0.9392981625815128	0.7747680327521186	0.5799133828772587
PRASCSi	110.22200246666667	182.071968	171.01986499999998	141.0635404666667	105.58597089	0.6053760151956322	1.0	0.9392981625815128	0.7747680327521186	0.5799133828772587
ADSL2r	0.5930887753333334	2.3568130643333336	1.7701595586666665	1.5962499886666663	2.0222520386666667	0.2516486285267173	1.0	0.7510818679068157	0.6772917261972977	0.8580451582139785
AICART	16.043008439999998	86.24380839999999	75.56781079	20.70601253	36.59657318666667	0.18601924865831876	1.0	0.8762114311964916	0.24008694553428372	0.424338556768403
IMPC	16.043008439999998	86.24380839999999	75.56781079	20.70601253	36.59657318666667	0.18601924865831876	1.0	0.8762114311964916	0.24008694553428372	0.424338556768403
ADSS	15.707263369666668	19.080194620333334	15.598929016999998	8.064098404000001	26.78438691966667	0.5864335598487592	0.7123625669521498	0.5823888769149443	0.30107459350054666	1.0
ADSL1r	0.5930887753333334	2.3568130643333336	1.7701595586666665	1.5962499886666663	2.0222520386666667	0.2516486285267173	1.0	0.7510818679068157	0.6772917261972977	0.8580451582139785
IMPDH2	319.0780285	742.32026365	508.74898691	562.8478197	510.84977406666667	0.4298387692275683	1.0	0.6853497227847095	0.7582277451681956	0.6881797508191553
GMPS	12.94355023	25.764957773333332	37.29918176666666	24.933339916666668	11.227146503999998	0.3470196829241794	0.6907646911535958	1.0	0.6684688171618007	0.30100248778200855
GMPS2	12.94355023	25.764957773333332	37.29918176666666	24.933339916666668	11.227146503999998	0.3470196829241794	0.6907646911535958	1.0	0.6684688171618007	0.30100248778200855
GK1	419.2352955333333	104.59088488000002	136.10994606666668	204.66205363333333	217.2689558333333	1.0	0.24948015110928087	0.32466242111965643	0.48817944436899324	0.5182506295347413
RNDR2	7.457781385	69.81534909333334	41.32658646666667	10.058381732333332	6.668781066666665	0.10682151535230441	1.0	0.5919412708431611	0.14407120873787632	0.09552027101879043
ADK1	18.059343739	36.60542662433334	34.06773285399999	36.33220317266667	57.363134255333335	0.31482491278483327	0.6381350513623644	0.5938959454753389	0.6333720017972811	1.0
RNDR1	7.457781385	69.81534909333334	41.32658646666667	10.058381732333332	6.668781066666665	0.10682151535230441	1.0	0.5919412708431611	0.14407120873787632	0.09552027101879043
CBPS	19.57739530666667	75.18029014000001	45.29454927999999	20.182088923333335	29.73268078	0.26040595573932784	1.0	0.6024790433191055	0.26844920238736036	0.3954850496670349
ASPCT	19.57739530666667	75.18029014000001	45.29454927999999	20.182088923333335	29.73268078	0.26040595573932784	1.0	0.6024790433191055	0.26844920238736036	0.3954850496670349
DHORTS	19.57739530666667	75.18029014000001	45.29454927999999	20.182088923333335	29.73268078	0.26040595573932784	1.0	0.6024790433191055	0.26844920238736036	0.3954850496670349
DHORD9	9.993495881333333	9.305353868	20.57174127333333	13.813249296666667	7.497900542	0.4857875543227675	0.45233671493148286	1.0	0.6714671895359904	0.3644757360291787
ORPT	17.90503938	30.356896679999995	53.24781681333334	17.597763516666664	12.330664152333334	0.3362586571909283	0.5701059404260604	1.0	0.3304879818520589	0.2315712622652675
OMPDC	17.90503938	30.356896679999995	53.24781681333334	17.597763516666664	12.330664152333334	0.3362586571909283	0.5701059404260604	1.0	0.3304879818520589	0.2315712622652675
UMPK	13.866479376666666	38.21960372666667	24.650742013333332	25.248714653333334	42.784166176666666	0.3241030646573421	0.893311875445889	0.5761650679726741	0.5901415619291256	1.0
RNDR4	7.457781385	69.81534909333334	41.32658646666667	10.058381732333332	6.668781066666665	0.10682151535230441	1.0	0.5919412708431611	0.14407120873787632	0.09552027101879043
TMDS	29.161978559999998	35.41048086333333	28.42380496333333	14.164637059999999	16.846028176666668	0.823540879677703	1.0	0.8026946901126516	0.4000125588429138	0.47573565130854545
URIDK2r	60.620489850000006	119.62204766666667	65.30329314333333	37.58536520333333	47.48305430666667	0.5067668630696098	1.0	0.5459135202676392	0.314200984989548	0.3969423298870521
NDPK2	1307.345561134667	143.220012335	340.2984622976667	469.4568776066667	348.4374853046667	1.0	0.1095502341482668	0.2602972560692492	0.3590916522477938	0.2665228656165337
NDPK3	1307.345561134667	143.220012335	340.2984622976667	469.4568776066667	348.4374853046667	1.0	0.1095502341482668	0.2602972560692492	0.3590916522477938	0.2665228656165337
CYTK1	13.866479376666666	38.21960372666667	24.650742013333332	25.248714653333334	42.784166176666666	0.3241030646573421	0.893311875445889	0.5761650679726741	0.5901415619291256	1.0
CTPS1	19.257497880333332	30.108923429666664	28.549109018	25.82773857633333	30.118051165666667	0.6394005300809796	0.9996969347070368	0.9479069167179317	0.8575501261441473	1.0
RNDR3	7.457781385	69.81534909333334	41.32658646666667	10.058381732333332	6.668781066666665	0.10682151535230441	1.0	0.5919412708431611	0.14407120873787632	0.09552027101879043
GDHm	70.15091589333333	95.15072960000002	69.22725899000001	31.73535069033333	57.27625200433332	0.737260935236521	1.0	0.7275536328625272	0.333527139768073	0.6019528409830849
GLUDym	70.15091589333333	95.15072960000002	69.22725899000001	31.73535069033333	57.27625200433332	0.737260935236521	1.0	0.7275536328625272	0.333527139768073	0.6019528409830849
ASPTA	14.60633327	32.36110044	30.233612233333332	23.6849911	33.932160610000004	0.4304569177859965	0.9536999665875387	0.8910016836482647	0.6980101082340125	1.0
ASPTAm	56.17622946	111.07461953333335	76.58952545333334	134.01264973333335	110.61321872	0.4191860214075532	0.8288368281229905	0.5715096717043944	1.0	0.8253938634905363
ASPGLUm	2.4613091380000003	7.967273813333333	6.065416834	4.364310946333334	3.4638274019999997	0.3089273941961137	1.0	0.761291374704538	0.5477797109256626	0.4347569172535832
ASPT	47.10684886333333	72.11510005999999	36.53460462	77.67360326	68.87960313	0.606471785603285	0.9284376806700495	0.47036062557451136	1.0	0.8867826422244959
CBPSam	0.013202894333333333	1.326226962	0.6597067473333332	13.616011543666668	0.009635322	0.0009696594550461078	0.09740201510161611	0.04845080699422499	1.0	0.0007076464329586853
OCBTm	0.0	0.0	0.0	0.0	0.0	0.0	0.0	0.0	0.0	0.0
ORNt4m	3.028069846333333	11.150718786666667	10.396735248333332	3.112870598	1.123058327	0.2715582649213708	1.0	0.9323825169696772	0.27916322324639525	0.10071622722141312
ARGSS	18.177368873333332	4.719922654	116.34618713333334	65.43996189666666	83.06081352666666	0.15623519189762508	0.04056791864258469	1.0	0.5624590157103483	0.713910920273464
ARGSL	3.840940243	8.504595705	6.632753091333334	8.601517675666665	5.013897207666667	0.4465421554461092	0.9887319919203499	0.77111427790204	1.0	0.5829084350835868
ARGN	0.27426249033333333	0.10429075566666668	0.24602465433333331	0.182994144	0.11744202633333334	1.0	0.3802589101408425	0.8970408386298823	0.6672226441814645	0.4282103111898261
ORNDC	36.591198926666664	275.23857979999997	184.58595390000002	111.081341	135.32762874333335	0.1329435682790377	1.0	0.6706398283050581	0.40358201630278867	0.49167391010979694
SPMS	123.93990246666668	230.19414673333333	351.19402353333334	540.0183685333334	405.47683406666664	0.22951053091635035	0.42627095696490974	0.6503371810984155	1.0	0.7508574850294893
SPRMS	158.00000373	273.8730775733333	393.17265808	570.4980615633334	464.37997304000004	0.2769509913794155	0.4800596111104043	0.6891743978981991	1.0	0.8139904485695562
ADMDC	19.11405115	90.99705857666667	68.73440384333334	36.918054446666666	45.85030278	0.2100513076903037	1.0	0.7553475345076496	0.4057060197782386	0.5038657677200663
MTAP	0.8097950486666666	0.007451773333333332	0.03868101533333334	3.1316842576666666	0.016532035666666667	0.2585813198390642	0.002379477852880816	0.012351505500159687	1.0	0.005278959916279759
ADPT	1704.6421143333334	483.67488206666667	1447.1697143333333	775.4159602999999	896.7930292	1.0	0.28373984075585656	0.8489580904783086	0.45488490151685385	0.5260887441765016
MTRI	1.0	1.0	1.0	1.0	1.0	1.0	1.0	1.0	1.0	1.0
MDRPD	1.2280659619999998	0.39039763466666666	0.290021901	2.381208094	0.6429058466666667	0.5157323146575865	0.16394939847985693	0.12179611758030585	1.0	0.2699914586577357
DKMPPD	1.0	1.0	1.0	1.0	1.0	1.0	1.0	1.0	1.0	1.0
SPMDtex2	1.0	1.0	1.0	1.0	1.0	1.0	1.0	1.0	1.0	1.0
SPRMti	1.0	1.0	1.0	1.0	1.0	1.0	1.0	1.0	1.0	1.0
GLYAMDTRc	0.26430662	0.071954743	0.089045829	0.04535844033333333	0.05726452466666667	1.0	0.27223965483724927	0.33690351380529177	0.17161295594235715	0.21665944147243332
ARGDr	1.0	1.0	1.0	1.0	1.0	1.0	1.0	1.0	1.0	1.0
r0074	22.26680448333333	0.9220283336666667	6.898178147333333	21.04891912	2.002011496	1.0	0.041408201808068305	0.3097965023448519	0.945304888079252	0.08991013944091092
GLU5SAtmc	1.0	1.0	1.0	1.0	1.0	1.0	1.0	1.0	1.0	1.0
G5SADs	22.26680448333333	0.9220283336666667	6.898178147333333	21.04891912	2.002011496	1.0	0.041408201808068305	0.3097965023448519	0.945304888079252	0.08991013944091092
PRO1x	109.10530736666665	132.25738693333335	74.34441596333333	81.88203466333333	151.65198623333333	0.7194452910019661	0.8721111422163687	0.49023041379059973	0.5399338096195375	1.0
P5CR	109.10530736666665	132.25738693333335	74.34441596333333	81.88203466333333	151.65198623333333	0.7194452910019661	0.8721111422163687	0.49023041379059973	0.5399338096195375	1.0
PROD2	0.0	0.0	0.0	0.0	0.0	0.0	0.0	0.0	0.0	0.0
EXRiboflavin	1.0	1.0	1.0	1.0	1.0	1.0	1.0	1.0	1.0	1.0
RBFK	8.316789023666667	51.265618313333334	47.37363018666667	23.92573915666667	25.741254353333336	0.16222937121005343	1.0	0.9240819041159516	0.4667014647211225	0.5021153591868113
FMNAT	48.299902403333334	33.23947677	80.76897783666666	92.38608796333334	74.68006965666667	0.5228049316527272	0.35978876801442505	0.8742547673273346	1.0	0.8083475694555449
TransportFAD	1.0	1.0	1.0	1.0	1.0	1.0	1.0	1.0	1.0	1.0
ASNS1	0.12750858433333334	0.42553167399999997	0.9751066573333332	0.24249533599999998	0.8845070873333333	0.1307637306897654	0.43639500438210527	1.0	0.24868596083956862	0.9070875279964076
ASNN	3.6544727243333335	0.13293928	2.208201203	2.0348487013333334	0.022118077999999968	1.0	0.03637714385301683	0.6042461853105855	0.556810477140595	0.006052330847272873
METS	3.1145659953333333	7.261517511	4.356150945	2.441070896333333	2.0568236513333336	0.4289139275110581	1.0	0.5998953990541441	0.3361653941666482	0.2832498369958601
METAT	12.002115091666667	80.67893671533334	34.824173497	19.567555933999998	38.93566537333333	0.14876392253426438	1.0	0.43163897436914944	0.24253611575276388	0.4826001303253847
HMR_3915	1.0	1.0	1.0	1.0	1.0	1.0	1.0	1.0	1.0	1.0
AHCi	1.2280659619999998	0.39039763466666666	0.290021901	2.381208094	0.6429058466666667	0.5157323146575865	0.16394939847985693	0.12179611758030585	1.0	0.2699914586577357
ADNK1	0.9276899246666667	1.4999432386666667	1.7784715416666668	2.9345709823333337	2.5843155039999997	0.316124547762359	0.5111286275563296	0.6060414119724478	1.0	0.8806450822140826
CYSTS	0.5265813656666666	0.0	9.932153688333333	0.14311142066666666	0.4067052623333334	0.05301784307719766	0.0	1.0	0.014408901146462373	0.04094834565549102
CYSTGL	0.8438245053333334	2.0933797253333335	1.7139238913333334	2.3497073436666667	10.223403008333333	0.08253851527182411	0.2047634944672504	0.16764710243118405	0.22983612616575572	1.0
MTHFR3	10.373846922333334	6.555342639666667	3.937458596666667	4.060779505666666	4.181562396666667	1.0	0.6319104849671532	0.37955626549587024	0.3914439393668339	0.4030869578058253
MetSynthesis	1.0	1.0	1.0	1.0	1.0	1.0	1.0	1.0	1.0	1.0
UNK3	1.0	1.0	1.0	1.0	1.0	1.0	1.0	1.0	1.0	1.0
5MTHFt	20.251591020000003	0.8553659066666667	0.5113826673333333	2.8286365339999997	0.822697598	1.0	0.04223697317519039	0.025251481072687255	0.1396747806731088	0.040623850105778
ILETA	0.0073592296666666656	11.691432749999999	0.33032870266666664	0.46891520366666667	6.706702415666666	0.0006294549029216857	1.0	0.02825391119550054	0.04010759106206779	0.573642474714373
3MOPt2im	1.0	1.0	1.0	1.0	1.0	1.0	1.0	1.0	1.0	1.0
ILETAm	34.440288253333335	26.372129206666667	41.16323544333333	35.347324836666665	19.552378873333335	0.8366759289547337	0.6406719229583256	1.0	0.858711042899603	0.47499616254047344
LEUTA	0.0073592296666666656	11.691432749999999	0.33032870266666664	0.46891520366666667	6.706702415666666	0.0006294549029216857	1.0	0.02825391119550054	0.04010759106206779	0.573642474714373
4MOPt2im	1.0	1.0	1.0	1.0	1.0	1.0	1.0	1.0	1.0	1.0
LEUTAm	34.440288253333335	26.372129206666667	41.16323544333333	35.347324836666665	19.552378873333335	0.8366759289547337	0.6406719229583256	1.0	0.858711042899603	0.47499616254047344
OIVD1m	0.06817685133333333	0.056947309333333335	0.07409795166666668	0.014247125333333333	0.009708313333333335	0.9200909039973235	0.7685409387497463	1.0	0.192274212888161	0.13101999603182912
ACOAD8m	30.55690808	22.18744304	19.955621370000003	44.16136154333333	17.931093986666667	0.6919376353470451	0.5024175492920112	0.451879667487574	1.0	0.40603580505713766
MCCCrm	4.191586893	3.506952121	3.75530389	4.619737839333333	2.0058369910000002	0.9073213759690054	0.7591236219382705	0.8128824666254052	1.0	0.4341884887756876
MGCHrm	0.44346718299999993	0.9496146879999999	0.6539038843333334	0.8870547063333333	1.5724649766666667	0.2820203881043302	0.6039019641715687	0.41584639024488035	0.564117305947077	1.0
HMGCOAtm	1.0	1.0	1.0	1.0	1.0	1.0	1.0	1.0	1.0	1.0
VALTA	0.0073592296666666656	11.691432749999999	0.33032870266666664	0.46891520366666667	6.706702415666666	0.0006294549029216857	1.0	0.02825391119550054	0.04010759106206779	0.573642474714373
3MOBt2im	1.0	1.0	1.0	1.0	1.0	1.0	1.0	1.0	1.0	1.0
VALTAim	34.440288253333335	26.372129206666667	41.16323544333333	35.347324836666665	19.552378873333335	0.8366759289547337	0.6406719229583256	1.0	0.858711042899603	0.47499616254047344
OIVD2m	0.06817685133333333	0.056947309333333335	0.07409795166666668	0.014247125333333333	0.009708313333333335	0.9200909039973235	0.7685409387497463	1.0	0.192274212888161	0.13101999603182912
ACOAD9m	24.610449484666663	48.05693387333334	18.952892204999998	28.907170291	32.222168362666665	0.5121102721520678	1.0	0.3943841330983645	0.6015192389758455	0.6704998793222356
ECOAH12m	152.53068602333335	210.32085055666667	330.89005034999997	254.65992488666666	171.85999358333333	0.46097090517527967	0.635621561706673	1.0	0.7696209801935698	0.5193870090730981
3HBCOAHLm	1.0	1.0	1.0	1.0	1.0	1.0	1.0	1.0	1.0	1.0
HIBDm	4.678046083333333	7.1782208380000005	3.6851030189999996	6.690278265333333	3.068518959	0.6516999391504835	1.0	0.5133727565877932	0.932024580508362	0.42747625466688094
r0643	151.26054112333335	254.60501467233334	135.80153624366665	129.49494728666664	197.20815572299998	0.5940988291923461	1.0	0.5333812313886979	0.5086111420598748	0.7745650885030647
MMSAD1m	7.9333985186666665	5.994293655666667	18.685324686666668	4.480501182666667	1.260361932	0.4245791096329046	0.32080222079009574	1.0	0.2397871729713013	0.06745196849051059
MMTSADm	1.0	1.0	1.0	1.0	1.0	1.0	1.0	1.0	1.0	1.0
PCC	1.0	1.0	1.0	1.0	1.0	1.0	1.0	1.0	1.0	1.0
MMALH	1.0	1.0	1.0	1.0	1.0	1.0	1.0	1.0	1.0	1.0
MMEm	8.613770902666667	1.9234890956666668	3.462211276	6.200287737666667	3.6744182893333335	1.0	0.22330395333258624	0.4019390944015196	0.7198110801562148	0.4265748800209906
MMMm	6.723428338333334	11.80825868	13.01472561	4.689331233	5.367104527666666	0.5166016203343786	0.9072998566275575	1.0	0.3603096502777518	0.4123870674263617
ILEtmi	1.0	1.0	1.0	1.0	1.0	1.0	1.0	1.0	1.0	1.0
LEUt5m	1.0	1.0	1.0	1.0	1.0	1.0	1.0	1.0	1.0	1.0
VALt5m	1.0	1.0	1.0	1.0	1.0	1.0	1.0	1.0	1.0	1.0
PGCD	22.62216279333333	4.252055139666666	42.175805526666664	4.939163959999999	24.586383466666664	0.5363777291468665	0.10081740198129001	1.0	0.11710894192351808	0.5829499439227387
PSERT	7.759579022	53.570046806666674	41.62816488666667	23.25158119	163.8964702333333	0.04734439375633274	0.3268529623023668	0.2539906126556734	0.14186749206311514	1.0
PSP_L	5.966206567	12.248833923333335	8.441508552666667	3.627351297666667	15.013152226666667	0.3973986593170422	0.8158735579578489	0.5622742263062308	0.2416115711678252	1.0
GHMT2r	15.761383066666667	17.779351513333335	21.058001983333334	10.781835496666666	18.126396816666666	0.7484747640892638	0.8443038198688112	1.0	0.5120065761794547	0.8607842677103493
SERD_L	10.968213133666666	10.135735507666666	24.310899819000003	6.459733333999999	3.1078171896666666	0.4511644248188025	0.41692144606449977	1.0	0.26571346112624933	0.12783637022097286
ALATA_L	16.404633799666666	11.384951039333332	32.601112281333336	25.266735866	26.888566019	0.5031924573033537	0.3492197119253535	1.0	0.7750268042378163	0.8247744980896184
r1435	1.0	1.0	1.0	1.0	1.0	1.0	1.0	1.0	1.0	1.0
GLYtm	1.0	1.0	1.0	1.0	1.0	1.0	1.0	1.0	1.0	1.0
GHMT2rm	261.6476796333333	751.1217038999999	560.8733312666667	277.7466922	342.98444176666663	0.34834258985567484	1.0	0.746714318537836	0.3697758841980921	0.45662965134120215
MLTHFtm	1.0	1.0	1.0	1.0	1.0	1.0	1.0	1.0	1.0	1.0
r0962	7.353590871666666	46.52138546333333	21.21456926333333	15.600716706666669	30.619491376666662	0.15806904283756834	1.0	0.456017572392679	0.3353450580048321	0.6581809864798625
FORtm	1.0	1.0	1.0	1.0	1.0	1.0	1.0	1.0	1.0	1.0
r0514	13.338335493333334	35.69065669	61.37655254	13.75626509	16.737196739999998	0.2173197245746337	0.5815031182590432	1.0	0.22412899585773965	0.27269691840531646
DHFRim	13.338335493333334	35.69065669	61.37655254	13.75626509	16.737196739999998	0.2173197245746337	0.5815031182590432	1.0	0.22412899585773965	0.27269691840531646
FTHFLmi	7.894631675333334	29.077373174	51.494970801	19.192826411	20.402656317666665	0.15330879020869403	0.5646643297724783	1.0	0.372712638000511	0.3962067751530885
MTHFCm	40.24576344	28.826981000000004	82.79543663	47.91413425	97.67119903666666	0.41205354123779486	0.29514310548371675	0.8476955074434771	0.49056563984652823	1.0
MTHFDm	47.309891658666665	53.78257638333334	128.95966507333333	66.29366034666667	115.53102430666668	0.3668580531111316	0.4170495972733002	1.0	0.5140650784799151	0.8958694506609458
FOLR2	13.338335493333334	35.69065669	61.37655254	13.75626509	16.737196739999998	0.2173197245746337	0.5815031182590432	1.0	0.22412899585773965	0.27269691840531646
DHFR	13.338335493333334	35.69065669	61.37655254	13.75626509	16.737196739999998	0.2173197245746337	0.5815031182590432	1.0	0.22412899585773965	0.27269691840531646
FTHFLi	7.064128218666667	24.955595383333332	46.164228443333336	18.379526096666666	17.859825269999998	0.15302168923580942	0.5405829627146561	1.0	0.3981335054527677	0.38687585327940577
FTHFDH	0.24910675499999999	1.2610774973333332	0.10627336033333334	2.089296502	7.8600269843333335	0.031692862568604596	0.16044187886974468	0.01352073733909034	0.2658128917578021	1.0
MTHFC	7.064128218666667	24.955595383333332	46.164228443333336	18.379526096666666	17.859825269999998	0.15302168923580942	0.5405829627146561	1.0	0.3981335054527677	0.38687585327940577
MTHFD	17.437975141	31.510938023000005	50.10168704	22.440305602333336	22.04138766666667	0.3480516559667528	0.6289396602122882	1.0	0.4478952092854184	0.43993304355339063
MTHFD2i	40.65549457	29.257110608	83.19528851133333	48.283633126666665	98.76143869666669	0.4116535269890937	0.2962402228450674	0.8423863565501225	0.48889155285560143	1.0
ACACT1r	15.104708830000002	39.92897029333333	30.42959891	13.219897673333334	27.972443053333336	0.3782894654942287	1.0	0.762093254257564	0.3310853642409249	0.7005550818825825
HMGCOAS	30.846352326666665	33.66493764333333	31.28397633	11.096076459666667	23.18535466333333	0.9162753442014816	1.0	0.9292747445856377	0.329603356977078	0.6887092710217667
HMGCOAR	22.41491003	41.42709587666667	46.194664329999995	16.586033959999998	43.01354734666666	0.4852272520019847	0.8967939582962368	1.0	0.3590465306017735	0.9311367009703015
MEVK1	42.33616683333334	12.603676493333333	12.669263613333333	34.85680258666667	29.100205353333333	1.0	0.29770471528399783	0.2992539136386387	0.8233339292120845	0.6873604185256875
PMEVK	17.671119443333335	16.340981046666666	29.551788489999996	24.771622699999998	21.08690358	0.5979712344419712	0.5529608149502111	1.0	0.838244450361522	0.7135576104686719
IPDDI	50.79752765666667	73.80409436866665	91.68752283066665	83.19012925266667	77.59015608933333	0.5540287935413221	0.80495243071374	1.0	0.9073222471754044	0.8462455271327476
DPMVD	81.35238502	29.38507909666667	62.99387395	32.27788128	84.43490700000001	0.9634923269353514	0.3480205064555429	0.7460643493099364	0.38228124394096863	1.0
DMATT	11.761999656666667	2.5646908456666666	6.036702632333333	16.9570366	10.290788278666666	0.6936353287499932	0.15124640620677005	0.35599985862702765	1.0	0.6068742151955175
GRTT	11.761999656666667	2.5646908456666666	6.036702632333333	16.9570366	10.290788278666666	0.6936353287499932	0.15124640620677005	0.35599985862702765	1.0	0.6068742151955175
HMR_1465	1.0	1.0	1.0	1.0	1.0	1.0	1.0	1.0	1.0	1.0
HMR_1467	1.0	1.0	1.0	1.0	1.0	1.0	1.0	1.0	1.0	1.0
SMO	31.04375825	10.492701405666667	147.75657366666667	94.49091951333332	143.8494825	0.21010069115458485	0.07101343206115357	1.0	0.6395039974769673	0.9735572430402932
LNSTLS	19.106753916666666	25.70873331	8.305668555666665	15.799888469999999	22.30006186	0.7432009071109955	1.0	0.3230679806552735	0.6145728099273671	0.8674119253991359
HMR_1477	0.12835765533333335	2.5475238993333336	1.3597809386666668	0.20658064399999998	0.41988122866666666	0.050385260513914516	1.0	0.5337657240517	0.08109075799212737	0.1648193482214421
HMR_1478	0.12835765533333335	2.5475238993333336	1.3597809386666668	0.20658064399999998	0.41988122866666666	0.050385260513914516	1.0	0.5337657240517	0.08109075799212737	0.1648193482214421
HMR_1479	0.12835765533333335	2.5475238993333336	1.3597809386666668	0.20658064399999998	0.41988122866666666	0.050385260513914516	1.0	0.5337657240517	0.08109075799212737	0.1648193482214421
C14STR	260.67751454	88.13767372666666	185.11787658333333	89.07240265	54.90204186666667	1.0	0.3381099972592468	0.7101413288752516	0.3416957646200519	0.21061287914896915
HMR_1490	30.537589103333335	52.195324449666664	51.98852432966667	37.711020702333336	96.38866740233334	0.31681721437093024	0.5415089331176202	0.5393634514383602	0.39123915413131277	1.0
HMR_1493	30.537589103333335	52.195324449666664	51.98852432966667	37.711020702333336	96.38866740233334	0.31681721437093024	0.5415089331176202	0.5393634514383602	0.39123915413131277	1.0
HMR_1494	30.537589103333335	52.195324449666664	51.98852432966667	37.711020702333336	96.38866740233334	0.31681721437093024	0.5415089331176202	0.5393634514383602	0.39123915413131277	1.0
C3STDH1	9.376878644	10.632880297333333	13.769233606666667	7.692371205	12.616758646333333	0.6810022192854644	0.772220197657566	1.0	0.5586637154064679	0.9163007184528165
HMR_1495	9.376878644	12.498880354	13.769233606666667	9.877650009	12.646384004	0.6810022192854644	0.907739726919035	1.0	0.717371081874704	0.9184522802980831
HMR_1500	3.733289394333333	9.710582492333335	5.341669825	2.4723694016666666	7.117992061	0.38445576228623013	1.0	0.5500874771639432	0.2546056741311495	0.7330139120510816
HMR_1502	30.537589103333335	52.195324449666664	51.98852432966667	37.711020702333336	96.38866740233334	0.31681721437093024	0.5415089331176202	0.5393634514383602	0.39123915413131277	1.0
HMR_1503	30.537589103333335	52.195324449666664	51.98852432966667	37.711020702333336	96.38866740233334	0.31681721437093024	0.5415089331176202	0.5393634514383602	0.39123915413131277	1.0
HMR_1504	30.537589103333335	52.195324449666664	51.98852432966667	37.711020702333336	96.38866740233334	0.31681721437093024	0.5415089331176202	0.5393634514383602	0.39123915413131277	1.0
HMR_1505	9.376878644	10.632880297333333	13.769233606666667	7.692371205	12.616758646333333	0.6810022192854644	0.772220197657566	1.0	0.5586637154064679	0.9163007184528165
HMR_1509	3.733289394333333	9.710582492333335	5.341669825	2.4723694016666666	7.117992061	0.38445576228623013	1.0	0.5500874771639432	0.2546056741311495	0.7330139120510816
CHLSTI_1	208.6410855	42.380492370000006	168.50833423333333	189.55275963333335	225.70307016666666	0.9244051724503901	0.18777100523579426	0.7465930087211538	0.8398324377836831	1.0
HMR_1516	15.138115386666668	11.298835716666666	20.682876959999998	7.461618881333333	40.09333910666667	0.37757182923558297	0.28181328790317467	0.5158681571762845	0.1861061973781232	1.0
RE2410C	1.0	1.0	1.0	1.0	1.0	1.0	1.0	1.0	1.0	1.0
DSMSTOLR	1.0	1.0	1.0	1.0	1.0	1.0	1.0	1.0	1.0	1.0
ACCOAC	1.3814213196666667	7.661746353333332	3.184575716	1.4645457706666665	5.250006978666666	0.18030110316372758	1.0	0.4156461946321824	0.19115038571193352	0.6852232815541576
FASN	666.2237307	460.37115500000004	345.5619573666666	1888.0454996666667	492.5312943666666	0.35286423490197744	0.24383477785957927	0.18302628693412068	1.0	0.2608683394831442
MCAT	666.2237307	460.37115500000004	345.5619573666666	1888.0454996666667	492.5312943666666	0.35286423490197744	0.24383477785957927	0.18302628693412068	1.0	0.2608683394831442
AcetoacetylACPsynthesis	666.2237307	460.37115500000004	345.5619573666666	1888.0454996666667	492.5312943666666	0.35286423490197744	0.24383477785957927	0.18302628693412068	1.0	0.2608683394831442
r0691	666.2237307	460.37115500000004	345.5619573666666	1888.0454996666667	492.5312943666666	0.35286423490197744	0.24383477785957927	0.18302628693412068	1.0	0.2608683394831442
r0681	666.2237307	460.37115500000004	345.5619573666666	1888.0454996666667	492.5312943666666	0.35286423490197744	0.24383477785957927	0.18302628693412068	1.0	0.2608683394831442
r0682	666.2237307	460.37115500000004	345.5619573666666	1888.0454996666667	492.5312943666666	0.35286423490197744	0.24383477785957927	0.18302628693412068	1.0	0.2608683394831442
r0760	666.2237307	460.37115500000004	345.5619573666666	1888.0454996666667	492.5312943666666	0.35286423490197744	0.24383477785957927	0.18302628693412068	1.0	0.2608683394831442
r0761	666.2237307	460.37115500000004	345.5619573666666	1888.0454996666667	492.5312943666666	0.35286423490197744	0.24383477785957927	0.18302628693412068	1.0	0.2608683394831442
r0762	666.2237307	460.37115500000004	345.5619573666666	1888.0454996666667	492.5312943666666	0.35286423490197744	0.24383477785957927	0.18302628693412068	1.0	0.2608683394831442
r0763	666.2237307	460.37115500000004	345.5619573666666	1888.0454996666667	492.5312943666666	0.35286423490197744	0.24383477785957927	0.18302628693412068	1.0	0.2608683394831442
r0764	666.2237307	460.37115500000004	345.5619573666666	1888.0454996666667	492.5312943666666	0.35286423490197744	0.24383477785957927	0.18302628693412068	1.0	0.2608683394831442
r0694	666.2237307	460.37115500000004	345.5619573666666	1888.0454996666667	492.5312943666666	0.35286423490197744	0.24383477785957927	0.18302628693412068	1.0	0.2608683394831442
r0695	666.2237307	460.37115500000004	345.5619573666666	1888.0454996666667	492.5312943666666	0.35286423490197744	0.24383477785957927	0.18302628693412068	1.0	0.2608683394831442
r0765	666.2237307	460.37115500000004	345.5619573666666	1888.0454996666667	492.5312943666666	0.35286423490197744	0.24383477785957927	0.18302628693412068	1.0	0.2608683394831442
r0766	666.2237307	460.37115500000004	345.5619573666666	1888.0454996666667	492.5312943666666	0.35286423490197744	0.24383477785957927	0.18302628693412068	1.0	0.2608683394831442
r0692	666.2237307	460.37115500000004	345.5619573666666	1888.0454996666667	492.5312943666666	0.35286423490197744	0.24383477785957927	0.18302628693412068	1.0	0.2608683394831442
r0693	666.2237307	460.37115500000004	345.5619573666666	1888.0454996666667	492.5312943666666	0.35286423490197744	0.24383477785957927	0.18302628693412068	1.0	0.2608683394831442
r0767	666.2237307	460.37115500000004	345.5619573666666	1888.0454996666667	492.5312943666666	0.35286423490197744	0.24383477785957927	0.18302628693412068	1.0	0.2608683394831442
r0768	666.2237307	460.37115500000004	345.5619573666666	1888.0454996666667	492.5312943666666	0.35286423490197744	0.24383477785957927	0.18302628693412068	1.0	0.2608683394831442
r0769	666.2237307	460.37115500000004	345.5619573666666	1888.0454996666667	492.5312943666666	0.35286423490197744	0.24383477785957927	0.18302628693412068	1.0	0.2608683394831442
r0770	666.2237307	460.37115500000004	345.5619573666666	1888.0454996666667	492.5312943666666	0.35286423490197744	0.24383477785957927	0.18302628693412068	1.0	0.2608683394831442
r0712	666.2237307	460.37115500000004	345.5619573666666	1888.0454996666667	492.5312943666666	0.35286423490197744	0.24383477785957927	0.18302628693412068	1.0	0.2608683394831442
r0713	666.2237307	460.37115500000004	345.5619573666666	1888.0454996666667	492.5312943666666	0.35286423490197744	0.24383477785957927	0.18302628693412068	1.0	0.2608683394831442
r0701	666.2237307	460.37115500000004	345.5619573666666	1888.0454996666667	492.5312943666666	0.35286423490197744	0.24383477785957927	0.18302628693412068	1.0	0.2608683394831442
r0702	666.2237307	460.37115500000004	345.5619573666666	1888.0454996666667	492.5312943666666	0.35286423490197744	0.24383477785957927	0.18302628693412068	1.0	0.2608683394831442
r0771	666.2237307	460.37115500000004	345.5619573666666	1888.0454996666667	492.5312943666666	0.35286423490197744	0.24383477785957927	0.18302628693412068	1.0	0.2608683394831442
r0772	666.2237307	460.37115500000004	345.5619573666666	1888.0454996666667	492.5312943666666	0.35286423490197744	0.24383477785957927	0.18302628693412068	1.0	0.2608683394831442
r0696	666.2237307	460.37115500000004	345.5619573666666	1888.0454996666667	492.5312943666666	0.35286423490197744	0.24383477785957927	0.18302628693412068	1.0	0.2608683394831442
r0697	666.2237307	460.37115500000004	345.5619573666666	1888.0454996666667	492.5312943666666	0.35286423490197744	0.24383477785957927	0.18302628693412068	1.0	0.2608683394831442
r0773	666.2237307	460.37115500000004	345.5619573666666	1888.0454996666667	492.5312943666666	0.35286423490197744	0.24383477785957927	0.18302628693412068	1.0	0.2608683394831442
FA160ACPH	666.2589994589999	460.39658700166666	345.60137091633334	1888.3151030529998	492.58266218066666	0.3528325322303477	0.24381343254486726	0.18302102777103788	1.0	0.26085829710532227
TMLYStd	1.0	1.0	1.0	1.0	1.0	1.0	1.0	1.0	1.0	1.0
TMLYSOX	0.17792305666666666	0.0	0.613604322	0.017638534	0.4408710533333333	0.2899638256893938	0.0	1.0	0.02874577861920601	0.7184940482432477
GHMT3	15.761383066666667	17.779351513333335	21.058001983333334	10.781835496666666	18.126396816666666	0.7484747640892638	0.8443038198688112	1.0	0.5120065761794547	0.8607842677103493
TMABADH	14.685705136666668	30.873735	14.093735406666667	11.95836751	12.912585387333332	0.4756698577825672	1.0	0.456495963532325	0.38733141649366365	0.41823852499003866
BBHOX	0.0014341693333333333	0.0	0.0	0.112211432	0.22337422733333334	0.006420478093890276	0.0	0.0	0.5023472642282536	1.0
SUCFUMtm	24.024079716666666	5.329148272666667	27.635994693333334	98.73829125666667	14.532000680333333	0.24331066915283076	0.053972457947583236	0.27989136070315973	1.0	0.14717695126562313
palmitateActivation	27.49046866666667	52.02025233966666	31.363818143666666	15.866770908666666	50.66996444433334	0.5284570418299286	1.0	0.6029155325675154	0.3050114175737645	0.9740430344990139
carnitineAcylTransferaseI	32.91405671	11.21772411	19.179157676666666	19.211371470666666	15.543039700333333	1.0	0.3408186419813701	0.5827041572435411	0.5836828817527631	0.47223105426597334
CARN160t_m	0.38667778433333333	4.011931536333333	2.905309611	0.13871988100000002	1.6611084900000002	0.09638194989905881	1.0	0.7241672956501347	0.03457683156945937	0.41404208296090583
carnitineAcylTransferaseII	4.381960433333333	5.647330752999999	5.488228961	3.2308936740000003	4.918842250333333	0.7759347955678936	1.0	0.971827080977065	0.5721098719574147	0.871003039395262
betaOxidation	0.0	0.060744105666666666	0.037605136000000004	0.0033878836666666663	0.034024535333333335	0.0	1.0	0.6190746507382662	0.05577304381198204	0.5601290028047001
Biomass	1.0	1.0	1.0	1.0	1.0	1.0	1.0	1.0	1.0	1.0
GLCt1	389.49872502499994	188.47947028066667	266.09766548933334	395.82868233166664	135.288305823	0.9840083410090965	0.4761642566435822	0.6722546327917918	1.0	0.3417849990709903
O2t	1.0	1.0	1.0	1.0	1.0	1.0	1.0	1.0	1.0	1.0
GLNt	151.0241236526667	413.6187315336667	347.386949213	141.249919893	598.257772306	0.2524398856876365	0.6913720985844657	0.5806643311527538	0.23610210586742325	1.0
r0963	20.251591020000003	0.8553659066666667	0.5113826673333333	2.8286365339999997	0.822697598	1.0	0.04223697317519039	0.025251481072687255	0.1396747806731088	0.040623850105778
THBPTt	1.0	1.0	1.0	1.0	1.0	1.0	1.0	1.0	1.0	1.0
ARGt5r	16.641867617	26.300538268333337	45.075381467	9.370786040333334	7.947774664333333	0.36920081595279736	0.583478994794268	1.0	0.207891441743954	0.1763218503242608
PHEtec	9.212958678666666	7.758332236333334	8.419904862333334	8.405528153	4.495324061666667	1.0	0.8421108252985401	0.9139197467400227	0.9123592589711343	0.48793489892404984
ILEtec	8.981334538666665	7.632890791	8.052161725666666	8.175991983333335	4.495324061666667	1.0	0.8498615387433447	0.896544014812086	0.9103315268052704	0.5005184967014964
LEUtec	8.981334538666665	7.632890791	8.052161725666666	8.175991983333335	4.495324061666667	1.0	0.8498615387433447	0.896544014812086	0.9103315268052704	0.5005184967014964
VALtec	8.981334538666665	7.632890791	8.052161725666666	8.175991983333335	4.495324061666667	1.0	0.8498615387433447	0.896544014812086	0.9103315268052704	0.5005184967014964
METtec	8.981334538666665	7.632890791	8.052161725666666	8.175991983333335	4.495324061666667	1.0	0.8498615387433447	0.896544014812086	0.9103315268052704	0.5005184967014964
r2526	145.06929349333333	418.08861635166664	349.58787376866667	142.6716127056667	599.2117899966667	0.24210019881975342	0.6977309581208214	0.5834128760560793	0.23809880761268123	1.0
GLYt4	151.15944891533334	416.10110636533335	350.81577170099996	149.21364025666668	608.0701347730001	0.24858883913409593	0.6842978836983482	0.5769330734060204	0.24538886507289154	1.0
r2532	151.03023601700002	412.97631575800006	347.39226459566663	141.25363860966667	598.257772306	0.2524501026285878	0.690298287586256	0.5806732159226853	0.2361083217777529	1.0
PROPAT4te	1.8807226243333333	5.112300593666666	2.195609173	2.911696871666667	1.3901852273333335	0.36788185472960094	1.0	0.4294757580804253	0.5695472749145072	0.2719294771233823
HDCAt	94.47728818433332	156.22625887900003	109.51409180399999	170.69413480066666	143.5292084813333	0.5534887785960665	0.9152409311628549	0.6415808717264272	1.0	0.8408561234335554
CRNt	15.959544866666667	5.786490118666666	9.074090163	12.514274983333335	20.49512199333333	0.7786996765307374	0.2823349927143103	0.44274389613058296	0.610597730884646	1.0
GTHRDt2	1.0	1.0	1.0	1.0	1.0	1.0	1.0	1.0	1.0	1.0
DmLact	5.379555882000001	80.82488778166667	30.835658766999998	31.599826778333334	95.281426458	0.05645964887365856	0.8482753752358466	0.3236271738709993	0.33164728901558294	1.0
UREAt	0.33463939033333334	0.007969133000000002	0.03210147433333333	0.27642226599999997	0.0	1.0	0.02381409131800644	0.09592855850399783	0.8260302701503746	0.0
DmBiomass	1.0	1.0	1.0	1.0	1.0	1.0	1.0	1.0	1.0	1.0
NH4t	1.0	1.0	1.0	1.0	1.0	1.0	1.0	1.0	1.0	1.0
PTRCtex2	1.0	1.0	1.0	1.0	1.0	1.0	1.0	1.0	1.0	1.0
GUDACtr2	1.0	1.0	1.0	1.0	1.0	1.0	1.0	1.0	1.0	1.0
CE2705t	116.04908054333335	79.65179346333333	88.15169427000001	51.54804880333334	19.488183969666668	1.0	0.6863629861642112	0.759607002979086	0.4441917899046604	0.1679305331711756
Dm2oxobutyrate	1.0	1.0	1.0	1.0	1.0	1.0	1.0	1.0	1.0	1.0
H2Ot	1.2280659619999998	0.39039763466666666	0.290021901	2.381208094	0.6429058466666667	0.5157323146575865	0.16394939847985693	0.12179611758030585	1.0	0.2699914586577357
PHLACHt	1.0	1.0	1.0	1.0	1.0	1.0	1.0	1.0	1.0	1.0
CO2t	1.0	1.0	1.0	1.0	1.0	1.0	1.0	1.0	1.0	1.0
DmH2O2	1.0	1.0	1.0	1.0	1.0	1.0	1.0	1.0	1.0	1.0
DmGSSG	1.0	1.0	1.0	1.0	1.0	1.0	1.0	1.0	1.0	1.0
GLUt4	7.837148124333333	0.0	0.0	1.4623140726666666	0.3858893753333333	1.0	0.0	0.0	0.1865875251389431	0.049238494566052234
ALAPAT4te	164.17460400000002	444.56576472233337	394.11140586700003	155.8542874626667	611.1154229216668	0.2686474565068276	0.7274661185883998	0.6449050229869874	0.25503248914508936	1.0
DmAla	164.17460400000002	444.56576472233337	394.11140586700003	155.8542874626667	611.1154229216668	0.2686474565068276	0.7274661185883998	0.6449050229869874	0.25503248914508936	1.0
ASPte	0.767187376	1.681018128	0.49284642166666665	1.337517304333333	8.314972588	0.09226577332403829	0.20216760911828036	0.05927216433376252	0.16085648992560853	1.0
DmAsp	0.767187376	1.681018128	0.49284642166666665	1.337517304333333	8.314972588	0.09226577332403829	0.20216760911828036	0.05927216433376252	0.16085648992560853	1.0
DmPalm	94.47728818433332	156.22625887900003	109.51409180399999	170.69413480066666	143.5292084813333	0.5534887785960665	0.9152409311628549	0.6415808717264272	1.0	0.8408561234335554
ATPM	1.0	1.0	1.0	1.0	1.0	1.0	1.0	1.0	1.0	1.0
GACMTRc	135.60473113333333	102.96662965666667	46.011594693333336	49.924831443333325	25.02327997	1.0	0.7593144339147337	0.3393067064016553	0.36816437764435184	0.18453102455102297
CKc_cho	236.62835327999997	47.518240846666664	76.14881822266666	250.18810618400002	9.947524318	0.9458017684740474	0.18993005531493784	0.3043662601876976	1.0	0.03976018072851203
CRTNsyn_cho	1.0	1.0	1.0	1.0	1.0	1.0	1.0	1.0	1.0	1.0
CRTNtr	1.0	1.0	1.0	1.0	1.0	1.0	1.0	1.0	1.0	1.0
NDPK1	1307.345561134667	143.220012335	340.2984622976667	469.4568776066667	348.4374853046667	1.0	0.1095502341482668	0.2602972560692492	0.3590916522477938	0.2665228656165337
NDPK5	1307.345561134667	143.220012335	340.2984622976667	469.4568776066667	348.4374853046667	1.0	0.1095502341482668	0.2602972560692492	0.3590916522477938	0.2665228656165337
NDPK8	1307.345561134667	143.220012335	340.2984622976667	469.4568776066667	348.4374853046667	1.0	0.1095502341482668	0.2602972560692492	0.3590916522477938	0.2665228656165337
NDPK7	1307.345561134667	143.220012335	340.2984622976667	469.4568776066667	348.4374853046667	1.0	0.1095502341482668	0.2602972560692492	0.3590916522477938	0.2665228656165337
DTMPK	1.0	1.0	1.0	1.0	1.0	1.0	1.0	1.0	1.0	1.0
NDPK4	1307.345561134667	143.220012335	340.2984622976667	469.4568776066667	348.4374853046667	1.0	0.1095502341482668	0.2602972560692492	0.3590916522477938	0.2665228656165337
HIStiDF	0.0018462426666666666	1.6347282916666668	0.0	0.012582006666666666	0.04630860133333334	0.0011293880922464204	1.0	0.0	0.007696695977432946	0.028328011186568493
PTRCOX1	4.830511969333334	7.110761974333333	1.955395472	4.276652067666666	14.063492195666663	0.3434788388350472	0.5056185103529512	0.1390405345126518	0.3040960245268538	1.0
ABUTD	1.0	1.0	1.0	1.0	1.0	1.0	1.0	1.0	1.0	1.0
r0465_1	0.8291658583333333	0.17943375533333336	1.2833419786666667	1.4904795806666666	0.21817022333333336	0.556308096460108	0.12038659077306892	0.8610262061373891	1.0	0.14637585523697644
ABUTH	1.2280659619999998	0.39039763466666666	0.290021901	2.381208094	0.6429058466666667	0.5157323146575865	0.16394939847985693	0.12179611758030585	1.0	0.2699914586577357
GLUDC	1.0	1.0	1.0	1.0	1.0	1.0	1.0	1.0	1.0	1.0
HISDr	0.9163326236666668	0.045873502000000003	0.03005551666666667	0.045157544	0.42274421033333337	1.0	0.05006206350750571	0.03279978895261938	0.049280733691772285	0.4613436206622657
URCN	1.2280659619999998	0.39039763466666666	0.290021901	2.381208094	0.6429058466666667	0.5157323146575865	0.16394939847985693	0.12179611758030585	1.0	0.2699914586577357
IZPN	0.7107377476666666	1.5100256986666667	0.24676340433333332	0.042900414	0.177299348	0.4706792396276692	1.0	0.16341669188227873	0.028410386682743555	0.1174147884744962
GluForTx	1.0	1.0	1.0	1.0	1.0	1.0	1.0	1.0	1.0	1.0
FTCD	0.4022643596666667	0.052249350666666666	0.36897300166666663	0.090561356	0.03244575166666667	1.0	0.12988809326772746	0.9172401004464161	0.22512895767112695	0.08065778358677511
CARPEPT1tc	0.5416365906666667	0.0	0.0	4.107041332	0.0065042243333333334	0.1318799950822279	0.0	0.0	1.0	0.0015836763761435003
NBAHH_ir	1.2280659619999998	0.39039763466666666	0.290021901	2.381208094	0.6429058466666667	0.5157323146575865	0.16394939847985693	0.12179611758030585	1.0	0.2699914586577357
r0283	0.8291658583333333	0.17943375533333336	1.2833419786666667	1.4904795806666666	0.21817022333333336	0.556308096460108	0.12038659077306892	0.8610262061373891	1.0	0.14637585523697644
ASP1DC	1.2629694956666666	1.366741305	0.5200084586666667	0.0027662873333333337	0.04602450633333333	0.924073554407333	1.0	0.3804732152048823	0.0020240021452584502	0.03367462896230632
CSNt	79.29571653333333	18.376993826666666	53.18766651333333	40.16107990333333	15.135179043333332	1.0	0.2317526674841456	0.6707508152848959	0.5064722491844931	0.19087007098259837
bAlaSynthesis	1.0	1.0	1.0	1.0	1.0	1.0	1.0	1.0	1.0	1.0
LYSt5r	9.155596572666667	26.173520353666664	45.06959659	9.334061483666666	7.592363945333333	0.20314352169502448	0.5807356252102336	1.0	0.20710328447310083	0.1684586621531447
LYStm	3.028069846333333	11.150718786666667	10.396735248333332	3.112870598	1.123058327	0.2715582649213708	1.0	0.9323825169696772	0.27916322324639525	0.10071622722141312
SACCD3m	0.5048097576666667	5.450034961	0.04886940333333333	0.09402843966666667	0.22419482666666668	0.09262504943161716	1.0	0.00896680547611873	0.017252814035052327	0.04113640155907005
r0525	0.5048097576666667	5.450034961	0.04886940333333333	0.09402843966666667	0.22419482666666668	0.09262504943161716	1.0	0.00896680547611873	0.017252814035052327	0.04113640155907005
AASAD3m	1.0	1.0	1.0	1.0	1.0	1.0	1.0	1.0	1.0	1.0
r0450	13.420785586666668	4.400243515333333	4.849842618333334	0.798015818	3.0859081426666664	1.0	0.3278678052725098	0.36136801284952896	0.059461185252286254	0.2299349857531787
2OXOADOXm	2.700240211	5.373006194999999	4.575841112	5.170759625666666	2.797839887	0.5025566904264477	1.0	0.8516351826019066	0.9623587686309502	0.5207215077480476
GLUTCOADHm	9.247279674666666	7.654681585666666	10.593647686666666	7.139037966	4.65554788	0.8729079867650724	0.7225727919289756	1.0	0.6738979978525534	0.43946599110139817
3HBCDm	9.600873641	4.546009764	7.835119113	9.687691479333333	12.761796344333334	0.7523136541246491	0.356220209235558	0.6139511164099603	0.7591166022356244	1.0
HACD1m	1.0	1.0	1.0	1.0	1.0	1.0	1.0	1.0	1.0	1.0
HMGCOASm	53.25988924333333	0.006373935666666667	0.0	0.02070888133333333	0.018487727666666665	1.0	0.00011967609691311003	0.0	0.00038882696955524576	0.0003471229086151511
CYStec	8.422825942666668	3.7893966313333336	5.726783101333333	8.016914063666666	4.357074255333333	1.0	0.44989611053669837	0.6799123168773725	0.9518081126497208	0.5172936357692182
CYSTA	14.60633327	32.36110044	30.233612233333332	23.6849911	33.932160610000004	0.4304569177859965	0.9536999665875387	0.8910016836482647	0.6980101082340125	1.0
CYANt	1.0	1.0	1.0	1.0	1.0	1.0	1.0	1.0	1.0	1.0
MCPST	71.10431587999999	59.997766766666665	45.853604776666664	45.47200931333333	67.8346692	1.0	0.843799226870034	0.6448779403777968	0.639511241343981	0.9540161994453606
TCYNTt	1.0	1.0	1.0	1.0	1.0	1.0	1.0	1.0	1.0	1.0
CYSO	0.17867562666666667	0.08904824533333333	0.032216206666666664	0.13684335133333334	0.02188064166666667	1.0	0.4983793648557326	0.1803055473635949	0.7658758717473273	0.12246013670060726
3SALATAi	14.60633327	32.36110044	30.233612233333332	23.6849911	33.932160610000004	0.4304569177859965	0.9536999665875387	0.8910016836482647	0.6980101082340125	1.0
3SALAASPm	2.4613091380000003	7.967273813333333	6.065416834	4.364310946333334	3.4638274019999997	0.3089273941961137	1.0	0.761291374704538	0.5477797109256626	0.4347569172535832
3SALATAim	56.17622946	111.07461953333335	76.58952545333334	134.01264973333335	110.61321872	0.4191860214075532	0.8288368281229905	0.5715096717043944	1.0	0.8253938634905363
3SPYRSP	1.0	1.0	1.0	1.0	1.0	1.0	1.0	1.0	1.0	1.0
3SPYRSPm	1.0	1.0	1.0	1.0	1.0	1.0	1.0	1.0	1.0	1.0
HMR_3951	1.0	1.0	1.0	1.0	1.0	1.0	1.0	1.0	1.0	1.0
ExSulfitem	1.0	1.0	1.0	1.0	1.0	1.0	1.0	1.0	1.0	1.0
PHETHPTOX2	1.0	1.0	1.0	1.0	1.0	1.0	1.0	1.0	1.0	1.0
TYRt	0.23162413999999998	0.12544144533333332	0.36774313666666664	0.22953616966666668	0.0	0.6298530602080306	0.34111158802410824	1.0	0.6241752646895083	0.0
TYRTA	144.06375857	32.36110044	30.888057371666672	23.709880979333334	34.010374945	1.0	0.2246304050458039	0.21440546656748713	0.1645790809200136	0.2360786313129162
34HPPOR	0.177599387	0.03848424066666667	0.4755036666666666	0.073032303	0.122590556	0.37349740801157516	0.08093363598317856	1.0	0.15358935823137715	0.25781200986182373
HGNTOR	7.665024114	0.0	0.014818989333333333	0.103905561	0.08012863266666666	1.0	0.0	0.0019333258595060085	0.01355580353755427	0.010453800467543663
MACACI	23.012251996666667	32.015747536666666	111.99080973333332	41.90113472666666	16.11492512	0.20548339682034839	0.285878346740245	1.0	0.37414797541369205	0.14389506744680228
FUMAC	9.341020024666667	13.99473379	9.113896939999998	9.677818910333334	10.564754634000002	0.667466788924655	1.0	0.6512376067140608	0.6915329048451542	0.7549092960631445
AACOAT	6.416949099666667	7.423231354333333	8.084141890666666	6.301794681333333	10.986102698000002	0.5840969519459216	0.6756928783930554	0.7358516584901731	0.5736151258153233	1.0
r2534	0.5585085959999999	3.8434941596666667	2.325378624333333	0.15907791966666665	0.13824980633333334	0.1453127213931912	1.0	0.6050168226442695	0.04138888028919574	0.0359698234445407
THRD_L	1.0	1.0	1.0	1.0	1.0	1.0	1.0	1.0	1.0	1.0
OBDHc	1.0	1.0	1.0	1.0	1.0	1.0	1.0	1.0	1.0	1.0
PPCOAtm	1.0	1.0	1.0	1.0	1.0	1.0	1.0	1.0	1.0	1.0
r1616	209.2724744666667	66.64075092333333	478.4451957666667	155.22215563333336	549.4031667999999	0.38090875173795363	0.12129662686781102	0.8708453548845958	0.28252868751635557	1.0
TRPO2	1.0	1.0	1.0	1.0	1.0	1.0	1.0	1.0	1.0	1.0
FKYNH	1.0	1.0	1.0	1.0	1.0	1.0	1.0	1.0	1.0	1.0
KYN	0.6120150556666667	4.464983284	4.943814885	1.4568277583333333	11.531957198333332	0.05307122157504355	0.38718347694225796	0.42870562212236707	0.12632961892573472	1.0
ANTHte	1.0	1.0	1.0	1.0	1.0	1.0	1.0	1.0	1.0	1.0
KYN3OX	0.8628432316666667	0.007911298333333334	0.023323996333333333	0.6240025149999999	0.21133676066666665	1.0	0.00916887105674096	0.027031557387638933	0.7231933821798401	0.2449306582129049
HKYNH	0.6120150556666667	4.464983284	4.943814885	1.4568277583333333	11.531957198333332	0.05307122157504355	0.38718347694225796	0.42870562212236707	0.12632961892573472	1.0
3HAO	0.011551750333333333	0.0	0.13725783633333336	0.8057865286666667	0.010544524999999999	0.014335993370909279	0.0	0.1703401973726883	1.0	0.013086003085020548
PCLAD	0.008952281333333333	0.019211541	0.0	0.0020039249999999997	0.002335433666666667	0.46598455237574815	1.0	0.0	0.10430839462591782	0.12156409871892458
AM6SAD	1.0	1.0	1.0	1.0	1.0	1.0	1.0	1.0	1.0	1.0
AMCOXO	1.0	1.0	1.0	1.0	1.0	1.0	1.0	1.0	1.0	1.0
2OXOADPTm	0.009214915333333334	0.09722623633333334	0.05325786799999999	0.005079738666666667	0.038252521	0.0947780730886326	1.0	0.5477725972792892	0.05224658341449255	0.39343825743551264
ExCystineGlu	1.0	1.0	1.0	1.0	1.0	1.0	1.0	1.0	1.0	1.0
ExCystineSer	1.0	1.0	1.0	1.0	1.0	1.0	1.0	1.0	1.0	1.0
CystinePyruvate	1.0	1.0	1.0	1.0	1.0	1.0	1.0	1.0	1.0	1.0
CystineReductaseNADPH	21.241766721333335	27.712970339333335	21.37933049733333	32.273506966666666	14.515150171999998	0.6581796872361177	0.8586910114217327	0.6624421237956797	1.0	0.4497543507432214
CystineReductaseNADH	1.0	1.0	1.0	1.0	1.0	1.0	1.0	1.0	1.0	1.0
CystineGSH	1.0	1.0	1.0	1.0	1.0	1.0	1.0	1.0	1.0	1.0
Ex3HB	1.0	1.0	1.0	1.0	1.0	1.0	1.0	1.0	1.0	1.0
Transport3HB_forward	1.0	1.0	1.0	1.0	1.0	1.0	1.0	1.0	1.0	1.0
bBDH	1.0	1.0	1.0	1.0	1.0	1.0	1.0	1.0	1.0	1.0
OCOAT1m	3.2494983993333335	4.613286676666667	3.735049381	1.249552674	7.486815760666666	0.43402943296737156	0.6161880863829186	0.4988835708530126	0.16690041720603704	1.0
ACACT1m	35.724000006666664	73.83629534	42.55568696666666	51.93626793333333	60.69224574333333	0.48382709129927837	1.0	0.5763518709966017	0.7033975322594148	0.8219838964544307
G3PD1ir	1.002121299	0.18752680966666668	0.929068981	1.1501171713333334	1.0318233563333334	0.8713210479574341	0.16305017813903816	0.807803764831133	1.0	0.8971462926139415
GLYC3Ptm	1.0	1.0	1.0	1.0	1.0	1.0	1.0	1.0	1.0	1.0
G3PDm	1.0	1.0	1.0	1.0	1.0	1.0	1.0	1.0	1.0	1.0
DHAPtm	1.0	1.0	1.0	1.0	1.0	1.0	1.0	1.0	1.0	1.0
CMPuptake	1.0	1.0	1.0	1.0	1.0	1.0	1.0	1.0	1.0	1.0
UMPuptake	1.0	1.0	1.0	1.0	1.0	1.0	1.0	1.0	1.0	1.0
Transport_ala_B_c_e	1.0	1.0	1.0	1.0	1.0	1.0	1.0	1.0	1.0	1.0
EX_ala_B	1.0	1.0	1.0	1.0	1.0	1.0	1.0	1.0	1.0	1.0
Transport_octanoyl_ACP_c_e	1.0	1.0	1.0	1.0	1.0	1.0	1.0	1.0	1.0	1.0
EX_octanoyl_ACP	1.0	1.0	1.0	1.0	1.0	1.0	1.0	1.0	1.0	1.0
TMDK1	281.84440968200005	138.83323631866665	185.28550233633334	445.46114213333334	63.78082651133334	0.6327025704918605	0.31166183351882965	0.41594088644633015	1.0	0.14317932694619356
THYMDt1	116.04908054333335	79.65179346333333	88.15169427000001	51.54804880333334	19.488183969666668	1.0	0.6863629861642112	0.759607002979086	0.4441917899046604	0.1679305331711756
EX_thymd	1.0	1.0	1.0	1.0	1.0	1.0	1.0	1.0	1.0	1.0
Transport_HC00576_c_e	1.0	1.0	1.0	1.0	1.0	1.0	1.0	1.0	1.0	1.0
EX_HC00576	1.0	1.0	1.0	1.0	1.0	1.0	1.0	1.0	1.0	1.0
Transport_4abut_c_e	1.0	1.0	1.0	1.0	1.0	1.0	1.0	1.0	1.0	1.0
EX_4abut	1.0	1.0	1.0	1.0	1.0	1.0	1.0	1.0	1.0	1.0
