Rxn	statistic_less	pvalue_less	statistic_greater	pvalue_greater	mean_MCF102A	median_MCF102A	std_MCF102A	mean_SKBR3	median_SKBR3	std_SKBR3
EX_lac__L_e	9194.0	1.0	9194.0	6.144527297488659e-25	5.597373200000001	5.828225	1.0369571144740477	3.2482482999999998	4.352365	1.9448589993341472
EX_glc__D_e_r	8987.0	1.0	8987.0	1.0120807834415545e-22	3.3034875000000006	3.438485	0.6124454906231215	1.9906289000000004	2.67177	1.2015619103541562
EX_gluIN__L_e	10000.0	1.0	10000.0	2.8198003048388453e-39	0.034986399999999994	0.036055000000000004	0.006409893949547407	0.0	0.0	0.0
EX_gluOUT__L_e	4625.5	0.18040286125251104	4625.5	0.8202384698194842	0.0450999	0.04751	0.008314450423719227	0.04695719999999999	0.046665	0.010105414298355816
EX_gln__L_e_r	9759.0	1.0	9759.0	1.504723121173256e-31	0.7494245	0.78347	0.13705481800407934	0.2978649	0.39707000000000003	0.1677378396591695
EX_asp__L_e	10000.0	1.0	10000.0	2.818971252286885e-39	0.0399249	0.04146	0.006134292002646873	0.0	0.0	0.0
DM_asp__L_e	2640.0	4.0786315647135054e-09	2640.0	0.9999999959800455	0.48637049999999993	0.310925	0.4730523325105658	1.3667045	1.441165	0.9658251253557418
EX_co2_e	9700.0	1.0	9700.0	8.057814183294119e-31	156.6278202	159.70712500000002	24.790595013699054	104.9702545	107.58052	11.004558995486837
EX_h_e_f	1452.0	2.2003886253353917e-18	1452.0	1.0	364.2414518	368.46768	55.65485769748775	427.8363939	448.778505	45.07044478361259
EX_h2o_e_f	1427.0	1.2845939011116447e-18	1427.0	1.0	412.41079719999993	421.12816499999997	64.70972567887539	488.45935340000005	513.13433	52.36811981747641
EX_ump_e_r	4536.5	0.12892959103491147	4536.5	0.8715837130151423	0.0012442	0.001305	0.0005007533314815778	0.0015376	0.00164	0.001277830484639785
EX_pi_e_r	5421.0	0.848470437297724	5421.0	0.1521038470882402	0.020245899999999997	0.022405	0.008436961980751511	0.0183042	0.01933	0.01486110544034632
EX_nh4_e	9339.0	1.0	9339.0	1.4796972095515327e-26	120.02632370000003	121.23708500000001	23.999800740456017	80.789997	84.450275	14.076802283506806
EX_o2_e_r	9734.0	1.0	9734.0	3.0714788091281643e-31	99.1387012	100.51867	14.56038574963959	56.78990789999999	49.17652	15.23068943105303
EX_arg__L_e_r	9496.0	1.0	9496.0	2.2729199206235505e-28	0.1007833	0.104025	0.01691814231838267	0.0738799	0.07230500000000001	0.006406235046003734
EX_pro__L_e	10000.0	1.0	10000.0	2.8168996623796895e-39	0.0043961	0.00364	0.002219751053017824	0.0	0.0	0.0
EX_leu__L_e_r	5472.0	0.8758549428182414	5472.0	0.1246463411321661	0.0139052	0.015179999999999999	0.00596723012067838	0.0124247	0.012844999999999999	0.01000551589844019
EX_ile__L_e_r	5358.5	0.8098096430470739	5358.5	0.1908545408276735	0.0067265	0.007445	0.00279603990340162	0.0061689	0.00655	0.005011949941102885
EX_met__L_e_r	5840.0	0.9799985236967189	5840.0	0.02012008817023384	0.0059139	0.0057599999999999995	0.0019982228948177273	0.0045881	0.00519	0.003394955763535607
EX_gly_e_r	8415.0	1.0	8415.0	3.6224694851327107e-17	0.10267100000000003	0.11414	0.03542884231352709	0.0644611	0.05357	0.021791799027119897
EX_phe__L_e_r	7194.5	0.9999999591576739	7194.5	4.1398700481667134e-08	0.0100167	0.011065	0.004121812893042639	0.006190299999999999	0.00659	0.004882313877453988
EX_ser__L_e_r	10000.0	1.0	10000.0	1.2724406552414943e-34	0.08753950000000002	0.08796000000000001	0.02224768944421107	0.0037241000000000006	0.00405	0.0031938659943552715
EX_ala__L_e_f	5679.0	0.9515712077346313	5679.0	0.048674947249545	1.2555969	1.320265	0.79867813226542	1.0317793	1.09107	0.8341054758512018
EX_ribflv_e	nan	nan	nan	nan	0.0	0.0	0.0	0.0	0.0	0.0
EX_asn__L_e	10000.0	1.0	10000.0	2.8195930193767757e-39	0.035301900000000004	0.03597	0.004939806910510907	0.0	0.0	0.0
EX_fol_e_r	0.0	1.0852754093674341e-34	0.0	1.0	0.00010040000000000001	0.0001	2.8494904736805065e-05	0.0007977999999999999	0.000645	0.00030338354562760284
EX_urea_e	0.0	2.817728119846003e-39	0.0	1.0	0.0	0.0	0.0	0.04488099999999998	0.03344	0.02427784572257788
EX_pyr_e	10000.0	1.0	10000.0	2.8200076051853168e-39	0.12795360000000003	0.121755	0.031784656215656557	0.0	0.0	0.0
PYRt2	10000.0	1.0	10000.0	2.8200076051853168e-39	0.12795360000000003	0.121755	0.031784656215656557	0.0	0.0	0.0
EX_gudac_e	9956.0	1.0	9956.0	4.776303365761283e-34	0.0688545	0.06933	0.014176840651519855	0.0150161	0.01319	0.012660681432424298
EX_hdca_e_f	7729.0	0.9999999999871425	7729.0	1.3073243730009625e-11	2.1267618999999995	2.11606	0.9078906725617553	1.3031131	0.977015	0.6210743071691555
EX_ptrcIN_e	10000.0	1.0	10000.0	2.492119448518457e-39	0.0004169999999999999	0.00043	6.882124407741869e-05	0.0	0.0	0.0
EX_ptrcOUT_e	9836.0	1.0	9836.0	1.629771403255534e-32	0.05874469999999999	0.05981	0.015291072093469337	0.011824900000000003	0.011855000000000001	0.009818395175805609
EX_biomassx	5361.0	0.8114611058090921	5361.0	0.18919951950025787	0.0235129	0.026025	0.009773942712719119	0.0215648	0.02289	0.017517721559793805
EX_h2o2_e	7482.0	0.999999999343152	7482.0	6.669093371923636e-10	0.7999902999999999	0.67776	0.46080980295333224	0.3815477	0.486825	0.282146678494654
EX_gthox_e	3286.0	1.414905660182497e-05	3286.0	0.9999860024185814	0.5293591999999999	0.530305	0.326244742346056	1.0036028999999997	0.647485	0.698057344954582
EX_2obut_e	5131.0	0.6260144886603487	5131.0	0.3749116317245551	0.005589400000000002	0.00572	0.002138690631241839	0.0049273	0.00614	0.003663507965893021
EX_crn_e	9966.0	1.0	9966.0	3.545946137531362e-34	16.834628300000002	17.76819	2.953199150426005	3.1862990999999994	2.21916	1.6480600260993088
EX_val__L_e_r	0.0	1.2804946538696245e-34	0.0	1.0	0.022885600000000002	0.02237	0.006610716020449698	0.14923779999999998	0.151215	0.012106426257458173
EX_spmd_e	400.0	8.90172057871756e-35	400.0	1.0	0.0	0.0	0.0	0.0028253	0.00396	0.002186695516716555
EX_sprm_e	0.0	1.2776845210416705e-34	0.0	1.0	0.0023105	0.0024	0.0005028451877350352	0.04645729999999999	0.039944999999999994	0.02516682355379556
EX_5mthf_e	0.0	1.0852754093674341e-34	0.0	1.0	0.00010040000000000001	0.0001	2.8494904736805065e-05	0.0007977999999999999	0.000645	0.00030338354562760284
EX_tmlys_e_r	9966.0	1.0	9966.0	3.545946137531362e-34	16.834628300000002	17.76819	2.953199150426005	3.1862990999999994	2.21916	1.6480600260993088
EX_thbpt_e_r	9620.5	1.0	9620.5	7.299763662285802e-30	0.003915299999999999	0.00434	0.001586374084941423	0.0005962	0.00051	0.0005158689442840766
EX_CE2705_e	9620.5	1.0	9620.5	7.299763662285802e-30	0.003915299999999999	0.00434	0.001586374084941423	0.0005962	0.00051	0.0005158689442840766
EX_crtn_e	9068.0	1.0	9068.0	1.4137625277174672e-23	0.023481700000000005	0.020915	0.013167000153429179	0.0062353999999999994	0.00604	0.0057023109651644175
EX_his__L_e_r	8260.0	0.9999999999999992	8260.0	8.312249110701135e-16	0.11548489999999999	0.123525	0.024901795663418054	0.0692143	0.09187000000000001	0.04609372634747553
EX_lys__L_e_r	6091.5	0.9961869971378055	6091.5	0.0038408251400900203	0.025556300000000004	0.0274	0.007556255105687091	0.0224541	0.02128	0.008688996419482389
EX_carn_e_r	9798.0	1.0	9798.0	4.9069747045720684e-32	21.120210900000004	21.724925	3.5556430552775717	7.8880963	7.76172	0.571885558311594
EX_csn_e_r	4940.0	0.4422047803845153	4940.0	0.5587595714461252	28.2598012	28.33961	9.037078572261661	27.9241359	31.60911	8.838215344649516
EX_cys__L_e	10000.0	1.0	10000.0	2.8193857487981478e-39	0.0342903	0.0349	0.005421902728933839	0.0	0.0	0.0
EX_cyan_e_r	9944.0	1.0	9944.0	6.824653103840992e-34	0.12226330000000002	0.12267	0.026538078799599216	0.0192478	0.025165	0.013506862122789303
EX_tcyntc	400.0	8.956919582555229e-35	400.0	1.0	0.0	0.0	0.0	0.004862300000000001	0.00359	0.004612889901398498
EX_tcynt_e	9989.0	1.0	9989.0	1.7789806562088603e-34	0.12226330000000002	0.12267	0.026538078799599216	0.014386600000000001	0.014465	0.01138242577863175
EX_so3_e	0.0	1.2804946538696245e-34	0.0	1.0	0.0380373	0.041295	0.00841210597768466	0.31011639999999996	0.282285	0.06699149208034938
EX_thr__L_e_r	4856.0	0.36293302767933017	4856.0	0.6379832439470472	0.011705300000000004	0.012074999999999999	0.0033597908950685988	0.011045899999999997	0.012074999999999999	0.008533332042495168
EX_trp__L_e_r	9776.0	1.0	9776.0	9.154968295749684e-32	0.0291468	0.028795	0.005951734978350872	0.013520200000000003	0.01372	0.0005978496483399501
EX_anth_e	9900.0	1.0	9900.0	2.470817313586571e-33	0.028603800000000002	0.028225	0.005901715515017817	0.0095315	0.009685	0.00045169797498556557
EX_tyr__L_e_r	0.0	2.772310633931405e-39	0.0	1.0	0.0	0.0	0.0	0.0031723999999999997	0.002725	0.0027693069256557405
EX_cystinex_r	0.0	1.280711066965257e-34	0.0	1.0	0.07986750000000001	0.082405	0.011802103936300186	0.17567710000000003	0.171005	0.01917615608541298
EX_3hydroxybutanoatex_r	5472.0	0.8758526366353165	5472.0	0.12464864892835237	13.0341643	12.4619	4.61064943792136	12.348257500000003	11.327760000000001	3.618666896763512
EX_gthrd_e_r	3288.0	1.4456694622471072e-05	3288.0	0.9999856979106942	1.0287032	1.04265	0.6431413779096752	1.9878234999999997	1.253935	1.407421872938246
EX_cmp_e_r	5995.0	0.9925281983622715	5995.0	0.00752241321409631	0.0010519000000000001	0.00112	0.0004475199786748423	0.0008330999999999999	0.00091	0.000674400137495942
HEX1	8135.0	0.9999999999999908	8135.0	9.383739778194673e-15	24.0170885	21.395165	11.732994974839407	10.769055099999997	9.95368	7.9863413315652645
G6PP	8059.0	0.9999999999999616	8059.0	3.915800454677371e-14	20.713600800000005	18.4428	11.491040726495541	8.778426500000002	7.292065	6.897890743801102
PGI	9994.0	1.0	9994.0	1.532594873012708e-34	2.240428	2.313255	0.4424460453164449	0.162872	0.12763	0.15268790083901954
PFK	1923.0	2.8005307194069957e-14	1923.0	0.9999999999999725	0.5688751999999999	0.540985	0.20251328607109492	3.1101695	2.153205	2.9021694847518815
FBP	1683.0	2.6700279534439674e-16	1683.0	0.9999999999999998	0.2116799	0.20766	0.09380919473677203	2.2601722	0.9501200000000001	2.65686765891853
FBA	3400.0	4.649305782465058e-05	3400.0	0.9999539748028262	0.3571952000000001	0.342615	0.13387950869888396	0.8499976000000001	0.96004	0.6093982517273275
TPI	9584.0	1.0	9584.0	2.0554665774258658e-29	2.939767	3.0493699999999997	0.5462953937507924	1.3118978000000001	1.773045	0.8676043183801466
GAPD	9399.0	1.0	9399.0	3.052872708465656e-27	6.2292037	6.49258	1.1547623563065852	3.1983091999999997	4.35605	2.109599272669058
PGK	5276.5	0.7507395914646526	5276.5	0.25003628018503904	3.739223	3.629345	0.9558121895645619	2.93562	4.06277	1.9114634730906044
DPGM	9934.0	1.0	9934.0	9.178173761152748e-34	2.4899806	2.38083	1.055303741156368	0.26268939999999996	0.20167	0.2518810629370597
DPGase	9934.0	1.0	9934.0	9.178173761152748e-34	2.4899806	2.38083	1.055303741156368	0.26268939999999996	0.20167	0.2518810629370597
PGM_f	9710.0	1.0	9710.0	6.071963627914469e-31	7.978325799999998	8.295695	1.1475126844519592	3.3687020999999997	3.352005	0.15526183562812904
ENO_f	5852.0	0.9813738880805623	5852.0	0.018737757112863723	8.6843294	9.038145	1.2587601064032667	9.168074500000003	7.95655	2.195816174400843
PYK	0.0	1.2810718345817004e-34	0.0	1.0	5.3089599	5.449434999999999	1.1107323968595333	24.245114500000003	21.026764999999997	12.49139579854444
LDH_L	9194.0	1.0	9194.0	6.144527297488659e-25	5.597373200000001	5.828225	1.0369571144740477	3.2482482999999998	4.352365	1.9448589993341472
r0407	9908.0	1.0	9908.0	1.982014930074301e-33	2.5825714000000004	2.7381200000000003	0.5132636642176232	0.46190029999999993	0.49326499999999995	0.33218425076069524
PRPPS	0.0	1.279629357417836e-34	0.0	1.0	0.007580099999999999	0.00792	0.0018838797785957627	0.09828350000000001	0.08651500000000001	0.046746139912480174
G6PDH2r	3298.0	1.609266057511011e-05	3298.0	0.9999840785314572	1.0565886	1.099965	0.2593930295786296	1.8218216999999999	2.459785	1.0861518371031442
PGL	3298.0	1.609266057511011e-05	3298.0	0.9999840785314572	1.0565886	1.099965	0.2593930295786296	1.8218216999999999	2.459785	1.0861518371031442
GND	3298.0	1.609266057511011e-05	3298.0	0.9999840785314572	1.0565886	1.099965	0.2593930295786296	1.8218216999999999	2.459785	1.0861518371031442
RPI	3094.0	1.6130047123703268e-06	3094.0	0.9999984060186687	0.35725	0.37179	0.0872631089628291	0.6727962000000001	0.868865	0.33269298735305347
TKT2_f	3439.0	6.867052352111775e-05	3439.0	0.999932005459074	0.7021966	0.7315	0.12820692472686174	0.7104805000000001	0.8893	0.3142926858720654
RPE_f	3393.0	4.3309828367418965e-05	3393.0	0.9999571277050927	1.1490118	1.189525	0.22377853779696003	1.2786959	1.68619	0.6986427746899374
TKT1_f	3395.0	4.419785268927858e-05	3395.0	0.9999562481543344	0.7041365	0.7312799999999999	0.1296939198233341	0.7188734999999998	0.90513	0.32012445352423785
TALA_f	0.0	1.2809275156652627e-34	0.0	1.0	1.1488406	1.16562	0.18283146429154337	3.2396996	2.839985	0.8711626436775354
r0408	9908.0	1.0	9908.0	1.982014930074301e-33	2.5825714000000004	2.7381200000000003	0.5132636642176232	0.46190029999999993	0.49326499999999995	0.33218425076069524
PDHm	9834.0	1.0	9834.0	1.7303312619368275e-32	25.650889300000003	25.339635	4.868186607491553	9.0096672	6.81985	3.5543846795114367
PCm	6727.0	0.999987836487312	6727.0	1.2296053488566719e-05	100.82764499999999	100.926615	17.35876336577362	84.04784880000001	75.993115	26.33445209435862
PEPCK_re	0.0	2.8200076051853168e-39	0.0	1.0	0.0	0.0	0.0	22.1732721	18.158465	11.559686820589986
CSm	7668.0	0.9999999999648892	7668.0	3.568731745584104e-11	58.1492188	56.849835	10.674901804463966	39.6823093	31.28763	16.471907605620654
ACONTm_f	434.0	3.3735485676496643e-29	434.0	1.0	8.882848899999999	9.863579999999999	5.008495244762227	17.818753400000002	18.655075	2.2177818592505094
ICDHxm	7401.0	0.9999999977919014	7401.0	2.2408635518805955e-09	18.1185288	17.347375	8.842454698966419	9.861258	10.78694	8.364283207986084
ICDHym_f	0.0	1.2810718345817004e-34	0.0	1.0	3.266026	2.27545	2.8612039159455627	48.16199149999999	38.791365	23.81883030347142
AKGDm	134.0	6.806775373894657e-33	134.0	1.0	11.897330800000004	10.885375	4.587168649049387	24.709316699999995	25.021475	3.2064110124218184
SUCOAS1m_f	8094.0	0.99999999999998	8094.0	2.0367852919793657e-14	100.22866670000002	100.58404	22.93482728338597	64.33853659999998	52.71946	26.967978721014063
SUCD1m	9557.0	1.0	9557.0	4.3187953898770813e-29	45.5822629	46.40212	7.0909353509334565	31.224213000000006	29.216865	6.094401809241151
FUMm_f	5598.0	0.9281798373309312	5598.0	0.07215536300309161	241.54898330000003	239.53951	53.78002608094632	264.1857758	213.59353499999997	118.11330995038789
MDHm_f	2366.0	6.18731229622019e-11	2366.0	0.9999999999391144	239.7091117	239.279925	52.48520022850298	405.92363890000007	314.55420000000004	194.52418340153744
ME1m	10000.0	1.0	10000.0	1.2810718345817004e-34	74.67658180000001	74.66268500000001	17.32890766568514	5.526801000000001	2.6275500000000003	5.418832659070316
ME2m	4321.0	0.048674947249545	4321.0	0.9515712077346313	3.527289099999999	2.7343200000000003	2.521066494768561	3.2825542000000003	3.19941	0.3774181529927309
ME2	3123.0	2.2697230916896314e-06	3123.0	0.9999977566715227	31.693698700000006	32.778975	7.959658716663351	59.63342299999999	41.02245	37.15349326318988
ACITL	7059.0	0.9999997575071431	7059.0	2.4560339851002254e-07	23.4753248	23.542805	6.988782372592927	16.4263098	9.822215	10.99318278188695
FUM_f	6373.0	0.9996045994879706	6373.0	0.00039890819085057423	167.90138069999998	169.85502000000002	29.23748055561018	174.56145329999998	111.41796	104.10390563142938
MDH_f	6451.0	0.9998048661219301	6451.0	0.00019695131364560236	287.6968537	299.92933	57.77978126001685	194.80558360000003	123.80492000000001	145.35038189150174
AKGMALtm_f	118.0	4.2595001844848026e-33	118.0	1.0	91.116062	89.83373	20.09661862910728	330.0075664	239.649695	199.6603668891053
ACONT	10000.0	1.0	10000.0	1.2810718345817004e-34	74.9530263	75.39671	12.036943177445755	11.955967200000002	11.529125	1.8509127616024446
ICDHyr	10000.0	1.0	10000.0	1.2810718345817004e-34	74.9530263	75.39671	12.036943177445755	11.955967200000002	11.529125	1.8509127616024446
PPA	3602.0	0.0003193365365912841	3602.0	0.999683515871473	16.5379505	16.677125	4.786442640389429	19.038511	18.649675000000002	3.4558033781386555
Complex1ROS	7338.0	0.999999994478066	7338.0	5.601817935750403e-09	72.2179172	71.052155	14.320258066101658	59.840149000000004	55.27849500000001	15.280276325286268
FADH2ETC	9134.0	1.0	9134.0	2.7692172497674786e-24	58.4943305	58.823890000000006	10.303194557436575	40.1191567	37.122905	9.003867032149037
CYOR_u10mi	8120.0	0.9999999999999878	8120.0	1.2474085866688257e-14	127.10165770000002	127.642725	19.309121044711876	96.96740839999998	86.65217	23.07172291846838
CYOOm2i	8120.0	0.9999999999999878	8120.0	1.2474085866688257e-14	63.5508293	63.821365	9.654560809344556	48.4837039	43.326085	11.535861244395202
ATPS4mi	7383.0	0.9999999971240793	7383.0	2.918289497185091e-09	213.46475320000002	212.228905	33.31826982225705	174.690464	156.430925	40.90460878222078
GLUCYS	6758.0	0.9999913336972952	6758.0	8.762290538384523e-06	0.0300146	0.029670000000000002	0.01563940183438528	0.0193816	0.019745	0.017297550169275006
GTHS	6758.0	0.9999913336972952	6758.0	8.762290538384523e-06	0.0300146	0.029670000000000002	0.01563940183438528	0.0193816	0.019745	0.017297550169275006
SPODMm	7338.0	0.999999994478066	7338.0	5.601817935750403e-09	1.8054476	1.776305	0.3580062424971234	1.4960036999999997	1.3819599999999999	0.38200714832714894
GTHPi	9912.5	1.0	9912.5	1.7314636993474326e-33	0.031698	0.03124	0.011687506409008126	0.0050258	0.00696	0.0034415001955483884
GTHPm	4522.0	0.12166209651387566	4522.0	0.8788307318707138	1.0054575	0.938245	0.5026543759054717	1.1144560000000001	0.765565	0.6354365154916752
GDR	3217.5	6.679857451997219e-06	3217.5	0.9999933942433058	0.053264699999999984	0.049975	0.02336258229357882	0.0984797	0.05539	0.06587268556806755
GTHOr	8679.5	1.0	8679.5	1.1847495761256e-19	0.018520500000000002	0.018965000000000003	0.008485961595006142	0.0070472	0.0077	0.005735213764916957
GDRm	7776.0	0.9999999999942932	7776.0	5.804198188207527e-12	0.17935949999999998	0.19555499999999998	0.15115634210423765	0.0369952	0.048435000000000006	0.028167534484748482
GTHOm	8435.0	1.0	8435.0	2.391911213749821e-17	0.2967392	0.29286	0.2114479947127435	0.0738572	0.038375	0.09489814647400664
r0885	3286.0	1.414905660182497e-05	3286.0	0.9999860024185814	1.0587179	1.06061	0.6524891944804353	2.0072054999999995	1.29497	1.3961143521276898
PYRt2m_f	6283.0	0.9991439156798767	6283.0	0.0008632442944695643	196.16048489999997	202.00503	36.58689381159127	196.74084349999998	140.31366500000001	96.82132878749913
HMR_4964	9966.0	1.0	9966.0	3.545946137531362e-34	98.42835130000002	98.523	17.143846132080274	28.3822768	21.32871	12.668933587474845
r2420	9786.0	1.0	9786.0	6.93373342679915e-32	87.7148618	88.20184499999999	21.894163950415958	26.028167000000003	22.33652	19.813593928959374
ATPtm	8111.0	0.9999999999999855	8111.0	1.4788112590926842e-14	112.63373600000001	116.51597000000001	20.805336038751932	90.6358127	85.07464999999999	16.136288123761116
FUMtm_f	0.0	1.2810718345817004e-34	0.0	1.0	15.457981100000001	16.413919999999997	4.631698561502031	159.5384174	123.23857000000001	92.24856229227044
CO2tm_f	6336.0	0.9994538171181887	6336.0	0.0005509139799985503	211.78477180000002	210.50596000000002	44.64142124593263	199.43102489999998	137.52834000000001	104.66478244985977
O2tm	8093.0	0.9999999999999797	8093.0	2.075394527007309e-14	65.3562769	65.5496	9.964081307620392	49.97970759999999	44.67423	11.913521298623417
r0801_f	5631.0	0.9385846220151557	5631.0	0.06171235737817952	125.3863315	123.789	30.22664811749068	139.8007872	103.77638999999999	68.09765142929804
THD1m	10000.0	1.0	10000.0	1.2810718345817004e-34	140.62094729999998	128.10798	50.24095946224476	4.8837127	5.8069500000000005	3.430688486896906
H2Otm_f	5019.0	0.5190008477249247	5019.0	0.48197287330867417	1.4122267000000002	1.0019550000000002	1.2023931575660798	1.6284942	1.84069	1.4571914924009186
NH4tm_f	6213.0	0.9984868431847456	6213.0	0.0015252187955010399	138.0198346	142.539035	30.82446931228905	116.11107369999999	91.173415	53.33266538225817
HCO3E	7060.0	0.9999997605796732	7060.0	2.424928568700901e-07	20.5367778	20.599235	6.115111798246182	14.368511000000002	8.58604	9.622034224663565
HCO3Em	6727.0	0.999987836487312	6727.0	1.2296053488566719e-05	100.83097289999999	100.93142499999999	17.358840040334602	84.0545727	76.00051	26.329207448331335
GLUN	6793.0	0.9999941261405577	6793.0	5.940106982438761e-06	7.2536743	5.422505	5.1188513260027095	4.119099899999999	3.809455	3.2327805087922776
GLNS	3086.0	1.4667299652392712e-06	3086.0	0.9999985506349661	8.426113099999998	6.66126	5.3127720364693145	11.3722527	11.257494999999999	3.0135090617689113
GLUt2m	7821.5	0.9999999999973136	7821.5	2.733000567579844e-12	0.8524231	0.834015	0.5385726174435439	0.326558	0.18993	0.33739358478570014
GLNtm_1	3834.0	0.00220133826161812	3834.0	0.9978155029399883	1.4018883000000002	1.3309250000000001	0.7898633844105158	3.5756761999999997	1.772825	3.380754367293982
GLUNm	3834.0	0.00220133826161812	3834.0	0.9978155029399883	1.4018883000000002	1.3309250000000001	0.7898633844105158	3.5756761999999997	1.772825	3.380754367293982
GLUPRT	5361.0	0.8114736314169814	5361.0	0.18918700158958662	0.0026529	0.002935	0.0011029513162694926	0.002433	0.002585	0.001976197501682604
PRAGSr	5361.0	0.8114736314169814	5361.0	0.18918700158958662	0.0026529	0.002935	0.0011029513162694926	0.002433	0.002585	0.001976197501682604
GARFT	5361.0	0.8114736314169814	5361.0	0.18918700158958662	0.0026529	0.002935	0.0011029513162694926	0.002433	0.002585	0.001976197501682604
PRFGS	5361.0	0.8114736314169814	5361.0	0.18918700158958662	0.0026529	0.002935	0.0011029513162694926	0.002433	0.002585	0.001976197501682604
PRAIS	5361.0	0.8114736314169814	5361.0	0.18918700158958662	0.0026529	0.002935	0.0011029513162694926	0.002433	0.002585	0.001976197501682604
AIRCr	5361.0	0.8114736314169814	5361.0	0.18918700158958662	0.0026529	0.002935	0.0011029513162694926	0.002433	0.002585	0.001976197501682604
PRASCSi	5361.0	0.8114736314169814	5361.0	0.18918700158958662	0.0026529	0.002935	0.0011029513162694926	0.002433	0.002585	0.001976197501682604
ADSL2r	5361.0	0.8114736314169814	5361.0	0.18918700158958662	0.0026529	0.002935	0.0011029513162694926	0.002433	0.002585	0.001976197501682604
AICART	5361.0	0.8114736314169814	5361.0	0.18918700158958662	0.0026529	0.002935	0.0011029513162694926	0.002433	0.002585	0.001976197501682604
IMPC	5361.0	0.8114736314169814	5361.0	0.18918700158958662	0.0026529	0.002935	0.0011029513162694926	0.002433	0.002585	0.001976197501682604
ADSS	5360.0	0.8108312414117226	5360.0	0.18983082659640194	0.0015709	0.00174	0.0006528834180585057	0.0014411	0.0015300000000000001	0.001170232554804058
ADSL1r	5360.0	0.8108312414117226	5360.0	0.18983082659640194	0.0015709	0.00174	0.0006528834180585057	0.0014411	0.0015300000000000001	0.001170232554804058
IMPDH2	5363.5	0.8131621789796792	5363.5	0.1874949164299064	0.0010825	0.0012	0.000449229137725747	0.0009924	0.001055	0.0008066142231888209
GMPS	3618.0	0.0003645314099223284	3618.0	0.9996386973425622	0.0003927	0.00038	0.00017009714989981578	0.0007775999999999999	0.00066	0.0006829631221834941
GMPS2	8206.5	0.9999999999999978	8206.5	2.2758399863109392e-15	0.0006898000000000002	0.0009	0.0004005198137572238	0.0002143	0.00021	0.0001866734576686782
GK1	5363.5	0.8131621789796792	5363.5	0.1874949164299064	0.0010825	0.0012	0.000449229137725747	0.0009924	0.001055	0.0008066142231888209
RNDR2	5359.0	0.810535982957475	5359.0	0.1901277420192678	0.0002328	0.00026	9.653679886630556e-05	0.00021419999999999998	0.00023	0.0001726512219604728
ADK1	3603.0	0.00032221284264823076	3603.0	0.9996806634634087	16.5366432	16.676054999999998	4.786179623952399	19.0373122	18.64922	3.4560869321980694
RNDR1	5361.0	0.8117561132132236	5361.0	0.18890469263064025	0.0003101	0.00034	0.00012957190585878865	0.0002845	0.00030000000000000003	0.0002306485147876252
CBPS	8156.0	0.9999999999999944	8156.0	5.617576927848822e-15	0.0003061	0.00027	0.00021393803974161503	0.0001091	8e-05	0.0001516714617956599
ASPCT	8156.0	0.9999999999999944	8156.0	5.617576927848822e-15	0.0003061	0.00027	0.00021393803974161503	0.0001091	8e-05	0.0001516714617956599
DHORTS	8156.0	0.9999999999999944	8156.0	5.617576927848822e-15	0.0003061	0.00027	0.00021393803974161503	0.0001091	8e-05	0.0001516714617956599
DHORD9	8156.0	0.9999999999999944	8156.0	5.617576927848822e-15	0.0003061	0.00027	0.00021393803974161503	0.0001091	8e-05	0.0001516714617956599
ORPT	8156.0	0.9999999999999944	8156.0	5.617576927848822e-15	0.0003061	0.00027	0.00021393803974161503	0.0001091	8e-05	0.0001516714617956599
OMPDC	8156.0	0.9999999999999944	8156.0	5.617576927848822e-15	0.0003061	0.00027	0.00021393803974161503	0.0001091	8e-05	0.0001516714617956599
UMPK	4789.0	0.3034952446774313	4789.0	0.6973582694698576	0.00155	0.00174	0.0006454033270331465	0.0016474	0.001655	0.0013528918670907902
RNDR4	4165.5	0.020621956581317755	4165.5	0.9794993513947592	0.0002061	0.00023	8.767357963295765e-05	0.00028220000000000003	0.00030000000000000003	0.00022933624029165364
TMDS	4165.5	0.020621956581317755	4165.5	0.9794993513947592	0.0002061	0.00023	8.767357963295765e-05	0.00028220000000000003	0.00030000000000000003	0.00022933624029165364
URIDK2r	4165.5	0.020621956581317755	4165.5	0.9794993513947592	0.0002061	0.00023	8.767357963295765e-05	0.00028220000000000003	0.00030000000000000003	0.00022933624029165364
NDPK2	4966.5	0.46786351428241524	4966.5	0.5331081127781244	0.0013445000000000002	0.001505	0.000558378559905031	0.0013647000000000002	0.001355	0.0011240775836842464
NDPK3_f	32.5	3.3122108291773644e-34	32.5	1.0	0.000838	0.00089	0.00019865202305193437	0.0021804	0.00173	0.0009567367939664978
CYTK1_r	5995.0	0.9925281983622715	5995.0	0.00752241321409631	0.0010519000000000001	0.00112	0.0004475199786748423	0.0008330999999999999	0.00091	0.000674400137495942
CTPS1	4004.5	0.007420558254669518	4004.5	0.992629524883176	8.74e-05	7e-05	7.378127653867726e-05	0.00021260000000000002	0.00013	0.00021162010941087498
RNDR3	5336.5	0.7952555577496122	5336.5	0.20544001330617845	0.000222	0.00025	9.265990819042822e-05	0.00020500000000000005	0.00022	0.0001644611648611147
GDHm	9796.0	1.0	9796.0	5.198345245544617e-32	87.7170081	84.69762499999999	40.89077227612949	13.5540446	9.765675	10.9037498291041
GLUDym_f	9796.0	1.0	9796.0	5.198345245544617e-32	166.1372212	165.87381	45.19754303065479	54.8763394	40.584805	31.345143918861258
ASPTA_f	6544.0	0.999919614722008	6544.0	8.117662329682005e-05	175.42921459999997	181.35162000000003	41.68731171950756	136.19236459999996	96.791275	65.89788777224346
ASPTAm	2322.0	3.0315501417053316e-11	2322.0	0.999999999970176	18.910093799999995	19.911925	10.065157332337865	28.448550000000004	33.78097	8.617415387482971
ASPGLUm	2348.0	4.6274788256562556e-11	2348.0	0.9999999999544685	18.878297699999997	19.878255	10.062381695344584	28.296328799999998	33.62945	8.66664926048675
ASPT	9344.0	1.0	9344.0	1.297889828178894e-26	2.4088453000000003	2.1500500000000002	1.3869035450199116	0.47972729999999997	0.624355	0.3386284068637193
CBPSam	nan	nan	nan	nan	0.0	0.0	0.0	0.0	0.0	0.0
OCBTm	nan	nan	nan	nan	0.0	0.0	0.0	0.0	0.0	0.0
ORNt4m	nan	nan	nan	nan	0.0	0.0	0.0	0.0	0.0	0.0
ARGSS	9136.0	1.0	9136.0	2.634475705152745e-24	2.427262	2.49017	1.4825941351086567	0.18358210000000003	0.07521	0.2243233756909967
ARGSL	9136.0	1.0	9136.0	2.634475705152745e-24	2.427262	2.49017	1.4825941351086567	0.18358210000000003	0.07521	0.2243233756909967
ARGN	0.0	2.817728119846003e-39	0.0	1.0	0.0	0.0	0.0	0.04488099999999998	0.03344	0.02427784572257788
ORNDC	9319.0	1.0	9319.0	2.4913770652804974e-26	0.0923366	0.09508	0.014738423035581438	0.06613269999999999	0.061130000000000004	0.011783695622993388
SPMS	0.0	1.277972463277985e-34	0.0	1.0	0.0023105	0.0024	0.0005028451877350352	0.049282599999999996	0.042179999999999995	0.023380017826677497
SPRMS	0.0	1.2776845210416705e-34	0.0	1.0	0.0023105	0.0024	0.0005028451877350352	0.04645729999999999	0.039944999999999994	0.02516682355379556
ADMDC	0.0	1.2793410517776738e-34	0.0	1.0	0.004621899999999999	0.0048	0.0010054414528710834	0.09574050000000002	0.082675	0.048530578663395725
MTAP	0.0	1.2793410517776738e-34	0.0	1.0	0.004621899999999999	0.0048	0.0010054414528710834	0.09574050000000002	0.082675	0.048530578663395725
ADPT	0.0	1.2793410517776738e-34	0.0	1.0	0.004621899999999999	0.0048	0.0010054414528710834	0.09574050000000002	0.082675	0.048530578663395725
MTRI	0.0	1.2793410517776738e-34	0.0	1.0	0.004621899999999999	0.0048	0.0010054414528710834	0.09574050000000002	0.082675	0.048530578663395725
MDRPD	0.0	1.2793410517776738e-34	0.0	1.0	0.004621899999999999	0.0048	0.0010054414528710834	0.09574050000000002	0.082675	0.048530578663395725
DKMPPD	0.0	1.2793410517776738e-34	0.0	1.0	0.004621899999999999	0.0048	0.0010054414528710834	0.09574050000000002	0.082675	0.048530578663395725
SPMDtex2	400.0	8.90172057871756e-35	400.0	1.0	0.0	0.0	0.0	0.0028253	0.00396	0.002186695516716555
SPRMti	0.0	1.2776845210416705e-34	0.0	1.0	0.0023105	0.0024	0.0005028451877350352	0.04645729999999999	0.039944999999999994	0.02516682355379556
GLYAMDTRc	9914.0	1.0	9914.0	1.6597771393530775e-33	0.0923366	0.09508	0.014738423035581438	0.021250999999999992	0.02364	0.014605277066246234
ARGDr	9136.0	1.0	9136.0	2.634475705152745e-24	2.427262	2.49017	1.4825941351086567	0.18358210000000003	0.07521	0.2243233756909967
r0074_f	6483.0	0.9998554294964029	6483.0	0.0001459434002251062	0.012616100000000002	0.0119	0.004479048170666567	0.008895499999999999	0.009445	0.007225414653789215
GLU5SAtmc_f	9942.0	1.0	9942.0	7.2276900771616105e-34	0.0935397	0.09149	0.028674893831934705	0.008895499999999999	0.009445	0.007225414653789215
G5SADs_f	6046.0	0.9947219085288768	6046.0	0.005315282821545353	0.0116391	0.010624999999999999	0.0044023348017921925	0.008895499999999999	0.009445	0.007225414653789215
PRO1x	3023.0	6.841906763684124e-07	3023.0	0.9999993241554688	0.0018108	0.001395	0.0014330081942712277	0.007334099999999999	0.007725	0.00592568967899241
P5CR	7575.5	0.999999999848998	7575.5	1.5340132501653494e-10	0.0034917000000000004	0.003	0.002229033425074871	0.0015605	0.001395	0.001340061339618226
PROD2	nan	nan	nan	nan	0.0	0.0	0.0	0.0	0.0	0.0
EXRiboflavin	nan	nan	nan	nan	0.0	0.0	0.0	0.0	0.0	0.0
RBFK	nan	nan	nan	nan	0.0	0.0	0.0	0.0	0.0	0.0
FMNAT	nan	nan	nan	nan	0.0	0.0	0.0	0.0	0.0	0.0
TransportFAD	nan	nan	nan	nan	0.0	0.0	0.0	0.0	0.0	0.0
ASNS1	3269.0	1.177391428247311e-05	3269.0	0.9999883532646056	0.5020770999999999	0.5274749999999999	0.25266656525261816	3.9272099000000007	3.717625	3.4874859216136667
ASNN	3320.0	2.0332225824524778e-05	3320.0	0.9999798815413182	0.5308096	0.552475	0.2503543338159826	3.9211840999999996	3.71127	3.4835981474082875
METS	3975.0	0.006152895959283452	3975.0	0.9938894558012522	4.3810729	3.468605	3.2914852168843582	7.229677599999999	5.28242	6.113583105596306
METAT	3941.0	0.0048502407125369535	3941.0	0.9951840371469174	4.3880093	3.476565	3.2919372153340842	7.3267056	5.350965	6.160127542436724
HMR_3915	3967.0	0.005821245904121815	3967.0	0.994219074745977	4.3599065999999995	3.4467	3.2838711889347296	7.224729999999998	5.27703	6.1171442099028095
AHCi	3976.0	0.006195507554575446	3976.0	0.9938471040407165	4.3833879	3.4711049999999997	3.2917656766290215	7.2309659	5.2841450000000005	6.112804498286438
ADNK1	3976.0	0.006195507554575446	3976.0	0.9938471040407165	4.3833879	3.4711049999999997	3.2917656766290215	7.2309659	5.2841450000000005	6.112804498286438
CYSTS	7969.5	0.9999999999998055	7969.5	1.9807717086720733e-13	0.0023157	0.00221	0.0007684698886078554	0.0012885	0.00178	0.0008317844697037834
CYSTGL	7969.5	0.9999999999998055	7969.5	1.9807717086720733e-13	0.0023157	0.00221	0.0007684698886078554	0.0012885	0.00178	0.0008317844697037834
MTHFR3	8927.5	1.0	8927.5	4.1829482970188478e-22	0.021265999999999997	0.01869	0.012574163425794411	0.0057449	0.00477	0.004943833725874172
MetSynthesis	908.0	7.836814437989214e-24	908.0	1.0	0.0039314	0.003985	0.001030096612120936	0.035910899999999996	0.037755	0.026145223605156573
UNK3	334.5	2.1147684540441694e-30	334.5	1.0	0.0006897999999999997	0.0007650000000000001	0.00034808851771010225	0.05982889999999999	0.017305	0.06840977089073777
5MTHFt	0.0	1.0852754093674341e-34	0.0	1.0	0.00010040000000000001	0.0001	2.8494904736805065e-05	0.0007977999999999999	0.000645	0.00030338354562760284
ILETA	nan	nan	nan	nan	0.0	0.0	0.0	0.0	0.0	0.0
3MOPt2im	nan	nan	nan	nan	0.0	0.0	0.0	0.0	0.0	0.0
ILETAm	nan	nan	nan	nan	0.0	0.0	0.0	0.0	0.0	0.0
LEUTA	8860.5	1.0	8860.5	1.6638696635582958e-21	0.0009511999999999999	0.001075	0.0006630832176547326	0.0001508	5e-05	0.00019277704712695933
4MOPt2im	8860.5	1.0	8860.5	1.6638696635582958e-21	0.0009511999999999999	0.001075	0.0006630832176547326	0.0001508	5e-05	0.00019277704712695933
LEUTAm	3493.0	0.00011281377826934986	3493.0	0.9998882666977704	0.00012630000000000003	9e-05	8.956296808684522e-05	0.0005084	0.00038	0.00042890916370144237
OIVD1m	6850.5	0.9999969757229104	6850.5	3.059424162005791e-06	0.0010772	0.00114	0.0007253547790947237	0.0006599999999999999	0.00084	0.0005365301915686072
ACOAD8m	6850.5	0.9999969757229104	6850.5	3.059424162005791e-06	0.0010772	0.00114	0.0007253547790947237	0.0006599999999999999	0.00084	0.0005365301915686072
MCCCrm	6850.5	0.9999969757229104	6850.5	3.059424162005791e-06	0.0010772	0.00114	0.0007253547790947237	0.0006599999999999999	0.00084	0.0005365301915686072
MGCHrm	6850.5	0.9999969757229104	6850.5	3.059424162005791e-06	0.0010772	0.00114	0.0007253547790947237	0.0006599999999999999	0.00084	0.0005365301915686072
HMGCOAtm	6844.0	0.999996742017273	6844.0	3.2957247186557654e-06	0.0010801	0.001145	0.0007268758317260759	0.0006629	0.00084	0.0005385582980551321
VALTA	2332.0	3.567046215069508e-11	2332.0	0.9999999999649059	0.011977399999999997	0.01183	0.00599781014246454	0.0208482	0.020139999999999998	0.008958961021561518
3MOBt2im	2332.0	3.567046215069508e-11	2332.0	0.9999999999649059	0.011977399999999997	0.01183	0.00599781014246454	0.0208482	0.020139999999999998	0.008958961021561518
VALTAim	0.0	1.2786925952611673e-34	0.0	1.0	0.002617800000000001	0.0027	0.00055999924242373	0.1207855	0.11996000000000001	0.01406656989590439
OIVD2m	0.0	1.2804946538696245e-34	0.0	1.0	0.014595400000000003	0.014435	0.005796992152849788	0.14163340000000002	0.14750000000000002	0.012289345489718183
ACOAD9m	0.0	1.2804946538696245e-34	0.0	1.0	0.014595400000000003	0.014435	0.005796992152849788	0.14163340000000002	0.14750000000000002	0.012289345489718183
ECOAH12m	0.0	1.2804946538696245e-34	0.0	1.0	0.014595400000000003	0.014435	0.005796992152849788	0.14163340000000002	0.14750000000000002	0.012289345489718183
3HBCOAHLm	0.0	1.2804946538696245e-34	0.0	1.0	0.014595400000000003	0.014435	0.005796992152849788	0.14163340000000002	0.14750000000000002	0.012289345489718183
HIBDm	0.0	1.2804946538696245e-34	0.0	1.0	0.014595400000000003	0.014435	0.005796992152849788	0.14163340000000002	0.14750000000000002	0.012289345489718183
r0643	4139.0	0.017752409865384358	4139.0	0.9823542107401051	0.006730400000000001	0.00774	0.004422927162736086	0.010211899999999998	0.00987	0.008501875217392997
MMSAD1m	1838.5	5.6292570880658835e-15	1838.5	0.9999999999999944	0.0011698999999999998	0.0011250000000000001	0.0008755586903240813	0.0054008	0.00377	0.005464624651873044
MMTSADm	0.0	1.280206158450399e-34	0.0	1.0	0.006695399999999999	0.006465	0.0022072655142744042	0.1260209	0.12445	0.02013691514872799
PCC	2719.0	1.2565462573769109e-08	2719.0	0.999999987609635	0.00225	0.002235	0.0012491451622464206	0.0060639000000000005	0.004580000000000001	0.005726374722688559
MMALH	4139.0	0.017752409865384358	4139.0	0.9823542107401051	0.006730400000000001	0.00774	0.004422927162736086	0.010211899999999998	0.00987	0.008501875217392997
MMEm	3568.5	0.00023569067456751428	3568.5	0.9997664586161327	0.0089798	0.00933	0.005078364283701967	0.0162766	0.018635	0.011608825728206915
MMMm	0.0	1.2804225240822274e-34	0.0	1.0	0.0156757	0.015415000000000002	0.005937891891160626	0.14229650000000002	0.14838	0.012042500862370825
ILEtmi	nan	nan	nan	nan	0.0	0.0	0.0	0.0	0.0	0.0
LEUt5m	3493.0	0.00011281377826934986	3493.0	0.9998882666977704	0.00012630000000000003	9e-05	8.956296808684522e-05	0.0005084	0.00038	0.00042890916370144237
VALt5m	0.0	1.2786925952611673e-34	0.0	1.0	0.002617800000000001	0.0027	0.00055999924242373	0.1207855	0.11996000000000001	0.01406656989590439
PGCD	4386.0	0.06693434086894115	4386.0	0.933382006799928	0.9202432	0.907025	0.6223323517754997	1.1264663	1.3613650000000002	0.8384435999061269
PSERT	4386.0	0.06693434086894115	4386.0	0.933382006799928	0.9202432	0.907025	0.6223323517754997	1.1264663	1.3613650000000002	0.8384435999061269
PSP_L	4386.0	0.06693434086894115	4386.0	0.933382006799928	0.9202432	0.907025	0.6223323517754997	1.1264663	1.3613650000000002	0.8384435999061269
GHMT2r_f	7241.0	0.9999999783525604	7241.0	2.1948236126415318e-08	49.52563839999998	47.82996	13.5186226351975	34.8514809	25.783645	18.394707267706554
SERD_L	9917.0	1.0	9917.0	1.5195773720485013e-33	17.7958626	18.534660000000002	3.2109568491029665	4.3165116	4.113049999999999	1.0437968335479308
ALATA_L_f	5515.0	0.8960872769261832	5515.0	0.10435435916421348	1.253637	1.31554	0.7975137439067757	1.0622725999999998	1.1158299999999999	0.827053295882155
r1435	18.0	1.2171464952662609e-34	18.0	1.0	4.0999999999999994e-05	4e-05	1.772403492835122e-05	0.0006103	0.00034	0.0004228820190315522
GLYtm_r	18.0	1.2171464952662609e-34	18.0	1.0	4.0999999999999994e-05	4e-05	1.772403492835122e-05	0.0006103	0.00034	0.0004228820190315522
GHMT2rm	18.0	1.2171464952662609e-34	18.0	1.0	4.0999999999999994e-05	4e-05	1.772403492835122e-05	0.0006103	0.00034	0.0004228820190315522
MLTHFtm_r	0.0	1.0743381853794788e-34	0.0	1.0	8.510000000000001e-05	9e-05	2.622725084465939e-05	0.0006891	0.0005	0.000372851677932893
r0962	0.0	1.0743381853794788e-34	0.0	1.0	8.510000000000001e-05	9e-05	2.622725084465939e-05	0.0006891	0.0005	0.000372851677932893
FORtm_r	4865.0	0.37058147707273303	4865.0	0.6303458767353437	4.4399999999999995e-05	4e-05	2.2711186226130504e-05	7.73e-05	5e-05	8.2423579542789e-05
r0514	0.0	1.0743381853794788e-34	0.0	1.0	8.510000000000001e-05	9e-05	2.622725084465939e-05	0.0006891	0.0005	0.000372851677932893
DHFRim	0.0	1.0743381853794788e-34	0.0	1.0	8.510000000000001e-05	9e-05	2.622725084465939e-05	0.0006891	0.0005	0.000372851677932893
FTHFLmi	4865.0	0.37058147707273303	4865.0	0.6303458767353437	4.4399999999999995e-05	4e-05	2.2711186226130504e-05	7.73e-05	5e-05	8.2423579542789e-05
MTHFCm	4865.0	0.37058147707273303	4865.0	0.6303458767353437	4.4399999999999995e-05	4e-05	2.2711186226130504e-05	7.73e-05	5e-05	8.2423579542789e-05
MTHFDm	4865.0	0.37058147707273303	4865.0	0.6303458767353437	4.4399999999999995e-05	4e-05	2.2711186226130504e-05	7.73e-05	5e-05	8.2423579542789e-05
FOLR2	1849.0	3.953790147623061e-15	1849.0	0.9999999999999961	1.5000000000000005e-05	1e-05	1.3371158468430431e-05	0.00010930000000000003	0.00012	8.413859417831408e-05
DHFR	3382.5	3.862413821096231e-05	3382.5	0.9999617686824807	0.0002211	0.00024	9.273504126697675e-05	0.00039240000000000005	0.000445	0.00029069446628250895
FTHFLi	0.0	1.280711066965257e-34	0.0	1.0	0.0338902	0.03382	0.006795752532637462	0.10933530000000001	0.096525	0.04879401895486451
FTHFDH	1016.0	1.0877585986683043e-22	1016.0	1.0	2.1069752	1.8542450000000001	1.5503015072816506	4.737156199999999	5.228154999999999	1.3184016685624462
MTHFC_f	7154.0	0.9999999296321234	7154.0	7.130968459226284e-08	0.2833274	0.292685	0.06784066815559808	0.18368320000000005	0.124805	0.10693287516791442
MTHFD	6855.0	0.9999971021442173	6855.0	2.931581019751146e-06	41.467457700000004	41.514675	10.291041806766987	23.261204499999998	8.336030000000001	23.406710939649678
MTHFD2i_f	7308.0	0.9999999915252602	7308.0	8.595841912950127e-09	79.881975	79.58112	21.663444836900602	53.38070390000001	38.273035	28.953375799770203
ACACT1r	5098.5	0.5955776917320759	5098.5	0.40536933144240217	0.0016367	0.001765	0.0006496215759341679	0.001652	0.001725	0.0014671445502448391
HMGCOAS	4941.0	0.4431623824869523	4941.0	0.5578024306611373	0.0017984000000000003	0.00193	0.0006819353326964353	0.0019768000000000003	0.00205	0.0017233704819863366
HMGCOAR	5359.5	0.8104848297833247	5359.5	0.19017793991196585	0.0028778	0.0031850000000000003	0.001196473420709648	0.0026398	0.002805	0.002144240102265046
MEVK1	5359.5	0.8104848297833247	5359.5	0.19017793991196585	0.0028778	0.0031850000000000003	0.001196473420709648	0.0026398	0.002805	0.002144240102265046
PMEVK	5359.5	0.8104848297833247	5359.5	0.19017793991196585	0.0028778	0.0031850000000000003	0.001196473420709648	0.0026398	0.002805	0.002144240102265046
IPDDI	5363.5	0.8131503468983046	5363.5	0.18750674165139636	0.0009592	0.00106	0.0003988637396759485	0.0008795	0.0009350000000000001	0.0007149364243826796
DPMVD	5359.5	0.8104848297833247	5359.5	0.19017793991196585	0.0028778	0.0031850000000000003	0.001196473420709648	0.0026398	0.002805	0.002144240102265046
DMATT	5363.5	0.8131503468983046	5363.5	0.18750674165139636	0.0009592	0.00106	0.0003988637396759485	0.0008795	0.0009350000000000001	0.0007149364243826796
GRTT	5363.5	0.8131503468983046	5363.5	0.18750674165139636	0.0009592	0.00106	0.0003988637396759485	0.0008795	0.0009350000000000001	0.0007149364243826796
HMR_1465	5358.5	0.8099033871902868	5358.5	0.19076085742701565	0.00047959999999999995	0.00053	0.00019926592556407903	0.0004402	0.00047	0.00035755900833910536
HMR_1467	5358.5	0.8099033871902868	5358.5	0.19076085742701565	0.00047959999999999995	0.00053	0.00019926592556407903	0.0004402	0.00047	0.00035755900833910536
SMO	5358.5	0.8099033871902868	5358.5	0.19076085742701565	0.00047959999999999995	0.00053	0.00019926592556407903	0.0004402	0.00047	0.00035755900833910536
LNSTLS	5358.5	0.8099033871902868	5358.5	0.19076085742701565	0.00047959999999999995	0.00053	0.00019926592556407903	0.0004402	0.00047	0.00035755900833910536
HMR_1477	5358.5	0.8099033871902868	5358.5	0.19076085742701565	0.00047959999999999995	0.00053	0.00019926592556407903	0.0004402	0.00047	0.00035755900833910536
HMR_1478	5358.5	0.8099033871902868	5358.5	0.19076085742701565	0.00047959999999999995	0.00053	0.00019926592556407903	0.0004402	0.00047	0.00035755900833910536
HMR_1479	5358.5	0.8099033871902868	5358.5	0.19076085742701565	0.00047959999999999995	0.00053	0.00019926592556407903	0.0004402	0.00047	0.00035755900833910536
C14STR	5358.5	0.8099033871902868	5358.5	0.19076085742701565	0.00047959999999999995	0.00053	0.00019926592556407903	0.0004402	0.00047	0.00035755900833910536
HMR_1490	5358.5	0.8099033871902868	5358.5	0.19076085742701565	0.00047959999999999995	0.00053	0.00019926592556407903	0.0004402	0.00047	0.00035755900833910536
HMR_1493	5358.5	0.8099033871902868	5358.5	0.19076085742701565	0.00047959999999999995	0.00053	0.00019926592556407903	0.0004402	0.00047	0.00035755900833910536
HMR_1494	5358.5	0.8099033871902868	5358.5	0.19076085742701565	0.00047959999999999995	0.00053	0.00019926592556407903	0.0004402	0.00047	0.00035755900833910536
C3STDH1	9700.0	1.0	9700.0	7.062447444067517e-36	0.00019950000000000002	0.00021500000000000002	9.113620620153156e-05	0.0	0.0	0.0
HMR_1495	3923.5	0.004267373431702219	3923.5	0.9957632128390052	0.0002806	0.000265	0.00014478699087719423	0.0004399	0.00047	0.00035748135502697086
HMR_1500	5358.5	0.8099033871902868	5358.5	0.19076085742701565	0.00047959999999999995	0.00053	0.00019926592556407903	0.0004402	0.00047	0.00035755900833910536
HMR_1502	5358.5	0.8099033871902868	5358.5	0.19076085742701565	0.00047959999999999995	0.00053	0.00019926592556407903	0.0004402	0.00047	0.00035755900833910536
HMR_1503	5358.5	0.8099033871902868	5358.5	0.19076085742701565	0.00047959999999999995	0.00053	0.00019926592556407903	0.0004402	0.00047	0.00035755900833910536
HMR_1504	5358.5	0.8099033871902868	5358.5	0.19076085742701565	0.00047959999999999995	0.00053	0.00019926592556407903	0.0004402	0.00047	0.00035755900833910536
HMR_1505	5358.5	0.8099033871902868	5358.5	0.19076085742701565	0.00047959999999999995	0.00053	0.00019926592556407903	0.0004402	0.00047	0.00035755900833910536
HMR_1509	5358.5	0.8099033871902868	5358.5	0.19076085742701565	0.00047959999999999995	0.00053	0.00019926592556407903	0.0004402	0.00047	0.00035755900833910536
CHLSTI_1	5358.5	0.8099033871902868	5358.5	0.19076085742701565	0.00047959999999999995	0.00053	0.00019926592556407903	0.0004402	0.00047	0.00035755900833910536
HMR_1516	5358.5	0.8099033871902868	5358.5	0.19076085742701565	0.00047959999999999995	0.00053	0.00019926592556407903	0.0004402	0.00047	0.00035755900833910536
RE2410C	5358.5	0.8099033871902868	5358.5	0.19076085742701565	0.00047959999999999995	0.00053	0.00019926592556407903	0.0004402	0.00047	0.00035755900833910536
DSMSTOLR	5358.5	0.8099033871902868	5358.5	0.19076085742701565	0.00047959999999999995	0.00053	0.00019926592556407903	0.0004402	0.00047	0.00035755900833910536
ACCOAC	7060.0	0.9999997605796732	7060.0	2.424928568700901e-07	20.536470999999995	20.599215	6.1151560480019755	14.368401	8.58587	9.622098716733404
FASN	7060.0	0.9999997605796732	7060.0	2.424928568700901e-07	2.9337815000000003	2.942745	0.8735935069010915	2.0526289	1.22655	1.3745855803972888
MCAT	7060.0	0.9999997605796732	7060.0	2.424928568700901e-07	20.536470999999995	20.599215	6.1151560480019755	14.368401	8.58587	9.622098716733404
AcetoacetylACPsynthesis	7060.0	0.9999997605796732	7060.0	2.424928568700901e-07	2.9337815000000003	2.942745	0.8735935069010915	2.0526289	1.22655	1.3745855803972888
r0691	7060.0	0.9999997605796732	7060.0	2.424928568700901e-07	2.9337815000000003	2.942745	0.8735935069010915	2.0526289	1.22655	1.3745855803972888
r0681	7060.0	0.9999997605796732	7060.0	2.424928568700901e-07	2.9337815000000003	2.942745	0.8735935069010915	2.0526289	1.22655	1.3745855803972888
r0682	7060.0	0.9999997605796732	7060.0	2.424928568700901e-07	2.9337815000000003	2.942745	0.8735935069010915	2.0526289	1.22655	1.3745855803972888
r0760	7060.0	0.9999997605796732	7060.0	2.424928568700901e-07	2.9337815000000003	2.942745	0.8735935069010915	2.0526289	1.22655	1.3745855803972888
r0761	7060.0	0.9999997605796732	7060.0	2.424928568700901e-07	2.9337815000000003	2.942745	0.8735935069010915	2.0526289	1.22655	1.3745855803972888
r0762	7060.0	0.9999997605796732	7060.0	2.424928568700901e-07	2.9337815000000003	2.942745	0.8735935069010915	2.0526289	1.22655	1.3745855803972888
r0763	7060.0	0.9999997605796732	7060.0	2.424928568700901e-07	2.9337815000000003	2.942745	0.8735935069010915	2.0526289	1.22655	1.3745855803972888
r0764	7060.0	0.9999997605796732	7060.0	2.424928568700901e-07	2.9337815000000003	2.942745	0.8735935069010915	2.0526289	1.22655	1.3745855803972888
r0694	7060.0	0.9999997605796732	7060.0	2.424928568700901e-07	2.9337815000000003	2.942745	0.8735935069010915	2.0526289	1.22655	1.3745855803972888
r0695	7060.0	0.9999997605796732	7060.0	2.424928568700901e-07	2.9337815000000003	2.942745	0.8735935069010915	2.0526289	1.22655	1.3745855803972888
r0765	7060.0	0.9999997605796732	7060.0	2.424928568700901e-07	2.9337815000000003	2.942745	0.8735935069010915	2.0526289	1.22655	1.3745855803972888
r0766	7060.0	0.9999997605796732	7060.0	2.424928568700901e-07	2.9337815000000003	2.942745	0.8735935069010915	2.0526289	1.22655	1.3745855803972888
r0692	7060.0	0.9999997605796732	7060.0	2.424928568700901e-07	2.9337815000000003	2.942745	0.8735935069010915	2.0526289	1.22655	1.3745855803972888
r0693	7060.0	0.9999997605796732	7060.0	2.424928568700901e-07	2.9337815000000003	2.942745	0.8735935069010915	2.0526289	1.22655	1.3745855803972888
r0767	7060.0	0.9999997605796732	7060.0	2.424928568700901e-07	2.9337815000000003	2.942745	0.8735935069010915	2.0526289	1.22655	1.3745855803972888
r0768	7060.0	0.9999997605796732	7060.0	2.424928568700901e-07	2.9337815000000003	2.942745	0.8735935069010915	2.0526289	1.22655	1.3745855803972888
r0769	7060.0	0.9999997605796732	7060.0	2.424928568700901e-07	2.9337815000000003	2.942745	0.8735935069010915	2.0526289	1.22655	1.3745855803972888
r0770	7060.0	0.9999997605796732	7060.0	2.424928568700901e-07	2.9337815000000003	2.942745	0.8735935069010915	2.0526289	1.22655	1.3745855803972888
r0712	7060.0	0.9999997605796732	7060.0	2.424928568700901e-07	2.9337815000000003	2.942745	0.8735935069010915	2.0526289	1.22655	1.3745855803972888
r0713	7060.0	0.9999997605796732	7060.0	2.424928568700901e-07	2.9337815000000003	2.942745	0.8735935069010915	2.0526289	1.22655	1.3745855803972888
r0701	7060.0	0.9999997605796732	7060.0	2.424928568700901e-07	2.9337815000000003	2.942745	0.8735935069010915	2.0526289	1.22655	1.3745855803972888
r0702	7060.0	0.9999997605796732	7060.0	2.424928568700901e-07	2.9337815000000003	2.942745	0.8735935069010915	2.0526289	1.22655	1.3745855803972888
r0771	7060.0	0.9999997605796732	7060.0	2.424928568700901e-07	2.9337815000000003	2.942745	0.8735935069010915	2.0526289	1.22655	1.3745855803972888
r0772	7060.0	0.9999997605796732	7060.0	2.424928568700901e-07	2.9337815000000003	2.942745	0.8735935069010915	2.0526289	1.22655	1.3745855803972888
r0696	7060.0	0.9999997605796732	7060.0	2.424928568700901e-07	2.9337815000000003	2.942745	0.8735935069010915	2.0526289	1.22655	1.3745855803972888
r0697	7060.0	0.9999997605796732	7060.0	2.424928568700901e-07	2.9337815000000003	2.942745	0.8735935069010915	2.0526289	1.22655	1.3745855803972888
r0773	7060.0	0.9999997605796732	7060.0	2.424928568700901e-07	2.9337815000000003	2.942745	0.8735935069010915	2.0526289	1.22655	1.3745855803972888
FA160ACPH	7060.0	0.9999997605796732	7060.0	2.424928568700901e-07	2.9337815000000003	2.942745	0.8735935069010915	2.0526289	1.22655	1.3745855803972888
TMLYStd_r	9966.0	1.0	9966.0	3.545946137531362e-34	16.834628300000002	17.76819	2.953199150426005	3.1862990999999994	2.21916	1.6480600260993088
TMLYSOX	9966.0	1.0	9966.0	3.545946137531362e-34	16.834628300000002	17.76819	2.953199150426005	3.1862990999999994	2.21916	1.6480600260993088
GHMT3	9966.0	1.0	9966.0	3.545946137531362e-34	16.834628300000002	17.76819	2.953199150426005	3.1862990999999994	2.21916	1.6480600260993088
TMABADH	9966.0	1.0	9966.0	3.545946137531362e-34	16.834628300000002	17.76819	2.953199150426005	3.1862990999999994	2.21916	1.6480600260993088
BBHOX	9966.0	1.0	9966.0	3.545946137531362e-34	16.834628300000002	17.76819	2.953199150426005	3.1862990999999994	2.21916	1.6480600260993088
SUCFUMtm_r	9966.0	1.0	9966.0	3.545946137531362e-34	33.669257300000005	35.53638	5.906397283188653	6.3725999	4.438325	3.296119133176762
palmitateActivation	5319.0	0.7824995624862708	5319.0	0.21821985255052623	0.8007853999999999	0.8290200000000001	0.5203308963474856	0.7436701999999998	0.26205999999999996	0.7639437431307665
carnitineAcylTransferaseI	5319.0	0.7824995624862708	5319.0	0.21821985255052623	0.8007853999999999	0.8290200000000001	0.5203308963474856	0.7436701999999998	0.26205999999999996	0.7639437431307665
CARN160t_m	5319.0	0.7824995624862708	5319.0	0.21821985255052623	0.8007853999999999	0.8290200000000001	0.5203308963474856	0.7436701999999998	0.26205999999999996	0.7639437431307665
carnitineAcylTransferaseII	5319.0	0.7824995624862708	5319.0	0.21821985255052623	0.8007853999999999	0.8290200000000001	0.5203308963474856	0.7436701999999998	0.26205999999999996	0.7639437431307665
betaOxidation	5319.0	0.7824995624862708	5319.0	0.21821985255052623	0.8007853999999999	0.8290200000000001	0.5203308963474856	0.7436701999999998	0.26205999999999996	0.7639437431307665
Biomass	5361.0	0.8114611058090921	5361.0	0.18919951950025787	0.0235129	0.026025	0.009773942712719119	0.0215648	0.02289	0.017517721559793805
GLCt1_r	8987.0	1.0	8987.0	1.0120807834415545e-22	3.3034875000000006	3.438485	0.6124454906231215	1.9906289000000004	2.67177	1.2015619103541562
O2t_r	9734.0	1.0	9734.0	3.0714788091281643e-31	99.1387012	100.51867	14.56038574963959	56.78990789999999	49.17652	15.23068943105303
GLNt_r	9759.0	1.0	9759.0	1.504723121173256e-31	0.7494245	0.78347	0.13705481800407934	0.2978649	0.39707000000000003	0.1677378396591695
r0963_r	0.0	1.0852754093674341e-34	0.0	1.0	0.00010040000000000001	0.0001	2.8494904736805065e-05	0.0007977999999999999	0.000645	0.00030338354562760284
THBPTt_r	9620.5	1.0	9620.5	7.299763662285802e-30	0.003915299999999999	0.00434	0.001586374084941423	0.0005962	0.00051	0.0005158689442840766
ARGt5r_r	9496.0	1.0	9496.0	2.2729199206235505e-28	0.1007833	0.104025	0.01691814231838267	0.0738799	0.07230500000000001	0.006406235046003734
PHEtec_r	7194.5	0.9999999591576739	7194.5	4.1398700481667134e-08	0.0100167	0.011065	0.004121812893042639	0.006190299999999999	0.00659	0.004882313877453988
ILEtec_r	5358.5	0.8098096430470739	5358.5	0.1908545408276735	0.0067265	0.007445	0.00279603990340162	0.0061689	0.00655	0.005011949941102885
LEUtec_r	5472.0	0.8758549428182414	5472.0	0.1246463411321661	0.0139052	0.015179999999999999	0.00596723012067838	0.0124247	0.012844999999999999	0.01000551589844019
VALtec_r	0.0	1.2804946538696245e-34	0.0	1.0	0.022885600000000002	0.02237	0.006610716020449698	0.14923779999999998	0.151215	0.012106426257458173
METtec_r	5840.0	0.9799985236967189	5840.0	0.02012008817023384	0.0059139	0.0057599999999999995	0.0019982228948177273	0.0045881	0.00519	0.003394955763535607
r2526_r	8805.5	1.0	8805.5	7.214179679680576e-21	0.1593035	0.16240500000000002	0.02723026767266992	0.1326087	0.131295	0.008166165680984739
GLYt4_r	8415.0	1.0	8415.0	3.6224694851327107e-17	0.10267100000000003	0.11414	0.03542884231352709	0.0644611	0.05357	0.021791799027119897
r2532_r	10000.0	1.0	10000.0	2.8195930193767757e-39	0.035301900000000004	0.03597	0.004939806910510907	0.0	0.0	0.0
PROPAT4te_r	10000.0	1.0	10000.0	2.8168996623796895e-39	0.0043961	0.00364	0.002219751053017824	0.0	0.0	0.0
HDCAt	10000.0	1.0	10000.0	5.002553745528903e-40	0.00011720000000000004	0.00012	1.06439151299195e-05	0.0	0.0	0.0
CRNt	9966.0	1.0	9966.0	3.545946137531362e-34	16.834628300000002	17.76819	2.953199150426005	3.1862990999999994	2.21916	1.6480600260993088
GTHRDt2_r	3288.0	1.4456694622471072e-05	3288.0	0.9999856979106942	1.0287032	1.04265	0.6431413779096752	1.9878234999999997	1.253935	1.407421872938246
DmLact	9194.0	1.0	9194.0	6.144527297488659e-25	5.597373200000001	5.828225	1.0369571144740477	3.2482482999999998	4.352365	1.9448589993341472
UREAt	0.0	2.817728119846003e-39	0.0	1.0	0.0	0.0	0.0	0.04488099999999998	0.03344	0.02427784572257788
DmBiomass	5361.0	0.8114611058090921	5361.0	0.18919951950025787	0.0235129	0.026025	0.009773942712719119	0.0215648	0.02289	0.017517721559793805
NH4t	9339.0	1.0	9339.0	1.4796972095515327e-26	120.02632370000003	121.23708500000001	23.999800740456017	80.789997	84.450275	14.076802283506806
PTRCtex2_f	9836.0	1.0	9836.0	1.629513650471724e-32	0.05858580000000001	0.059645000000000004	0.015277107067885477	0.011824900000000003	0.011855000000000001	0.009818395175805609
GUDACtr2	9956.0	1.0	9956.0	4.776303365761283e-34	0.0688545	0.06933	0.014176840651519855	0.0150161	0.01319	0.012660681432424298
CE2705t	9620.5	1.0	9620.5	7.299763662285802e-30	0.003915299999999999	0.00434	0.001586374084941423	0.0005962	0.00051	0.0005158689442840766
Dm2oxobutyrate	5131.0	0.6260144886603487	5131.0	0.3749116317245551	0.005589400000000002	0.00572	0.002138690631241839	0.0049273	0.00614	0.003663507965893021
H2Ot_f	0.0	1.2810718345817004e-34	0.0	1.0	195.0336324	199.33334000000002	31.6531099792819	397.433467	342.85985	114.0534915197743
PHLACHt_f	4488.0	0.10568751096041146	4488.0	0.8947582056944854	291.62724460000004	325.59470999999996	103.97951132584242	416.11913610000005	285.27999	238.45479109352073
CO2t	9700.0	1.0	9700.0	8.057814183294119e-31	156.6278202	159.70712500000002	24.790595013699054	104.9702545	107.58052	11.004558995486837
DmH2O2	7482.0	0.999999999343152	7482.0	6.669093371923636e-10	0.7999902999999999	0.67776	0.46080980295333224	0.3815477	0.486825	0.282146678494654
DmGSSG	3286.0	1.414905660182497e-05	3286.0	0.9999860024185814	0.5293591999999999	0.530305	0.326244742346056	1.0036028999999997	0.647485	0.698057344954582
GLUt4	9724.0	1.0	9724.0	1.9146569733702466e-31	0.0020115	0.002025	0.0010090833674301855	0.0001662	1e-05	0.00030615167561986084
ALAPAT4te	10000.0	1.0	10000.0	2.8193857487981478e-39	0.0394818	0.040365	0.006050688312126568	0.0	0.0	0.0
DmAla	5780.0	0.9717439162777346	5780.0	0.028414635935710513	1.2736327	1.334435	0.798134894594519	1.0317793	1.09107	0.8341054758512018
ASPte_r	9595.0	1.0	9595.0	1.517061687331143e-29	323.6022692	328.119285	135.34237538441462	87.69279820000001	57.97813	47.795913814636926
DmAsp	9592.0	1.0	9592.0	1.6481957997374123e-29	324.0487158	328.50899000000004	135.38467741100789	89.05950300000002	60.31105	47.04206311379845
DmPalm	7729.0	0.9999999999871425	7729.0	1.3073243730009625e-11	2.1267405	2.116045	0.9078911018391673	1.3031131	0.977015	0.6210743071691555
ATPM	3102.5	1.783509849885569e-06	3102.5	0.9999982374385079	2.8654932999999994	2.2903450000000003	2.7816395390216533	5.7068119	7.43245	4.223275241340372
GACMTRc	9068.0	1.0	9068.0	1.4137625277174672e-23	0.023481700000000005	0.020915	0.013167000153429179	0.0062353999999999994	0.00604	0.0057023109651644175
CKc_cho	9068.0	1.0	9068.0	1.4137625277174672e-23	0.023481700000000005	0.020915	0.013167000153429179	0.0062353999999999994	0.00604	0.0057023109651644175
CRTNsyn_cho	9068.0	1.0	9068.0	1.4137625277174672e-23	0.023481700000000005	0.020915	0.013167000153429179	0.0062353999999999994	0.00604	0.0057023109651644175
CRTNtr	9068.0	1.0	9068.0	1.4137625277174672e-23	0.023481700000000005	0.020915	0.013167000153429179	0.0062353999999999994	0.00604	0.0057023109651644175
NDPK1	3099.0	1.7114486176885487e-06	3099.0	0.9999983086871442	1.1235795	0.8902000000000001	0.7826457132698981	9.6721358	5.458685	10.759202359090235
NDPK5	5359.0	0.810535982957475	5359.0	0.1901277420192678	0.0002328	0.00026	9.653679886630556e-05	0.00021419999999999998	0.00023	0.0001726512219604728
NDPK8	5361.0	0.8117561132132236	5361.0	0.18890469263064025	0.0003101	0.00034	0.00012957190585878865	0.0002845	0.00030000000000000003	0.0002306485147876252
NDPK7	5336.5	0.7952555577496122	5336.5	0.20544001330617845	0.000222	0.00025	9.265990819042822e-05	0.00020500000000000005	0.00022	0.0001644611648611147
DTMPK	5357.5	0.8094364236918448	5357.5	0.19122937335348633	0.00030740000000000005	0.00034	0.00012770404548143036	0.00028220000000000003	0.00030000000000000003	0.00022933624029165364
NDPK4	5357.5	0.8094364236918448	5357.5	0.19122937335348633	0.00030740000000000005	0.00034	0.00012770404548143036	0.00028220000000000003	0.00030000000000000003	0.00022933624029165364
HIStiDF_r	8260.0	0.9999999999999992	8260.0	8.312249110701135e-16	0.11548489999999999	0.123525	0.024901795663418054	0.0692143	0.09187000000000001	0.04609372634747553
PTRCOX1	9912.5	1.0	9912.5	1.7314636993474326e-33	0.031698	0.03124	0.011687506409008126	0.0050258	0.00696	0.0034415001955483884
ABUTD	9912.5	1.0	9912.5	1.7314636993474326e-33	0.031698	0.03124	0.011687506409008126	0.0050258	0.00696	0.0034415001955483884
r0465_1	5416.0	0.8455829453688468	5416.0	0.15499855851052796	4.4414972	3.79724	2.9010147835019957	4.4598868	3.89009	4.0672014276999615
ABUTH	3609.0	0.0003399828669479165	3609.0	0.9996630407118291	2.1082164	1.520275	1.8596601559878427	4.340012799999999	3.726635	4.049528309359149
GLUDC	10000.0	1.0	10000.0	1.2804225240822274e-34	8.6940052	8.44748	3.004333623192909	0.21607220000000002	0.1494	0.20852326634026266
HISDr	9797.0	1.0	9797.0	5.050574209966629e-32	18.8994437	19.595195	2.6795633260074583	7.834709900000002	7.7844750000000005	0.5052155195807453
URCN	9797.0	1.0	9797.0	5.050574209966629e-32	18.8994437	19.595195	2.6795633260074583	7.834709900000002	7.7844750000000005	0.5052155195807453
IZPN	9797.0	1.0	9797.0	5.050574209966629e-32	18.8994437	19.595195	2.6795633260074583	7.834709900000002	7.7844750000000005	0.5052155195807453
GluForTx	9797.0	1.0	9797.0	5.050574209966629e-32	18.8994437	19.595195	2.6795633260074583	7.834709900000002	7.7844750000000005	0.5052155195807453
FTCD	9797.0	1.0	9797.0	5.050574209966629e-32	18.8994437	19.595195	2.6795633260074583	7.834709900000002	7.7844750000000005	0.5052155195807453
CARPEPT1tc_r	9798.0	1.0	9798.0	4.9069747045720684e-32	21.120210900000004	21.724925	3.5556430552775717	7.8880963	7.76172	0.571885558311594
NBAHH_ir	9853.0	1.0	9853.0	9.95100628390306e-33	25.086829500000004	25.01367	4.838868990188183	10.183311000000002	9.113050000000001	2.472042071176309
r0283	7014.0	0.9999995721316703	7014.0	4.3324417593789866e-07	3.9666181	3.277285	2.948140026520983	2.2952152	1.4388	2.53660483083971
ASP1DC	9810.0	1.0	9810.0	3.401039245185803e-32	1.4122954000000005	1.50214	0.684557758759344	0.019891600000000002	0.019805000000000003	0.01854742121637878
CSNt_r	4940.0	0.4422047803845153	4940.0	0.5587595714461252	28.2598012	28.33961	9.037078572261661	27.9241359	31.60911	8.838215344649516
bAlaSynthesis	4940.0	0.4422047803845153	4940.0	0.5587595714461252	28.2598012	28.33961	9.037078572261661	27.9241359	31.60911	8.838215344649516
LYSt5r_r	6091.5	0.9961869971378055	6091.5	0.0038408251400900203	0.025556300000000004	0.0274	0.007556255105687091	0.0224541	0.02128	0.008688996419482389
LYStm	6607.0	0.9999571460766811	6607.0	4.3291291207392363e-05	0.0116344	0.01244	0.002929613798796867	0.0096839	0.00858	0.0026382929494028306
SACCD3m	6607.0	0.9999571460766811	6607.0	4.3291291207392363e-05	0.0116344	0.01244	0.002929613798796867	0.0096839	0.00858	0.0026382929494028306
r0525	6607.0	0.9999571460766811	6607.0	4.3291291207392363e-05	0.0116344	0.01244	0.002929613798796867	0.0096839	0.00858	0.0026382929494028306
AASAD3m	6607.0	0.9999571460766811	6607.0	4.3291291207392363e-05	0.0116344	0.01244	0.002929613798796867	0.0096839	0.00858	0.0026382929494028306
r0450	6607.0	0.9999571460766811	6607.0	4.3291291207392363e-05	0.0116344	0.01244	0.002929613798796867	0.0096839	0.00858	0.0026382929494028306
2OXOADOXm	4660.0	0.20339624054018102	4660.0	0.7972940660211123	0.011864599999999998	0.012655	0.0029696207355706743	0.013385800000000002	0.012065	0.0028683874961871574
GLUTCOADHm	4660.0	0.20339624054018102	4660.0	0.7972940660211123	0.011864599999999998	0.012655	0.0029696207355706743	0.013385800000000002	0.012065	0.0028683874961871574
3HBCDm	4660.0	0.20339624054018102	4660.0	0.7972940660211123	0.011864599999999998	0.012655	0.0029696207355706743	0.013385800000000002	0.012065	0.0028683874961871574
HACD1m	4660.0	0.20339624054018102	4660.0	0.7972940660211123	0.011864599999999998	0.012655	0.0029696207355706743	0.013385800000000002	0.012065	0.0028683874961871574
HMGCOASm	3500.0	5.169139145403464e-07	3500.0	0.9999994915654684	1e-06	0.0	3.0151134457776365e-06	4.0000000000000015e-06	0.0	4.9236596391733095e-06
CYStec_r	10000.0	1.0	10000.0	2.8193857487981478e-39	0.0342903	0.0349	0.005421902728933839	0.0	0.0	0.0
CYSTA	9944.0	1.0	9944.0	6.824653103840992e-34	0.12226330000000002	0.12267	0.026538078799599216	0.0192478	0.025165	0.013506862122789303
CYANt_r	9944.0	1.0	9944.0	6.824653103840992e-34	0.12226330000000002	0.12267	0.026538078799599216	0.0192478	0.025165	0.013506862122789303
MCPST	9944.0	1.0	9944.0	6.824653103840992e-34	0.12226330000000002	0.12267	0.026538078799599216	0.0192478	0.025165	0.013506862122789303
TCYNTt	9989.0	1.0	9989.0	1.7789806562088603e-34	0.12226330000000002	0.12267	0.026538078799599216	0.014386600000000001	0.014465	0.01138242577863175
CYSO	0.0	1.2804946538696245e-34	0.0	1.0	0.0380373	0.041295	0.00841210597768466	0.31011639999999996	0.282285	0.06699149208034938
3SALATAi	1097.0	7.469286614521651e-22	1097.0	1.0	0.0062421	0.006275	0.0021698607202893334	0.15789530000000002	0.079265	0.1610461600961888
3SALAASPm	3191.0	4.9608285500305605e-06	3191.0	0.9999950949473426	0.0317956	0.034705	0.007039077837904679	0.152221	0.206925	0.09966476729212756
3SALATAim	3191.0	4.9608285500305605e-06	3191.0	0.9999950949473426	0.0317956	0.034705	0.007039077837904679	0.152221	0.206925	0.09966476729212756
3SPYRSP	1097.0	7.469286614521651e-22	1097.0	1.0	0.0062421	0.006275	0.0021698607202893334	0.15789530000000002	0.079265	0.1610461600961888
3SPYRSPm	3191.0	4.9608285500305605e-06	3191.0	0.9999950949473426	0.0317956	0.034705	0.007039077837904679	0.152221	0.206925	0.09966476729212756
HMR_3951	1097.0	7.469286614521651e-22	1097.0	1.0	0.0062421	0.006275	0.0021698607202893334	0.15789530000000002	0.079265	0.1610461600961888
ExSulfitem	3191.0	4.9608285500305605e-06	3191.0	0.9999950949473426	0.0317956	0.034705	0.007039077837904679	0.152221	0.206925	0.09966476729212756
PHETHPTOX2	9620.5	1.0	9620.5	7.299763662285802e-30	0.003915299999999999	0.00434	0.001586374084941423	0.0005962	0.00051	0.0005158689442840766
TYRt_r	0.0	2.772310633931405e-39	0.0	1.0	0.0	0.0	0.0	0.0031723999999999997	0.002725	0.0027693069256557405
TYRTA	3643.0	0.0004479043516945191	3643.0	0.9995560094600141	0.000161	0.00017	4.827321234704638e-05	0.0003247	0.00033	0.0002632871267477981
34HPPOR	3643.0	0.0004479043516945191	3643.0	0.9995560094600141	0.000161	0.00017	4.827321234704638e-05	0.0003247	0.00033	0.0002632871267477981
HGNTOR	3643.0	0.0004479043516945191	3643.0	0.9995560094600141	0.000161	0.00017	4.827321234704638e-05	0.0003247	0.00033	0.0002632871267477981
MACACI	3643.0	0.0004479043516945191	3643.0	0.9995560094600141	0.000161	0.00017	4.827321234704638e-05	0.0003247	0.00033	0.0002632871267477981
FUMAC	3643.0	0.0004479043516945191	3643.0	0.9995560094600141	0.000161	0.00017	4.827321234704638e-05	0.0003247	0.00033	0.0002632871267477981
AACOAT	3643.0	0.0004479043516945191	3643.0	0.9995560094600141	0.000161	0.00017	4.827321234704638e-05	0.0003247	0.00033	0.0002632871267477981
r2534_r	4856.0	0.36293302767933017	4856.0	0.6379832439470472	0.011705300000000004	0.012074999999999999	0.0033597908950685988	0.011045899999999997	0.012074999999999999	0.008533332042495168
THRD_L	4813.0	0.32430136470120485	4813.0	0.6765768038136808	0.004353299999999999	0.004565	0.0019755158155210346	0.0043027	0.005039999999999999	0.003280279876886585
OBDHc	6844.0	0.999996742017273	6844.0	3.2957247186557654e-06	0.0010801	0.001145	0.0007268758317260759	0.0006629	0.00084	0.0005385582980551321
PPCOAtm	6844.0	0.999996742017273	6844.0	3.2957247186557654e-06	0.0010801	0.001145	0.0007268758317260759	0.0006629	0.00084	0.0005385582980551321
r1616_r	9776.0	1.0	9776.0	9.154968295749684e-32	0.0291468	0.028795	0.005951734978350872	0.013520200000000003	0.01372	0.0005978496483399501
TRPO2	9825.5	1.0	9825.5	2.198593514728365e-32	0.0288341	0.028475	0.005924811226588326	0.0132328	0.013264999999999999	0.0007002237449053645
FKYNH	9825.5	1.0	9825.5	2.198593514728365e-32	0.0288341	0.028475	0.005924811226588326	0.0132328	0.013264999999999999	0.0007002237449053645
KYN	9900.0	1.0	9900.0	2.470817313586571e-33	0.028603800000000002	0.028225	0.005901715515017817	0.0095315	0.009685	0.00045169797498556557
ANTHte	9900.0	1.0	9900.0	2.470817313586571e-33	0.028603800000000002	0.028225	0.005901715515017817	0.0095315	0.009685	0.00045169797498556557
KYN3OX	0.0	1.1752362628461994e-34	0.0	1.0	0.00022960000000000005	0.00024	5.842927175637053e-05	0.0037009000000000005	0.003725	0.0003343683778726872
HKYNH	0.0	1.1752362628461994e-34	0.0	1.0	0.00022960000000000005	0.00024	5.842927175637053e-05	0.0037009000000000005	0.003725	0.0003343683778726872
3HAO	0.0	1.1752362628461994e-34	0.0	1.0	0.00022960000000000005	0.00024	5.842927175637053e-05	0.0037009000000000005	0.003725	0.0003343683778726872
PCLAD	0.0	1.1752362628461994e-34	0.0	1.0	0.00022960000000000005	0.00024	5.842927175637053e-05	0.0037009000000000005	0.003725	0.0003343683778726872
AM6SAD	0.0	1.1752362628461994e-34	0.0	1.0	0.00022960000000000005	0.00024	5.842927175637053e-05	0.0037009000000000005	0.003725	0.0003343683778726872
AMCOXO	0.0	1.1752362628461994e-34	0.0	1.0	0.00022960000000000005	0.00024	5.842927175637053e-05	0.0037009000000000005	0.003725	0.0003343683778726872
2OXOADPTm	0.0	1.1752362628461994e-34	0.0	1.0	0.00022960000000000005	0.00024	5.842927175637053e-05	0.0037009000000000005	0.003725	0.0003343683778726872
ExCystineGlu	0.0	1.280206158450399e-34	0.0	1.0	0.008103	0.008525	0.003011592249755581	0.0467928	0.04666	0.010251738071905148
ExCystineSer	0.0	1.2804946538696245e-34	0.0	1.0	0.0717648	0.073485	0.010134772772564521	0.12888460000000002	0.125575	0.010262615534850831
CystinePyruvate	6956.0	0.9999991822344435	6956.0	8.278178864899868e-07	0.0024655000000000002	0.00249	0.0014144330877054452	0.0014456	7e-05	0.0017563824852074317
CystineReductaseNADPH	6170.0	0.9978817848750916	6170.0	0.002134592589006052	0.0105107	0.009825	0.005376459398774128	0.014787800000000002	0.005860000000000001	0.019397906769296085
CystineReductaseNADH	3174.5	4.113535590848404e-06	3174.5	0.9999959330986863	0.0268043	0.028034999999999997	0.012753386102553629	0.05894119999999999	0.070725	0.041266299584209604
CystineGSH	1467.0	3.0331752930086606e-18	1467.0	1.0	0.0400873	0.0371	0.017802718715029583	0.1005026	0.057374999999999995	0.06439953804370357
Ex3HB	5472.0	0.8758526366353165	5472.0	0.12464864892835237	13.0341643	12.4619	4.61064943792136	12.348257500000003	11.327760000000001	3.618666896763512
Transport3HB_forward	5472.0	0.8758526366353165	5472.0	0.12464864892835237	13.0341643	12.4619	4.61064943792136	12.348257500000003	11.327760000000001	3.618666896763512
bBDH	5472.0	0.8758526366353165	5472.0	0.12464864892835237	13.0341643	12.4619	4.61064943792136	12.348257500000003	11.327760000000001	3.618666896763512
OCOAT1m	5472.0	0.8758526366353165	5472.0	0.12464864892835237	13.0341643	12.4619	4.61064943792136	12.348257500000003	11.327760000000001	3.618666896763512
ACACT1m	5473.0	0.8763525101180889	5473.0	0.12414736336468346	13.0460268	12.473665	4.611335258813385	12.361640200000002	11.339635000000001	3.6213669944626985
G3PD1ir	6921.0	0.9999986667821209	6921.0	1.349245578640651e-06	7.279036	5.43164	6.1481387743374105	3.5335699000000007	3.1634	3.3726073528176665
GLYC3Ptm	6921.0	0.9999986667821209	6921.0	1.349245578640651e-06	7.279036	5.43164	6.1481387743374105	3.5335699000000007	3.1634	3.3726073528176665
G3PDm	6921.0	0.9999986667821209	6921.0	1.349245578640651e-06	7.279036	5.43164	6.1481387743374105	3.5335699000000007	3.1634	3.3726073528176665
DHAPtm	6921.0	0.9999986667821209	6921.0	1.349245578640651e-06	7.279036	5.43164	6.1481387743374105	3.5335699000000007	3.1634	3.3726073528176665
CMPuptake_r	5995.0	0.9925281983622715	5995.0	0.00752241321409631	0.0010519000000000001	0.00112	0.0004475199786748423	0.0008330999999999999	0.00091	0.000674400137495942
UMPuptake_r	4536.5	0.12892959103491147	4536.5	0.8715837130151423	0.0012442	0.001305	0.0005007533314815778	0.0015376	0.00164	0.001277830484639785
Transport_ala_B_c_e	8710.0	1.0	8710.0	6.301992083637904e-20	50.7923074	50.809915000000004	11.539994384585455	35.832125100000006	38.742295	8.370595753658918
EX_ala_B	8710.0	1.0	8710.0	6.301992083637904e-20	50.7923074	50.809915000000004	11.539994384585455	35.832125100000006	38.742295	8.370595753658918
Transport_octanoyl_ACP_c_e	nan	nan	nan	nan	0.0	0.0	0.0	0.0	0.0	0.0
EX_octanoyl_ACP	nan	nan	nan	nan	0.0	0.0	0.0	0.0	0.0	0.0
TMDK1	10000.0	1.0	10000.0	2.5547939510421305e-39	0.00010180000000000002	0.0001	4.288532983610497e-05	0.0	0.0	0.0
THYMDt1_r	10000.0	1.0	10000.0	2.5547939510421305e-39	0.00010180000000000002	0.0001	4.288532983610497e-05	0.0	0.0	0.0
EX_thymd	10000.0	1.0	10000.0	2.5547939510421305e-39	0.00010180000000000002	0.0001	4.288532983610497e-05	0.0	0.0	0.0
Transport_HC00576_c_e	9610.0	1.0	9610.0	1.001111174301287e-29	2.3332811	2.1603250000000003	1.6125964661445868	0.11987489999999999	0.105075	0.17601350046071562
EX_HC00576	9610.0	1.0	9610.0	1.001111174301287e-29	2.3332811	2.1603250000000003	1.6125964661445868	0.11987489999999999	0.105075	0.17601350046071562
Transport_4abut_c_e	10000.0	1.0	10000.0	1.2776125453511202e-34	6.392422799999999	6.642795	2.531578942173585	0.10122249999999999	0.048505	0.11058277007346676
EX_4abut	10000.0	1.0	10000.0	1.2776125453511202e-34	6.392422799999999	6.642795	2.531578942173585	0.10122249999999999	0.048505	0.11058277007346676
EX_h_e_b	2529.0	7.879895161177163e-10	2529.0	0.9999999992238486	448.05511509999997	458.58024	66.06759303943979	489.91949779999993	505.698235	51.43601720112994
EX_h2o_e_b	3793.0	0.0015994507615526526	3793.0	0.9984131455197967	557.5384897	572.23046	84.73337373073801	587.3720102	572.599835	59.495869667955496
EX_ala__L_e_b	10000.0	1.0	10000.0	2.8193857487981478e-39	0.0214459	0.021130000000000003	0.0051889003710426035	0.0	0.0	0.0
EX_hdca_e_b	10000.0	1.0	10000.0	4.2471197210848074e-40	0.00013769999999999999	0.00014	1.3397949488822922e-05	0.0	0.0	0.0
PGM_b	7302.0	0.9999999907729938	7302.0	9.358531737169504e-09	2.6693658	2.647575	0.6316187933072839	1.2968593999999998	0.33494	1.4393457734762272
ENO_b	331.5	1.9570908734182205e-30	331.5	1.0	3.3753693	3.390875	0.6733903621187747	7.096232	4.95853	3.4864848292649935
TKT2_b	9815.0	1.0	9815.0	3.0021974089306395e-32	0.35252669999999986	0.36199499999999996	0.05897445627592003	0.13596740000000002	0.11147499999999999	0.06479894471051176
RPE_b	9841.0	1.0	9841.0	1.4114771366321025e-32	0.4496726	0.46307	0.0713677727770141	0.1296706	0.109195	0.05672752528437045
TKT1_b	9804.0	1.0	9804.0	4.1264399471008873e-32	0.3544672	0.36501	0.058912596689048295	0.1443612	0.11857999999999999	0.05830913987090573
TALA_b	6041.0	0.994532818835438	6041.0	0.005505553448001417	3.3817422999999995	3.535915	0.5943174145488845	3.127087300000001	2.88047	1.0001955970626673
ACONTm_b	9988.0	1.0	9988.0	1.8364094052638264e-34	49.16198080000001	50.40743500000001	9.290643750105103	6.5187222	6.97514	2.545318944781934
ICDHym_b	8038.0	0.9999999999999433	8038.0	5.777232682319521e-14	61.6636869	65.021695	13.931715914478472	46.72321829999999	40.96927	13.038832984589932
SUCOAS1m_b	8830.0	1.0	8830.0	4.103279488674151e-21	101.3498259	102.448165	23.069593071616893	51.835181500000004	39.55976	28.022739738791554
FUMm_b	4987.0	0.48781725493122	4987.0	0.5131570243350075	254.49241109999994	250.05041	56.64513317609663	318.4523696	238.59474	145.04672158355348
MDHm_b	2679.0	7.144715398400143e-09	2679.0	0.9999999929564748	263.47744359999996	255.66933500000002	59.75540864457234	421.84062889999996	325.075295	198.21404786715928
FUM_b	6469.0	0.9998350158512201	6469.0	0.00016653768076510544	104.53519679999998	108.748355	21.491756708601766	88.4031395	56.2628	71.60993603268052
MDH_b	6477.0	0.9998469646880855	6477.0	0.00015448330545792097	323.40333480000004	330.980495	59.63683344839049	215.43965040000003	120.49896000000001	169.45423392822303
AKGMALtm_b	0.0	1.2810718345817004e-34	0.0	1.0	60.06667669999999	62.120525	14.075666033910938	348.7842472	247.25434	207.17462062524447
PYRt2m_b	6339.0	0.9994677858969035	6339.0	0.0005368332135244515	147.9176179	152.43187	31.101037291794928	112.6449038	84.431415	67.55615516148727
FUMtm_b	0.0	1.2810718345817004e-34	0.0	1.0	40.314414	41.597545	9.080434063474781	238.65662410000002	170.85246999999998	120.87742247872355
CO2tm_b	6189.0	0.9981719960409985	6189.0	0.0018423309017642914	186.4673291	187.546465	43.80326952825661	169.3792892	125.956955	87.68999401798551
r0801_b	6045.0	0.9946839418751589	6045.0	0.005353486457047578	126.5074901	124.545065	30.39914945234928	127.29743089999998	91.782055	69.15207090857886
H2Otm_b	5598.0	0.9281798373309312	5598.0	0.07215536300309161	188.59020650000002	191.11063000000001	27.43902907138372	192.7799777	176.9259	39.61849008970644
NH4tm_b	6204.0	0.9983750829187816	6204.0	0.0016377882865736104	141.696745	146.34635	31.337377773899203	123.72075209999998	94.44651999999999	59.72995374067847
NDPK3_b	510.5	2.6814406937077308e-28	510.5	1.0	0.0016683999999999998	0.001695	0.0004938811863825411	0.0028097000000000005	0.00264	0.0005777795444805935
GLUDym_b	8606.0	1.0	8606.0	6.277496564487807e-19	80.69523570000001	83.221475	18.70682627594408	45.3562968	32.752965	23.66856958484902
ASPTA_b	6958.0	0.9999991466671853	6958.0	8.637753959112551e-07	163.19805870000002	169.01561500000003	38.49777470088258	109.811335	81.958335	61.17461270509036
r0074_b	10000.0	1.0	10000.0	2.818971252286885e-39	0.0073139	0.00757	0.0019196016500694863	0.0	0.0	0.0
GLU5SAtmc_b	10000.0	1.0	10000.0	2.8200076051853168e-39	0.08823779999999999	0.08737	0.025975928739873574	0.0	0.0	0.0
G5SADs_b	10000.0	1.0	10000.0	2.8181424378192464e-39	0.0063366	0.006659999999999999	0.0016301559818779692	0.0	0.0	0.0
GHMT2r_b	8165.0	0.9999999999999948	8165.0	5.289167776315038e-15	66.325304	65.75113999999999	15.880030527709758	38.0481652	27.555155	20.0354157022113
ALATA_L_b	6377.0	0.999618358099707	6377.0	0.0003850361801453497	0.0364323	0.036699999999999997	0.00726722945485382	0.0328237	0.02408	0.01854628431598343
MTHFC_b	1184.0	5.668145929931313e-21	1184.0	1.0	2.3617183999999996	2.077395	1.5537329290725233	4.8163709	5.250595000000001	1.2651861449597732
MTHFD2i_b	6584.0	0.9999459271978195	6584.0	5.461750592738854e-05	104.5283805	106.48565500000001	24.269960724042978	73.43988540000001	42.92424	50.5345549864016
PTRCtex2_b	10000.0	1.0	10000.0	2.738667179019149e-39	0.00025880000000000006	0.00024	0.00010096784166508189	0.0	0.0	0.0
H2Ot_b	0.0	1.2810718345817004e-34	0.0	1.0	49.9059407	55.86745	18.91941314381992	298.52081000000004	212.65131000000002	149.4642946624773
PHLACHt_b	4395.0	0.06983398788178007	4395.0	0.9304928914425923	341.1585777	354.124995	110.26298237555382	457.96588660000003	337.97864000000004	222.99363596531435
