Rxn	statistic_less	pvalue_less	statistic_greater	pvalue_greater	mean_MDAMB231	median_MDAMB231	std_MDAMB231	mean_MDAMB361	median_MDAMB361	std_MDAMB361
EX_lac__L_e	10000.0	1.0	10000.0	1.280711066965257e-34	7.357161500000001	7.39916	0.32339419176513395	0.07817759999999999	0.07859	0.002868546290053869
EX_glc__D_e_r	10000.0	1.0	10000.0	1.2809996731450625e-34	4.2054048	4.229455	0.18483810169809017	0.1070815	0.10786	0.00996065739331851
EX_gluIN__L_e	0.0	2.8032644138343525e-39	0.0	1.0	0.0	0.0	0.0	0.0014445999999999999	0.00115	0.0012997850793593734
EX_gluOUT__L_e	10000.0	1.0	10000.0	1.2792689852482072e-34	0.1836987	0.184195	0.008183202634887907	0.012269299999999999	0.01229	0.0007842454457578439
EX_gln__L_e_r	10000.0	1.0	10000.0	1.2809275156652627e-34	0.9912315	0.99482	0.04376284726520402	0.2266428	0.227485	0.008555054986274594
EX_asp__L_e	0.0	2.8183496191193512e-39	0.0	1.0	0.0	0.0	0.0	0.0447382	0.04421	0.0028415660712666426
DM_asp__L_e	4553.5	0.13790196034666713	4553.5	0.8626356231776422	0.1728362	0.165625	0.13804963223113462	0.2565713	0.17892	0.23160602546485326
EX_co2_e	0.0	1.2810718345817004e-34	0.0	1.0	38.928267899999994	39.357405	5.074895662613441	156.64425690000004	165.04442	34.352462057798185
EX_h_e_f	8578.0	1.0	8578.0	1.152994053078e-18	426.1606677	428.340185	25.790749700865046	387.3154084	385.653925	26.25944906663807
EX_h2o_e_f	8040.0	0.9999999999999454	8040.0	5.567844208083287e-14	480.29983849999996	477.879035	28.002445969428138	434.7551425000001	424.66207499999996	45.69511057081584
EX_ump_e_r	9615.5	1.0	9615.5	8.366606281332799e-30	0.0010678999999999999	0.001055	0.00019827180099728526	0.0005423	0.00059	0.0002797143384081537
EX_pi_e_r	8795.0	1.0	8795.0	9.173573727702e-21	0.014645100000000001	0.014685	0.0030001890495989303	0.0090664	0.01035	0.004524320032621008
EX_nh4_e	635.0	7.486431147806424e-27	635.0	1.0	43.778970099999995	45.366389999999996	5.9840739474005975	127.0081249	135.83116	43.741030480942584
EX_o2_e_r	0.0	1.2810718345817004e-34	0.0	1.0	4.7119726	4.64951	0.9000407343022163	72.7491746	72.132565	5.161918307460493
EX_arg__L_e_r	10000.0	1.0	10000.0	1.2808553621421803e-34	0.19205479999999997	0.19356	0.013708030417948228	0.08377349999999999	0.08471999999999999	0.0062999782547323935
EX_pro__L_e	0.0	2.8133813716091013e-39	0.0	1.0	0.0	0.0	0.0	0.0033672000000000003	0.003905	0.001791774742335857
EX_leu__L_e_r	9510.0	1.0	9510.0	1.5529508307074073e-28	0.010775000000000002	0.010695	0.0024366069718675465	0.0057389999999999984	0.00655	0.002869319596959347
EX_ile__L_e_r	9047.5	1.0	9047.5	2.3284150397082147e-23	0.0049314	0.00492	0.000999502926964249	0.002961200000000001	0.0034	0.0014795612781353718
EX_met__L_e_r	1481.0	4.078639415768086e-18	1481.0	1.0	0.0026378	0.00263	0.0005348474341134841	0.005311100000000001	0.005765	0.001660874112683384
EX_gly_e_r	9784.0	1.0	9784.0	7.341753251131142e-32	0.08475330000000002	0.08951	0.023868916986133012	0.037264500000000006	0.041025	0.013398546383918675
EX_phe__L_e_r	8208.0	0.9999999999999978	8208.0	2.3009478733949517e-15	0.006502500000000001	0.00658	0.0016603251324528415	0.0041137	0.004665	0.0020616467160544704
EX_ser__L_e_r	10000.0	1.0	10000.0	1.2794851966928339e-34	0.1788724	0.164095	0.07013527777175486	0.009424199999999999	0.009685	0.005863106388703221
EX_ala__L_e_f	1711.5	4.722429903798387e-16	1711.5	0.9999999999999996	0.2801845	0.153275	0.2967609329783348	1.0430031000000002	1.1660050000000002	0.7122368750544038
EX_ala__L_e_b	0.0	2.818971252286885e-39	0.0	1.0	0.0	0.0	0.0	0.038763599999999995	0.03652	0.005954267719947439
EX_ribflv_e	nan	nan	nan	nan	0.0	0.0	0.0	0.0	0.0	0.0
EX_asn__L_e	0.0	2.8117271908904383e-39	0.0	1.0	0.0	0.0	0.0	0.0111478	0.01097	0.0007546911603263599
EX_fol_e_r	0.0	1.2129716707817358e-34	0.0	1.0	0.0001543	0.00016	6.133621534730776e-05	0.0013705999999999998	0.001255	0.0003968049669777104
EX_urea_e	8333.0	0.9999999999999998	8333.0	1.934058905357009e-16	0.048523300000000005	0.044785	0.015424190567305816	0.0311287	0.023195	0.025024105092223914
EX_pyr_e	0.0	2.8181424378192464e-39	0.0	1.0	0.0	0.0	0.0	0.008255299999999998	0.008105000000000001	0.0022223731309870837
PYRt2	0.0	2.8181424378192464e-39	0.0	1.0	0.0	0.0	0.0	0.008255299999999998	0.008105000000000001	0.0022223731309870837
EX_gudac_e	9978.0	1.0	9978.0	2.4766843707665843e-34	0.1154057	0.115675	0.019961686547185355	0.0235473	0.026525	0.011290517685476634
EX_hdca_e_f	1622.0	7.752761433841488e-17	1622.0	0.9999999999999999	0.8612872	0.83506	0.17526100678459974	1.6801328000000004	1.8021	0.7800879165838691
EX_hdca_e_b	0.0	1.3195854386288611e-39	0.0	1.0	0.0	0.0	0.0	0.00011480000000000003	0.00011	1.7893060558820446e-05
EX_ptrcIN_e	0.0	2.1066156661136165e-39	0.0	1.0	0.0	0.0	0.0	0.0004652	0.00047	2.1949436844205774e-05
EX_ptrcOUT_e	9891.0	1.0	9891.0	3.2691626605814986e-33	0.09854020000000001	0.10246	0.020180697747495195	0.0199932	0.02281	0.010861001579648689
EX_biomassx	9047.0	1.0	9047.0	2.3639931039974397e-23	0.017238500000000004	0.01721	0.003495894670246023	0.0103501	0.011885	0.005172097145142178
EX_h2o2_e	2730.5	1.4777244177911602e-08	2730.5	0.9999999854276864	0.0694953	0.068855	0.018521824007250356	0.19241410000000006	0.131465	0.15032347970189774
EX_gthox_e	0.0	1.2807832125755886e-34	0.0	1.0	0.014009300000000002	0.010624999999999999	0.010914141993974903	1.2367987999999999	1.083915	0.8254441346076313
EX_2obut_e	10000.0	1.0	10000.0	1.2810718345817004e-34	0.7039989999999997	0.6985399999999999	0.0419832526855722	0.051971600000000014	0.04889	0.00796181045346909
EX_crn_e	0.0	2.8200076051853168e-39	0.0	1.0	0.0	0.0	0.0	1.0273059	1.1730450000000001	0.3635578103255062
EX_val__L_e_r	9978.0	1.0	9978.0	2.477514287573863e-34	0.21463949999999998	0.17718499999999998	0.08254959150306701	0.0501817	0.05678	0.021518660685248714
EX_spmd_e	50.0	1.0754608989730883e-38	50.0	1.0	0.0	0.0	0.0	0.0048187	0.004425	0.004167035293996697
EX_sprm_e	0.0	1.2333218278440037e-34	0.0	1.0	0.00019959999999999995	0.00022	7.822423092003079e-05	0.0207697	0.02247	0.011024977743856232
EX_5mthf_e	0.0	1.2129716707817358e-34	0.0	1.0	0.0001543	0.00016	6.133621534730776e-05	0.0013705999999999998	0.001255	0.0003968049669777104
EX_tmlys_e_r	0.0	2.8200076051853168e-39	0.0	1.0	0.0	0.0	0.0	1.0273059	1.1730450000000001	0.3635578103255062
EX_thbpt_e_r	7063.5	0.9999997714952494	7063.5	2.31442309622472e-07	0.0020299999999999997	0.00207	0.000785427889558914	0.001428	0.00155	0.0007533708759752243
EX_CE2705_e	7063.5	0.9999997714952494	7063.5	2.31442309622472e-07	0.0020299999999999997	0.00207	0.000785427889558914	0.001428	0.00155	0.0007533708759752243
EX_crtn_e	3063.5	1.120296421733087e-06	3063.5	0.999998893110418	0.021932699999999996	0.02138	0.00976638533621081	0.025379199999999998	0.027855	0.010634944846062337
EX_his__L_e_r	9753.0	1.0	9753.0	1.7861206429001996e-31	0.16818569999999997	0.173015	0.02075183157329648	0.09931690000000001	0.090335	0.0270869957130276
EX_lys__L_e_r	10000.0	1.0	10000.0	1.2810718345817004e-34	0.2067295	0.200045	0.0301873353060317	0.023030899999999997	0.025345	0.009346771829153775
EX_carn_e_r	2.0	1.3603956914705778e-34	2.0	1.0	5.891546099999999	6.120985	1.5768196391713782	11.390668900000001	11.148454999999998	1.4850517661323182
EX_csn_e_r	1426.0	1.2571387710215862e-18	1426.0	1.0	14.411023899999998	14.22261	1.856031396784627	47.489865	52.229965	23.444384665791446
EX_cys__L_e	0.0	2.8195930193767757e-39	0.0	1.0	0.0	0.0	0.0	0.0849844	0.084385	0.011663539781833997
EX_cyan_e_r	4100.0	0.013980524925469782	4100.0	0.9861063340666635	0.08648420000000001	0.08676	0.018050718398641943	0.08637030000000001	0.09251000000000001	0.03191092746737836
EX_tcyntc	8384.5	0.9999999999999999	8384.5	6.78243166725098e-17	0.0162414	0.016465	0.0058445232966989336	0.0092381	0.00722	0.01168059659253652
EX_tcynt_e	2901.0	1.468422417904632e-07	2901.0	0.9999998550510188	0.0702428	0.06806999999999999	0.016145841011845682	0.07713239999999999	0.084185	0.030148805129680923
EX_so3_e	9421.0	1.0	9421.0	1.7021389988916767e-27	0.28207889999999997	0.283565	0.014664018142061442	0.1140844	0.089155	0.07556160719210878
EX_thr__L_e_r	10000.0	1.0	10000.0	1.280711066965257e-34	0.7107640000000001	0.7052499999999999	0.041496853087452504	0.05179359999999999	0.04937	0.007043934351732358
EX_trp__L_e_r	9976.0	1.0	9976.0	2.6116617564066294e-34	0.0046942	0.004104999999999999	0.0019930090848064926	0.0010502000000000003	0.00091	0.0004769261425572575
EX_anth_e	9923.5	1.0	9923.5	1.2455129851547081e-33	0.004464699999999999	0.00388	0.0019666812814043517	0.0007180999999999999	0.000505	0.0006080548470078147
EX_tyr__L_e_r	3004.0	5.399750207165955e-07	3004.0	0.9999994666716333	0.0007224000000000001	0.00072	0.00034152397611679665	0.0010718	0.00122	0.0006376271986391769
EX_cystinex_r	10000.0	1.0	10000.0	1.280711066965257e-34	0.19451309999999997	0.19609	0.007421770010644974	0.0733407	0.07272999999999999	0.012117648391307346
EX_3hydroxybutanoatex_r	228.0	1.0367580959034162e-31	228.0	1.0	4.393649099999999	4.425635	1.214978931721643	18.6525465	20.642879999999998	7.018435758838301
EX_gthrd_e_r	0.0	1.2807832125755886e-34	0.0	1.0	0.0104716	0.00681	0.011530731596543003	2.4550399	2.134145	1.662196599237332
EX_cmp_e_r	9930.0	1.0	9930.0	9.875626094171374e-34	0.0008137	0.00081	0.0001688263407568065	0.0003151	0.00032	0.00018492419959529254
HEX1	8548.0	1.0	8548.0	2.2003886253353917e-18	4.5506	4.55225	0.2378143562410466	2.8506582000000003	1.96237	2.9652533460071893
G6PP	1357.0	2.7912271000254647e-19	1357.0	1.0	0.3451944999999999	0.37390999999999996	0.14415055889957765	2.7435761000000007	1.850055	2.9704342832822914
PGI	10000.0	1.0	10000.0	1.2809996731450625e-34	1.8050420000000003	1.739935	0.47550746876204253	0.040067700000000005	0.053239999999999996	0.02368071916798836
PFK	1575.5	2.9761488650104496e-17	1575.5	1.0	0.4968329	0.49822999999999995	0.22050442508349813	5.9693819999999995	2.3148999999999997	6.986350892262727
FBP	0.0	1.2748085699929922e-34	0.0	1.0	0.05209389999999999	0.07166	0.037003343771785394	5.957773599999999	2.31219	6.983397318381999
FBA	9931.0	1.0	9931.0	1.0036787062959951e-33	0.4447388	0.46348500000000004	0.22101022553828784	0.0116083	0.01044	0.007568833898016099
TPI	10000.0	1.0	10000.0	1.2809996731450625e-34	3.4004911999999994	3.3849	0.22552638220228807	0.0509755	0.053245	0.015640965596726435
GAPD	10000.0	1.0	10000.0	1.2809996731450625e-34	7.598706900000001	7.59543	0.3823907379924547	0.10740400000000004	0.10352	0.047748634165245656
PGK	10000.0	1.0	10000.0	1.2809275156652627e-34	7.3989037	7.376285	0.37315635934079266	0.032511200000000004	0.03483	0.020897602166833215
DPGM	6655.0	0.9999738423297907	6655.0	2.643184079989539e-05	0.19980340000000002	0.158635	0.18312535135124017	0.07489340000000001	0.061815	0.05707435848438457
DPGase	6655.0	0.9999738423297907	6655.0	2.643184079989539e-05	0.19980340000000002	0.158635	0.18312535135124017	0.07489340000000001	0.061815	0.05707435848438457
PGM_f	10000.0	1.0	10000.0	1.2810718345817004e-34	27.8425541	27.894869999999997	1.8117292752757241	0.4064701	0.37766500000000003	0.11113389957768709
ENO_f	10000.0	1.0	10000.0	1.2810718345817004e-34	28.0217403	28.255335000000002	1.634417563118808	0.4600758	0.42762	0.12608064728801824
PYK	0.0	1.2810718345817004e-34	0.0	1.0	7.5127893	7.54119	0.40930499143381627	80.63811319999999	76.29106	20.857159693303046
LDH_L	10000.0	1.0	10000.0	1.280711066965257e-34	7.357161500000001	7.39916	0.32339419176513395	0.07817759999999999	0.07859	0.002868546290053869
r0407	10000.0	1.0	10000.0	1.2809996731450625e-34	2.9557525999999994	2.9393399999999996	0.2747354903131668	0.039367	0.03686	0.017263406004282205
PRPPS	122.5	4.850107931124979e-33	122.5	1.0	0.0024452	0.0023550000000000003	0.0005785989347317598	0.0478037	0.049735	0.024404664426450874
G6PDH2r	10000.0	1.0	10000.0	1.2809996731450625e-34	2.3956199999999996	2.371265	0.46107542952221053	0.06416470000000002	0.048045000000000004	0.031617558459492
PGL	10000.0	1.0	10000.0	1.2809996731450625e-34	2.3956199999999996	2.371265	0.46107542952221053	0.06416470000000002	0.048045000000000004	0.031617558459492
GND	10000.0	1.0	10000.0	1.2809996731450625e-34	2.3956199999999996	2.371265	0.46107542952221053	0.06416470000000002	0.048045000000000004	0.031617558459492
RPI	10000.0	1.0	10000.0	1.2809996731450625e-34	0.8001699000000001	0.7919700000000001	0.15380559915130831	0.053258	0.05484	0.00912534443794376
TKT2_f	10000.0	1.0	10000.0	1.2810718345817004e-34	0.9165297000000001	0.908785	0.1516103035293866	0.14589449999999998	0.13229000000000002	0.04474499839720252
RPE_f	10000.0	1.0	10000.0	1.2810718345817004e-34	1.9779353	1.964975	0.29481957937137954	0.18056080000000002	0.16686	0.05732847295606912
TKT1_f	10000.0	1.0	10000.0	1.2808553621421803e-34	0.9148886	0.90875	0.14980875267426194	0.1417457	0.129945	0.04489288828641982
TALA_f	10000.0	1.0	10000.0	1.2809996731450625e-34	3.1864515	3.19274	0.2591580267384744	0.18482189999999998	0.17512499999999998	0.04708147899153448
r0408	10000.0	1.0	10000.0	1.2809996731450625e-34	2.9557525999999994	2.9393399999999996	0.2747354903131668	0.039367	0.03686	0.017263406004282205
PDHm	0.0	1.2810718345817004e-34	0.0	1.0	1.066757	1.01956	0.2707911586090065	10.0738123	10.58513	2.221770046273214
PCm	0.0	1.2810718345817004e-34	0.0	1.0	1.8371363000000003	1.558255	1.4660621630471522	113.22681429999999	114.311515	5.47658671972103
PEPCK_re	0.0	2.8200076051853168e-39	0.0	1.0	0.0	0.0	0.0	82.0277675	78.492985	20.77842418755801
CSm	0.0	1.2810718345817004e-34	0.0	1.0	10.420016	10.29113	2.5578365135470142	47.4124342	50.142485	12.619289120846608
ACONTm_f	10000.0	1.0	10000.0	1.2810718345817004e-34	184.84074669999998	183.94912	15.139481120730514	30.572115999999998	28.38337	9.803643038095789
ICDHxm	717.0	6.332703502662536e-26	717.0	1.0	1.6663478999999994	1.850695	0.7725317124193188	15.346310600000002	13.91812	8.97791307563198
ICDHym_f	0.0	1.2810718345817004e-34	0.0	1.0	0.5904791	0.37334999999999996	0.8744356563389668	132.6890024	124.61011500000001	39.24408496572919
AKGDm	0.0	1.2810718345817004e-34	0.0	1.0	4.118153400000001	4.094385	1.2542930807432704	42.0525067	43.21904	6.207755664403964
SUCOAS1m_f	10000.0	1.0	10000.0	1.2810718345817004e-34	191.2155646	189.43850500000002	13.269357770029691	89.17553999999998	85.435625	18.76629011077296
SUCD1m	0.0	1.2810718345817004e-34	0.0	1.0	4.3280894	4.283799999999999	1.2182903458857517	44.1539639	45.66556	6.648094097918256
FUMm_f	10000.0	1.0	10000.0	1.2810718345817004e-34	344.0612608999999	348.752925	32.3109903559327	145.06849329999997	138.20682	39.630542973677805
MDHm_f	10000.0	1.0	10000.0	1.2810718345817004e-34	834.6505465	840.388765	86.11625135646072	325.67119949999994	299.96655999999996	90.68677393369512
ME1m	651.0	1.1391255774777568e-26	651.0	1.0	1.4329072999999997	0.892185	1.2101314764331403	16.9772369	16.91301	7.638851595401832
ME2m	1016.0	1.0877585986683043e-22	1016.0	1.0	0.7310713	0.55735	0.6133960761429648	3.6445795	4.109215000000001	1.9894501808188998
ME2	34.0	3.545946137531362e-34	34.0	1.0	0.32244659999999997	0.15979	0.3954742684582218	20.421744699999998	23.298325	9.65667567535395
ACITL	1661.0	1.7136386368072826e-16	1661.0	0.9999999999999998	7.102806500000001	6.800235000000001	1.4774417164018327	13.4637503	14.439345	6.251609312319001
FUM_f	7541.0	0.9999999997348625	7541.0	2.6929133904561414e-10	156.7848614	159.852815	13.366441081692598	148.1150581	139.21438	36.91602976351928
MDH_f	10000.0	1.0	10000.0	1.2810718345817004e-34	518.7905845	527.9038949999999	45.73581061763924	76.5940876	65.40129	32.31269885481124
AKGMALtm_f	10000.0	1.0	10000.0	1.2810718345817004e-34	563.5588551999999	577.6045799999999	45.370641922399656	199.9416114	201.05361	84.28800022352065
ACONT	0.0	1.2810718345817004e-34	0.0	1.0	23.543638699999995	23.11052	5.465395584531043	118.65523680000003	118.417355	18.14984239022226
ICDHyr	0.0	1.2810718345817004e-34	0.0	1.0	23.543638699999995	23.11052	5.465395584531043	118.65523680000003	118.417355	18.14984239022226
PPA	0.0	1.2810718345817004e-34	0.0	1.0	0.5675864000000002	0.530545	0.17897911373840764	20.193408299999998	16.697319999999998	11.030960346890968
Complex1ROS	0.0	1.2810718345817004e-34	0.0	1.0	3.5451086999999997	3.50359	0.625841257719519	67.67309510000001	54.433125000000004	26.933073070069145
FADH2ETC	0.0	1.2810718345817004e-34	0.0	1.0	5.1188094	5.14844	1.2626191412961048	73.3114976	82.76461	24.268765561222764
CYOR_u10mi	0.0	1.2810718345817004e-34	0.0	1.0	8.4867638	8.331265	1.7702402096723964	137.6012173	136.54410000000001	10.51581127399962
CYOOm2i	0.0	1.2810718345817004e-34	0.0	1.0	4.243381899999999	4.16563	0.8851200376604694	68.80060909999999	68.27205000000001	5.257905635458481
ATPS4mi	0.0	1.2810718345817004e-34	0.0	1.0	10.487148900000001	9.962064999999999	2.3101524691554975	185.2740607	187.93597999999997	12.504936429559155
GLUCYS	5086.0	0.58369481998606	5086.0	0.41725867364539915	0.017548	0.0112	0.015317714311122652	0.0185589	0.016265	0.015882701910880873
GTHS	5086.0	0.58369481998606	5086.0	0.41725867364539915	0.017548	0.0112	0.015317714311122652	0.0185589	0.016265	0.015882701910880873
SPODMm	0.0	1.2809275156652627e-34	0.0	1.0	0.08862790000000001	0.087585	0.015646190764669988	1.6918267999999999	1.360825	0.6733266736332522
GTHPi	9149.0	1.0	9149.0	1.9041172259231182e-24	0.0871219	0.08704999999999999	0.014597481842821903	0.0349393	0.025849999999999998	0.0253438621364207
GTHPm	0.0	1.2808553621421803e-34	0.0	1.0	0.0191331	0.01638	0.010909593933225874	1.4994135999999998	1.241005	0.6973932142340047
GDR	9883.0	1.0	9883.0	4.1363076003668436e-33	0.20205930000000002	0.20640999999999998	0.02650812855150341	0.0629478	0.04877	0.046624805479703636
GTHOr	8327.0	0.9999999999999998	8327.0	2.183195199187519e-16	0.05461129999999999	0.04547	0.037422693883322304	0.0222837	0.01489	0.020278953345722252
GDRm	900.5	6.5118597408167865e-24	900.5	1.0	0.0041513	0.0036550000000000003	0.0034417404145007918	0.2569276999999999	0.30254499999999995	0.169465244545299
GTHOm	1563.0	2.273775680060727e-17	1563.0	1.0	0.0009715000000000001	0.000795	0.0005445828261572839	0.0056865	0.0031799999999999997	0.005000004924239999
r0885	0.0	1.2808553621421803e-34	0.0	1.0	0.0280192	0.021255	0.021828491837944095	2.4735988	2.1678249999999997	1.6508893251919978
PYRt2m_f	0.0	1.2810718345817004e-34	0.0	1.0	44.04237219999999	43.85080000000001	3.245961424389297	118.89420620000001	120.453915	11.123326453028247
HMR_4964	0.0	1.2810718345817004e-34	0.0	1.0	30.646445700000005	29.82975	6.883332858883579	132.1189866	133.87854	15.42743333869884
r2420	8492.0	1.0	8492.0	7.248615463331979e-18	8.5061924	8.173295	1.872074424469219	3.8618335999999998	2.7025550000000003	3.478212343466899
ATPtm	0.0	1.2810718345817004e-34	0.0	1.0	8.6472307	8.150635000000001	2.008875292250531	72.0466284	73.526545	8.06228602385702
FUMtm_f	1673.0	2.1833598544011642e-16	1673.0	0.9999999999999998	12.5614268	12.65861	0.783410232171156	21.358364200000004	17.580685	11.395157725664088
CO2tm_f	8268.0	0.9999999999999993	8268.0	7.096335113294062e-16	249.3546096	251.26411000000002	16.97127173503452	216.8711751	175.90615	109.60156290499317
O2tm	0.0	1.2810718345817004e-34	0.0	1.0	4.3320096	4.251035	0.8992171793859749	70.49243659999999	69.807995	5.515281255395742
r0801_f	8587.0	1.0	8587.0	9.488026437760901e-19	97.39841400000002	97.41566499999999	7.962801237263154	67.1286154	50.11784	45.028258009920556
THD1m	0.0	1.2810718345817004e-34	0.0	1.0	22.032128599999997	21.581925	4.658555553630834	121.4018256	118.48503500000001	12.633700438240197
H2Otm_f	0.0	2.8200076051853168e-39	0.0	1.0	0.0	0.0	0.0	34.260002300000004	28.06571	16.726931389882125
H2Otm_b	0.0	2.8200076051853168e-39	0.0	1.0	0.0	0.0	0.0	248.93990630000005	240.77154000000002	55.480013131301526
NH4tm_f	8662.0	1.0	8662.0	1.8351846816207456e-19	152.5358631	152.93932999999998	12.683858892441966	73.9042475	62.89623	44.21296822111266
HCO3E	1661.0	1.7136386368072826e-16	1661.0	0.9999999999999998	6.2131267	5.948885000000001	1.2920824957620376	11.780041200000003	12.634	5.469753175951626
HCO3Em	0.0	1.2810718345817004e-34	0.0	1.0	1.8398816	1.5602049999999998	1.4667756019542741	113.2272216	114.312045	5.47654604608713
GLUN	1802.0	2.7979872156687297e-15	1802.0	0.9999999999999972	0.8293567000000002	0.68908	0.8609850399515158	5.105093300000001	4.320805	4.166007875165083
GLNS	872.0	3.2152650352803035e-24	872.0	1.0	0.31162699999999993	0.15309499999999998	0.7931999927024915	7.1639558	5.667605	5.169197920698715
GLUt2m	1521.0	9.534025383847708e-18	1521.0	1.0	0.10621959999999996	0.100915	0.06390514956756244	0.7637817000000002	0.80018	0.501948088066129
GLNtm_1	2839.5	6.539915069878123e-08	2839.5	0.9999999354670245	0.39320389999999994	0.37661	0.15023233564221503	0.7606512000000002	0.7744	0.4983235749166774
GLUNm	2839.5	6.539915069878123e-08	2839.5	0.9999999354670245	0.39320389999999994	0.37661	0.15023233564221503	0.7606512000000002	0.7744	0.4983235749166774
GLUPRT	9045.5	1.0	9045.5	2.4184857362008017e-23	0.0019449000000000003	0.00194	0.000394432196423869	0.0011679999999999998	0.00134	0.0005837046437292674
PRAGSr	9045.5	1.0	9045.5	2.4184857362008017e-23	0.0019449000000000003	0.00194	0.000394432196423869	0.0011679999999999998	0.00134	0.0005837046437292674
GARFT	9045.5	1.0	9045.5	2.4184857362008017e-23	0.0019449000000000003	0.00194	0.000394432196423869	0.0011679999999999998	0.00134	0.0005837046437292674
PRFGS	9045.5	1.0	9045.5	2.4184857362008017e-23	0.0019449000000000003	0.00194	0.000394432196423869	0.0011679999999999998	0.00134	0.0005837046437292674
PRAIS	9045.5	1.0	9045.5	2.4184857362008017e-23	0.0019449000000000003	0.00194	0.000394432196423869	0.0011679999999999998	0.00134	0.0005837046437292674
AIRCr	9045.5	1.0	9045.5	2.4184857362008017e-23	0.0019449000000000003	0.00194	0.000394432196423869	0.0011679999999999998	0.00134	0.0005837046437292674
PRASCSi	9045.5	1.0	9045.5	2.4184857362008017e-23	0.0019449000000000003	0.00194	0.000394432196423869	0.0011679999999999998	0.00134	0.0005837046437292674
ADSL2r	9045.5	1.0	9045.5	2.4184857362008017e-23	0.0019449000000000003	0.00194	0.000394432196423869	0.0011679999999999998	0.00134	0.0005837046437292674
AICART	9045.5	1.0	9045.5	2.4184857362008017e-23	0.0019449000000000003	0.00194	0.000394432196423869	0.0011679999999999998	0.00134	0.0005837046437292674
IMPC	9045.5	1.0	9045.5	2.4184857362008017e-23	0.0019449000000000003	0.00194	0.000394432196423869	0.0011679999999999998	0.00134	0.0005837046437292674
ADSS	9048.5	1.0	9048.5	2.2206314855215532e-23	0.0011522	0.00115	0.00023364732120670825	0.0006918999999999999	0.00079	0.0003450360689679977
ADSL1r	9048.5	1.0	9048.5	2.2206314855215532e-23	0.0011522	0.00115	0.00023364732120670825	0.0006918999999999999	0.00079	0.0003450360689679977
IMPDH2	9044.0	1.0	9044.0	2.4495324053729986e-23	0.0007929000000000001	0.00079	0.00016077649333183259	0.00047650000000000004	0.00055	0.0002384816237123625
GMPS	2484.5	3.916603795492156e-10	2484.5	0.9999999996143297	0.00021319999999999995	0.000205	0.0001014528800413614	0.00034930000000000003	0.00038	0.00018879872773925038
GMPS2	10000.0	1.0	10000.0	1.0976240030278903e-34	0.0005794000000000001	0.000525	0.0002139282424769879	0.0001275	0.00015	6.339510544150387e-05
GK1	9044.0	1.0	9044.0	2.4495324053729986e-23	0.0007929000000000001	0.00079	0.00016077649333183259	0.00047650000000000004	0.00055	0.0002384816237123625
RNDR2	9036.0	1.0	9036.0	2.011416844552348e-23	0.00017069999999999998	0.00017	3.453164264025596e-05	0.0001021	0.00012	5.187971713979414e-05
ADK1	0.0	1.2810718345817004e-34	0.0	1.0	0.5666276	0.529635	0.17899275096839068	20.1928327	16.696894999999998	11.031187722763685
RNDR1	9027.0	1.0	9027.0	3.0193023612845825e-23	0.0002279	0.00023	4.6085011476924706e-05	0.00013639999999999998	0.00016	6.934790056758253e-05
CBPS	2055.5	2.873747584823096e-13	2055.5	0.9999999999997178	0.00010049999999999998	5.5e-05	9.469115133640599e-05	0.0002796000000000001	0.00026	0.00016271633618234545
ASPCT	2055.5	2.873747584823096e-13	2055.5	0.9999999999997178	0.00010049999999999998	5.5e-05	9.469115133640599e-05	0.0002796000000000001	0.00026	0.00016271633618234545
DHORTS	2055.5	2.873747584823096e-13	2055.5	0.9999999999997178	0.00010049999999999998	5.5e-05	9.469115133640599e-05	0.0002796000000000001	0.00026	0.00016271633618234545
DHORD9	2055.5	2.873747584823096e-13	2055.5	0.9999999999997178	0.00010049999999999998	5.5e-05	9.469115133640599e-05	0.0002796000000000001	0.00026	0.00016271633618234545
ORPT	2055.5	2.873747584823096e-13	2055.5	0.9999999999997178	0.00010049999999999998	5.5e-05	9.469115133640599e-05	0.0002796000000000001	0.00026	0.00016271633618234545
OMPDC	2055.5	2.873747584823096e-13	2055.5	0.9999999999997178	0.00010049999999999998	5.5e-05	9.469115133640599e-05	0.0002796000000000001	0.00026	0.00016271633618234545
UMPK	7555.5	0.9999999997903776	7555.5	2.1292600080241108e-10	0.0011687	0.001175	0.00023454083661572463	0.0008215	0.00093	0.0004160428663811779
RNDR4	9979.0	1.0	9979.0	1.8170396904589338e-34	0.0002257	0.00023	4.5952434784527605e-05	8.130000000000002e-05	9e-05	4.189103228447092e-05
TMDS	9979.0	1.0	9979.0	1.8170396904589338e-34	0.0002257	0.00023	4.5952434784527605e-05	8.130000000000002e-05	9e-05	4.189103228447092e-05
URIDK2r	9979.0	1.0	9979.0	1.8170396904589338e-34	0.0002257	0.00023	4.5952434784527605e-05	8.130000000000002e-05	9e-05	4.189103228447092e-05
NDPK2	6329.0	0.999421676144863	6329.0	0.0005833130395623652	0.0009427000000000001	0.00095	0.00018858781412478282	0.0007398000000000002	0.00084	0.00037654457661984484
NDPK3_f	153.5	1.1797618320714346e-32	153.5	1.0	0.0007702000000000001	0.000775	0.0001215554078258848	0.0020876000000000002	0.00164	0.0013790255086601384
CYTK1_r	9930.0	1.0	9930.0	9.875626094171374e-34	0.0008137	0.00081	0.0001688263407568065	0.0003151	0.00032	0.00018492419959529254
CTPS1	1219.0	7.11837610836861e-21	1219.0	1.0	2.17e-05	2e-05	1.5702730895476672e-05	0.00018710000000000002	0.00017500000000000003	0.00012679654426033714
RNDR3	9016.0	1.0	9016.0	3.231044749126329e-23	0.00016299999999999998	0.00016	3.3196689624421925e-05	9.730000000000002e-05	0.00011	4.941792501847193e-05
GDHm	0.0	1.2810718345817004e-34	0.0	1.0	1.5796725	1.29581	1.3353656317084965	26.573453	23.50897	9.104166863939586
GLUDym_f	9120.0	1.0	9120.0	3.9227589413375344e-24	173.00020999999998	173.75663500000002	27.135725166188372	78.8740052	68.78549000000001	41.785131814747785
ASPTA_f	8337.0	0.9999999999999998	8337.0	1.7843463634976443e-16	198.283908	198.163945	32.6122860618647	156.0989221	119.389935	98.88668616471534
ASPTAm	0.0	1.2810718345817004e-34	0.0	1.0	1.1836791999999996	1.0692599999999999	0.751674213213048	125.2635807	89.88777999999999	74.42390387912931
ASPGLUm	0.0	1.2810718345817004e-34	0.0	1.0	0.9117700999999999	0.81316	0.7453576664869684	125.1935997	89.839675	74.39498725524415
ASPT	462.0	7.244676700976661e-29	462.0	1.0	0.07083300000000001	0.0141	0.11022450091068728	3.713194699999999	3.96762	2.125739822361772
CBPSam	nan	nan	nan	nan	0.0	0.0	0.0	0.0	0.0	0.0
OCBTm	nan	nan	nan	nan	0.0	0.0	0.0	0.0	0.0	0.0
ORNt4m	nan	nan	nan	nan	0.0	0.0	0.0	0.0	0.0	0.0
ARGSS	406.5	1.580904206950533e-29	406.5	1.0	0.0595945	0.056885	0.047076035452116076	2.2388747999999996	0.782025	3.6285913595834116
ARGSL	406.5	1.580904206950533e-29	406.5	1.0	0.0595945	0.056885	0.047076035452116076	2.2388747999999996	0.782025	3.6285913595834116
ARGN	8333.0	0.9999999999999998	8333.0	1.934058905357009e-16	0.048523300000000005	0.044785	0.015424190567305816	0.0311287	0.023195	0.025024105092223914
ORNDC	10000.0	1.0	10000.0	1.2806389253109373e-34	0.18586219999999998	0.18775999999999998	0.01408490233899369	0.08005529999999998	0.08032	0.006956901007364028
SPMS	0.0	1.234087039520325e-34	0.0	1.0	0.0002001	0.00022	7.857949715884783e-05	0.025587900000000007	0.025305	0.013141672578926821
SPRMS	0.0	1.2333218278440037e-34	0.0	1.0	0.00019959999999999995	0.00022	7.822423092003079e-05	0.0207697	0.02247	0.011024977743856232
ADMDC	0.0	1.2665039020581109e-34	0.0	1.0	0.00039940000000000006	0.000435	0.00015688778721678043	0.0463567	0.048335	0.023897891291742024
MTAP	0.0	1.2665039020581109e-34	0.0	1.0	0.00039940000000000006	0.000435	0.00015688778721678043	0.0463567	0.048335	0.023897891291742024
ADPT	0.0	1.2665039020581109e-34	0.0	1.0	0.00039940000000000006	0.000435	0.00015688778721678043	0.0463567	0.048335	0.023897891291742024
MTRI	0.0	1.2665039020581109e-34	0.0	1.0	0.00039940000000000006	0.000435	0.00015688778721678043	0.0463567	0.048335	0.023897891291742024
MDRPD	0.0	1.2665039020581109e-34	0.0	1.0	0.00039940000000000006	0.000435	0.00015688778721678043	0.0463567	0.048335	0.023897891291742024
DKMPPD	0.0	1.2665039020581109e-34	0.0	1.0	0.00039940000000000006	0.000435	0.00015688778721678043	0.0463567	0.048335	0.023897891291742024
SPMDtex2	50.0	1.0754608989730883e-38	50.0	1.0	0.0	0.0	0.0	0.0048187	0.004425	0.004167035293996697
SPRMti	0.0	1.2333218278440037e-34	0.0	1.0	0.00019959999999999995	0.00022	7.822423092003079e-05	0.0207697	0.02247	0.011024977743856232
GLYAMDTRc	9869.0	1.0	9869.0	6.234095504646513e-33	0.1373384	0.136285	0.02134163568182527	0.048926500000000005	0.05544	0.020510608113900968
ARGDr	406.5	1.580904206950533e-29	406.5	1.0	0.0595945	0.056885	0.047076035452116076	2.2388747999999996	0.782025	3.6285913595834116
r0074_f	289.0	5.897347127433499e-31	289.0	1.0	0.0071107	0.0071	0.0014421191302588655	0.04117640000000001	0.027505	0.03884320934425496
r0074_b	0.0	2.8195930193767757e-39	0.0	1.0	0.0	0.0	0.0	0.040275100000000015	0.026660000000000003	0.03913502225189818
GLU5SAtmc_f	332.5	2.011335381990762e-30	332.5	1.0	0.0071107	0.0071	0.0014421191302588655	0.04111059999999999	0.027049999999999998	0.03887608064222794
GLU5SAtmc_b	0.0	2.8191784931018382e-39	0.0	1.0	0.0	0.0	0.0	0.04020870000000001	0.026205	0.03916653855955838
G5SADs_f	332.5	2.011335381990762e-30	332.5	1.0	0.0071107	0.0071	0.0014421191302588655	0.04111059999999999	0.027049999999999998	0.03887608064222794
G5SADs_b	0.0	2.8191784931018382e-39	0.0	1.0	0.0	0.0	0.0	0.04020870000000001	0.026205	0.03916653855955838
PRO1x	10000.0	1.0	10000.0	1.227632059806948e-34	0.0037436	0.00338	0.0011417862312971714	0.00026900000000000003	0.0003	0.00016393827367566606
P5CR	9834.0	1.0	9834.0	1.7090401567110894e-32	0.003367300000000001	0.0036049999999999997	0.001089622170638738	0.000633	0.00054	0.0004153919896320885
PROD2	nan	nan	nan	nan	0.0	0.0	0.0	0.0	0.0	0.0
EXRiboflavin	nan	nan	nan	nan	0.0	0.0	0.0	0.0	0.0	0.0
RBFK	nan	nan	nan	nan	0.0	0.0	0.0	0.0	0.0	0.0
FMNAT	nan	nan	nan	nan	0.0	0.0	0.0	0.0	0.0	0.0
TransportFAD	nan	nan	nan	nan	0.0	0.0	0.0	0.0	0.0	0.0
ASNS1	0.0	1.280711066965257e-34	0.0	1.0	0.0698341	0.079645	0.02831289594795269	1.4875224	1.494285	0.9059117880787512
ASNN	0.0	1.280711066965257e-34	0.0	1.0	0.0650171	0.07474	0.02837599829757252	1.4957778999999995	1.501295	0.9050057165055185
METS	66.0	9.18673802085427e-34	66.0	1.0	0.10434690000000002	0.056245	0.12113041183827912	7.2134529	6.11496	6.105472677910508
METAT	42.0	4.501287046534293e-34	42.0	1.0	0.1047458	0.056554999999999994	0.1211004505424144	7.2635379	6.15348	6.084106523493715
HMR_3915	65.0	8.918290056325267e-34	65.0	1.0	0.08241440000000001	0.037315	0.11333614897857139	7.191800999999999	6.09269	6.1138619179864575
AHCi	62.0	8.158811950102253e-34	62.0	1.0	0.10434690000000002	0.056245	0.12113041183827912	7.2171807999999995	6.119705	6.105049408738205
ADNK1	62.0	8.158811950102253e-34	62.0	1.0	0.10434690000000002	0.056245	0.12113041183827912	7.2171807999999995	6.119705	6.105049408738205
CYSTS	0.0	2.8164855228697602e-39	0.0	1.0	0.0	0.0	0.0	0.0037273000000000007	0.00375	0.0010672544355977305
CYSTGL	0.0	2.8164855228697602e-39	0.0	1.0	0.0	0.0	0.0	0.0037273000000000007	0.00375	0.0010672544355977305
MTHFR3	3869.0	0.0028701059683576397	3869.0	0.9971513024333744	0.022086400000000003	0.021475	0.00975291497683921	0.0230226	0.024645	0.009717540697734237
MetSynthesis	105.0	2.8508187831464897e-33	105.0	1.0	0.00027340000000000003	0.00026	0.00011192728519765487	0.031215899999999994	0.03238	0.021519129713495913
UNK3	706.0	3.938280310156001e-26	706.0	1.0	0.0001254	2e-05	0.00013456566869717991	0.0151416	0.016765000000000002	0.009627332168719884
5MTHFt	0.0	1.2129716707817358e-34	0.0	1.0	0.0001543	0.00016	6.133621534730776e-05	0.0013705999999999998	0.001255	0.0003968049669777104
ILETA	nan	nan	nan	nan	0.0	0.0	0.0	0.0	0.0	0.0
3MOPt2im	nan	nan	nan	nan	0.0	0.0	0.0	0.0	0.0	0.0
ILETAm	nan	nan	nan	nan	0.0	0.0	0.0	0.0	0.0	0.0
LEUTA	10000.0	1.0	10000.0	1.0474420536114935e-35	0.0009912999999999999	0.000665	0.0006029886090352475	4.500000000000001e-06	0.0	4.9999999999999996e-06
4MOPt2im	10000.0	1.0	10000.0	1.0474420536114935e-35	0.0009912999999999999	0.000665	0.0006029886090352475	4.500000000000001e-06	0.0	4.9999999999999996e-06
LEUTAm	9922.0	1.0	9922.0	1.1011326551703048e-33	0.0003797	0.00037	0.0001333443556050168	8.790000000000001e-05	8.5e-05	7.1693722870206e-05
OIVD1m	10000.0	1.0	10000.0	1.1833585589937066e-34	0.0013703	0.001115	0.0006138625105169574	9.270000000000004e-05	9e-05	7.346895173259838e-05
ACOAD8m	10000.0	1.0	10000.0	1.1833585589937066e-34	0.0013703	0.001115	0.0006138625105169574	9.270000000000004e-05	9e-05	7.346895173259838e-05
MCCCrm	10000.0	1.0	10000.0	1.1833585589937066e-34	0.0013703	0.001115	0.0006138625105169574	9.270000000000004e-05	9e-05	7.346895173259838e-05
MGCHrm	10000.0	1.0	10000.0	1.1833585589937066e-34	0.0013703	0.001115	0.0006138625105169574	9.270000000000004e-05	9e-05	7.346895173259838e-05
HMGCOAtm	9991.5	1.0	9991.5	1.5741444695457385e-34	0.001375	0.00112	0.0006136255891309975	0.00031400000000000004	0.000335	0.0001961601077660488
VALTA	10000.0	1.0	10000.0	1.1347263834950047e-34	0.1874081	0.1668	0.06539871184125075	9.13e-05	0.000105	3.857709060040582e-05
3MOBt2im	10000.0	1.0	10000.0	1.1347263834950047e-34	0.1874081	0.1668	0.06539871184125075	9.13e-05	0.000105	3.857709060040582e-05
VALTAim	1811.0	3.3287474093814794e-15	1811.0	0.9999999999999968	0.021152900000000002	0.012535000000000001	0.018969013024968222	0.0464408	0.05216	0.020323035826670218
OIVD2m	9979.0	1.0	9979.0	2.4044906555325176e-34	0.20856060000000004	0.17213499999999998	0.08171615316768926	0.0465322	0.05227	0.020358575022070995
ACOAD9m	9979.0	1.0	9979.0	2.4044906555325176e-34	0.20856060000000004	0.17213499999999998	0.08171615316768926	0.0465322	0.05227	0.020358575022070995
ECOAH12m	9979.0	1.0	9979.0	2.4044906555325176e-34	0.20856060000000004	0.17213499999999998	0.08171615316768926	0.0465322	0.05227	0.020358575022070995
3HBCOAHLm	9979.0	1.0	9979.0	2.4044906555325176e-34	0.20856060000000004	0.17213499999999998	0.08171615316768926	0.0465322	0.05227	0.020358575022070995
HIBDm	9979.0	1.0	9979.0	2.4044906555325176e-34	0.20856060000000004	0.17213499999999998	0.08171615316768926	0.0465322	0.05227	0.020358575022070995
r0643	131.0	6.063188817428981e-33	131.0	1.0	0.0015742	0.00046	0.0028825886864680393	0.027802800000000003	0.029054999999999997	0.014612400301998934
MMSAD1m	nan	nan	nan	nan	0.0	0.0	0.0	0.0	0.0	0.0
MMTSADm	10000.0	1.0	10000.0	1.280711066965257e-34	0.20698709999999998	0.170425	0.08165726140393088	0.018729900000000004	0.018369999999999997	0.011906594938108965
PCC	9991.5	1.0	9991.5	1.5739675016970124e-34	0.0013750999999999998	0.00112	0.0006137045895480359	0.00031400000000000004	0.000335	0.0001961601077660488
MMALH	131.0	6.063188817428981e-33	131.0	1.0	0.0015742	0.00046	0.0028825886864680393	0.027802800000000003	0.029054999999999997	0.014612400301998934
MMEm	177.0	2.3770004421572807e-32	177.0	1.0	0.0029487000000000003	0.00184	0.0029133054762554163	0.028116099999999998	0.029445	0.014594489474462681
MMMm	9979.0	1.0	9979.0	2.4043563411325294e-34	0.20993519999999996	0.172975	0.0822656313902738	0.046846399999999996	0.05261	0.0203975001201499
ILEtmi	nan	nan	nan	nan	0.0	0.0	0.0	0.0	0.0	0.0
LEUt5m	9922.0	1.0	9922.0	1.1011326551703048e-33	0.0003797	0.00037	0.0001333443556050168	8.790000000000001e-05	8.5e-05	7.1693722870206e-05
VALt5m	1811.0	3.3287474093814794e-15	1811.0	0.9999999999999968	0.021152900000000002	0.012535000000000001	0.018969013024968222	0.0464408	0.05216	0.020323035826670218
PGCD	882.0	4.122134663822272e-24	882.0	1.0	0.08591739999999999	0.0716	0.05876946538687063	1.4970588999999999	1.1393149999999999	1.1910341321096942
PSERT	882.0	4.122134663822272e-24	882.0	1.0	0.08591739999999999	0.0716	0.05876946538687063	1.4970588999999999	1.1393149999999999	1.1910341321096942
PSP_L	882.0	4.122134663822272e-24	882.0	1.0	0.08591739999999999	0.0716	0.05876946538687063	1.4970588999999999	1.1393149999999999	1.1910341321096942
GHMT2r_f	8958.0	1.0	8958.0	2.0275977009950719e-22	70.4127208	71.3225	12.944975908645779	24.338259300000004	15.292269999999998	23.201703376749197
SERD_L	383.0	8.246218138259765e-30	383.0	1.0	0.176656	0.143335	0.09939781955009443	2.4890313	2.22698	1.368402865192846
ALATA_L_f	1984.0	8.65779463831553e-14	1984.0	0.999999999999915	0.303218	0.17995	0.29680520887639694	1.0249633999999999	1.1430950000000002	0.7076186993238432
r1435	4.0	3.1530917264217815e-35	4.0	1.0	1.95e-05	1e-05	1.6899883449481554e-05	0.00036570000000000005	0.00027499999999999996	0.00024876362964537934
GLYtm_r	4.0	3.1530917264217815e-35	4.0	1.0	1.95e-05	1e-05	1.6899883449481554e-05	0.00036570000000000005	0.00027499999999999996	0.00024876362964537934
GHMT2rm	4.0	3.1530917264217815e-35	4.0	1.0	1.95e-05	1e-05	1.6899883449481554e-05	0.00036570000000000005	0.00027499999999999996	0.00024876362964537934
MLTHFtm_r	0.0	9.451473274446575e-35	0.0	1.0	5.570000000000001e-05	6e-05	2.123723621425825e-05	0.0005759000000000001	0.00052	0.00015868204025342597
r0962	0.0	9.451473274446575e-35	0.0	1.0	5.570000000000001e-05	6e-05	2.123723621425825e-05	0.0005759000000000001	0.00052	0.00015868204025342597
FORtm_r	1389.5	4.724467183393268e-19	1389.5	1.0	3.580000000000001e-05	3e-05	1.8432514092157254e-05	0.00021080000000000003	0.000245	0.00011517821062171526
r0514	0.0	9.451473274446575e-35	0.0	1.0	5.570000000000001e-05	6e-05	2.123723621425825e-05	0.0005759000000000001	0.00052	0.00015868204025342597
DHFRim	0.0	9.451473274446575e-35	0.0	1.0	5.570000000000001e-05	6e-05	2.123723621425825e-05	0.0005759000000000001	0.00052	0.00015868204025342597
FTHFLmi	1389.5	4.724467183393268e-19	1389.5	1.0	3.580000000000001e-05	3e-05	1.8432514092157254e-05	0.00021080000000000003	0.000245	0.00011517821062171526
MTHFCm	1389.5	4.724467183393268e-19	1389.5	1.0	3.580000000000001e-05	3e-05	1.8432514092157254e-05	0.00021080000000000003	0.000245	0.00011517821062171526
MTHFDm	1389.5	4.724467183393268e-19	1389.5	1.0	3.580000000000001e-05	3e-05	1.8432514092157254e-05	0.00021080000000000003	0.000245	0.00011517821062171526
FOLR2	0.0	1.202749872110756e-34	0.0	1.0	9.860000000000001e-05	9e-05	6.874076613839076e-05	0.0007939999999999999	0.00075	0.0002524666194557093
DHFR	0.0	1.2211410753347609e-34	0.0	1.0	0.00032419999999999997	0.00031	7.272724747474309e-05	0.0008757	0.0008500000000000001	0.0002188133977394963
FTHFLi	555.0	8.966175314010939e-28	555.0	1.0	0.005180000000000001	0.004565	0.0021189110029408596	0.0472701	0.049049999999999996	0.023526797594241422
FTHFDH	275.0	3.9674767751477e-31	275.0	1.0	6.047222099999999	6.256585	1.6162260936691877	9.8772195	9.731494999999999	1.4342125969757724
MTHFC_f	9958.0	1.0	9958.0	4.500788383564199e-34	0.30292990000000003	0.31339	0.045813356164116616	0.045174599999999995	0.021435000000000003	0.06268796245861019
MTHFD	0.0	1.2810718345817004e-34	0.0	1.0	7.758954199999998	7.47171	1.578867625602641	77.97412709999999	66.22357	34.91870670466613
MTHFD2i_f	8508.0	1.0	8508.0	5.165877994872688e-18	35.7852124	35.952	5.574164992209867	20.870869200000005	12.819925000000001	21.821475663261932
ACACT1r	9853.0	1.0	9853.0	9.49349405816634e-33	0.0007355	0.000745	0.0003571644077192101	0.00010660000000000002	9.5e-05	7.56549850814655e-05
HMGCOAS	3400.5	4.662480811936773e-05	3400.5	0.9999538443692096	0.0007355	0.000745	0.0003571644077192101	0.0009525000000000001	0.00106	0.0005258900584108369
HMGCOAR	9053.0	1.0	9053.0	2.0146187183056298e-23	0.0021101	0.00211	0.00042745782472565865	0.0012664	0.001455	0.0006335558141923802
MEVK1	9053.0	1.0	9053.0	2.0146187183056298e-23	0.0021101	0.00211	0.00042745782472565865	0.0012664	0.001455	0.0006335558141923802
PMEVK	9053.0	1.0	9053.0	2.0146187183056298e-23	0.0021101	0.00211	0.00042745782472565865	0.0012664	0.001455	0.0006335558141923802
IPDDI	9045.5	1.0	9045.5	2.341520309954066e-23	0.0007033999999999999	0.0007	0.00014218511195130824	0.0004220999999999999	0.00048499999999999997	0.00021115504859096917
DPMVD	9053.0	1.0	9053.0	2.0146187183056298e-23	0.0021101	0.00211	0.00042745782472565865	0.0012664	0.001455	0.0006335558141923802
DMATT	9045.5	1.0	9045.5	2.341520309954066e-23	0.0007033999999999999	0.0007	0.00014218511195130824	0.0004220999999999999	0.00048499999999999997	0.00021115504859096917
GRTT	9045.5	1.0	9045.5	2.341520309954066e-23	0.0007033999999999999	0.0007	0.00014218511195130824	0.0004220999999999999	0.00048499999999999997	0.00021115504859096917
HMR_1465	9020.5	1.0	9020.5	3.939365699184373e-23	0.00035140000000000003	0.00035	7.142163891322088e-05	0.0002115	0.00024	0.00010476886537285374
HMR_1467	9020.5	1.0	9020.5	3.939365699184373e-23	0.00035140000000000003	0.00035	7.142163891322088e-05	0.0002115	0.00024	0.00010476886537285374
SMO	9020.5	1.0	9020.5	3.939365699184373e-23	0.00035140000000000003	0.00035	7.142163891322088e-05	0.0002115	0.00024	0.00010476886537285374
LNSTLS	9020.5	1.0	9020.5	3.939365699184373e-23	0.00035140000000000003	0.00035	7.142163891322088e-05	0.0002115	0.00024	0.00010476886537285374
HMR_1477	9020.5	1.0	9020.5	3.939365699184373e-23	0.00035140000000000003	0.00035	7.142163891322088e-05	0.0002115	0.00024	0.00010476886537285374
HMR_1478	9020.5	1.0	9020.5	3.939365699184373e-23	0.00035140000000000003	0.00035	7.142163891322088e-05	0.0002115	0.00024	0.00010476886537285374
HMR_1479	9020.5	1.0	9020.5	3.939365699184373e-23	0.00035140000000000003	0.00035	7.142163891322088e-05	0.0002115	0.00024	0.00010476886537285374
C14STR	9020.5	1.0	9020.5	3.939365699184373e-23	0.00035140000000000003	0.00035	7.142163891322088e-05	0.0002115	0.00024	0.00010476886537285374
HMR_1490	9020.5	1.0	9020.5	3.939365699184373e-23	0.00035140000000000003	0.00035	7.142163891322088e-05	0.0002115	0.00024	0.00010476886537285374
HMR_1493	9020.5	1.0	9020.5	3.939365699184373e-23	0.00035140000000000003	0.00035	7.142163891322088e-05	0.0002115	0.00024	0.00010476886537285374
HMR_1494	9020.5	1.0	9020.5	3.939365699184373e-23	0.00035140000000000003	0.00035	7.142163891322088e-05	0.0002115	0.00024	0.00010476886537285374
C3STDH1	9156.0	1.0	9156.0	1.2814436435148501e-24	0.00016460000000000002	0.00017	7.325643350931745e-05	4.38e-05	2.5e-05	4.086884664708104e-05
HMR_1495	4952.0	0.45373009069375153	4952.0	0.5472394941943708	0.00018710000000000005	0.00018	0.00012504782923329616	0.0001675	0.000185	8.785174610062849e-05
HMR_1500	9020.5	1.0	9020.5	3.939365699184373e-23	0.00035140000000000003	0.00035	7.142163891322088e-05	0.0002115	0.00024	0.00010476886537285374
HMR_1502	9020.5	1.0	9020.5	3.939365699184373e-23	0.00035140000000000003	0.00035	7.142163891322088e-05	0.0002115	0.00024	0.00010476886537285374
HMR_1503	9020.5	1.0	9020.5	3.939365699184373e-23	0.00035140000000000003	0.00035	7.142163891322088e-05	0.0002115	0.00024	0.00010476886537285374
HMR_1504	9020.5	1.0	9020.5	3.939365699184373e-23	0.00035140000000000003	0.00035	7.142163891322088e-05	0.0002115	0.00024	0.00010476886537285374
HMR_1505	9020.5	1.0	9020.5	3.939365699184373e-23	0.00035140000000000003	0.00035	7.142163891322088e-05	0.0002115	0.00024	0.00010476886537285374
HMR_1509	9020.5	1.0	9020.5	3.939365699184373e-23	0.00035140000000000003	0.00035	7.142163891322088e-05	0.0002115	0.00024	0.00010476886537285374
CHLSTI_1	9020.5	1.0	9020.5	3.939365699184373e-23	0.00035140000000000003	0.00035	7.142163891322088e-05	0.0002115	0.00024	0.00010476886537285374
HMR_1516	9020.5	1.0	9020.5	3.939365699184373e-23	0.00035140000000000003	0.00035	7.142163891322088e-05	0.0002115	0.00024	0.00010476886537285374
RE2410C	9020.5	1.0	9020.5	3.939365699184373e-23	0.00035140000000000003	0.00035	7.142163891322088e-05	0.0002115	0.00024	0.00010476886537285374
DSMSTOLR	9020.5	1.0	9020.5	3.939365699184373e-23	0.00035140000000000003	0.00035	7.142163891322088e-05	0.0002115	0.00024	0.00010476886537285374
ACCOAC	1661.0	1.7136386368072826e-16	1661.0	0.9999999999999998	6.2130254	5.94874	1.2921167362775414	11.779761200000001	12.633614999999999	5.4696514544872326
FASN	1661.0	1.7136386368072826e-16	1661.0	0.9999999999999998	0.8875748000000001	0.84982	0.18458836630927547	1.6828233	1.8048000000000002	0.7813788058867478
MCAT	1661.0	1.7136386368072826e-16	1661.0	0.9999999999999998	6.2130254	5.94874	1.2921167362775414	11.779761200000001	12.633614999999999	5.4696514544872326
AcetoacetylACPsynthesis	1661.0	1.7136386368072826e-16	1661.0	0.9999999999999998	0.8875748000000001	0.84982	0.18458836630927547	1.6828233	1.8048000000000002	0.7813788058867478
r0691	1661.0	1.7136386368072826e-16	1661.0	0.9999999999999998	0.8875748000000001	0.84982	0.18458836630927547	1.6828233	1.8048000000000002	0.7813788058867478
r0681	1661.0	1.7136386368072826e-16	1661.0	0.9999999999999998	0.8875748000000001	0.84982	0.18458836630927547	1.6828233	1.8048000000000002	0.7813788058867478
r0682	1661.0	1.7136386368072826e-16	1661.0	0.9999999999999998	0.8875748000000001	0.84982	0.18458836630927547	1.6828233	1.8048000000000002	0.7813788058867478
r0760	1661.0	1.7136386368072826e-16	1661.0	0.9999999999999998	0.8875748000000001	0.84982	0.18458836630927547	1.6828233	1.8048000000000002	0.7813788058867478
r0761	1661.0	1.7136386368072826e-16	1661.0	0.9999999999999998	0.8875748000000001	0.84982	0.18458836630927547	1.6828233	1.8048000000000002	0.7813788058867478
r0762	1661.0	1.7136386368072826e-16	1661.0	0.9999999999999998	0.8875748000000001	0.84982	0.18458836630927547	1.6828233	1.8048000000000002	0.7813788058867478
r0763	1661.0	1.7136386368072826e-16	1661.0	0.9999999999999998	0.8875748000000001	0.84982	0.18458836630927547	1.6828233	1.8048000000000002	0.7813788058867478
r0764	1661.0	1.7136386368072826e-16	1661.0	0.9999999999999998	0.8875748000000001	0.84982	0.18458836630927547	1.6828233	1.8048000000000002	0.7813788058867478
r0694	1661.0	1.7136386368072826e-16	1661.0	0.9999999999999998	0.8875748000000001	0.84982	0.18458836630927547	1.6828233	1.8048000000000002	0.7813788058867478
r0695	1661.0	1.7136386368072826e-16	1661.0	0.9999999999999998	0.8875748000000001	0.84982	0.18458836630927547	1.6828233	1.8048000000000002	0.7813788058867478
r0765	1661.0	1.7136386368072826e-16	1661.0	0.9999999999999998	0.8875748000000001	0.84982	0.18458836630927547	1.6828233	1.8048000000000002	0.7813788058867478
r0766	1661.0	1.7136386368072826e-16	1661.0	0.9999999999999998	0.8875748000000001	0.84982	0.18458836630927547	1.6828233	1.8048000000000002	0.7813788058867478
r0692	1661.0	1.7136386368072826e-16	1661.0	0.9999999999999998	0.8875748000000001	0.84982	0.18458836630927547	1.6828233	1.8048000000000002	0.7813788058867478
r0693	1661.0	1.7136386368072826e-16	1661.0	0.9999999999999998	0.8875748000000001	0.84982	0.18458836630927547	1.6828233	1.8048000000000002	0.7813788058867478
r0767	1661.0	1.7136386368072826e-16	1661.0	0.9999999999999998	0.8875748000000001	0.84982	0.18458836630927547	1.6828233	1.8048000000000002	0.7813788058867478
r0768	1661.0	1.7136386368072826e-16	1661.0	0.9999999999999998	0.8875748000000001	0.84982	0.18458836630927547	1.6828233	1.8048000000000002	0.7813788058867478
r0769	1661.0	1.7136386368072826e-16	1661.0	0.9999999999999998	0.8875748000000001	0.84982	0.18458836630927547	1.6828233	1.8048000000000002	0.7813788058867478
r0770	1661.0	1.7136386368072826e-16	1661.0	0.9999999999999998	0.8875748000000001	0.84982	0.18458836630927547	1.6828233	1.8048000000000002	0.7813788058867478
r0712	1661.0	1.7136386368072826e-16	1661.0	0.9999999999999998	0.8875748000000001	0.84982	0.18458836630927547	1.6828233	1.8048000000000002	0.7813788058867478
r0713	1661.0	1.7136386368072826e-16	1661.0	0.9999999999999998	0.8875748000000001	0.84982	0.18458836630927547	1.6828233	1.8048000000000002	0.7813788058867478
r0701	1661.0	1.7136386368072826e-16	1661.0	0.9999999999999998	0.8875748000000001	0.84982	0.18458836630927547	1.6828233	1.8048000000000002	0.7813788058867478
r0702	1661.0	1.7136386368072826e-16	1661.0	0.9999999999999998	0.8875748000000001	0.84982	0.18458836630927547	1.6828233	1.8048000000000002	0.7813788058867478
r0771	1661.0	1.7136386368072826e-16	1661.0	0.9999999999999998	0.8875748000000001	0.84982	0.18458836630927547	1.6828233	1.8048000000000002	0.7813788058867478
r0772	1661.0	1.7136386368072826e-16	1661.0	0.9999999999999998	0.8875748000000001	0.84982	0.18458836630927547	1.6828233	1.8048000000000002	0.7813788058867478
r0696	1661.0	1.7136386368072826e-16	1661.0	0.9999999999999998	0.8875748000000001	0.84982	0.18458836630927547	1.6828233	1.8048000000000002	0.7813788058867478
r0697	1661.0	1.7136386368072826e-16	1661.0	0.9999999999999998	0.8875748000000001	0.84982	0.18458836630927547	1.6828233	1.8048000000000002	0.7813788058867478
r0773	1661.0	1.7136386368072826e-16	1661.0	0.9999999999999998	0.8875748000000001	0.84982	0.18458836630927547	1.6828233	1.8048000000000002	0.7813788058867478
FA160ACPH	1661.0	1.7136386368072826e-16	1661.0	0.9999999999999998	0.8875748000000001	0.84982	0.18458836630927547	1.6828233	1.8048000000000002	0.7813788058867478
TMLYStd_r	0.0	2.8200076051853168e-39	0.0	1.0	0.0	0.0	0.0	1.0273059	1.1730450000000001	0.3635578103255062
TMLYSOX	0.0	2.8200076051853168e-39	0.0	1.0	0.0	0.0	0.0	1.0273059	1.1730450000000001	0.3635578103255062
GHMT3	0.0	2.8200076051853168e-39	0.0	1.0	0.0	0.0	0.0	1.0273059	1.1730450000000001	0.3635578103255062
TMABADH	0.0	2.8200076051853168e-39	0.0	1.0	0.0	0.0	0.0	1.0273059	1.1730450000000001	0.3635578103255062
BBHOX	0.0	2.8200076051853168e-39	0.0	1.0	0.0	0.0	0.0	1.0273059	1.1730450000000001	0.3635578103255062
SUCFUMtm_r	0.0	2.8200076051853168e-39	0.0	1.0	0.0	0.0	0.0	2.0546112	2.346095	0.7271141792741878
palmitateActivation	10000.0	1.0	10000.0	2.8198003048388453e-39	0.021615900000000004	0.0219	0.01495148066009828	0.0	0.0	0.0
carnitineAcylTransferaseI	10000.0	1.0	10000.0	2.8198003048388453e-39	0.021615900000000004	0.0219	0.01495148066009828	0.0	0.0	0.0
CARN160t_m	10000.0	1.0	10000.0	2.8198003048388453e-39	0.021615900000000004	0.0219	0.01495148066009828	0.0	0.0	0.0
carnitineAcylTransferaseII	10000.0	1.0	10000.0	2.8198003048388453e-39	0.021615900000000004	0.0219	0.01495148066009828	0.0	0.0	0.0
betaOxidation	10000.0	1.0	10000.0	2.8198003048388453e-39	0.021615900000000004	0.0219	0.01495148066009828	0.0	0.0	0.0
Biomass	9047.0	1.0	9047.0	2.3639931039974397e-23	0.017238500000000004	0.01721	0.003495894670246023	0.0103501	0.011885	0.005172097145142178
GLCt1_r	10000.0	1.0	10000.0	1.2809996731450625e-34	4.2054048	4.229455	0.18483810169809017	0.1070815	0.10786	0.00996065739331851
O2t_r	0.0	1.2810718345817004e-34	0.0	1.0	4.7119726	4.64951	0.9000407343022163	72.7491746	72.132565	5.161918307460493
GLNt_r	10000.0	1.0	10000.0	1.2809275156652627e-34	0.9912315	0.99482	0.04376284726520402	0.2266428	0.227485	0.008555054986274594
r0963_r	0.0	1.2129716707817358e-34	0.0	1.0	0.0001543	0.00016	6.133621534730776e-05	0.0013705999999999998	0.001255	0.0003968049669777104
THBPTt_r	7063.5	0.9999997714952494	7063.5	2.31442309622472e-07	0.0020299999999999997	0.00207	0.000785427889558914	0.001428	0.00155	0.0007533708759752243
ARGt5r_r	10000.0	1.0	10000.0	1.2808553621421803e-34	0.19205479999999997	0.19356	0.013708030417948228	0.08377349999999999	0.08471999999999999	0.0062999782547323935
PHEtec_r	8208.0	0.9999999999999978	8208.0	2.3009478733949517e-15	0.006502500000000001	0.00658	0.0016603251324528415	0.0041137	0.004665	0.0020616467160544704
ILEtec_r	9047.5	1.0	9047.5	2.3284150397082147e-23	0.0049314	0.00492	0.000999502926964249	0.002961200000000001	0.0034	0.0014795612781353718
LEUtec_r	9510.0	1.0	9510.0	1.5529508307074073e-28	0.010775000000000002	0.010695	0.0024366069718675465	0.0057389999999999984	0.00655	0.002869319596959347
VALtec_r	9978.0	1.0	9978.0	2.477514287573863e-34	0.21463949999999998	0.17718499999999998	0.08254959150306701	0.0501817	0.05678	0.021518660685248714
METtec_r	1481.0	4.078639415768086e-18	1481.0	1.0	0.0026378	0.00263	0.0005348474341134841	0.005311100000000001	0.005765	0.001660874112683384
r2526_r	9906.0	1.0	9906.0	2.1023315261906767e-33	0.1896872	0.175315	0.06931893526317467	0.07262080000000001	0.07306499999999999	0.006367745693110019
GLYt4_r	9784.0	1.0	9784.0	7.341753251131142e-32	0.08475330000000002	0.08951	0.023868916986133012	0.037264500000000006	0.041025	0.013398546383918675
r2532_r	0.0	2.8117271908904383e-39	0.0	1.0	0.0	0.0	0.0	0.0111478	0.01097	0.0007546911603263599
PROPAT4te_r	0.0	2.8133813716091013e-39	0.0	1.0	0.0	0.0	0.0	0.0033672000000000003	0.003905	0.001791774742335857
HDCAt	0.0	8.433824792562059e-41	0.0	1.0	0.0	0.0	0.0	7.589999999999999e-05	8e-05	5.143398239932964e-06
CRNt	0.0	2.8200076051853168e-39	0.0	1.0	0.0	0.0	0.0	1.0273059	1.1730450000000001	0.3635578103255062
GTHRDt2_r	0.0	1.2807832125755886e-34	0.0	1.0	0.0104716	0.00681	0.011530731596543003	2.4550399	2.134145	1.662196599237332
DmLact	10000.0	1.0	10000.0	1.280711066965257e-34	7.357161500000001	7.39916	0.32339419176513395	0.07817759999999999	0.07859	0.002868546290053869
UREAt	8333.0	0.9999999999999998	8333.0	1.934058905357009e-16	0.048523300000000005	0.044785	0.015424190567305816	0.0311287	0.023195	0.025024105092223914
DmBiomass	9047.0	1.0	9047.0	2.3639931039974397e-23	0.017238500000000004	0.01721	0.003495894670246023	0.0103501	0.011885	0.005172097145142178
NH4t	635.0	7.486431147806424e-27	635.0	1.0	43.778970099999995	45.366389999999996	5.9840739474005975	127.0081249	135.83116	43.741030480942584
PTRCtex2_f	9894.0	1.0	9894.0	2.992941596795073e-33	0.09854020000000001	0.10246	0.020180697747495195	0.019734099999999997	0.022555	0.010918467082161416
PTRCtex2_b	0.0	2.7092076581649518e-39	0.0	1.0	0.0	0.0	0.0	0.00020599999999999997	0.00022	8.327877001585419e-05
GUDACtr2	9978.0	1.0	9978.0	2.4766843707665843e-34	0.1154057	0.115675	0.019961686547185355	0.0235473	0.026525	0.011290517685476634
CE2705t	7063.5	0.9999997714952494	7063.5	2.31442309622472e-07	0.0020299999999999997	0.00207	0.000785427889558914	0.001428	0.00155	0.0007533708759752243
Dm2oxobutyrate	10000.0	1.0	10000.0	1.2810718345817004e-34	0.7039989999999997	0.6985399999999999	0.0419832526855722	0.051971600000000014	0.04889	0.00796181045346909
H2Ot_f	0.0	1.2810718345817004e-34	0.0	1.0	101.4969008	103.54805999999999	13.985339521235213	314.8227701	312.65418	28.333670044804776
PHLACHt_f	7131.0	0.9999999045994226	7131.0	9.666455053893457e-08	240.26145379999997	238.60777000000002	76.97682075050595	176.95804800000002	191.951085	81.44713630102599
CO2t	0.0	1.2810718345817004e-34	0.0	1.0	38.928267899999994	39.357405	5.074895662613441	156.64425690000004	165.04442	34.352462057798185
DmH2O2	2730.5	1.4777244177911602e-08	2730.5	0.9999999854276864	0.0694953	0.068855	0.018521824007250356	0.19241410000000006	0.131465	0.15032347970189774
DmGSSG	0.0	1.2807832125755886e-34	0.0	1.0	0.014009300000000002	0.010624999999999999	0.010914141993974903	1.2367987999999999	1.083915	0.8254441346076313
GLUt4	250.0	2.0171289525263352e-36	250.0	1.0	0.0	0.0	0.0	0.00068	0.0006	0.00033953325062919577
ALAPAT4te	0.0	2.814208818386482e-39	0.0	1.0	0.0	0.0	0.0	0.012026299999999997	0.01184	0.0007658634197934889
DmAla	1940.0	3.844130659017456e-14	1940.0	0.9999999999999623	0.2801845	0.153275	0.2967609329783348	1.0162648	1.14071	0.7124296436210811
ASPte_r	9806.0	1.0	9806.0	3.894983557652593e-32	66.0124046	64.88668999999999	18.195670663097026	23.137225300000004	25.013925	10.553959221567803
DmAsp	9806.0	1.0	9806.0	3.894983557652593e-32	66.1852409	65.163495	18.175647851147406	23.349058199999998	25.398685	10.600495240397004
DmPalm	1622.0	7.752761433841488e-17	1622.0	0.9999999999999999	0.8612872	0.83506	0.17526100678459974	1.6800939000000001	1.802055	0.7801022935239993
ATPM	1642.0	1.165589005146034e-16	1642.0	0.9999999999999999	0.1858847	0.173185	0.18070819095909038	4.929765800000001	1.001945	5.938783319917103
GACMTRc	3063.5	1.120296421733087e-06	3063.5	0.999998893110418	0.021932699999999996	0.02138	0.00976638533621081	0.025379199999999998	0.027855	0.010634944846062337
CKc_cho	3063.5	1.120296421733087e-06	3063.5	0.999998893110418	0.021932699999999996	0.02138	0.00976638533621081	0.025379199999999998	0.027855	0.010634944846062337
CRTNsyn_cho	3063.5	1.120296421733087e-06	3063.5	0.999998893110418	0.021932699999999996	0.02138	0.00976638533621081	0.025379199999999998	0.027855	0.010634944846062337
CRTNtr	3063.5	1.120296421733087e-06	3063.5	0.999998893110418	0.021932699999999996	0.02138	0.00976638533621081	0.025379199999999998	0.027855	0.010634944846062337
NDPK1	0.0	1.2809275156652627e-34	0.0	1.0	0.0673351	0.03193	0.08237872228827348	58.58202689999999	54.073095	18.84065462074445
NDPK5	9036.0	1.0	9036.0	2.011416844552348e-23	0.00017069999999999998	0.00017	3.453164264025596e-05	0.0001021	0.00012	5.187971713979414e-05
NDPK8	9027.0	1.0	9027.0	3.0193023612845825e-23	0.0002279	0.00023	4.6085011476924706e-05	0.00013639999999999998	0.00016	6.934790056758253e-05
NDPK7	9016.0	1.0	9016.0	3.231044749126329e-23	0.00016299999999999998	0.00016	3.3196689624421925e-05	9.730000000000002e-05	0.00011	4.941792501847193e-05
DTMPK	9007.5	1.0	9007.5	4.7191183258171345e-23	0.0002257	0.00023	4.5952434784527605e-05	0.0001355	0.00016	6.887809462515583e-05
NDPK4	9007.5	1.0	9007.5	4.7191183258171345e-23	0.0002257	0.00023	4.5952434784527605e-05	0.0001355	0.00016	6.887809462515583e-05
HIStiDF_r	9753.0	1.0	9753.0	1.7861206429001996e-31	0.16818569999999997	0.173015	0.02075183157329648	0.09931690000000001	0.090335	0.0270869957130276
PTRCOX1	9149.0	1.0	9149.0	1.9041172259231182e-24	0.0871219	0.08704999999999999	0.014597481842821903	0.0349393	0.025849999999999998	0.0253438621364207
ABUTD	9149.0	1.0	9149.0	1.9041172259231182e-24	0.0871219	0.08704999999999999	0.014597481842821903	0.0349393	0.025849999999999998	0.0253438621364207
r0465_1	0.0	1.2810718345817004e-34	0.0	1.0	0.2797881	0.26992	0.14178636916217272	4.9057125	3.90611	2.961742671338109
ABUTH	147.0	9.95100628390306e-33	147.0	1.0	0.20907589999999998	0.2162	0.1199966649965445	4.2625522	3.439305	3.1022146745877266
GLUDC	9852.0	1.0	9852.0	1.0245556621555785e-32	5.956499000000001	6.3073999999999995	1.5059881518780185	0.8760740999999999	0.5892550000000001	1.0195894451725471
HISDr	18.0	2.198003682480102e-34	18.0	1.0	5.986840800000001	6.19001	1.5889986488921795	10.845517200000002	10.7613	1.3248932022185826
URCN	18.0	2.198003682480102e-34	18.0	1.0	5.986840800000001	6.19001	1.5889986488921795	10.845517200000002	10.7613	1.3248932022185826
IZPN	18.0	2.198003682480102e-34	18.0	1.0	5.986840800000001	6.19001	1.5889986488921795	10.845517200000002	10.7613	1.3248932022185826
GluForTx	18.0	2.198003682480102e-34	18.0	1.0	5.986840800000001	6.19001	1.5889986488921795	10.845517200000002	10.7613	1.3248932022185826
FTCD	18.0	2.198003682480102e-34	18.0	1.0	5.986840800000001	6.19001	1.5889986488921795	10.845517200000002	10.7613	1.3248932022185826
CARPEPT1tc_r	2.0	1.3603956914705778e-34	2.0	1.0	5.891546099999999	6.120985	1.5768196391713782	11.390668900000001	11.148454999999998	1.4850517661323182
NBAHH_ir	0.0	1.2809996731450625e-34	0.0	1.0	5.9182046	6.129885	1.583819932080473	15.638036399999999	14.21349	3.7164379980019806
r0283	30.0	3.143640701647616e-34	30.0	1.0	0.0266582	0.021975	0.037369559301439974	4.247367	3.42694	3.5139278578388544
ASP1DC	5383.0	0.8256311867014641	5383.0	0.17499793530483343	0.1777584	0.174765	0.060230287134657036	0.1541059	0.056084999999999996	0.13028596683345167
CSNt_r	1426.0	1.2571387710215862e-18	1426.0	1.0	14.411023899999998	14.22261	1.856031396784627	47.489865	52.229965	23.444384665791446
bAlaSynthesis	1426.0	1.2571387710215862e-18	1426.0	1.0	14.411023899999998	14.22261	1.856031396784627	47.489865	52.229965	23.444384665791446
LYSt5r_r	10000.0	1.0	10000.0	1.2810718345817004e-34	0.2067295	0.200045	0.0301873353060317	0.023030899999999997	0.025345	0.009346771829153775
LYStm	10000.0	1.0	10000.0	1.2810718345817004e-34	0.1965221	0.19163999999999998	0.030910679377617354	0.0169025	0.018244999999999997	0.007124846037677311
SACCD3m	10000.0	1.0	10000.0	1.2810718345817004e-34	0.1965221	0.19163999999999998	0.030910679377617354	0.0169025	0.018244999999999997	0.007124846037677311
r0525	10000.0	1.0	10000.0	1.2810718345817004e-34	0.1965221	0.19163999999999998	0.030910679377617354	0.0169025	0.018244999999999997	0.007124846037677311
AASAD3m	10000.0	1.0	10000.0	1.2810718345817004e-34	0.1965221	0.19163999999999998	0.030910679377617354	0.0169025	0.018244999999999997	0.007124846037677311
r0450	10000.0	1.0	10000.0	1.2810718345817004e-34	0.1965221	0.19163999999999998	0.030910679377617354	0.0169025	0.018244999999999997	0.007124846037677311
2OXOADOXm	10000.0	1.0	10000.0	1.2810718345817004e-34	0.1965221	0.19163999999999998	0.030910679377617354	0.0170959	0.018410000000000003	0.007188988928081668
GLUTCOADHm	10000.0	1.0	10000.0	1.2810718345817004e-34	0.1965221	0.19163999999999998	0.030910679377617354	0.0170959	0.018410000000000003	0.007188988928081668
3HBCDm	10000.0	1.0	10000.0	1.2810718345817004e-34	0.1965221	0.19163999999999998	0.030910679377617354	0.0170959	0.018410000000000003	0.007188988928081668
HACD1m	10000.0	1.0	10000.0	1.2810718345817004e-34	0.1965221	0.19163999999999998	0.030910679377617354	0.0170959	0.018410000000000003	0.007188988928081668
HMGCOASm	0.0	1.3800251722002483e-37	0.0	1.0	1.3000000000000003e-06	0.0	3.3799766898963115e-06	0.00022139999999999996	0.00025	0.00013039969634964956
CYStec_r	0.0	2.8195930193767757e-39	0.0	1.0	0.0	0.0	0.0	0.0849844	0.084385	0.011663539781833997
CYSTA	4100.0	0.013980524925469782	4100.0	0.9861063340666635	0.08648420000000001	0.08676	0.018050718398641943	0.08637030000000001	0.09251000000000001	0.03191092746737836
CYANt_r	4100.0	0.013980524925469782	4100.0	0.9861063340666635	0.08648420000000001	0.08676	0.018050718398641943	0.08637030000000001	0.09251000000000001	0.03191092746737836
MCPST	4100.0	0.013980524925469782	4100.0	0.9861063340666635	0.08648420000000001	0.08676	0.018050718398641943	0.08637030000000001	0.09251000000000001	0.03191092746737836
TCYNTt	2901.0	1.468422417904632e-07	2901.0	0.9999998550510188	0.0702428	0.06806999999999999	0.016145841011845682	0.07713239999999999	0.084185	0.030148805129680923
CYSO	9421.0	1.0	9421.0	1.7021389988916767e-27	0.28207889999999997	0.283565	0.014664018142061442	0.1140844	0.089155	0.07556160719210878
3SALATAi	2084.5	5.298414173700267e-13	2084.5	0.9999999999994795	0.0101705	0.00448	0.010303347928481962	0.044104199999999996	0.032375	0.04722147957971001
3SALAASPm	10000.0	1.0	10000.0	1.2809996731450625e-34	0.2719086	0.27297	0.0198498546426248	0.06998019999999999	0.05419	0.03140374046369494
3SALATAim	10000.0	1.0	10000.0	1.2809996731450625e-34	0.2719086	0.27297	0.0198498546426248	0.06998019999999999	0.05419	0.03140374046369494
3SPYRSP	2084.5	5.298414173700267e-13	2084.5	0.9999999999994795	0.0101705	0.00448	0.010303347928481962	0.044104199999999996	0.032375	0.04722147957971001
3SPYRSPm	10000.0	1.0	10000.0	1.2809996731450625e-34	0.2719086	0.27297	0.0198498546426248	0.06998019999999999	0.05419	0.03140374046369494
HMR_3951	2084.5	5.298414173700267e-13	2084.5	0.9999999999994795	0.0101705	0.00448	0.010303347928481962	0.044104199999999996	0.032375	0.04722147957971001
ExSulfitem	10000.0	1.0	10000.0	1.2809996731450625e-34	0.2719086	0.27297	0.0198498546426248	0.06998019999999999	0.05419	0.03140374046369494
PHETHPTOX2	7063.5	0.9999997714952494	7063.5	2.31442309622472e-07	0.0020299999999999997	0.00207	0.000785427889558914	0.001428	0.00155	0.0007533708759752243
TYRt_r	3004.0	5.399750207165955e-07	3004.0	0.9999994666716333	0.0007224000000000001	0.00072	0.00034152397611679665	0.0010718	0.00122	0.0006376271986391769
TYRTA	0.0	2.7725145235353015e-39	0.0	1.0	0.0	0.0	0.0	0.000847	0.0009350000000000001	0.000467271253387606
34HPPOR	0.0	2.7725145235353015e-39	0.0	1.0	0.0	0.0	0.0	0.000847	0.0009350000000000001	0.000467271253387606
HGNTOR	0.0	2.7725145235353015e-39	0.0	1.0	0.0	0.0	0.0	0.000847	0.0009350000000000001	0.000467271253387606
MACACI	0.0	2.7725145235353015e-39	0.0	1.0	0.0	0.0	0.0	0.000847	0.0009350000000000001	0.000467271253387606
FUMAC	0.0	2.7725145235353015e-39	0.0	1.0	0.0	0.0	0.0	0.000847	0.0009350000000000001	0.000467271253387606
AACOAT	0.0	2.7725145235353015e-39	0.0	1.0	0.0	0.0	0.0	0.000847	0.0009350000000000001	0.000467271253387606
r2534_r	10000.0	1.0	10000.0	1.280711066965257e-34	0.7107640000000001	0.7052499999999999	0.041496853087452504	0.05179359999999999	0.04937	0.007043934351732358
THRD_L	10000.0	1.0	10000.0	1.2808553621421803e-34	0.7053740000000001	0.699675	0.04171422057260327	0.048557199999999995	0.044935	0.008436544253987823
OBDHc	9991.5	1.0	9991.5	1.5741444695457385e-34	0.001375	0.00112	0.0006136255891309975	0.00031400000000000004	0.000335	0.0001961601077660488
PPCOAtm	9991.5	1.0	9991.5	1.5741444695457385e-34	0.001375	0.00112	0.0006136255891309975	0.00031400000000000004	0.000335	0.0001961601077660488
r1616_r	9976.0	1.0	9976.0	2.6116617564066294e-34	0.0046942	0.004104999999999999	0.0019930090848064926	0.0010502000000000003	0.00091	0.0004769261425572575
TRPO2	9919.0	1.0	9919.0	1.4235474561993718e-33	0.004464699999999999	0.00388	0.0019666812814043517	0.0009124999999999998	0.000745	0.0005269722454501257
FKYNH	9919.0	1.0	9919.0	1.4235474561993718e-33	0.004464699999999999	0.00388	0.0019666812814043517	0.0009124999999999998	0.000745	0.0005269722454501257
KYN	9923.5	1.0	9923.5	1.2455129851547081e-33	0.004464699999999999	0.00388	0.0019666812814043517	0.0007180999999999999	0.000505	0.0006080548470078147
ANTHte	9923.5	1.0	9923.5	1.2455129851547081e-33	0.004464699999999999	0.00388	0.0019666812814043517	0.0007180999999999999	0.000505	0.0006080548470078147
KYN3OX	350.0	2.5472799298540205e-35	350.0	1.0	0.0	0.0	0.0	0.00019399999999999995	0.00018	0.00012608318562349897
HKYNH	350.0	2.5472799298540205e-35	350.0	1.0	0.0	0.0	0.0	0.00019399999999999995	0.00018	0.00012608318562349897
3HAO	350.0	2.5472799298540205e-35	350.0	1.0	0.0	0.0	0.0	0.00019399999999999995	0.00018	0.00012608318562349897
PCLAD	350.0	2.5472799298540205e-35	350.0	1.0	0.0	0.0	0.0	0.00019399999999999995	0.00018	0.00012608318562349897
AM6SAD	350.0	2.5472799298540205e-35	350.0	1.0	0.0	0.0	0.0	0.00019399999999999995	0.00018	0.00012608318562349897
AMCOXO	350.0	2.5472799298540205e-35	350.0	1.0	0.0	0.0	0.0	0.00019399999999999995	0.00018	0.00012608318562349897
2OXOADPTm	350.0	2.5472799298540205e-35	350.0	1.0	0.0	0.0	0.0	0.00019399999999999995	0.00018	0.00012608318562349897
ExCystineGlu	10000.0	1.0	10000.0	1.2799898284096543e-34	0.1836987	0.184195	0.008183202634887907	0.010143800000000001	0.01001	0.0019758485097125574
ExCystineSer	0.0	1.2803503982500373e-34	0.0	1.0	0.010814599999999999	0.010745000000000001	0.0043124975584826935	0.0631969	0.06315	0.010426673709115656
CystinePyruvate	1975.5	7.361684222919478e-14	1975.5	0.9999999999999277	0.0010565	0.00073	0.0008861349225767491	0.0079487	0.00993	0.004683659463464116
CystineReductaseNADPH	8355.5	0.9999999999999999	8355.5	1.2260075174885816e-16	0.019074999999999998	0.017675	0.012898933438016643	0.0056971	0.00601	0.003680533913563206
CystineReductaseNADH	1622.5	7.826157131204024e-17	1622.5	0.9999999999999999	0.0048336	0.0049700000000000005	0.001317333179977908	0.009402299999999999	0.009705	0.004231505416622918
CystineGSH	10000.0	1.0	10000.0	1.280711066965257e-34	0.1695488	0.17143	0.0137541410682475	0.050291700000000016	0.049515	0.022536071559241026
Ex3HB	228.0	1.0367580959034162e-31	228.0	1.0	4.393649099999999	4.425635	1.214978931721643	18.6525465	20.642879999999998	7.018435758838301
Transport3HB_forward	228.0	1.0367580959034162e-31	228.0	1.0	4.393649099999999	4.425635	1.214978931721643	18.6525465	20.642879999999998	7.018435758838301
bBDH	228.0	1.0367580959034162e-31	228.0	1.0	4.393649099999999	4.425635	1.214978931721643	18.6525465	20.642879999999998	7.018435758838301
OCOAT1m	228.0	1.0367580959034162e-31	228.0	1.0	4.393649099999999	4.425635	1.214978931721643	18.6525465	20.642879999999998	7.018435758838301
ACACT1m	286.0	5.421280188261697e-31	286.0	1.0	4.5901678	4.626755	1.2346293563269108	18.669421399999997	20.664045	7.0222501252087275
G3PD1ir	67.0	9.46321036954362e-34	67.0	1.0	0.232955	0.20049	0.15290943853447794	29.093812799999995	36.964225	18.264051238519144
GLYC3Ptm	67.0	9.46321036954362e-34	67.0	1.0	0.232955	0.20049	0.15290943853447794	29.093812799999995	36.964225	18.264051238519144
G3PDm	67.0	9.46321036954362e-34	67.0	1.0	0.232955	0.20049	0.15290943853447794	29.093812799999995	36.964225	18.264051238519144
DHAPtm	67.0	9.46321036954362e-34	67.0	1.0	0.232955	0.20049	0.15290943853447794	29.093812799999995	36.964225	18.264051238519144
CMPuptake_r	9930.0	1.0	9930.0	9.875626094171374e-34	0.0008137	0.00081	0.0001688263407568065	0.0003151	0.00032	0.00018492419959529254
UMPuptake_r	9615.5	1.0	9615.5	8.366606281332799e-30	0.0010678999999999999	0.001055	0.00019827180099728526	0.0005423	0.00059	0.0002797143384081537
Transport_ala_B_c_e	1189.0	6.359601123687725e-21	1189.0	1.0	20.480328600000004	21.22204	2.92739927263161	59.034639699999985	65.45921	22.69410410510684
EX_ala_B	1189.0	6.359601123687725e-21	1189.0	1.0	20.480328600000004	21.22204	2.92739927263161	59.034639699999985	65.45921	22.69410410510684
Transport_octanoyl_ACP_c_e	nan	nan	nan	nan	0.0	0.0	0.0	0.0	0.0	0.0
EX_octanoyl_ACP	nan	nan	nan	nan	0.0	0.0	0.0	0.0	0.0	0.0
TMDK1	800.0	1.0670206430107348e-30	800.0	1.0	0.0	0.0	0.0	5.370000000000002e-05	6e-05	3.017306980428312e-05
THYMDt1_r	800.0	1.0670206430107348e-30	800.0	1.0	0.0	0.0	0.0	5.370000000000002e-05	6e-05	3.017306980428312e-05
EX_thymd	800.0	1.0670206430107348e-30	800.0	1.0	0.0	0.0	0.0	5.370000000000002e-05	6e-05	3.017306980428312e-05
Transport_HC00576_c_e	1497.0	5.74347346495979e-18	1497.0	1.0	0.0707122	0.06859	0.05973991665189832	0.6431601	0.40428	0.8976971909746785
EX_HC00576	1497.0	5.74347346495979e-18	1497.0	1.0	0.0707122	0.06859	0.05973991665189832	0.6431601	0.40428	0.8976971909746785
Transport_4abut_c_e	9995.0	1.0	9995.0	1.4886190571435146e-34	5.9729087000000005	6.327995	1.5026603321810335	0.2678529	0.167865	0.276235367034339
EX_4abut	9995.0	1.0	9995.0	1.4886190571435146e-34	5.9729087000000005	6.327995	1.5026603321810335	0.2678529	0.167865	0.276235367034339
EX_h_e_b	1841.0	5.934291577417786e-15	1841.0	0.9999999999999942	452.5958988	449.618855	27.375384409164774	504.83890180000003	505.57979	48.18919088495231
EX_h2o_e_b	3050.0	9.518529030655355e-07	3050.0	0.9999990596111592	558.7229434	556.29741	33.967556342300995	602.4620573	597.765915	68.29617983854031
PGM_b	10000.0	1.0	10000.0	1.2810718345817004e-34	20.329764899999997	20.540775	1.590697117149607	1.7961246000000002	1.40154	1.1362451114338905
ENO_b	10000.0	1.0	10000.0	1.2810718345817004e-34	20.508951200000002	20.69522	1.4631458552695575	1.8497308	1.442525	1.1305456410058523
TKT2_b	2071.0	4.1691815227301336e-13	2071.0	0.9999999999995904	0.11880420000000001	0.11913499999999999	0.00817473678938702	0.1404417	0.134045	0.030436959791070337
RPE_b	10000.0	1.0	10000.0	1.2809996731450625e-34	0.38248530000000003	0.383585	0.028984996099689058	0.1696531	0.16764	0.033304128226987056
TKT1_b	3060.0	1.0740808498548658e-06	3060.0	0.9999989387942629	0.11716429999999999	0.11767	0.008782765751887344	0.13629280000000002	0.13142500000000001	0.033182072380041956
TALA_b	10000.0	1.0	10000.0	1.2809996731450625e-34	5.344479199999999	5.346825000000001	0.6003378743517452	0.21873519999999996	0.21050000000000002	0.052664217673786054
ACONTm_b	9871.0	1.0	9871.0	5.880207072829466e-33	205.06717660000007	203.20486499999998	17.9236219132686	115.27866880000002	105.197475	29.0938149884566
ICDHym_b	0.0	1.2810718345817004e-34	0.0	1.0	22.483256400000002	21.966704999999997	3.8577151155604112	232.7418661	220.64126	52.310241935589225
SUCOAS1m_b	10000.0	1.0	10000.0	1.2810718345817004e-34	191.28112569999996	189.55162	13.246622398863845	65.72873340000001	61.687349999999995	16.97466142981351
FUMm_b	9671.0	1.0	9671.0	1.8244717417142586e-30	339.83667	343.284845	31.706393527060705	197.07434080000002	182.59572	51.61811454634644
MDHm_b	10000.0	1.0	10000.0	1.2810718345817004e-34	824.8839875000001	831.10052	83.94778405629184	266.2219998	270.29485	50.28842390318434
FUM_b	10000.0	1.0	10000.0	1.2810718345817004e-34	156.5478397	159.576055	13.35194242102612	46.00047090000001	35.96913	25.606415117920285
MDH_b	10000.0	1.0	10000.0	1.2810718345817004e-34	526.5819551000001	535.9497349999999	46.35307809938278	126.97810960000001	102.540985	74.96431909373032
AKGMALtm_b	9848.0	1.0	9848.0	1.1512881537957061e-32	540.6183558	552.790895	43.34277568995096	199.89948780000003	146.22297500000002	120.00026844915902
PYRt2m_b	10000.0	1.0	10000.0	1.2810718345817004e-34	43.574366100000006	43.28489	3.187751947022739	16.285375900000002	16.485455	4.048276206670829
FUMtm_b	0.0	1.2810718345817004e-34	0.0	1.0	12.664923899999998	12.691054999999999	0.7594090754850648	115.4635644	112.09629	21.779335355967447
CO2tm_b	8628.0	1.0	8628.0	3.880762727684553e-19	235.24016419999995	236.61052999999998	18.18066835428726	91.76635399999999	59.59261	79.42825268081891
r0801_b	8600.0	1.0	8600.0	7.153781496228668e-19	97.46397420000002	97.43695500000001	7.934851988539589	43.681810000000006	28.166809999999998	42.97545821246091
NH4tm_b	8676.0	1.0	8676.0	1.3455428258781755e-19	153.8359585	154.06022000000002	12.722720308388357	76.2687615	65.279995	43.5442399232872
NDPK3_b	2137.0	1.3273795307113375e-12	2137.0	0.9999999999986956	0.0014214000000000002	0.001425	0.00022014237817073447	0.0023052	0.00189	0.001311364067363338
GLUDym_b	9580.0	1.0	9580.0	2.295088695795969e-29	172.32742829999995	172.984265	27.336665236300668	53.904415799999995	40.839330000000004	45.50662425341459
ASPTA_b	9958.0	1.0	9958.0	4.501287046534293e-34	197.59534479999994	197.631065	32.72383079070313	37.150882499999994	27.6356	31.337033171719096
GHMT2r_b	8943.0	1.0	8943.0	2.898817905071204e-22	70.33137259999998	71.240085	12.921505408115372	25.328964400000004	16.414879999999997	22.86923298865638
ALATA_L_b	7979.0	0.9999999999998332	7979.0	1.6982521665724192e-13	0.0187825	0.018825	0.003623441741011583	0.0164029	0.01223	0.011225822891256508
MTHFC_b	476.0	1.063956314113576e-28	476.0	1.0	6.348861899999999	6.54308	1.6480698897229766	9.877459400000001	9.729890000000001	1.4819980486054438
MTHFD2i_b	54.0	6.433309913420637e-34	54.0	1.0	43.603258399999994	43.560024999999996	6.442666142341866	97.83176459999999	78.24325	55.38882241323082
H2Ot_b	0.0	1.2810718345817004e-34	0.0	1.0	23.073795500000003	21.352975	7.0384927344948025	147.11585719999997	140.29116	56.318452174955446
PHLACHt_b	4055.0	0.01050566556460073	4055.0	0.9895621273387052	256.4114895	254.74607	78.61011140820769	264.43007090000003	281.17103499999996	110.7139959725673
