	statistic_less	pvalue_less	statistic_greater	pvalue_greater	mean_MDAMB231	median_MDAMB231	std_MDAMB231	mean_MCF7	median_MCF7	std_MCF7
EX_lac__L_e	7583524809.0	1.0	7583524809.0	0.0	4.853951629051661	4.895125033812433	0.19268823368848903	4.569253545833074	4.666324084261811	0.368864230043265
EX_glc__D_e_r	5797162496.0	1.0	5797162496.0	0.0	2.774562232617224	2.7981435142502633	0.1101484877198792	2.693358852391259	2.749913388129961	0.2214497339999001
EX_gluIN__L_e					0.0	0.0	0.0	0.0	0.0	0.0
EX_gluOUT__L_e	10000000000.0	1.0	10000000000.0	0.0	0.13099454272772737	0.131044343981395	0.009275902577165283	0.07527886773011169	0.07682964232471125	0.006050533452732319
EX_gln__L_e_r	31194.0	0.0	31194.0	1.0	0.6795728995004027	0.680834371624558	0.036403372510706626	1.1876639356584517	1.2122275517828682	0.09544891470090702
EX_asp__L_e					0.0	0.0	0.0	0.0	0.0	0.0
DM_asp__L_e	1838993796.0	0.0	1838993796.0	1.0	0.09205172330176874	0.0666859861913692	0.08780149428135713	0.34908048872802677	0.2697007266727526	0.2946033309760297
EX_co2_e	3622324156.0	0.0	3622324156.0	1.0	32.440749180984604	32.06343719853143	9.290043906940257	35.698546701145624	35.77617176470775	2.120319550672571
EX_h_e_f	5214168898.0	1.0	5214168898.0	4.156650441911236e-62	254.28745637614009	254.1938205050742	105.90036885040715	238.59915931464863	257.95235739840655	130.16737221262196
EX_h2o_e_f	5856640219.0	1.0	5856640219.0	0.0	110.36216594635191	110.02000364673387	44.0979344747259	94.48132748255503	89.43927287821435	57.05343071761564
EX_ump_e_r	1246008979.0	0.0	1246008979.0	1.0	6.967534663699038e-06	6.838300641468995e-06	3.6941595408949584e-06	2.095450931465893e-05	2.0027534410646313e-05	1.1188337614200292e-05
EX_pi_e_r	448136.0	0.0	448136.0	1.0	0.00013533219257389284	0.00013535772044795	5.1776914612867866e-06	0.00038638065673132397	0.000397324021012	7.117545985658969e-05
EX_nh4_e	9888086487.0	1.0	9888086487.0	0.0	39.84249556616157	39.42804008389011	12.062569927905297	13.86286906738251	13.497885395345875	2.383510000228139
EX_o2_e_r	0.0	0.0	0.0	1.0	2.231103654520801	2.1426804752263813	0.5473160117432094	19.694034244530275	19.773549676282496	1.3059464573896744
EX_arg__L_e_r	3195239834.0	0.0	3195239834.0	1.0	0.17944658375740102	0.18313032973345006	0.0330411329771791	0.20209719222437955	0.21450295069895708	0.0517612944664776
EX_pro__L_e					0.0	0.0	0.0	0.0	0.0	0.0
EX_leu__L_e_r	2086656.0	0.0	2086656.0	1.0	9.434589069262188e-05	9.452763438896479e-05	5.077681900355138e-06	0.0002735880656808279	0.00028150980300909996	5.416068640905938e-05
EX_ile__L_e_r	246747.0	0.0	246747.0	1.0	4.370821592523154e-05	4.403577441894907e-05	1.08970800477461e-06	0.0001249389762727723	0.0001288304893946	2.2699176314794132e-05
EX_met__L_e_r	0.0	0.0	0.0	1.0	2.3378741796068644e-05	2.3553946912085563e-05	5.828653060112229e-07	0.014012618600880657	0.01198722274996625	0.009764118284309196
EX_gly_e_r	4200936604.0	0.0	4200936604.0	1.0	0.10678877815547776	0.09455933086046615	0.07091760549660298	0.12247366125366532	0.1228989519386709	0.05927424837023662
EX_phe__L_e_r	3187757.0	0.0	3187757.0	1.0	5.1430431039559196e-05	5.1125611008162423e-05	7.46413564765588e-06	0.0001504569340905919	0.0001520526936491	3.3236180118245045e-05
EX_ser__L_e_r	4166617580.0	0.0	4166617580.0	1.0	0.14543387338257546	0.1329772870441236	0.09823961526716472	0.16602378084236805	0.176307321976176	0.06874995594538244
EX_ala__L_e_f	3441494074.0	0.0	3441494074.0	1.0	0.17378493183947571	0.12647581882715236	0.16041514900157844	0.34244693219765343	0.2351589424810555	0.34490382587928353
EX_ribflv_e					0.0	0.0	0.0	0.0	0.0	0.0
EX_asn__L_e					0.0	0.0	0.0	0.0	0.0	0.0
EX_fol_e_r	8886594124.0	1.0	8886594124.0	0.0	0.00027432853552473806	0.00028974386023704996	7.857598744891799e-05	0.00015146084852156252	0.0001558915135148	5.059496722903051e-05
EX_urea_e	4256589656.0	0.0	4256589656.0	1.0	0.059710951793911275	0.050996264469043	0.04362396755306438	0.07297609070571195	0.06512603831445675	0.04979746276773052
EX_pyr_e					0.0	0.0	0.0	0.0	0.0	0.0
PYRt2					0.0	0.0	0.0	0.0	0.0	0.0
EX_gudac_e	6645043416.0	1.0	6645043416.0	0.0	0.0792651666892013	0.075307990066545	0.048024107828980096	0.05318913262170031	0.04138542920025315	0.044052915594092246
EX_hdca_e_f	0.0	0.0	0.0	1.0	0.3542024806485465	0.3397469020900113	0.09731646719640195	1.9890014659726785	1.9864455409122543	0.1579323517206552
EX_ptrcIN_e					0.0	0.0	0.0	0.0	0.0	0.0
EX_ptrcOUT_e	1651919708.0	0.0	1651919708.0	1.0	0.08943095677879552	0.0818350798874024	0.05404573626276099	0.16615313284133484	0.17589144289477315	0.05440881687371408
EX_biomassx	246747.0	0.0	246747.0	1.0	0.00015278426137352725	0.00015392925852015	3.809128995499872e-06	0.0004367304590803742	0.000450333438414	7.934610950442623e-05
EX_gthox_e	99036241.0	0.0	99036241.0	1.0	0.0210089919034179	0.0198484920845967	0.011305058316195975	0.3267304221694559	0.33314499155374877	0.16308322487575386
EX_2obut_e	7854766665.0	1.0	7854766665.0	0.0	0.45139713764599093	0.44815797032921084	0.1885810522325662	0.2530247458976402	0.24529171570073044	0.14739657834440212
EX_crn_e	5536985274.0	1.0	5536985274.0	0.0	3.038545699213232e-18	4.892603182656904e-18	1.3895159662170038e-17	-1.2739856714343803e-17	-6.062317211092787e-17	2.6597862193183633e-16
EX_val__L_e_r	6730545108.0	1.0	6730545108.0	0.0	0.29437034479012086	0.2946395718209805	0.12612250912582215	0.22063909148116131	0.22957566726089196	0.06461718483218319
EX_spmd_e	0.0	0.0	0.0	1.0	0.0	0.0	0.0	0.003129174474696906	0.00287798433636195	0.002220850282972203
EX_sprm_e	1509438245.0	0.0	1509438245.0	1.0	0.0004967073429303219	0.0004992002979561	0.000233053094559509	0.0019804421199089007	0.00183617173181135	0.0012997324098322082
EX_5mthf_e	8886593532.0	1.0	8886593532.0	0.0	0.00027432853551679075	0.0002897438602335	7.85759874494096e-05	0.00015146088570730688	0.0001558914653357	5.059495937513574e-05
EX_tmlys_e_r					0.0	0.0	0.0	0.0	0.0	0.0
EX_thbpt_e_r	1193529531.0	0.0	1193529531.0	1.0	1.1788109878003277e-05	1.1524669625680882e-05	7.353520018883998e-06	3.7140228794872086e-05	3.684147347552903e-05	1.930776039568294e-05
EX_CE2705_e	1193529531.0	0.0	1193529531.0	1.0	1.1788109878003277e-05	1.1524669625680882e-05	7.353520018883998e-06	3.7140228794872086e-05	3.684147347552903e-05	1.930776039568294e-05
EX_crtn_e	2415631662.0	0.0	2415631662.0	1.0	0.040415576000539265	0.02961261316726315	0.038096972088553054	0.07577506911188887	0.06973701073908925	0.041651521898754415
EX_his__L_e_r	2351372652.0	0.0	2351372652.0	1.0	0.08599314361377351	0.07942340088335495	0.06235288772319886	0.14444841465632888	0.15706611730718884	0.04520812549837846
EX_lys__L_e_r	9909204223.0	1.0	9909204223.0	0.0	0.1412122600924618	0.14690433326872354	0.06706915818519187	0.00457358989300075	0.0048202315761506995	0.0018899187274057066
EX_carn_e_r	8512156473.0	1.0	8512156473.0	0.0	8.326448613062485	8.22363899663203	2.677394051910405	5.2174491741612075	5.0739172581319885	1.2200737108202508
EX_csn_e_r	9967065945.0	1.0	9967065945.0	0.0	10.544730530534531	10.269035056677954	3.753492387187825	1.2310440012568717	0.9056760442105025	1.1324641026373856
EX_cys__L_e					0.0	0.0	0.0	0.0	0.0	0.0
EX_cyan_e_r	3146815782.0	0.0	3146815782.0	1.0	0.14723497432458968	0.13458531353261635	0.07787867932634715	0.19271288090136862	0.19703196847291984	0.057950469205992436
EX_tcyntc	4894717868.0	1.744477740778052e-16	4894717868.0	0.9999999999999998	0.08507197226542819	0.060412235230799805	0.07372673502231487	0.0827128624568552	0.06983868954149769	0.06126717463468444
EX_tcynt_e	2669767145.0	0.0	2669767145.0	1.0	0.062163002059160796	0.04976841520647745	0.05343506867801172	0.11000001844450348	0.10780162678845505	0.0608711611534862
EX_so3_e	8890466357.0	1.0	8890466357.0	0.0	0.17298530740108112	0.17607895170032117	0.07309005931806066	0.07032664838449268	0.0747223148750775	0.025171025590204645
EX_thr__L_e_r	8024083877.0	1.0	8024083877.0	0.0	0.45145594304212383	0.44821815253268804	0.18858177619716143	0.2392508485446944	0.23097658314174502	0.14573408793539325
EX_trp__L_e_r	1205152793.0	0.0	1205152793.0	1.0	0.004880907287480618	0.004840448478015499	0.0025837255239109227	0.01731300327464694	0.01719810866720375	0.009374543847966776
EX_anth_e	1206012701.0	0.0	1206012701.0	1.0	0.004878874340098704	0.0048384091068273995	0.0025837253038701463	0.01730719209432851	0.0171919118752173	0.00937438376694353
EX_tyr__L_e_r	1796778115.0	0.0	1796778115.0	1.0	1.2607105919777843e-05	1.2834935405608695e-05	7.350961558937364e-06	3.282560129158459e-05	3.2854506529844904e-05	1.852272670996588e-05
EX_cystinex_r	7207810445.0	1.0	7207810445.0	0.0	0.18511134264415957	0.1870114775245606	0.011596739902064983	0.17032340980761576	0.1725806311183915	0.020282249654532843
EX_3hydroxybutanoatex_r	26830.0	0.0	26830.0	1.0	1.2110393838347204	1.0162640248099692	0.7689555616437431	11.843674180853746	11.997855477834452	0.550877975152426
EX_gthrd_e_r	153376550.0	0.0	153376550.0	1.0	0.025211782926175322	0.020599437451450202	0.02010283828735577	0.6081249102316777	0.6154018331910636	0.32585383630255493
EX_cmp_e_r	930279115.0	0.0	930279115.0	1.0	4.177141931333092e-06	4.331196901590321e-06	1.9478538422461944e-06	1.136579373641032e-05	1.1134179027226981e-05	5.021360639210714e-06
HEX1	876940903.0	0.0	876940903.0	1.0	2.938563105976566	2.9189953445515355	0.19611735838921293	5.493530580988404	4.616133349246013	2.9281315297816755
G6PP	555292561.0	0.0	555292561.0	1.0	0.16400087335927063	0.1184787609060117	0.15575010674409526	2.80017172859721	1.900747167320675	2.9160163656379168
PGI	7970824559.0	1.0	7970824559.0	0.0	1.4300612048460448	1.4637341253404448	0.7899995275619801	0.6028855378551686	0.43137852061822435	0.5797493832929771
PFK	1357922943.0	0.0	1357922943.0	1.0	1.294676574206353	1.2695645254573318	0.7118367077539847	3.864606914129977	3.120006847774588	2.6735345788880007
FBP	555667417.0	0.0	555667417.0	1.0	0.17189208559928365	0.1169302147833248	0.1765464998957911	2.79594209319141	2.009405414162931	2.6148271992180687
FBA	5198589494.0	1.0	5198589494.0	1.0702372900090182e-53	1.1227844886070777	1.0974203341940156	0.6684390934123433	1.0686648209384761	1.0294438797289884	0.5791292988835135
TPI	8121860007.0	1.0	8121860007.0	0.0	2.325689139466546	2.3324619306794006	0.27684785163792247	1.9916827948412477	1.965924799407727	0.2596911333285125
GAPD	7822338085.0	1.0	7822338085.0	0.0	5.099192246242585	5.102093543891566	0.32835303527267373	4.677764218231653	4.733014668759328	0.4406192265822701
PGK	9426516687.0	1.0	9426516687.0	0.0	4.942534945050473	4.950198828232514	0.3528118135393287	2.8745749602495243	3.078444830353792	1.4328753986914031
DPGM	616635131.0	0.0	616635131.0	1.0	0.15665730119219573	0.11089617715998759	0.148790650514608	1.8031892579824627	1.5691947452999768	1.3194218946279124
DPGase	616635131.0	0.0	616635131.0	1.0	0.1566573011921953	0.11089617715998795	0.14879065051460805	1.8031892579824946	1.569194745300033	1.3194218946279017
PGM_f	9630368428.0	1.0	9630368428.0	0.0	22.446297364463376	23.812229694505294	7.276403689933484	6.8769435385152695	6.952665538718338	1.2275207668407748
ENO_f	9937401135.0	1.0	9937401135.0	0.0	20.70079652317578	20.855189418395916	5.9069952183371175	6.304320017336555	6.384231535839481	0.7242696533136921
PYK	8567205312.0	1.0	8567205312.0	0.0	5.041290906380998	5.044906021241005	0.3348269547727162	4.419968947088164	4.480927732286574	0.5048171070869628
LDH_L	7583524809.0	1.0	7583524809.0	0.0	4.853951629049484	4.895125033810164	0.19268823368846572	4.569253545839227	4.666324084276304	0.36886423004244806
r0407	6182574613.0	1.0	6182574613.0	0.0	1.2029046508594468	1.1900930207576215	0.6727772610268258	0.9230179739317645	0.9250061275704692	0.525898529798674
PRPPS	17523785.0	0.0	17523785.0	1.0	0.0010170805283052265	0.00102244066116595	0.00046695577530363376	0.007157243511104454	0.0074257392941348005	0.0019161385411142612
G6PDH2r	2322653398.0	0.0	2322653398.0	1.0	1.3444589824588111	1.3138624307738693	0.7921495786677866	2.090353128936762	2.2212803819899007	0.5895790547353836
PGL	2322653398.0	0.0	2322653398.0	1.0	1.3444589824588167	1.3138624307738844	0.7921495786677841	2.0903531289368305	2.221280381990095	0.589579054735352
GND	2322653398.0	0.0	2322653398.0	1.0	1.3444589824586568	1.3138624307753046	0.7921495786676235	2.090353128936822	2.221280381990093	0.5895790547353517
RPI	2283919820.0	0.0	2283919820.0	1.0	0.44883104783867517	0.43860759044772113	0.26398978871220363	0.7015558720118195	0.7449670584810528	0.19658936304633415
TKT2_f	2268486371.0	0.0	2268486371.0	1.0	0.5161259327032438	0.5092247455384957	0.2597465285975947	0.7657819526546534	0.805802289238393	0.19283393260347267
RPE_f	2405588580.0	0.0	2405588580.0	1.0	1.1196896918594201	1.1099939740535167	0.5190853017714006	1.5956045561623753	1.6647504914176507	0.4103069692478481
TKT1_f	2264781422.0	0.0	2264781422.0	1.0	0.5172205082394037	0.5111064713608073	0.26317212268628515	0.77014865120954	0.8122875605403745	0.1976482415298846
TALA_f	5915063863.0	1.0	5915063863.0	0.0	1.8902059779598046	1.817698850053068	1.0136383286165815	1.5468144184959343	1.5854100017322788	0.6863548346625531
r0408	6182574613.0	1.0	6182574613.0	0.0	1.202904650859464	1.1900930207576281	0.672777261026833	0.923017973931728	0.925006127570401	0.5258985297986747
PDHm	768988707.0	0.0	768988707.0	1.0	0.8262279396268156	0.8315188013974439	0.34006066107350846	1.7194189205386339	1.6850514366368072	0.5541101574481339
PCm	708663574.0	0.0	708663574.0	1.0	1.5789786857005919	1.3446526689395217	1.1063032797016599	8.047171759623176	7.197647032330227	5.080296884777482
PEPCK_re					0.0	0.0	0.0	0.0	0.0	0.0
CSm	4128.0	0.0	4128.0	1.0	3.6733932963378635	3.309265128185838	1.490259117135554	26.240127706305785	26.367635312183438	1.5266642092488785
ACONTm_f	9003104216.0	1.0	9003104216.0	0.0	96.57854407006988	99.76093222360774	56.85414657429764	19.168660604592688	18.56839977040037	9.945361066713101
ICDHxm	1699414115.0	0.0	1699414115.0	1.0	2.406647509369885	1.7626376958791283	2.1597894069935193	11.653860709761824	8.112893136274574	11.373047991966388
ICDHym_f	108306827.0	0.0	108306827.0	1.0	4.45412039618432	4.765555625411981	2.366095139719307	56.45940868365521	58.23380950340099	21.602630743460058
AKGDm	22803.0	0.0	22803.0	1.0	0.8725598359692744	0.6669691308489214	0.7665669238378745	11.447621176843054	11.58440019455091	0.5790124137194109
SUCOAS1m_f	4893813273.0	9.745880562979504e-17	4893813273.0	0.9999999999999999	11.045227522662193	9.62328169598964	7.379115942528879	10.62430002715582	10.727789413561693	4.780446873090002
SUCD1m	39897.0	0.0	39897.0	1.0	1.1668873392447143	0.9709332594100951	0.7701864617487736	11.668141606554707	11.80836395823699	0.574766363438195
FUMm_f	8585457841.0	1.0	8585457841.0	0.0	151.4358041538583	151.20651258482403	68.1936678544727	68.2396127388225	65.85557491954619	29.125888059798832
MDHm_f	6366572830.0	1.0	6366572830.0	0.0	553.6482534808251	543.969860222833	241.57455734131568	434.38322180187225	393.8013680976019	256.840147371549
ME1m	1930586523.0	0.0	1930586523.0	1.0	0.7421688312653169	0.5233713368286408	0.7095259090343023	2.919389452485993	2.120148386170883	2.773408078508239
ME2m	1906895713.0	0.0	1906895713.0	1.0	0.9827529874933121	0.719148015581363	0.9009152221462362	3.7355251010760067	2.7756366152323952	3.3191051466562893
ME2	476421133.0	0.0	476421133.0	1.0	0.151636508938367	0.10929029034188675	0.14221786114297633	2.9425926201650436	2.048374045738699	2.8625364093329195
ACITL	0.0	0.0	0.0	1.0	2.976817248462647	2.861886196376604	0.770615035475233	16.737743041292504	16.68378393060113	1.459099833042564
FUM_f	6251550341.0	1.0	6251550341.0	0.0	51.51578911640025	47.35985363151856	36.76051952065188	33.12889730022072	32.67209657585553	17.257371043172313
MDH_f	7999305069.0	1.0	7999305069.0	0.0	326.8501774364675	344.5097437384959	167.84823669769622	150.790124634799	148.15118274820344	74.49026125814613
AKGMALtm_f	6762469740.0	1.0	6762469740.0	0.0	331.4187057749649	352.63942029027476	149.5663831402064	242.8093638138012	236.29727533455474	126.42342303192514
ACONT	1372957.0	0.0	1372957.0	1.0	9.196847161492425	8.480511654828192	3.797527671065591	44.65045469674994	44.358152587688494	7.525622968368889
ICDHyr	1372957.0	0.0	1372957.0	1.0	9.196847161492473	8.48051165482843	3.797527671065602	44.650454696748156	44.35815258769	7.525622968368806
PPA	3196414.0	0.0	3196414.0	1.0	0.46327587266057213	0.4484071433541082	0.15918288224906005	6.646373945571618	6.398704292619448	2.4574880701612907
Complex1ROS	24.0	0.0	24.0	1.0	1.9089556051717298	1.8916253145214164	0.464474992651144	23.876971702623766	24.102742082510588	3.2015383920130356
FADH2ETC	7056.0	0.0	7056.0	1.0	2.016509873329238	1.8686271515067474	0.8520082461662047	15.260004766446485	14.605557249256238	2.8554891291006843
CYOR_u10mi	0.0	0.0	0.0	1.0	3.830024126047701	3.641449866601126	1.0690339892006677	37.94314579418857	38.09730777128891	2.5290022022746292
CYOOm2i	0.0	0.0	0.0	1.0	1.9150120630238505	1.8207249333005633	0.5345169946003339	18.97157289709425	19.04865388564449	1.2645011011373222
ATPS4mi	0.0	0.0	0.0	1.0	4.088055243974465	3.909760889073424	1.5017484000956334	63.66155916646738	63.8378484260112	7.260300153579038
GLUCYS	2478340750.0	0.0	2478340750.0	1.0	0.016806200880631304	0.01257830610972115	0.014862137505008343	0.04533593410716628	0.035513622011097146	0.03863579558419569
GTHS	2478340750.0	0.0	2478340750.0	1.0	0.01680620088063193	0.012578306109735	0.014862137505008397	0.04533593410716839	0.035513622011095744	0.03863579558419901
SPODMm	24.0	0.0	24.0	1.0	0.04772389012929003	0.0472906328630342	0.011611874816278789	0.5969242925655984	0.6025685520627706	0.08003845980032873
GTHPi	8666335267.0	1.0	8666335267.0	0.0	0.08946403036192965	0.0914163799932109	0.045515302296589163	0.030677543003228388	0.03143656623022735	0.013970167657254545
GTHPm	24.0	0.0	24.0	1.0	0.04772389012929041	0.047290632863034546	0.011611874816278766	0.5969242925655948	0.6025685520627663	0.08003845980032953
GDR	7378406851.0	1.0	7378406851.0	0.0	0.10639471861884957	0.1000240801167484	0.06469537245626496	0.05543649844383011	0.0485025734917343	0.03866148410538891
GTHOr	6402462635.0	1.0	6402462635.0	0.0	0.08252277870883666	0.07127379164487316	0.0607543405855905	0.051608143721200955	0.0464709714072105	0.035676842666508904
GDRm	743922577.0	0.0	743922577.0	1.0	0.012875796465326599	0.0101283270847086	0.010952542992094593	0.13582306953024392	0.09858243762607335	0.11698401902296185
GTHOm	803160491.0	0.0	803160491.0	1.0	0.0138391017605476	0.01122114206612955	0.011189484630755904	0.13437080086588765	0.10666807139555409	0.10668627098403677
r0885	99036241.0	0.0	99036241.0	1.0	0.04201798380681169	0.03969698416913865	0.022610116632388697	0.6534608443388391	0.6662899831077648	0.32616644975151005
PYRt2m_f	2451760617.0	0.0	2451760617.0	1.0	17.214905424100465	16.51276416026914	9.212633765443995	30.82489372603168	30.322381239887026	15.73864975541701
HMR_4964	269522.0	0.0	269522.0	1.0	12.17366440995506	11.324395448423914	4.4366030521046085	61.38819773804021	61.18399555784935	8.125510853312099
r2420	0.0	0.0	0.0	1.0	2.2612744719371847	2.049030208067623	1.362135332722666	53.88921999487921	54.206885919624135	8.054614048623352
ATPtm	0.0	0.0	0.0	1.0	2.4843067608184337	2.259757053830719	1.3231402369888159	55.52961572130407	55.49413286613547	6.803223243256538
FUMtm_f	457005379.0	0.0	457005379.0	1.0	9.879527351214666	10.46638139136812	3.6675126793940547	39.85320804803044	39.32535480284828	17.429627051149538
CO2tm_f	4608446946.0	2.341903487632713e-202	4608446946.0	1.0	157.81105922133543	157.29008099215875	76.35969361200834	167.62599997134834	173.71354775352043	68.90736957842265
O2tm	0.0	0.0	0.0	1.0	1.9627359531530835	1.8684672404680769	0.5421170190621698	19.568497189659517	19.646845362209056	1.3053562654865178
r0801_f	2179560842.0	0.0	2179560842.0	1.0	5.880592830810265	5.838773493763907	3.6617339193334484	11.055246999477628	11.888777398190932	5.167747130095997
THD1m	34286172.0	0.0	34286172.0	1.0	12.445012546953414	12.161438230278385	4.220127933732613	54.38692516186249	52.06054141479903	17.956880004791508
H2Otm_f	0.0	0.0	0.0	1.0	0.0	0.0	0.0	26.346831395286223	26.053401660043782	13.32923768402533
NH4tm_f	7375129841.0	1.0	7375129841.0	0.0	128.3580296698121	139.65344368901896	51.83697732992248	84.24700816867222	88.15328598605885	45.296485167332165
HCO3E	0.0	0.0	0.0	1.0	2.6047013853447973	2.504144039927624	0.6742887461719593	14.645495897636959	14.598316660893277	1.2767126479008257
HCO3Em	682880709.0	0.0	682880709.0	1.0	1.6036701816597223	1.3703519008960101	1.1077232871563754	8.131880778962012	7.287172157300995	5.086827398027567
GLUN	1166911837.0	0.0	1166911837.0	1.0	0.620745613906658	0.6145011811500285	0.2009834179275678	3.3504547738273525	2.41952967506331	3.0904402962701654
GLNS	255574653.0	0.0	255574653.0	1.0	0.1444574160578937	0.10151773864176031	0.1410701445382084	3.585754158172445	2.7284577727829777	3.1506440892665677
GLUt2m	2084230395.0	0.0	2084230395.0	1.0	0.0706415881107011	0.05117247535483385	0.06585275026004911	0.27129873245775094	0.19237534873974274	0.26450064052172784
GLNtm_1	3041526272.0	0.0	3041526272.0	1.0	0.11742333166772254	0.083383726552689	0.11339079303785055	0.2683828744432879	0.18782991637445046	0.2858865998660337
GLUNm	3041526272.0	0.0	3041526272.0	1.0	0.11742333166773945	0.08338372655266935	0.11339079303785024	0.2683828744432931	0.18782991637445984	0.2858865998660338
GLUPRT	246747.0	0.0	246747.0	1.0	1.7238037217416205e-05	1.7367222684084183e-05	4.297687889419367e-07	4.927454589030933e-05	5.0809315889053516e-05	8.952304767732743e-06
PRAGSr	246747.0	0.0	246747.0	1.0	1.723803721766053e-05	1.7367222684846083e-05	4.297687889424859e-07	4.9274545890315735e-05	5.0809315889096925e-05	8.952304767741199e-06
GARFT	246747.0	0.0	246747.0	1.0	1.7238037217531984e-05	1.736722268426924e-05	4.297687889597625e-07	4.927454588912899e-05	5.0809315883870575e-05	8.952304766249875e-06
PRFGS	246747.0	0.0	246747.0	1.0	1.7238037217531984e-05	1.736722268426917e-05	4.2976878895976383e-07	4.927454588920305e-05	5.0809315883708365e-05	8.95230476619098e-06
PRAIS	246747.0	0.0	246747.0	1.0	1.7238037216969537e-05	1.736722268297379e-05	4.297687889599865e-07	4.927454588917158e-05	5.0809315884236995e-05	8.952304766052655e-06
AIRCr	246747.0	0.0	246747.0	1.0	1.7238037216969473e-05	1.7367222682973604e-05	4.2976878895998634e-07	4.927454588917144e-05	5.080931588423692e-05	8.952304766052659e-06
PRASCSi	246747.0	0.0	246747.0	1.0	1.7238037217204097e-05	1.736722268335135e-05	4.297687889685151e-07	4.9274545889331815e-05	5.080931588380991e-05	8.952304765992314e-06
ADSL2r	246747.0	0.0	246747.0	1.0	1.723803721573405e-05	1.7367222682276134e-05	4.2976878901311045e-07	4.927454588951171e-05	5.080931588513622e-05	8.952304766029597e-06
AICART	246747.0	0.0	246747.0	1.0	1.7238037215725463e-05	1.7367222682041384e-05	4.2976878901749887e-07	4.927454589087116e-05	5.0809315886063096e-05	8.95230476634581e-06
IMPC	246747.0	0.0	246747.0	1.0	1.7238037215605936e-05	1.7367222682172413e-05	4.297687890206607e-07	4.927454589087106e-05	5.080931588606302e-05	8.952304766345822e-06
ADSS	246747.0	0.0	246747.0	1.0	1.0207669430995245e-05	1.0284167847667075e-05	2.5449171820605356e-07	2.9178393819303758e-05	3.0087222717523465e-05	5.301193537144536e-06
ADSL1r	246747.0	0.0	246747.0	1.0	1.0207669429575252e-05	1.028416784902396e-05	2.5449171823098116e-07	2.9178393819868336e-05	3.0087222717692164e-05	5.301193537221748e-06
IMPDH2	246747.0	0.0	246747.0	1.0	7.030367786694159e-06	7.083054833159285e-06	1.7527707074954412e-07	2.0096152070266605e-05	2.0722093166888845e-05	3.651111228980045e-06
GMPS	5857796054.0	1.0	5857796054.0	0.0	5.3502255600680926e-06	5.527708988819098e-06	9.530417454935733e-07	5.177064175758244e-06	4.256954275109359e-06	4.046131462821838e-06
GMPS2	59774661.0	0.0	59774661.0	1.0	1.6801422266260218e-06	1.504010664668068e-06	9.373744954678246e-07	1.4919087894386758e-05	1.5184352470598192e-05	4.919960167271228e-06
GK1	246747.0	0.0	246747.0	1.0	7.030367786694153e-06	7.083054833159319e-06	1.7527707074954631e-07	2.009615207014585e-05	2.072209316700123e-05	3.651111229056953e-06
RNDR2	246747.0	0.0	246747.0	1.0	1.5122586190756754e-06	1.523591800833131e-06	3.7702758797457564e-08	4.322758083978325e-06	4.457400373422335e-06	7.853677918748682e-07
ADK1	3196528.0	0.0	3196528.0	1.0	0.46326737861969086	0.4483989262964137	0.1591828716345746	6.646349665541977	6.398677994056103	2.45748771481045
RNDR1	246747.0	0.0	246747.0	1.0	2.014154917687927e-06	2.0292494150722364e-06	5.0215747547673564e-08	5.757417642057135e-06	5.936745718611722e-06	1.0460197615968125e-06
CBPS	1705354359.0	0.0	1705354359.0	1.0	6.427805226858401e-06	6.149870226227968e-06	3.928405253434293e-06	1.791025069942287e-05	1.6119772825002926e-05	1.1275028806225529e-05
ASPCT	1705354359.0	0.0	1705354359.0	1.0	6.427805226858272e-06	6.149870226227721e-06	3.928405253434507e-06	1.7910250699440323e-05	1.6119772825020775e-05	1.1275028806220404e-05
DHORTS	1705354359.0	0.0	1705354359.0	1.0	6.427805226858193e-06	6.1498702262277125e-06	3.928405253434493e-06	1.7910250699440255e-05	1.6119772825020727e-05	1.1275028806220416e-05
DHORD9	1705354359.0	0.0	1705354359.0	1.0	6.427805226858194e-06	6.149870226227718e-06	3.928405253434505e-06	1.7910250699440265e-05	1.61197728250207e-05	1.1275028806220362e-05
ORPT	1705354359.0	0.0	1705354359.0	1.0	6.427805226858198e-06	6.149870226227724e-06	3.928405253434502e-06	1.7910250699440306e-05	1.6119772825020754e-05	1.1275028806220418e-05
OMPDC	1705354359.0	0.0	1705354359.0	1.0	6.427805226858202e-06	6.149870226227724e-06	3.928405253434496e-06	1.7910250699440116e-05	1.6119772825020625e-05	1.1275028806220374e-05
UMPK	20556629.0	0.0	20556629.0	1.0	1.339533989054981e-05	1.3233984909294777e-05	1.951238063517253e-06	3.886476001472647e-05	3.885582628044884e-05	9.652231358225861e-06
RNDR4	246747.0	0.0	246747.0	1.0	2.0000987656415764e-06	2.0150879232883443e-06	4.986530768008924e-08	5.7172384398220026e-06	5.8953150422783344e-06	1.0387199195224796e-06
TMDS	246747.0	0.0	246747.0	1.0	2.00009876564158e-06	2.0150879232883477e-06	4.98653076800893e-08	5.717238439821954e-06	5.895315042278334e-06	1.0387199195224898e-06
URIDK2r	246747.0	0.0	246747.0	1.0	2.0000987656415726e-06	2.0150879232883435e-06	4.98653076800892e-08	5.717238439821935e-06	5.895315042278303e-06	1.038719919522487e-06
NDPK2	32748378.0	0.0	32748378.0	1.0	1.139524112490798e-05	1.1232613657949739e-05	1.9458849637314507e-06	3.314752157490422e-05	3.2944506758195304e-05	8.776726183471315e-06
NDPK3_f	3880832012.0	0.0	3880832012.0	1.0	1.8320206276370187e-06	1.7375679599731915e-06	1.042657921784377e-06	2.429100149758219e-06	2.23669037332749e-06	1.4680352285678342e-06
CYTK1_r	930279115.0	0.0	930279115.0	1.0	4.1771419313331245e-06	4.331196901590361e-06	1.947853842246191e-06	1.136579373641024e-05	1.1134179027226937e-05	5.021360639210716e-06
CTPS1	1581535758.0	0.0	1581535758.0	1.0	3.2295334915360234e-06	3.0693302404214573e-06	1.9372389907512946e-06	9.806025458891035e-06	9.462229731390688e-06	5.792021222359816e-06
RNDR3	246747.0	0.0	246747.0	1.0	1.4425889958893687e-06	1.4534000589479484e-06	3.596579597550969e-08	4.123608994637437e-06	4.2520483255054466e-06	7.49185965940847e-07
GDHm	1987252310.0	0.0	1987252310.0	1.0	2.92740186008368	2.1307535950831977	2.681815836606197	11.935128206989441	8.420312431584357	11.741069043428723
GLUDym_f	5546515082.0	1.0	5546515082.0	0.0	125.89044021164747	126.59365018868607	64.06393741735917	111.7333952814888	124.74866859582698	54.153732023535866
ASPTA_f	2203312038.0	0.0	2203312038.0	1.0	88.674808838291	79.8563202623763	54.67225357321589	151.0312936268129	150.57207133071154	58.62897767540081
ASPTAm	1729852262.0	0.0	1729852262.0	1.0	1.7140116904261287	1.2582653615280366	1.636814780113898	7.2874617485153195	5.776261321066082	6.13357983595354
ASPGLUm	1647959307.0	0.0	1647959307.0	1.0	1.5985236495902801	1.1410908527722392	1.6356197064606297	7.2535066467082245	5.7396843806199325	6.135979611973785
ASPT	2189788079.0	0.0	2189788079.0	1.0	0.07406062357975063	0.0516773443799333	0.07524248583903721	0.26471980085292335	0.18447013444903684	0.25645649257471337
CBPSam					0.0	0.0	0.0	0.0	0.0	0.0
OCBTm					0.0	0.0	0.0	0.0	0.0	0.0
ORNt4m					0.0	0.0	0.0	0.0	0.0	0.0
ARGSS	1429069673.0	0.0	1429069673.0	1.0	0.036945886315683275	0.025474281831745653	0.036579431241787995	0.21865875568734325	0.15243796462751374	0.21616619966816908
ARGSL	1429069673.0	0.0	1429069673.0	1.0	0.036945886315694516	0.025474281831756748	0.03657943124178979	0.21865875568753326	0.15243796462764242	0.21616619966816206
ARGN	4256589656.0	0.0	4256589656.0	1.0	0.05971095179391137	0.0509962644690432	0.043623967553064316	0.0729760907057121	0.06512603831445665	0.04979746276773055
ORNDC	3200329639.0	0.0	3200329639.0	1.0	0.17939169448365822	0.18307471185290963	0.03304113020153481	0.20194029243922848	0.2143538080948002	0.05176513769403734
SPMS	7383147.0	0.0	7383147.0	1.0	0.0004967073429302721	0.0004992002979562	0.00023305309455948868	0.0051096165946061525	0.0049806997485344	0.0016152431563423856
SPRMS	1509438245.0	0.0	1509438245.0	1.0	0.0004967073429303219	0.0004992002979561	0.000233053094559509	0.0019804421199085044	0.0018361717318103499	0.0012997324098319625
ADMDC	19239130.0	0.0	19239130.0	1.0	0.0009934146858607362	0.00099840059591195	0.00046610618911897047	0.007090058714514987	0.00735957190085465	0.0019142762609353722
MTAP	19239130.0	0.0	19239130.0	1.0	0.0009934146858607037	0.0009984005959124	0.0004661061891190104	0.0070900587145138385	0.0073595719008522995	0.0019142762609355211
ADPT	19239130.0	0.0	19239130.0	1.0	0.0009934146858606328	0.0009984005959124	0.00046610618911900424	0.007090058714515049	0.0073595719008548	0.0019142762609353412
MTRI	19239130.0	0.0	19239130.0	1.0	0.0009934146858606551	0.0009984005959123498	0.00046610618911900836	0.007090058714515011	0.007359571900854799	0.0019142762609353308
MDRPD	19239130.0	0.0	19239130.0	1.0	0.0009934146858607096	0.00099840059591225	0.00046610618911903633	0.007090058714514931	0.00735957190085465	0.001914276260935347
DKMPPD	19239130.0	0.0	19239130.0	1.0	0.0009934146858607087	0.00099840059591225	0.00046610618911903644	0.007090058714515004	0.00735957190085475	0.0019142762609353305
SPMDtex2	0.0	0.0	0.0	1.0	0.0	0.0	0.0	0.003129174474696924	0.00287798433636195	0.0022208502829721985
SPRMti	1509438245.0	0.0	1509438245.0	1.0	0.0004967073429303079	0.00049920029795615	0.0002330530945595071	0.001980442119908933	0.0018361717318113998	0.0012997324098322047
GLYAMDTRc	4533725474.0	6.051586896670794e-286	4533725474.0	1.0	0.11968074268974169	0.11983597553374165	0.04879732663909811	0.12896420173338	0.1276743639821368	0.05168800473144947
ARGDr	1429069673.0	0.0	1429069673.0	1.0	0.03694588631568452	0.0254742818317461	0.03657943124178779	0.21865875568809415	0.15243796462803474	0.21616619966814235
r0074_f	246747.0	0.0	246747.0	1.0	6.302106326841933e-05	6.349335627145667e-05	1.57120476457985e-06	0.000180144373581231	0.0001857552950137	3.272897106047318e-05
GLU5SAtmc_f	246747.0	0.0	246747.0	1.0	6.302106326841994e-05	6.349335627145718e-05	1.571204764579847e-06	0.00018014437358122623	0.0001857552950137	3.272897106047164e-05
G5SADs_f	246747.0	0.0	246747.0	1.0	6.302106326841974e-05	6.349335627145759e-05	1.5712047645798392e-06	0.00018014437358122696	0.0001857552950137	3.272897106047178e-05
PRO1x	920272508.0	0.0	920272508.0	1.0	2.211427948006274e-05	1.9487201375501064e-05	1.541891779030331e-05	8.266639560161964e-05	8.064890072788201e-05	4.359889276531191e-05
P5CR	1049670825.0	0.0	1049670825.0	1.0	4.0906783788356894e-05	4.3573955804463304e-05	1.5405885009222383e-05	9.747793108167868e-05	9.852012777019693e-05	4.130801557884234e-05
PROD2					0.0	0.0	0.0	0.0	0.0	0.0
EXRiboflavin					0.0	0.0	0.0	0.0	0.0	0.0
RBFK					0.0	0.0	0.0	0.0	0.0	0.0
FMNAT					0.0	0.0	0.0	0.0	0.0	0.0
TransportFAD					0.0	0.0	0.0	0.0	0.0	0.0
ASNS1	598389990.0	0.0	598389990.0	1.0	0.0849927302142983	0.058836823005178854	0.08414440045328854	1.1490644903695826	0.8231807018442328	1.083754459456405
ASNN	598933494.0	0.0	598933494.0	1.0	0.08495003847206756	0.058793421839207605	0.08414437928648637	1.1489424569602802	0.8230644083674876	1.0837519848342532
METS	438868941.0	0.0	438868941.0	1.0	0.09338022592157842	0.0766804235784124	0.06763863523022405	1.0273565006373473	0.7534236973720769	0.9154926229551209
METAT	333702886.0	0.0	333702886.0	1.0	0.09437364060712812	0.07774475613351095	0.06756622770023446	1.0483923503311885	0.7738419397829117	0.9155954433709808
HMR_3915	493698884.0	0.0	493698884.0	1.0	0.05296464992073053	0.0362273671319355	0.05445708350994217	0.9655272225047595	0.691059644082515	0.9132660694071905
AHCi	363370484.0	0.0	363370484.0	1.0	0.09338022592127174	0.0766804235782576	0.06763863523022536	1.0413022916211208	0.7668590351625135	0.9155113898925994
ADNK1	363370484.0	0.0	363370484.0	1.0	0.09338022592127168	0.0766804235782577	0.06763863523022533	1.041302291621111	0.766859035162516	0.9155113898925991
CYSTS	0.0	0.0	0.0	1.0	0.0	0.0	0.0	0.013945790984310175	0.01191959631580105	0.009763142826282269
CYSTGL	0.0	0.0	0.0	1.0	0.0	0.0	0.0	0.013945790984309902	0.0119195963158009	0.009763142826282272
MTHFR3	3375471819.0	0.0	3375471819.0	1.0	0.040689904536055345	0.02988057704167825	0.03810122299637782	0.061980739013315016	0.0557098893909104	0.04148191347309241
MetSynthesis	361457100.0	0.0	361457100.0	1.0	0.0007762486894768531	0.00077109176969605	0.00043993514414563913	0.005242204377671225	0.0053049995669902	0.002507040543361044
UNK3	954099419.0	0.0	954099419.0	1.0	0.00021716599638379588	0.0001724444296703	0.0001746443950292817	0.0018478543366704104	0.0013734874266015502	0.0015662475512236765
5MTHFt	8886593532.0	1.0	8886593532.0	0.0	0.00027432853551679346	0.0002897438602335	7.857598744940924e-05	0.0001514608857061984	0.00015589146533495	5.059495937521006e-05
ILETA					0.0	0.0	0.0	0.0	0.0	0.0
3MOPt2im					0.0	0.0	0.0	0.0	0.0	0.0
ILETAm					0.0	0.0	0.0	0.0	0.0	0.0
LEUTA	5669395144.0	1.0	5669395144.0	0.0	4.7866103145629804e-06	4.061019114535552e-06	3.6798201661227867e-06	3.6364585761112645e-06	3.768229655479772e-06	2.2223613381550937e-06
4MOPt2im	5669395168.0	1.0	5669395168.0	0.0	4.7866103145630355e-06	4.061019114535593e-06	3.6798201661227867e-06	3.6364585625253134e-06	3.7682296561533187e-06	2.2223613335790236e-06
LEUTAm	640369323.0	0.0	640369323.0	1.0	6.20874329127993e-06	5.40226405733056e-06	4.493242044120116e-06	3.169592553619656e-05	3.161381054063358e-05	1.6244909383944276e-05
OIVD1m	858728924.0	0.0	858728924.0	1.0	1.0995353605843105e-05	1.1267180386307253e-05	4.548767358387344e-06	3.5332384108012e-05	3.54939521175249e-05	1.610903187996272e-05
ACOAD8m	858728923.0	0.0	858728923.0	1.0	1.0995353605842992e-05	1.1267180386307175e-05	4.54876735838734e-06	3.533238410760069e-05	3.5493952111313775e-05	1.610903186266888e-05
MCCCrm	858728923.0	0.0	858728923.0	1.0	1.0995353605843068e-05	1.1267180386307217e-05	4.5487673583873456e-06	3.533238410760081e-05	3.54939521113138e-05	1.6109031862668995e-05
MGCHrm	858728923.0	0.0	858728923.0	1.0	1.0995353605843104e-05	1.1267180386307243e-05	4.54876735838734e-06	3.533238410760118e-05	3.549395211131422e-05	1.610903186266896e-05
HMGCOAtm	862974611.0	0.0	862974611.0	1.0	1.1031285453947543e-05	1.130439610872279e-05	4.544334248168084e-06	3.5332384107600564e-05	3.549395211131371e-05	1.6109031862668917e-05
VALTA	9659398639.0	1.0	9659398639.0	0.0	0.20266046231240525	0.19256493073507214	0.12158569842708977	0.015104009623674345	0.0159280060113293	0.0054056314303894855
3MOBt2im	9659398637.0	1.0	9659398637.0	0.0	0.20266046231243134	0.19256493073510533	0.12158569842708845	0.015104009635553152	0.015928006028461797	0.005405631430064888
VALTAim	1246070057.0	0.0	1246070057.0	1.0	0.09165600967765132	0.07596374060270634	0.07098263406919464	0.20538108769853586	0.21381837044948626	0.06504688215619607
OIVD2m	6732803717.0	1.0	6732803717.0	0.0	0.2943164719900803	0.29458564422773914	0.1261225000932021	0.22048509733410013	0.22943359670151992	0.06461648383018218
ACOAD9m	6732803717.0	1.0	6732803717.0	0.0	0.29431647199008015	0.2945856442277379	0.12612250009320208	0.220485097334105	0.2294335967015543	0.06461648383017156
ECOAH12m	6732803717.0	1.0	6732803717.0	0.0	0.2943164719900533	0.2945856442277107	0.1261225000931985	0.22048509733410102	0.22943359670152857	0.0646164838301825
3HBCOAHLm	6732803717.0	1.0	6732803717.0	0.0	0.29431647199007993	0.2945856442277383	0.1261225000932022	0.2204850973341005	0.22943359670152746	0.06461648383018243
HIBDm	6732803717.0	1.0	6732803717.0	0.0	0.29431647199008043	0.2945856442277377	0.12612250009320208	0.22048509733410127	0.2294335967015283	0.06461648383018218
r0643	2827636485.0	0.0	2827636485.0	1.0	0.021832827070491993	0.01774822299676975	0.016882134985902724	0.05243684461833104	0.039820742323381	0.04286938034734404
MMSAD1m	1513531092.0	0.0	1513531092.0	1.0	0.024669469320080458	0.017819398780437347	0.02202895256134871	0.0846383545943	0.077192836704519	0.0539439625721212
MMTSADm	8683791095.0	1.0	8683791095.0	0.0	0.24781417559951047	0.24661664241536355	0.12558573801994197	0.08340989808853957	0.07036569962959144	0.06331674248367003
PCC	1512058663.0	0.0	1512058663.0	1.0	0.02468050060552057	0.017829617244312153	0.02202968759548899	0.08467368695517351	0.07723201404022585	0.0539440626162032
MMALH	2827636485.0	0.0	2827636485.0	1.0	0.021832827070492857	0.01774822299677355	0.01688213498590245	0.05243684461832979	0.0398207423233813	0.042869380347343874
MMEm	990253176.0	0.0	990253176.0	1.0	0.046513327675999465	0.04181891182592615	0.027781594592684398	0.13711053157350642	0.13537099632869987	0.06530293902176264
MMMm	6732262099.0	1.0	6732262099.0	0.0	0.29432750327552976	0.2945982560119854	0.12612232728983555	0.22052042966204255	0.22946705643422935	0.06461464264589818
ILEtmi					0.0	0.0	0.0	0.0	0.0	0.0
LEUt5m	640369323.0	0.0	640369323.0	1.0	6.20874329127994e-06	5.4022640573305735e-06	4.4932420441201195e-06	3.1695925536196485e-05	3.1613810540633374e-05	1.624490938394418e-05
VALt5m	1246070057.0	0.0	1246070057.0	1.0	0.09165600967765568	0.0759637406027127	0.07098263406919478	0.20538108764050533	0.21381837039751456	0.06504688215754098
PGCD	1723251986.0	0.0	1723251986.0	1.0	0.05790133986009442	0.042485253544438606	0.05366056425274411	0.2577952710961402	0.18449496407500315	0.24351154524127402
PSERT	1723251986.0	0.0	1723251986.0	1.0	0.05790133986009316	0.0424852535444382	0.05366056425274401	0.25779527109614936	0.18449496407503552	0.2435115452412725
PSP_L	1723251986.0	0.0	1723251986.0	1.0	0.05790133986009621	0.0424852535444319	0.05366056425274341	0.25779527109587946	0.1844949640746667	0.24351154524125646
GHMT2r_f	1125424594.0	0.0	1125424594.0	1.0	24.59348270604154	19.64764616034026	19.97584423282768	75.96419879748977	83.84465393147737	31.96930220300487
SERD_L	2547801251.0	0.0	2547801251.0	1.0	0.17347750408495896	0.15215174182244912	0.12169488166577253	0.3575907340837872	0.3030600033343397	0.2507327390093373
ALATA_L_f	3152038990.0	0.0	3152038990.0	1.0	0.18543891638637108	0.13800544125475875	0.16047340268659738	0.36918769248075783	0.26258142516511596	0.3431687751822771
r1435	7755140350.0	1.0	7755140350.0	0.0	7.847832853445564e-05	6.57421025652826e-05	5.523638738555892e-05	3.0878409628736053e-05	2.316772732604788e-05	2.6676311456332262e-05
GLYtm_r	7755138644.0	1.0	7755138644.0	0.0	7.847832853528553e-05	6.574210256612249e-05	5.523638738520808e-05	3.0878434345363975e-05	2.3167734184334344e-05	2.6676328504713276e-05
GHMT2rm	7755138644.0	1.0	7755138644.0	0.0	7.847832853528536e-05	6.574210256612231e-05	5.5236387385208036e-05	3.0878434345363914e-05	2.316773418433324e-05	2.6676328504714086e-05
MLTHFtm_r	7476041065.0	1.0	7476041065.0	0.0	0.0001567798244977745	0.00014963453184149998	7.530125143221807e-05	9.354463545818985e-05	8.745104431302216e-05	5.035510958443441e-05
r0962	7476041065.0	1.0	7476041065.0	0.0	0.00015677982449777117	0.00014963453184149998	7.530125143221911e-05	9.354463545791086e-05	8.745104431304076e-05	5.0355109584463176e-05
FORtm_r	5750853195.0	1.0	5750853195.0	0.0	7.83014959615546e-05	6.854154429811294e-05	5.475541657300415e-05	6.266620100822597e-05	5.6123972755188104e-05	4.368641094029914e-05
r0514	7476041065.0	1.0	7476041065.0	0.0	0.0001567798244977715	0.00014963453184149998	7.530125143221893e-05	9.354463545791006e-05	8.745104431303864e-05	5.035510958446293e-05
DHFRim	7476041065.0	1.0	7476041065.0	0.0	0.00015677982449777456	0.00014963453184149998	7.530125143221972e-05	9.354463545791006e-05	8.745104431303841e-05	5.0355109584462945e-05
FTHFLmi	5750853182.0	1.0	5750853182.0	0.0	7.830149596249329e-05	6.854154430024026e-05	5.475541657284611e-05	6.266620111255306e-05	5.6123972284201804e-05	4.36864108056731e-05
MTHFCm	5750853182.0	1.0	5750853182.0	0.0	7.830149596249226e-05	6.854154430023588e-05	5.475541657284545e-05	6.266620111255377e-05	5.6123972284199974e-05	4.368641080567147e-05
MTHFDm	5750853182.0	1.0	5750853182.0	0.0	7.830149596249318e-05	6.854154430023556e-05	5.4755416572845765e-05	6.266620111255846e-05	5.612397228421159e-05	4.3686410805672894e-05
FOLR2	7243837391.0	1.0	7243837391.0	0.0	0.0001175487110269518	0.0001050361296875	8.009696820094487e-05	5.791621306366487e-05	4.839245100858858e-05	4.560979746100631e-05
DHFR	7072678497.0	1.0	7072678497.0	0.0	0.00011954880981394663	0.00010704563915785	8.009635338124873e-05	6.363345138202763e-05	5.4187848375305596e-05	4.565398933022776e-05
FTHFLi	211149215.0	0.0	211149215.0	1.0	0.005797104481715106	0.0057291001945709505	0.002628668598736601	0.024343494390461334	0.02459458171192415	0.009439066079428505
FTHFDH	9278296797.0	1.0	9278296797.0	0.0	8.330208289775996	8.248018976019534	2.695184900834056	4.17314252825101	4.277706600265759	0.6402157380992013
MTHFC_f	3818232554.0	0.0	3818232554.0	1.0	0.1665814719450264	0.15898916299356486	0.07369535633268885	0.306417707484003	0.24550535284549008	0.25293043510759866
MTHFD	4167805.0	0.0	4167805.0	1.0	4.430235510927935	4.081605004910633	1.7775723027811312	25.268599214901453	24.266069762390543	6.3406955870442525
MTHFD2i_f	1725933200.0	0.0	1725933200.0	1.0	23.49524573261575	21.641236861870553	14.453046373345238	77.47821829619762	79.90851462947654	47.11233634909232
ACACT1r	2603479467.0	0.0	2603479467.0	1.0	7.670424845032487e-06	7.350662737338592e-06	4.5492315479830645e-06	1.7893403511224803e-05	1.570131001073881e-05	1.3211319044742466e-05
HMGCOAS	2526220771.0	0.0	2526220771.0	1.0	7.670424843773528e-06	7.35066273479924e-06	4.549231548696468e-06	1.8126044465318392e-05	1.5952189313727278e-05	1.3202397568063682e-05
HMGCOAR	246747.0	0.0	246747.0	1.0	1.8701710297694207e-05	1.884186481842563e-05	4.662602438231621e-07	5.3458428572915304e-05	5.512351486368587e-05	9.712439880808439e-06
MEVK1	246747.0	0.0	246747.0	1.0	1.8701710297694203e-05	1.884186481842566e-05	4.6626024382316105e-07	5.345842845014757e-05	5.5123514976240776e-05	9.71243995822179e-06
PMEVK	246747.0	0.0	246747.0	1.0	1.8701710297694217e-05	1.8841864818425675e-05	4.662602438231621e-07	5.3458428450147026e-05	5.512351497624049e-05	9.71243995822168e-06
IPDDI	246747.0	0.0	246747.0	1.0	6.2339034325649704e-06	6.280621606142574e-06	1.554200812743841e-07	1.781947615004921e-05	1.8374504992080546e-05	3.2374799860740056e-06
DPMVD	246747.0	0.0	246747.0	1.0	1.870171029769423e-05	1.8841864818425705e-05	4.6626024382316025e-07	5.345842845014761e-05	5.512351497624179e-05	9.712439958221983e-06
DMATT	246747.0	0.0	246747.0	1.0	6.233903432564969e-06	6.280621606142577e-06	1.5542008127438417e-07	1.781947615004918e-05	1.837450499208051e-05	3.2374799860739925e-06
GRTT	246747.0	0.0	246747.0	1.0	6.233903432564978e-06	6.2806216061425915e-06	1.5542008127438378e-07	1.7819476150049168e-05	1.8374504992080532e-05	3.2374799860740052e-06
HMR_1465	246747.0	0.0	246747.0	1.0	3.1169517162824873e-06	3.1403108030712936e-06	7.7710040637192e-08	8.909738075024613e-06	9.187252496040293e-06	1.6187399930370039e-06
HMR_1467	246747.0	0.0	246747.0	1.0	3.1169517162824844e-06	3.1403108030712856e-06	7.771004063719207e-08	8.909738075024637e-06	9.187252496040285e-06	1.6187399930370077e-06
SMO	246747.0	0.0	246747.0	1.0	3.116951716282488e-06	3.140310803071298e-06	7.771004063719207e-08	8.909738075024577e-06	9.187252496040266e-06	1.6187399930370011e-06
LNSTLS	246747.0	0.0	246747.0	1.0	3.116951716282484e-06	3.1403108030712903e-06	7.7710040637192e-08	8.909738075024576e-06	9.187252496040263e-06	1.6187399930370005e-06
HMR_1477	246747.0	0.0	246747.0	1.0	3.116951716282488e-06	3.140310803071291e-06	7.771004063719207e-08	8.909738075024603e-06	9.187252496040303e-06	1.6187399930370026e-06
HMR_1478	246747.0	0.0	246747.0	1.0	3.116951716282491e-06	3.140310803071294e-06	7.77100406371919e-08	8.90973807502455e-06	9.18725249604021e-06	1.6187399930369878e-06
HMR_1479	246747.0	0.0	246747.0	1.0	3.1169517162824907e-06	3.1403108030712936e-06	7.77100406371921e-08	8.909738075024613e-06	9.187252496040263e-06	1.6187399930369984e-06
C14STR	246747.0	0.0	246747.0	1.0	3.116951716282486e-06	3.1403108030712915e-06	7.771004063719193e-08	8.909738075024598e-06	9.187252496040249e-06	1.6187399930370022e-06
HMR_1490	246747.0	0.0	246747.0	1.0	3.116951716282493e-06	3.1403108030712953e-06	7.77100406371921e-08	8.909738075024631e-06	9.187252496040357e-06	1.6187399930370085e-06
HMR_1493	246747.0	0.0	246747.0	1.0	3.1169517162824924e-06	3.1403108030712924e-06	7.771004063719202e-08	8.909738075024592e-06	9.187252496040285e-06	1.6187399930370056e-06
HMR_1494	246747.0	0.0	246747.0	1.0	3.1169517162824878e-06	3.1403108030712932e-06	7.771004063719202e-08	8.909738075024613e-06	9.187252496040327e-06	1.6187399930370062e-06
C3STDH1	3049186495.0	0.0	3049186495.0	1.0	2.023204042014387e-06	2.1551194043087143e-06	7.619579427884412e-07	2.96547112325642e-06	2.904111684229542e-06	1.5349500549872967e-06
HMR_1495	37123849.0	0.0	37123849.0	1.0	1.0937476742679957e-06	9.638153122583917e-07	7.626025296495863e-07	5.944266951768506e-06	5.8966058297963815e-06	1.7059000076155807e-06
HMR_1500	246747.0	0.0	246747.0	1.0	3.1169517162824954e-06	3.140310803071298e-06	7.77100406371919e-08	8.909738095700382e-06	9.187252477084834e-06	1.6187399799998001e-06
HMR_1502	246747.0	0.0	246747.0	1.0	3.1169517162824954e-06	3.140310803071298e-06	7.77100406371919e-08	8.909738095700414e-06	9.187252477084944e-06	1.6187399799998052e-06
HMR_1503	246747.0	0.0	246747.0	1.0	3.1169517162824878e-06	3.1403108030712915e-06	7.771004063719181e-08	8.909738095700387e-06	9.187252477084851e-06	1.618739979999799e-06
HMR_1504	246747.0	0.0	246747.0	1.0	3.116951716282489e-06	3.1403108030712953e-06	7.771004063719177e-08	8.909738095700399e-06	9.187252477084843e-06	1.6187399799998029e-06
HMR_1505	246747.0	0.0	246747.0	1.0	3.1169517162824873e-06	3.1403108030712987e-06	7.771004063719189e-08	8.909738095700443e-06	9.187252477084885e-06	1.6187399799998126e-06
HMR_1509	246747.0	0.0	246747.0	1.0	3.1169517162824844e-06	3.1403108030712877e-06	7.771004063719201e-08	8.909738095700348e-06	9.187252477084824e-06	1.6187399799998037e-06
CHLSTI_1	246747.0	0.0	246747.0	1.0	3.1169517162824878e-06	3.140310803071286e-06	7.771004063719158e-08	8.909738095700424e-06	9.187252477084814e-06	1.6187399799998143e-06
HMR_1516	246747.0	0.0	246747.0	1.0	3.1169517162824907e-06	3.140310803071289e-06	7.771004063719188e-08	8.90973809570009e-06	9.187252477084943e-06	1.6187399799998222e-06
RE2410C	246747.0	0.0	246747.0	1.0	3.1169517162824873e-06	3.140310803071292e-06	7.771004063719174e-08	8.909738095700384e-06	9.187252477084882e-06	1.6187399799998082e-06
DSMSTOLR	246747.0	0.0	246747.0	1.0	3.1169517162824323e-06	3.1403108030711183e-06	7.771004063719463e-08	8.909738095700372e-06	9.18725247708483e-06	1.6187399799998071e-06
ACCOAC	0.0	0.0	0.0	1.0	2.604694957539719	2.5041340131656185	0.6742885707932245	14.645477987385958	14.598292906942618	1.2767129634382688
FASN	0.0	0.0	0.0	1.0	0.37209927964851136	0.3577334304522246	0.09632693868474693	2.0922111410552366	2.0854704152774843	0.18238756620545865
MCAT	0.0	0.0	0.0	1.0	2.6046949575397194	2.5041340131656193	0.6742885707932272	14.645477987386037	14.598292906942682	1.276712963438262
AcetoacetylACPsynthesis	0.0	0.0	0.0	1.0	0.37209927964851275	0.35773343045223094	0.09632693868474747	2.0922111410552255	2.0854704152774692	0.18238756620545943
r0691	0.0	0.0	0.0	1.0	0.3720992796485149	0.3577334304522347	0.09632693868474784	2.0922111410552433	2.0854704152774577	0.18238756620545665
r0681	0.0	0.0	0.0	1.0	0.37209927964851525	0.3577334304522369	0.09632693868474745	2.0922111410552535	2.0854704152774874	0.18238756620545588
r0682	0.0	0.0	0.0	1.0	0.3720992796485114	0.35773343045223244	0.09632693868474726	2.0922111410552535	2.0854704152774914	0.1823875662054565
r0760	0.0	0.0	0.0	1.0	0.3720992796485161	0.35773343045223693	0.09632693868474769	2.0922111410552993	2.0854704152776082	0.18238756620545327
r0761	0.0	0.0	0.0	1.0	0.37209927964851525	0.35773343045223593	0.09632693868474783	2.092211141055249	2.0854704152774843	0.18238756620545513
r0762	0.0	0.0	0.0	1.0	0.3720992796485095	0.357733430452227	0.09632693868474704	2.0922111410552535	2.085470415277488	0.18238756620545582
r0763	0.0	0.0	0.0	1.0	0.3720992796485123	0.35773343045223066	0.09632693868474665	2.092211141055257	2.085470415277493	0.18238756620545496
r0764	0.0	0.0	0.0	1.0	0.37209927964851186	0.3577334304522275	0.09632693868474701	2.0922111410552993	2.0854704152776082	0.18238756620545327
r0694	0.0	0.0	0.0	1.0	0.3720992796485134	0.3577334304522275	0.09632693868474682	2.0922111410552526	2.0854704152774866	0.18238756620545502
r0695	0.0	0.0	0.0	1.0	0.37209927964851003	0.3577334304522249	0.09632693868474713	2.0922111410552535	2.085470415277488	0.18238756620545582
r0765	0.0	0.0	0.0	1.0	0.37209927964851747	0.35773343045223766	0.09632693868474777	2.092211141055252	2.085470415277488	0.18238756620545502
r0766	0.0	0.0	0.0	1.0	0.3720992796485177	0.35773343045224126	0.09632693868474826	2.0922111410552384	2.0854704152774834	0.18238756620545782
r0692	0.0	0.0	0.0	1.0	0.3720992796485134	0.3577334304522338	0.09632693868474734	2.092211141055258	2.0854704152774923	0.1823875662054545
r0693	0.0	0.0	0.0	1.0	0.3720992796485114	0.3577334304522277	0.09632693868474695	2.0922111410552513	2.0854704152774843	0.1823875662054557
r0767	0.0	0.0	0.0	1.0	0.3720992796485127	0.3577334304522297	0.09632693868474726	2.092211141055246	2.085470415277479	0.18238756620545488
r0768	0.0	0.0	0.0	1.0	0.37209927964851763	0.35773343045223777	0.0963269386847477	2.092211141055244	2.0854704152774737	0.18238756620545585
r0769	0.0	0.0	0.0	1.0	0.37209927964851236	0.35773343045222805	0.0963269386847471	2.0922111410552566	2.0854704152774897	0.18238756620545443
r0770	0.0	0.0	0.0	1.0	0.3720992796485148	0.3577334304522378	0.0963269386847478	2.0922111410552513	2.0854704152774843	0.1823875662054557
r0712	0.0	0.0	0.0	1.0	0.3720992796485167	0.35773343045223926	0.09632693868474781	2.092211141055246	2.085470415277479	0.18238756620545488
r0713	0.0	0.0	0.0	1.0	0.37209927964851325	0.3577334304522296	0.09632693868474629	2.092211141055244	2.0854704152774737	0.18238756620545585
r0701	0.0	0.0	0.0	1.0	0.3720992796485126	0.3577334304522285	0.09632693868474705	2.0922111410552566	2.0854704152774897	0.18238756620545443
r0702	0.0	0.0	0.0	1.0	0.372099279648512	0.3577334304522297	0.09632693868474664	2.0922111410552513	2.0854704152774843	0.1823875662054557
r0771	0.0	0.0	0.0	1.0	0.37209927964851164	0.3577334304522314	0.09632693868474704	2.0922111410552486	2.0854704152774834	0.1823875662054548
r0772	0.0	0.0	0.0	1.0	0.37209927964851325	0.3577334304522296	0.09632693868474629	2.09221114105525	2.0854704152774897	0.18238756620545638
r0696	0.0	0.0	0.0	1.0	0.3720992796485126	0.3577334304522285	0.09632693868474705	2.0922111410552535	2.0854704152774906	0.18238756620545626
r0697	0.0	0.0	0.0	1.0	0.3720992796485156	0.35773343045223827	0.09632693868474772	2.0922111410552504	2.085470415277483	0.18238756620545563
r0773	0.0	0.0	0.0	1.0	0.3720992796485089	0.35773343045222694	0.0963269386847466	2.092211141055246	2.085470415277479	0.18238756620545488
FA160ACPH	0.0	0.0	0.0	1.0	0.3720992796485069	0.3577334304522245	0.09632693868474648	2.0922111410552935	2.085470415277636	0.18238756620546132
TMLYStd_r					0.0	0.0	0.0	0.0	0.0	0.0
TMLYSOX					0.0	0.0	0.0	0.0	0.0	0.0
GHMT3					0.0	0.0	0.0	0.0	0.0	0.0
TMABADH					0.0	0.0	0.0	0.0	0.0	0.0
BBHOX					0.0	0.0	0.0	0.0	0.0	0.0
SUCFUMtm_r					0.0	0.0	0.0	0.0	0.0	0.0
palmitateActivation	1474084710.0	0.0	1474084710.0	1.0	0.017855388506583785	0.01236387892976945	0.017570923335771264	0.10309130409545109	0.07136713102314074	0.10191380534692761
carnitineAcylTransferaseI	1474084710.0	0.0	1474084710.0	1.0	0.017855388506583744	0.0123638789297694	0.017570923335771267	0.10309130409546108	0.0713671310231086	0.1019138053469298
CARN160t_m	1474084710.0	0.0	1474084710.0	1.0	0.017855388506583806	0.0123638789297695	0.017570923335771264	0.10309130409546406	0.0713671310231078	0.10191380534692987
carnitineAcylTransferaseII	1474084710.0	0.0	1474084710.0	1.0	0.017855388506583823	0.01236387892976955	0.01757092333577126	0.10309130409546113	0.0713671310231094	0.10191380534692977
betaOxidation	1474084710.0	0.0	1474084710.0	1.0	0.017855388506749427	0.01236387892992535	0.017570923335750388	0.10309130409546233	0.07136713102310716	0.10191380534692988
Biomass	246747.0	0.0	246747.0	1.0	0.00015278426137352655	0.00015392925852015	3.809128995499936e-06	0.0004367304590803763	0.000450333438414	7.934610950442581e-05
GLCt1_r	5797162496.0	1.0	5797162496.0	0.0	2.774562232617225	2.798143514250264	0.11014848771987827	2.6933588523912593	2.749913388129962	0.22144973399989845
O2t_r	0.0	0.0	0.0	1.0	2.23110365452081	2.142680475226381	0.5473160117432099	19.69403424453028	19.773549676282396	1.3059464573896842
GLNt_r	31194.0	0.0	31194.0	1.0	0.679572899500398	0.6808343716245429	0.03640337251070591	1.1876639356584495	1.2122275517828633	0.09544891470090801
r0963_r	8886594124.0	1.0	8886594124.0	0.0	0.0002743285355247402	0.00028974386023704996	7.857598744891696e-05	0.00015146084852156404	0.0001558915135148	5.059496722903043e-05
THBPTt_r	1193529531.0	0.0	1193529531.0	1.0	1.178810987800357e-05	1.1524669625681007e-05	7.353520018883949e-06	3.714022879487212e-05	3.6841473475529076e-05	1.9307760395682946e-05
ARGt5r_r	3195239834.0	0.0	3195239834.0	1.0	0.17944658375740102	0.18313032973345006	0.0330411329771791	0.20209719222438038	0.21450295069895695	0.051761294466477564
PHEtec_r	3187757.0	0.0	3187757.0	1.0	5.1430431039559196e-05	5.1125611008162423e-05	7.46413564765588e-06	0.00015045693409059205	0.0001520526936491	3.323618011824509e-05
ILEtec_r	246747.0	0.0	246747.0	1.0	4.37082159252315e-05	4.4035774418949074e-05	1.0897080047746111e-06	0.00012493897627277218	0.0001288304893946	2.269917631479409e-05
LEUtec_r	2086656.0	0.0	2086656.0	1.0	9.434589069262188e-05	9.452763438896479e-05	5.077681900355138e-06	0.0002735880656808303	0.00028150980300909996	5.4160686409059633e-05
VALtec_r	6730545108.0	1.0	6730545108.0	0.0	0.29437034479012086	0.2946395718209805	0.12612250912582215	0.2206390914811632	0.22957566726089834	0.06461718483218372
METtec_r	0.0	0.0	0.0	1.0	2.3378741796068644e-05	2.3553946912085563e-05	5.828653060112229e-07	0.014012618600880676	0.01198722274996625	0.0097641182843092
r2526_r	3051752614.0	0.0	3051752614.0	1.0	0.19955067329899026	0.1867762901888733	0.09905231608489504	0.2610683229199764	0.27607787111030313	0.0673285752900949
GLYt4_r	4200936604.0	0.0	4200936604.0	1.0	0.10678877815547927	0.0945593308604525	0.07091760549660417	0.12247366125367135	0.1228989519386754	0.05927424837023578
r2532_r					0.0	0.0	0.0	0.0	0.0	0.0
PROPAT4te_r					0.0	0.0	0.0	0.0	0.0	0.0
HDCAt					0.0	0.0	0.0	0.0	0.0	0.0
CRNt	5536985274.0	1.0	5536985274.0	0.0	3.038545699213232e-18	4.892603182656904e-18	1.3895159662170038e-17	-1.2739856714343803e-17	-6.062317211092787e-17	2.6597862193183633e-16
GTHRDt2_r	153376550.0	0.0	153376550.0	1.0	0.025211782926177366	0.02059943745145945	0.02010283828735516	0.6081249102316814	0.6154018331910647	0.3258538363025547
DmLact	7583524809.0	1.0	7583524809.0	0.0	4.853951629051618	4.895125033812336	0.19268823368849639	4.569253545838585	4.666324084268364	0.36886423004404506
UREAt	4256589656.0	0.0	4256589656.0	1.0	0.059710951793911525	0.0509962644690432	0.04362396755306421	0.07297609070571301	0.06512603831445685	0.04979746276773085
DmBiomass	246747.0	0.0	246747.0	1.0	0.00015278426137352698	0.00015392925852015	3.809128995499898e-06	0.0004367304590803739	0.000450333438414	7.934610950442633e-05
NH4t	9888086487.0	1.0	9888086487.0	0.0	39.84249556616089	39.42804008389025	12.06256992790541	13.862869067382437	13.497885395345865	2.3835100002281733
PTRCtex2_f	1651919708.0	0.0	1651919708.0	1.0	0.08943095677879519	0.0818350798874018	0.054045736262760984	0.16615313284133704	0.1758914428947773	0.054408816873713906
GUDACtr2	6645043416.0	1.0	6645043416.0	0.0	0.07926516668920147	0.0753079900665453	0.0480241078289801	0.05318913262170429	0.04138542920025695	0.04405291559409199
CE2705t	1193529531.0	0.0	1193529531.0	1.0	1.178810987800357e-05	1.1524669625681007e-05	7.353520018883949e-06	3.714022879487212e-05	3.6841473475529076e-05	1.9307760395682946e-05
Dm2oxobutyrate	7854766665.0	1.0	7854766665.0	0.0	0.4513971376459888	0.4481579703292097	0.18858105223256952	0.25302474589764157	0.24529171570072605	0.14739657834440575
H2Ot_f	9997296481.0	1.0	9997296481.0	0.0	88.26111839948844	88.94773913668635	25.522214385543993	8.12668261255627	7.230728686123724	5.457500795415081
PHLACHt_f	4028840048.0	0.0	4028840048.0	1.0	335.79409319254825	338.87142000336496	182.84902282142568	399.0259200037834	411.6380142771725	189.52033457130457
CO2t	3622324156.0	0.0	3622324156.0	1.0	32.440749180984604	32.06343719853143	9.290043906940257	35.69854670114529	35.77617176470679	2.120319550672522
DmGSSG	99036241.0	0.0	99036241.0	1.0	0.0210089919034179	0.0198484920845967	0.011305058316195975	0.3267304221694591	0.33314499155376165	0.16308322487575
GLUt4					0.0	0.0	0.0	0.0	0.0	0.0
ALAPAT4te					0.0	0.0	0.0	0.0	0.0	0.0
DmAla	3441494074.0	0.0	3441494074.0	1.0	0.17378493183947905	0.12647581882715644	0.16041514900157802	0.342446932197656	0.23515894248106062	0.34490382587928287
ASPte_r	8690434303.0	1.0	8690434303.0	0.0	97.24355943491672	97.63743820227272	52.92689662161956	29.67091659808774	31.073364383488695	17.959769394117743
DmAsp	8677942345.0	1.0	8677942345.0	0.0	97.33561115821792	97.73888889682169	52.9320886319936	30.019997086815682	31.376907983791934	17.981072269782278
DmPalm	0.0	0.0	0.0	1.0	0.3542024806485465	0.3397469020900113	0.09731646719640195	1.9890014659727155	1.9864455409122943	0.15793235172065642
ATPM	514928695.0	0.0	514928695.0	1.0	0.15877087262434575	0.113102909045708	0.15143651221917906	2.8641125687266595	2.0276567769063796	2.796560588604916
GACMTRc	2415631662.0	0.0	2415631662.0	1.0	0.04041557600053926	0.029612613167263102	0.03809697208855303	0.07577506911188951	0.069737010739097	0.041651521898753374
CKc_cho	2415631662.0	0.0	2415631662.0	1.0	0.040415576000539334	0.02961261316726315	0.03809697208855306	0.07577506911188824	0.0697370107390918	0.041651521898754255
CRTNsyn_cho	2415631662.0	0.0	2415631662.0	1.0	0.040415576000539216	0.02961261316726305	0.03809697208855304	0.0757750691118891	0.06973701073908965	0.04165152189875441
CRTNtr	2415631662.0	0.0	2415631662.0	1.0	0.040415576000539216	0.02961261316726305	0.03809697208855304	0.075775069111888	0.06973701073909244	0.041651521898754186
NDPK1	1937772270.0	0.0	1937772270.0	1.0	0.04416777036844899	0.0317201439365863	0.04122481285519521	0.1755775260873779	0.1292979446768752	0.16490256579319523
NDPK5	246747.0	0.0	246747.0	1.0	1.5122586190756746e-06	1.5235918008331323e-06	3.770275879745752e-08	4.322758083978324e-06	4.4574003734223495e-06	7.85367791874866e-07
NDPK8	246747.0	0.0	246747.0	1.0	2.014154917687903e-06	2.0292494150722364e-06	5.021574754767367e-08	5.757417642057116e-06	5.936745718611687e-06	1.046019761596846e-06
NDPK7	246747.0	0.0	246747.0	1.0	1.4425889958893695e-06	1.453400058947949e-06	3.5965795975509644e-08	4.123608994637451e-06	4.2520483255054355e-06	7.491859659408398e-07
DTMPK	246747.0	0.0	246747.0	1.0	2.0000987656415794e-06	2.015087923288346e-06	4.9865307680089284e-08	5.717238439821874e-06	5.895315042278183e-06	1.0387199195224464e-06
NDPK4	246747.0	0.0	246747.0	1.0	2.0000987656415794e-06	2.015087923288344e-06	4.98653076800893e-08	5.717238439821867e-06	5.895315042278159e-06	1.0387199195224373e-06
HIStiDF_r	2351372652.0	0.0	2351372652.0	1.0	0.08599314361377339	0.07942340088335514	0.062352887723198754	0.14444841465632757	0.15706611730718734	0.04520812549837832
PTRCOX1	8666335267.0	1.0	8666335267.0	0.0	0.08946403036192965	0.0914163799932109	0.045515302296589163	0.030677543003228388	0.03143656623022735	0.013970167657254545
ABUTD	8666335267.0	1.0	8666335267.0	0.0	0.0894640303619296	0.09141637999321085	0.045515302296589205	0.030677543003228332	0.031436566230227295	0.013970167657254545
r0465_1	71915136.0	0.0	71915136.0	1.0	0.155946565972574	0.13170262220833173	0.10705389895961155	2.6063357913649687	2.265391194018381	1.7122473960303342
ABUTH	508943049.0	0.0	508943049.0	1.0	0.07878564913551114	0.0546156688850125	0.07875409566610525	1.4032036816033477	0.9867750263784179	1.3759461749176627
GLUDC	9691247771.0	1.0	9691247771.0	0.0	8.69087811150384	8.604682927079239	2.691252748745135	3.28003185692289	3.3724248614085193	0.8717326392392425
HISDr	9306320106.0	1.0	9306320106.0	0.0	8.33526152699185	8.24324718700528	2.68217379122927	4.158710273705487	4.252196131778652	0.6417913111672953
URCN	9306320106.0	1.0	9306320106.0	0.0	8.335261526991774	8.243247187005432	2.682173791229242	4.1587102737054655	4.252196131778646	0.6417913111672976
IZPN	9306320106.0	1.0	9306320106.0	0.0	8.335261526991724	8.243247187005352	2.6821737912292334	4.158710273705508	4.252196131778733	0.6417913111672867
GluForTx	9306320106.0	1.0	9306320106.0	0.0	8.335261526991706	8.243247187005316	2.682173791229241	4.158710273705498	4.252196131778732	0.6417913111672857
FTCD	9306320106.0	1.0	9306320106.0	0.0	8.3352615269917	8.243247187005316	2.682173791229245	4.15871027370551	4.252196131778726	0.6417913111672902
CARPEPT1tc_r	8512156473.0	1.0	8512156473.0	0.0	8.326448613062512	8.223638996632001	2.677394051910397	5.217449174161226	5.073917258131868	1.220073710820236
NBAHH_ir	7017804498.0	1.0	7017804498.0	0.0	8.398567461500155	8.3071516066773	2.679071687387026	6.731049397152302	6.460095486525686	1.9203537458349074
r0283	431288372.0	0.0	431288372.0	1.0	0.07211884843790904	0.048774480559462846	0.07109405723296988	1.5136002229909054	1.0959706496946526	1.4644055802110503
ASP1DC	2229845441.0	0.0	2229845441.0	1.0	0.08057693372282874	0.0590505656216238	0.07729986568324342	0.26604733346186166	0.20105905409356079	0.24170035763841002
CSNt_r	9967065945.0	1.0	9967065945.0	0.0	10.544730530534546	10.269035056677954	3.7534923871878125	1.2310440012568815	0.9056760442105001	1.1324641026373843
bAlaSynthesis	9967065945.0	1.0	9967065945.0	0.0	10.544730530534496	10.269035056677893	3.7534923871878116	1.231044001256857	0.9056760442105046	1.1324641026373836
LYSt5r_r	9909204223.0	1.0	9909204223.0	0.0	0.1412122600924618	0.14690433326872354	0.06706915818519187	0.004573589893000805	0.00482023157615075	0.0018899187274057055
LYStm	9912502015.0	1.0	9912502015.0	0.0	0.14112179439231887	0.1468141165665449	0.06706916468745015	0.004314995673953001	0.00455529500831835	0.0018922751462144632
SACCD3m	9912502016.0	1.0	9912502016.0	0.0	0.14112179439234993	0.146814116566451	0.06706916468742419	0.0043149956654708835	0.004555295010419	0.0018922751452506706
r0525	9912502016.0	1.0	9912502016.0	0.0	0.14112179439234462	0.14681411656644322	0.0670691646874234	0.004314995665470904	0.004555295010419	0.0018922751452506712
AASAD3m	9912502016.0	1.0	9912502016.0	0.0	0.14112179439234498	0.14681411656644355	0.06706916468742417	0.004314995665470908	0.004555295010419	0.0018922751452506714
r0450	9912502016.0	1.0	9912502016.0	0.0	0.14112179439237377	0.14681411656648624	0.06706916468742997	0.004314995665470914	0.00455529501041905	0.0018922751452506643
2OXOADOXm	9912502016.0	1.0	9912502016.0	0.0	0.1411217943923459	0.1468141165664451	0.06706916468742423	0.004314995665470914	0.00455529501041905	0.0018922751452506643
GLUTCOADHm	9912502016.0	1.0	9912502016.0	0.0	0.14112179439234457	0.14681411656644325	0.06706916468742345	0.00431499566547052	0.0045552950104191005	0.0018922751452506237
3HBCDm	9912502016.0	1.0	9912502016.0	0.0	0.14112179439234457	0.14681411656644316	0.06706916468742351	0.004314995665472153	0.0045552950104355994	0.001892275145253813
HACD1m	9912502016.0	1.0	9912502016.0	0.0	0.14112179439234515	0.1468141165664435	0.06706916468742354	0.004314995665472213	0.00455529501043555	0.0018922751452538056
HMGCOASm	7326500000.0	1.0	7326500000.0	0.0	3.593184686741637e-08	4.359873408089275e-08	4.81870383402779e-08	0.0	0.0	0.0
CYStec_r					0.0	0.0	0.0	0.0	0.0	0.0
CYSTA	3146815782.0	0.0	3146815782.0	1.0	0.1472349743245877	0.13458531353261505	0.0778786793263492	0.19271288090136554	0.1970319684729243	0.05795046920599498
CYANt_r	3146815782.0	0.0	3146815782.0	1.0	0.14723497432458962	0.13458531353261627	0.07787867932634722	0.1927128809013697	0.19703196847292184	0.057950469205992644
MCPST	3146815782.0	0.0	3146815782.0	1.0	0.14723497432458982	0.1345853135326163	0.07787867932634714	0.1927128809013683	0.1970319684729222	0.05795046920599228
TCYNTt	2669767145.0	0.0	2669767145.0	1.0	0.06216300205916254	0.049768415206476804	0.05343506867801147	0.11000001844450435	0.10780162678845501	0.06087116115348616
CYSO	8890466357.0	1.0	8890466357.0	0.0	0.1729853074010813	0.1760789517003217	0.07309005931806059	0.0703266483844928	0.07472231487507866	0.025171025590204236
3SALATAi	6268291990.0	1.0	6268291990.0	0.0	0.05749726656530659	0.0473204825188092	0.04292141820194401	0.03637154656514311	0.03346450969331595	0.02430448261491196
3SALAASPm	8557413746.0	1.0	8557413746.0	0.0	0.11548804083577612	0.11201947188782	0.06872140420839161	0.033955101819343636	0.0296041214146004	0.025330883117837297
3SALATAim	8557413746.0	1.0	8557413746.0	0.0	0.11548804083577772	0.1120194718878212	0.0687214042083917	0.03395510181936254	0.0296041214145645	0.025330883117852684
3SPYRSP	6268291990.0	1.0	6268291990.0	0.0	0.05749726656530714	0.04732048251880925	0.04292141820194379	0.03637154656513361	0.033464509693228	0.0243044826149115
3SPYRSPm	8557413746.0	1.0	8557413746.0	0.0	0.11548804083577816	0.11201947188782176	0.0687214042083918	0.03395510181936287	0.029604121414564602	0.025330883117852632
HMR_3951	6268291990.0	1.0	6268291990.0	0.0	0.05749726656530748	0.047320482518809104	0.04292141820194398	0.036371546565132605	0.0334645096932257	0.02430448261491153
ExSulfitem	8557413746.0	1.0	8557413746.0	0.0	0.11548804083577364	0.11201947188782249	0.06872140420839017	0.03395510181936288	0.02960412141456435	0.025330883117852584
PHETHPTOX2	1193529531.0	0.0	1193529531.0	1.0	1.1788109878003507e-05	1.1524669625680858e-05	7.353520018883944e-06	3.7140228794872086e-05	3.684147347552905e-05	1.930776039568294e-05
TYRt_r	1796778115.0	0.0	1796778115.0	1.0	1.2607105919777843e-05	1.2834935405608695e-05	7.350961558937364e-06	3.2825601291584745e-05	3.285450652984477e-05	1.852272670996586e-05
TYRTA	0.0	0.0	0.0	1.0	0.0	0.0	0.0	2.3264095451136005e-07	2.2084587621220435e-07	1.4622437820139936e-07
34HPPOR	0.0	0.0	0.0	1.0	0.0	0.0	0.0	2.3264095451136005e-07	2.2084587621220435e-07	1.4622437820139936e-07
HGNTOR	0.0	0.0	0.0	1.0	0.0	0.0	0.0	2.3264095451136005e-07	2.2084587621220435e-07	1.4622437820139936e-07
MACACI	0.0	0.0	0.0	1.0	0.0	0.0	0.0	2.3264095453390534e-07	2.2084587626990535e-07	1.4622437819208835e-07
FUMAC	0.0	0.0	0.0	1.0	0.0	0.0	0.0	2.3264095453390564e-07	2.208458762698975e-07	1.4622437819208915e-07
AACOAT	0.0	0.0	0.0	1.0	0.0	0.0	0.0	2.3264095453390534e-07	2.2084587626990535e-07	1.4622437819208835e-07
r2534_r	8024083877.0	1.0	8024083877.0	0.0	0.45145594304212383	0.44821815253268804	0.18858177619716143	0.23925084854469475	0.23097658314175096	0.14573408793539475
THRD_L	8025092716.0	1.0	8025092716.0	0.0	0.45140816893142716	0.4481697111963653	0.18858178824778485	0.23911428729743175	0.2308516020219294	0.14573026206015605
OBDHc	862974623.0	0.0	862974623.0	1.0	1.1031285440533794e-05	1.130439600422666e-05	4.5443342612862306e-06	3.533238411049491e-05	3.5493952088088944e-05	1.6109031915205265e-05
PPCOAtm	862979742.0	0.0	862979742.0	1.0	1.1031285440492413e-05	1.1304396004120765e-05	4.544334261271402e-06	3.5332360877728816e-05	3.549394368548256e-05	1.610904839933314e-05
r1616_r	1205152793.0	0.0	1205152793.0	1.0	0.004880907287480618	0.004840448478015499	0.0025837255239109227	0.017313003274646972	0.01719810866720375	0.009374543847966762
TRPO2	1206012693.0	0.0	1206012693.0	1.0	0.0048788743400996004	0.0048384091068313	0.002583725303869463	0.017307192139158156	0.01719191187220575	0.009374383791402768
FKYNH	1206012693.0	0.0	1206012693.0	1.0	0.004878874340098691	0.00483840910682735	0.002583725303870151	0.017307192139158187	0.01719191187220575	0.009374383791402466
KYN	1206012701.0	0.0	1206012701.0	1.0	0.004878874340098692	0.00483840910682735	0.002583725303870154	0.01730719209432851	0.0171919118752173	0.00937438376694353
ANTHte	1206012701.0	0.0	1206012701.0	1.0	0.0048788743400986915	0.00483840910682735	0.002583725303870156	0.01730719209432851	0.0171919118752173	0.00937438376694353
KYN3OX					0.0	0.0	0.0	0.0	0.0	0.0
HKYNH					0.0	0.0	0.0	0.0	0.0	0.0
3HAO					0.0	0.0	0.0	0.0	0.0	0.0
PCLAD					0.0	0.0	0.0	0.0	0.0	0.0
AM6SAD					0.0	0.0	0.0	0.0	0.0	0.0
AMCOXO					0.0	0.0	0.0	0.0	0.0	0.0
2OXOADPTm					0.0	0.0	0.0	0.0	0.0	0.0
ExCystineGlu	10000000000.0	1.0	10000000000.0	0.0	0.13099454272772798	0.1310443439813953	0.009275902577165438	0.0752788677300743	0.07682964232470621	0.0060505334527283785
ExCystineSer	637554974.0	0.0	637554974.0	1.0	0.054116799916427365	0.05519239343874355	0.01448043404708932	0.09504454207758628	0.09654077110654205	0.02127137129905313
CystinePyruvate	3762254068.0	0.0	3762254068.0	1.0	0.016594543683088263	0.0113840142839923	0.017656280921692677	0.023098404116210895	0.0187391414531677	0.017997179004894653
CystineReductaseNADPH	6427395628.0	1.0	6427395628.0	0.0	0.059683334036361065	0.0566568861248863	0.03465555081642155	0.042263292850332645	0.04131333752313615	0.02428565275216308
CystineReductaseNADH	2222419864.0	0.0	2222419864.0	1.0	0.009379997958951142	0.0082416410062796	0.0067023850337912805	0.028594613679325018	0.023345122550782	0.022656657424586144
CystineGSH	6661366301.0	1.0	6661366301.0	0.0	0.09945346696575845	0.1026809759402548	0.042238376219702514	0.07636709916180823	0.0748253914546449	0.03516559923849226
Ex3HB	26830.0	0.0	26830.0	1.0	1.2110393838347195	1.0162640248099752	0.7689555616437431	11.84367418085367	11.997855477834392	0.5508779751524253
Transport3HB_forward	26830.0	0.0	26830.0	1.0	1.2110393838345586	1.0162640248098467	0.7689555616437304	11.84367418085361	11.997855477834367	0.5508779751524487
bBDH	26830.0	0.0	26830.0	1.0	1.2110393838345686	1.016264024809852	0.7689555616437297	11.843674180853649	11.997855477834335	0.5508779751524513
OCOAT1m	26830.0	0.0	26830.0	1.0	1.211039383834566	1.0162640248098553	0.7689555616437282	11.843674180853691	11.997855477834364	0.5508779751524554
ACACT1m	44563.0	0.0	44563.0	1.0	1.3521611422951523	1.1580992287613094	0.7682119323895185	11.847989176502779	12.0021582037271	0.5506395610080512
G3PD1ir	1048085114.0	0.0	1048085114.0	1.0	0.2891855528024394	0.21379864488731226	0.2671023273696354	2.645388605868843	1.8446636097679772	2.7035552043650406
GLYC3Ptm	1048085114.0	0.0	1048085114.0	1.0	0.2891855528024405	0.21379864488730788	0.2671023273696355	2.6453886058398317	1.8446636097701683	2.7035552043536346
G3PDm	1048085114.0	0.0	1048085114.0	1.0	0.2891855528024393	0.21379864488731135	0.26710232736963563	2.645388605839835	1.8446636097701665	2.7035552043536324
DHAPtm	1048085114.0	0.0	1048085114.0	1.0	0.2891855528024393	0.21379864488731135	0.26710232736963563	2.6453886058398335	1.8446636097701616	2.7035552043536333
CMPuptake_r	930279115.0	0.0	930279115.0	1.0	4.177141931333114e-06	4.331196901590342e-06	1.9478538422461987e-06	1.1365793736410298e-05	1.1134179027226958e-05	5.021360639210719e-06
UMPuptake_r	1246008979.0	0.0	1246008979.0	1.0	6.9675346636989985e-06	6.8383006414689855e-06	3.6941595408949673e-06	2.0954509314658854e-05	2.0027534410646286e-05	1.1188337614200304e-05
Transport_ala_B_c_e	9817941173.0	1.0	9817941173.0	0.0	18.951756077320695	18.719198810449228	6.014348688677537	6.714540508879834	6.506073591937799	1.5744138501818723
EX_ala_B	9817941173.0	1.0	9817941173.0	0.0	18.951756077320653	18.71919881044913	6.014348688677564	6.714540508879814	6.5060735919378105	1.574413850181876
Transport_octanoyl_ACP_c_e					0.0	0.0	0.0	0.0	0.0	0.0
EX_octanoyl_ACP					0.0	0.0	0.0	0.0	0.0	0.0
TMDK1					0.0	0.0	0.0	0.0	0.0	0.0
THYMDt1_r					0.0	0.0	0.0	0.0	0.0	0.0
EX_thymd					0.0	0.0	0.0	0.0	0.0	0.0
Transport_HC00576_c_e	473936984.0	0.0	473936984.0	1.0	0.07716091683705942	0.05473482276646185	0.07596466648063151	1.203132109761463	0.9789578390406706	0.9529298874383152
EX_HC00576	473936984.0	0.0	473936984.0	1.0	0.07716091683706014	0.0547348227664588	0.07596466648063151	1.2031321097614838	0.9789578390406837	0.9529298874383161
Transport_4abut_c_e	9857354218.0	1.0	9857354218.0	0.0	8.703181225028848	8.623909746364305	2.6964047134505327	2.107577290164596	2.101275100623894	1.1169560302086698
EX_4abut	9857354218.0	1.0	9857354218.0	0.0	8.703181225028967	8.623909746364852	2.6964047134504883	2.1075772901645635	2.1012751006238206	1.116956030208687
EX_h_e_b	5776157791.0	1.0	5776157791.0	0.0	278.0596821523021	280.1244834519223	107.29126683654552	237.45694282916895	256.99159078563974	130.47663150478306
EX_h2o_e_b	8731799347.0	1.0	8731799347.0	0.0	191.44614308738826	196.3177494898907	55.186299812342206	98.06956451949183	93.73303616548199	57.04724154599791
PGM_b	9497728051.0	1.0	9497728051.0	0.0	17.405006458082003	18.787072217886795	7.306945673397644	2.4569745914271284	2.508045081620348	1.221824188754136
ENO_b	9899416836.0	1.0	9899416836.0	0.0	15.65950561679465	15.870892204121123	5.900578784081207	1.8843510702484818	1.8939777553920951	0.8022801600697048
TKT2_b	4792856206.0	3.0855406493163854e-58	4792856206.0	1.0	0.06831196539286231	0.06993133243902411	0.03582431649612037	0.07138332411230887	0.07139573749912545	0.025424594960003346
RPE_b	5576328096.0	1.0	5576328096.0	0.0	0.22406175723922964	0.22935917428082675	0.11744383488222972	0.20680729916100146	0.16916046069468155	0.156088426715415
TKT1_b	4355021056.0	0.0	4355021056.0	1.0	0.06940654092901645	0.066693909944648	0.03727219403273665	0.07575002270883852	0.07716886295331415	0.02268533102869621
TALA_b	7018360249.0	1.0	7018360249.0	0.0	2.6452966615089397	2.6612191675369035	1.253257257147793	1.7754337639520146	1.7504233344635	0.8986665500276979
ACONTm_b	7438324972.0	1.0	7438324972.0	0.0	105.07881518369038	108.41111538183452	57.07650715111777	54.31673063628428	53.79151063051815	12.351549571592145
ICDHym_b	4463.0	0.0	4463.0	1.0	15.361039019170654	15.182236920188704	4.396346736726053	103.26133942510945	103.5728122948511	24.531601402131233
SUCOAS1m_b	4842187500.0	1.1560190365238445e-34	4842187500.0	1.0	11.08937956725212	9.670704084610795	7.379474401023134	10.799832601455652	10.891267292308175	4.788036328251614
FUMm_b	8840278768.0	1.0	8840278768.0	0.0	150.48981504270267	150.02266217652297	68.19069494676772	58.68979512876836	56.34740123358233	29.150180314097714
MDHm_b	6583969457.0	1.0	6583969457.0	0.0	549.8398271797687	539.9574868416183	241.559376154987	408.90280410667754	367.481943270185	256.35971992588213
FUM_b	6480149387.0	1.0	6480149387.0	0.0	51.18385693270111	47.074558850852156	36.744075984030445	30.527116061629645	30.315878568267017	17.4294220663675
MDH_b	7750161870.0	1.0	7750161870.0	0.0	331.25724077037313	348.7284727462852	167.9734820210736	173.716450655073	170.93292744402171	74.27775671225481
AKGMALtm_b	7273629985.0	1.0	7273629985.0	0.0	323.83240037370155	345.3288860899963	149.87839581119	204.00668071448692	197.86821724812745	126.43045279741514
PYRt2m_b	2902785654.0	0.0	2902785654.0	1.0	16.650108658368065	15.97809915440852	9.313797940443317	27.74717270128043	27.326802163376612	15.493148233387302
FUMtm_b	357295682.0	0.0	357295682.0	1.0	10.100425579313187	10.676635639989922	3.6883004579707968	41.97153204449619	41.69169249511702	17.281273773061695
CO2tm_b	5228545068.0	1.0	5228545068.0	1.9884571121880207e-70	151.73206804586414	150.79135065458	76.43225399038518	144.48179258722104	150.97763762993208	68.92241487821407
r0801_b	2117915500.0	0.0	2117915500.0	1.0	5.92474487540031	5.881423647663399	3.6633018415005103	11.230779573776953	12.06029931740419	5.150007093802237
NH4tm_b	7360421043.0	1.0	7360421043.0	0.0	129.03736070740203	140.3741584522851	51.85732915247239	85.26893528057904	89.15620140990225	45.322301373008706
NDPK3_b	2018667933.0	0.0	2018667933.0	1.0	4.566573563080535e-06	4.466928596053664e-06	1.8868225170250111e-06	9.671284891530752e-06	9.831081206888571e-06	5.165054558636795e-06
GLUDym_b	5956753671.0	1.0	5956753671.0	0.0	123.52494605748007	124.16844878472027	64.17181893596901	100.551811312004	112.9195092173704	52.1132094186598
ASPTA_b	2371339236.0	0.0	2371339236.0	1.0	87.24456275283764	78.49448442353582	54.53623095845915	144.842710647826	144.28963923381593	58.56940160187642
GHMT2r_b	1127130592.0	0.0	1127130592.0	1.0	24.563763446853343	19.620358511712453	19.98481636782917	75.91211857658361	83.80325060792197	31.973779407448276
ALATA_L_b	347731616.0	0.0	347731616.0	1.0	0.016455607193170945	0.0162922149791454	0.007707944999011407	0.04382713018608245	0.04348884583669775	0.013026202204613988
MTHFC_b	9192072539.0	1.0	9192072539.0	0.0	8.491027133313525	8.409723597491542	2.7184640087966554	4.4553152904368725	4.5469089601914074	0.7284900201073904
MTHFD2i_b	617702477.0	0.0	617702477.0	1.0	27.914665377920926	26.099692059385855	14.654716393490823	102.73700482036323	105.34129028804765	48.5700271900394
H2Ot_b	6657391612.0	1.0	6657391612.0	0.0	7.177141258459131	6.1566404948350755	4.977606611294169	4.538445575614239	3.502360771826784	3.7782978771599294
PHLACHt_b	4508085298.0	0.0	4508085298.0	1.0	350.0288309718151	353.85912344005703	182.08024023676248	380.8225801631151	393.4475085305214	189.84759141487615
GLU5SAtmc_b					0.0	0.0	0.0	0.0	0.0	0.0
PTRCtex2_b					0.0	0.0	0.0	0.0	0.0	0.0
H2Otm_b	0.0	0.0	0.0	1.0	0.0	0.0	0.0	82.99667567398663	82.0173694800131	15.61045129274993
r0074_b					0.0	0.0	0.0	0.0	0.0	0.0
EX_ala__L_e_b					0.0	0.0	0.0	0.0	0.0	0.0
EX_hdca_e_b					0.0	0.0	0.0	0.0	0.0	0.0
G5SADs_b					0.0	0.0	0.0	0.0	0.0	0.0
