Rxn	statistic_less	pvalue_less	statistic_greater	pvalue_greater	mean_MCF7	median_MCF7	std_MCF7	mean_MDAMB361	median_MDAMB361	std_MDAMB361
EX_lac__L_e	10000.0	1.0	10000.0	1.280711066965257e-34	4.1207666	3.9612100000000003	0.5284799613857681	0.07817759999999999	0.07859	0.002868546290053869
EX_glc__D_e_r	10000.0	1.0	10000.0	1.2809996731450625e-34	2.4785441	2.381415	0.3172309394743645	0.1070815	0.10786	0.00996065739331851
EX_gluIN__L_e	0.0	2.8032644138343525e-39	0.0	1.0	0.0	0.0	0.0	0.0014445999999999999	0.00115	0.0012997850793593734
EX_gluOUT__L_e	10000.0	1.0	10000.0	1.2794131222591335e-34	0.06819489999999999	0.06559000000000001	0.008858647945608993	0.012269299999999999	0.01229	0.0007842454457578439
EX_gln__L_e_r	10000.0	1.0	10000.0	1.2809275156652627e-34	1.0760665	1.033475	0.13946176878368038	0.2266428	0.227485	0.008555054986274594
EX_asp__L_e	0.0	2.8183496191193512e-39	0.0	1.0	0.0	0.0	0.0	0.0447382	0.04421	0.0028415660712666426
DM_asp__L_e	7444.5	0.9999999988503404	7444.5	1.1670203516821982e-09	0.4666825	0.45663	0.19515154940481771	0.2565713	0.17892	0.23160602546485326
EX_co2_e	1973.0	7.074859833492822e-14	1973.0	0.9999999999999305	121.04040049999998	116.38554500000001	15.653128009339037	156.64425690000004	165.04442	34.352462057798185
EX_h_e_f	6283.0	0.9991439156798767	6283.0	0.0008632442944695643	400.8221531000001	398.56705999999997	25.261868964120076	387.3154084	385.653925	26.25944906663807
EX_h2o_e_f	2461.0	2.777905356653943e-10	2461.0	0.9999999997264912	398.9546035	386.47907	49.948327903243104	434.7551425000001	424.66207499999996	45.69511057081584
EX_ump_e_r	9248.0	1.0	9248.0	1.531381919752551e-25	0.005924700000000001	0.0059900000000000005	0.0026904280215969243	0.0005423	0.00059	0.0002797143384081537
EX_pi_e_r	9319.0	1.0	9319.0	2.490327844404917e-26	0.12211549999999997	0.136855	0.04345347848765122	0.0090664	0.01035	0.004524320032621008
EX_nh4_e	96.0	2.2302617669697543e-33	96.0	1.0	32.30157859999999	31.863084999999998	7.975982539130789	127.0081249	135.83116	43.741030480942584
EX_o2_e_r	6252.0	0.9988945876448594	6252.0	0.0011144652843138282	77.409233	74.82208499999999	10.75098190524738	72.7491746	72.132565	5.161918307460493
EX_arg__L_e_r	10000.0	1.0	10000.0	1.280566787612476e-34	0.2870898	0.28865	0.018972381999830035	0.08377349999999999	0.08471999999999999	0.0062999782547323935
EX_pro__L_e	0.0	2.8133813716091013e-39	0.0	1.0	0.0	0.0	0.0	0.0033672000000000003	0.003905	0.001791774742335857
EX_leu__L_e_r	9324.0	1.0	9324.0	2.1842595707647803e-26	0.0832615	0.09323000000000001	0.02963906064484991	0.0057389999999999984	0.00655	0.002869319596959347
EX_ile__L_e_r	9319.0	1.0	9319.0	2.4833090504205075e-26	0.03949630000000001	0.044215000000000004	0.014028763860891183	0.002961200000000001	0.0034	0.0014795612781353718
EX_met__L_e_r	10000.0	1.0	10000.0	1.2789807586467447e-34	0.0367268	0.03690499999999999	0.0046979838529765386	0.005311100000000001	0.005765	0.001660874112683384
EX_gly_e_r	10000.0	1.0	10000.0	1.2807832125755886e-34	0.16244530000000001	0.16377	0.041969159611492696	0.037264500000000006	0.041025	0.013398546383918675
EX_phe__L_e_r	9306.0	1.0	9306.0	3.4891836290403627e-26	0.0500763	0.05532	0.0179696131645294	0.0041137	0.004665	0.0020616467160544704
EX_ser__L_e_r	9618.0	1.0	9618.0	8.011056574248768e-30	0.07443609999999999	0.069135	0.04690694973158255	0.009424199999999999	0.009685	0.005863106388703221
EX_ala__L_e_f	1797.0	2.5391756191404567e-15	1797.0	0.9999999999999976	0.2585915	0.26925	0.16499327112312515	1.0430031000000002	1.1660050000000002	0.7122368750544038
EX_ala__L_e_b	0.0	2.818971252286885e-39	0.0	1.0	0.0	0.0	0.0	0.038763599999999995	0.03652	0.005954267719947439
EX_ribflv_e	nan	nan	nan	nan	0.0	0.0	0.0	0.0	0.0	0.0
EX_asn__L_e	0.0	2.8117271908904383e-39	0.0	1.0	0.0	0.0	0.0	0.0111478	0.01097	0.0007546911603263599
EX_fol_e_r	0.0	1.0499270605741668e-34	0.0	1.0	0.000141	0.00015	4.5604802157206875e-05	0.0013705999999999998	0.001255	0.0003968049669777104
EX_urea_e	10000.0	1.0	10000.0	1.2804946538696245e-34	0.1719982	0.17602	0.029140309454621635	0.0311287	0.023195	0.025024105092223914
EX_pyr_e	0.0	2.8181424378192464e-39	0.0	1.0	0.0	0.0	0.0	0.008255299999999998	0.008105000000000001	0.0022223731309870837
PYRt2	0.0	2.8181424378192464e-39	0.0	1.0	0.0	0.0	0.0	0.008255299999999998	0.008105000000000001	0.0022223731309870837
EX_gudac_e	3655.0	0.0005096562202468677	3655.0	0.9994947460299562	0.021627200000000003	0.013725000000000001	0.021461188557557343	0.0235473	0.026525	0.011290517685476634
EX_hdca_e_f	10000.0	1.0	10000.0	1.2810718345817004e-34	6.549259900000002	6.411665	0.655527978317139	1.6801328000000004	1.8021	0.7800879165838691
EX_hdca_e_b	0.0	1.3195854386288611e-39	0.0	1.0	0.0	0.0	0.0	0.00011480000000000003	0.00011	1.7893060558820446e-05
EX_ptrcIN_e	0.0	2.1066156661136165e-39	0.0	1.0	0.0	0.0	0.0	0.0004652	0.00047	2.1949436844205774e-05
EX_ptrcOUT_e	10000.0	1.0	10000.0	1.280711066965257e-34	0.21581379999999994	0.21776	0.012738331858821016	0.0199932	0.02281	0.010861001579648689
EX_biomassx	9319.0	1.0	9319.0	2.4904327473103233e-26	0.1380619	0.154555	0.04903743617746126	0.0103501	0.011885	0.005172097145142178
EX_h2o2_e	9942.0	1.0	9942.0	7.24481667805729e-34	1.1956619	1.0085600000000001	0.8102858140744491	0.19241410000000006	0.131465	0.15032347970189774
EX_gthox_e	5528.0	0.9017055418711319	5528.0	0.09871857617625429	1.1979403	1.30469	0.4251514759802581	1.2367987999999999	1.083915	0.8254441346076313
EX_2obut_e	10000.0	1.0	10000.0	1.2810718345817004e-34	0.3352872	0.337325	0.07152804237937917	0.051971600000000014	0.04889	0.00796181045346909
EX_crn_e	0.0	2.8200076051853168e-39	0.0	1.0	0.0	0.0	0.0	1.0273059	1.1730450000000001	0.3635578103255062
EX_val__L_e_r	9133.5	1.0	9133.5	2.8037119680195364e-24	0.1153275	0.114745	0.05068490252720152	0.0501817	0.05678	0.021518660685248714
EX_spmd_e	1312.5	9.900760553268304e-20	1312.5	1.0	0.00030539999999999994	0.0003	0.0001794009110029458	0.0048187	0.004425	0.004167035293996697
EX_sprm_e	1160.5	3.28355904253465e-21	1160.5	1.0	0.0023032	0.00214	0.0007676711206597193	0.0207697	0.02247	0.011024977743856232
EX_5mthf_e	0.0	1.0499270605741668e-34	0.0	1.0	0.000141	0.00015	4.5604802157206875e-05	0.0013705999999999998	0.001255	0.0003968049669777104
EX_tmlys_e_r	0.0	2.8200076051853168e-39	0.0	1.0	0.0	0.0	0.0	1.0273059	1.1730450000000001	0.3635578103255062
EX_thbpt_e_r	9036.0	1.0	9036.0	3.0760716386906394e-23	0.014254	0.01482	0.005681341248669929	0.001428	0.00155	0.0007533708759752243
EX_CE2705_e	9036.0	1.0	9036.0	3.0760716386906394e-23	0.014254	0.01482	0.005681341248669929	0.001428	0.00155	0.0007533708759752243
EX_crtn_e	8107.5	0.9999999999999845	8107.5	1.5795050628867624e-14	0.043864299999999995	0.043375	0.015958159830056103	0.025379199999999998	0.027855	0.010634944846062337
EX_his__L_e_r	7831.5	0.9999999999977368	7831.5	2.302567529315049e-12	0.1292775	0.13214	0.03853155824198595	0.09931690000000001	0.090335	0.0270869957130276
EX_lys__L_e_r	9093.0	1.0	9093.0	7.652507168894314e-24	0.0822473	0.09206	0.02927251373410099	0.023030899999999997	0.025345	0.009346771829153775
EX_carn_e_r	450.0	5.231848701303832e-29	450.0	1.0	5.8376325	5.043225	2.0328863289150347	11.390668900000001	11.148454999999998	1.4850517661323182
EX_csn_e_r	1328.0	1.47047618108087e-19	1328.0	1.0	10.660259899999998	10.006755	3.8197151290815303	47.489865	52.229965	23.444384665791446
EX_cys__L_e	0.0	2.8195930193767757e-39	0.0	1.0	0.0	0.0	0.0	0.0849844	0.084385	0.011663539781833997
EX_cyan_e_r	10000.0	1.0	10000.0	1.2807832125755886e-34	0.2609942	0.26195999999999997	0.026769358451012373	0.08637030000000001	0.09251000000000001	0.03191092746737836
EX_tcyntc	8165.5	0.9999999999999949	8165.5	5.235769442946854e-15	0.043798999999999984	0.023794999999999997	0.07666860967893582	0.0092381	0.00722	0.01168059659253652
EX_tcynt_e	9312.0	1.0	9312.0	2.989467749547508e-26	0.21719469999999996	0.23585	0.06224460371653339	0.07713239999999999	0.084185	0.030148805129680923
EX_so3_e	4884.5	0.38935902028107466	4884.5	0.611577697342271	0.08824969999999997	0.08763499999999999	0.009760413910642862	0.1140844	0.089155	0.07556160719210878
EX_thr__L_e_r	10000.0	1.0	10000.0	1.280711066965257e-34	0.3707996999999999	0.37865	0.053313699955446665	0.05179359999999999	0.04937	0.007043934351732358
EX_trp__L_e_r	10000.0	1.0	10000.0	1.2727991547873732e-34	0.0332307	0.033409999999999995	0.0013699511566903294	0.0010502000000000003	0.00091	0.0004769261425572575
EX_anth_e	10000.0	1.0	10000.0	1.2739470141926958e-34	0.03139399999999999	0.031485	0.0014039827907662103	0.0007180999999999999	0.000505	0.0006080548470078147
EX_tyr__L_e_r	9196.0	1.0	9196.0	5.814736678189451e-25	0.007838	0.007915	0.0037900139921385597	0.0010718	0.00122	0.0006376271986391769
EX_cystinex_r	10000.0	1.0	10000.0	1.2807832125755886e-34	0.192677	0.19396000000000002	0.007142865268393647	0.0733407	0.07272999999999999	0.012117648391307346
EX_3hydroxybutanoatex_r	10000.0	1.0	10000.0	1.2810718345817004e-34	50.093222499999996	48.779875000000004	6.074268696396877	18.6525465	20.642879999999998	7.018435758838301
EX_gthrd_e_r	5552.0	0.9114875755067244	5552.0	0.08890496460767622	2.3888736	2.60383	0.8482158687379223	2.4550399	2.134145	1.662196599237332
EX_cmp_e_r	9283.5	1.0	9283.5	6.122285159289705e-26	0.004322200000000001	0.00473	0.001741890636606957	0.0003151	0.00032	0.00018492419959529254
HEX1	9028.0	1.0	9028.0	3.7574725477748536e-23	6.2026658999999995	6.49488	1.6243665236670854	2.8506582000000003	1.96237	2.9652533460071893
G6PP	7266.0	0.9999999846975764	7266.0	1.5517305960491823e-08	3.7241216	4.1111450000000005	1.6641571813642795	2.7435761000000007	1.850055	2.9704342832822914
PGI	9976.0	1.0	9976.0	2.629941725486559e-34	0.8792332999999999	0.925435	0.34019664191733034	0.040067700000000005	0.053239999999999996	0.02368071916798836
PFK	7060.0	0.9999997605796732	7060.0	2.424928568700901e-07	10.803580099999998	6.40487	10.175896592691997	5.9693819999999995	2.3148999999999997	6.986350892262727
FBP	6617.0	0.9999612790209772	6617.0	3.911836968472823e-05	10.270868799999999	6.10002	10.128008602083897	5.957773599999999	2.31219	6.983397318381999
FBA	9995.0	1.0	9995.0	1.4879496988811042e-34	0.5327111999999999	0.43735500000000005	0.4347734348613905	0.0116083	0.01044	0.007568833898016099
TPI	10000.0	1.0	10000.0	1.2809996731450625e-34	1.9026971999999998	1.85754	0.1910048016588255	0.0509755	0.053245	0.015640965596726435
GAPD	10000.0	1.0	10000.0	1.2809996731450625e-34	4.3171256	4.132705	0.49824258576251096	0.10740400000000004	0.10352	0.047748634165245656
PGK	10000.0	1.0	10000.0	1.2809275156652627e-34	3.4939027	3.20801	0.8121748623206495	0.032511200000000004	0.03483	0.020897602166833215
DPGM	9400.0	1.0	9400.0	2.9726852619196537e-27	0.8232225000000001	0.90466	0.4291141653732604	0.07489340000000001	0.061815	0.05707435848438457
DPGase	9400.0	1.0	9400.0	2.9726852619196537e-27	0.8232225000000001	0.90466	0.4291141653732604	0.07489340000000001	0.061815	0.05707435848438457
PGM_f	10000.0	1.0	10000.0	1.2810718345817004e-34	8.4111006	8.710329999999999	0.9782831628680683	0.4064701	0.37766500000000003	0.11113389957768709
ENO_f	10000.0	1.0	10000.0	1.2810718345817004e-34	6.786459200000001	6.913785000000001	0.5461156382902912	0.4600758	0.42762	0.12608064728801824
PYK	0.0	1.2809996731450625e-34	0.0	1.0	4.1694742	3.973805	0.5631682447594273	80.63811319999999	76.29106	20.857159693303046
LDH_L	10000.0	1.0	10000.0	1.280711066965257e-34	4.1207666	3.9612100000000003	0.5284799613857681	0.07817759999999999	0.07859	0.002868546290053869
r0407	10000.0	1.0	10000.0	1.2809996731450625e-34	1.3699857999999998	1.4517	0.3772744042141093	0.039367	0.03686	0.017263406004282205
PRPPS	2022.5	1.7451727229742672e-13	2022.5	0.9999999999998286	0.026121299999999997	0.027025	0.007133936487527823	0.0478037	0.049735	0.024404664426450874
G6PDH2r	10000.0	1.0	10000.0	1.2809996731450625e-34	1.5613166	1.560085	0.5669894347139214	0.06416470000000002	0.048045000000000004	0.031617558459492
PGL	10000.0	1.0	10000.0	1.2809996731450625e-34	1.5613166	1.560085	0.5669894347139214	0.06416470000000002	0.048045000000000004	0.031617558459492
GND	10000.0	1.0	10000.0	1.2809996731450625e-34	1.5613166	1.560085	0.5669894347139214	0.06416470000000002	0.048045000000000004	0.031617558459492
RPI	10000.0	1.0	10000.0	1.2809996731450625e-34	0.5378533	0.53417	0.1859209395787588	0.053258	0.05484	0.00912534443794376
TKT2_f	10000.0	1.0	10000.0	1.2810718345817004e-34	0.6101392999999999	0.6095200000000001	0.171205361872368	0.14589449999999998	0.13229000000000002	0.04474499839720252
RPE_f	10000.0	1.0	10000.0	1.2810718345817004e-34	1.4311408	1.4404750000000002	0.3100775092892587	0.18056080000000002	0.16686	0.05732847295606912
TKT1_f	10000.0	1.0	10000.0	1.2809275156652627e-34	0.6159922	0.61427	0.16840296081504244	0.1417457	0.129945	0.04489288828641982
TALA_f	10000.0	1.0	10000.0	1.2809996731450625e-34	2.3582334000000005	2.5464849999999997	0.4269635464609421	0.18482189999999998	0.17512499999999998	0.04708147899153448
r0408	10000.0	1.0	10000.0	1.2809996731450625e-34	1.3699857999999998	1.4517	0.3772744042141093	0.039367	0.03686	0.017263406004282205
PDHm	0.0	1.2810718345817004e-34	0.0	1.0	1.0240070000000001	0.87619	0.6655911056422712	10.0738123	10.58513	2.221770046273214
PCm	5579.0	0.921604029001887	5579.0	0.07875431146373785	119.14348610000003	113.92832	16.722333081135123	113.22681429999999	114.311515	5.47658671972103
PEPCK_re	0.0	2.8200076051853168e-39	0.0	1.0	0.0	0.0	0.0	82.0277675	78.492985	20.77842418755801
CSm	10000.0	1.0	10000.0	1.2810718345817004e-34	101.38035950000001	98.881625	11.736925602903586	47.4124342	50.142485	12.619289120846608
ACONTm_f	3404.0	4.840979552304869e-05	3404.0	0.9999520762642821	25.3329031	25.007255	9.225047858328209	30.572115999999998	28.38337	9.803643038095789
ICDHxm	6084.0	0.9959736868064519	6084.0	0.004055525040812467	23.8756869	27.998745	18.286162781229518	15.346310600000002	13.91812	8.97791307563198
ICDHym_f	215.0	7.136137054852038e-32	215.0	1.0	80.14193890000001	84.015615	11.827007414933787	132.6890024	124.61011500000001	39.24408496572919
AKGDm	8206.0	0.9999999999999977	8206.0	2.3954466691925308e-15	49.7751949	48.34274	6.144864688877792	42.0525067	43.21904	6.207755664403964
SUCOAS1m_f	9089.0	1.0	9089.0	8.446497453262261e-24	133.249269	144.29341	36.37786801393157	89.17553999999998	85.435625	18.76629011077296
SUCD1m	7063.0	0.9999997695736331	7063.0	2.333875207025932e-07	49.84978279999999	48.420895	6.130174684799754	44.1539639	45.66556	6.648094097918256
FUMm_f	6772.0	0.9999925751735913	6772.0	7.5076634927637944e-06	142.6530079	154.50896	39.83496826675739	145.06849329999997	138.20682	39.630542973677805
MDHm_f	9200.0	1.0	9200.0	5.2797322791209335e-25	711.8491573000001	757.1987750000001	198.5629898177114	325.67119949999994	299.96655999999996	90.68677393369512
ME1m	1483.0	4.266838923448954e-18	1483.0	1.0	8.202563799999998	8.426565	3.9416299031194204	16.9772369	16.91301	7.638851595401832
ME2m	5456.0	0.8676619801693506	5456.0	0.13286202329312452	4.8738527	4.627745	4.439597771186137	3.6445795	4.109215000000001	1.9894501808188998
ME2	10000.0	1.0	10000.0	1.2810718345817004e-34	106.81872809999999	101.14813000000001	20.432029530750686	20.421744699999998	23.298325	9.65667567535395
ACITL	10000.0	1.0	10000.0	1.2810718345817004e-34	52.88913039999999	51.64502	5.106626238669373	13.4637503	14.439345	6.251609312319001
FUM_f	8299.0	0.9999999999999997	8299.0	3.8297855296972237e-16	166.28660680000002	164.100595	12.168645733610827	148.1150581	139.21438	36.91602976351928
MDH_f	9200.0	1.0	9200.0	5.2797322791209335e-25	241.2068873	256.951285	69.30662461431756	76.5940876	65.40129	32.31269885481124
AKGMALtm_f	8831.0	1.0	8831.0	4.009495445549471e-21	349.02862409999994	363.655765	93.71656397944456	199.9416114	201.05361	84.28800022352065
ACONT	0.0	1.2810718345817004e-34	0.0	1.0	45.719162000000004	47.239235	6.661248922867546	118.65523680000003	118.417355	18.14984239022226
ICDHyr	0.0	1.2810718345817004e-34	0.0	1.0	45.719162000000004	47.239235	6.661248922867546	118.65523680000003	118.417355	18.14984239022226
PPA	4067.0	0.011349588465629126	4067.0	0.9887229218710648	15.6153503	15.42984	4.807109313033293	20.193408299999998	16.697319999999998	11.030960346890968
Complex1ROS	8639.0	1.0	8639.0	3.048017011212293e-19	103.43555119999998	99.85816	15.726388987322563	67.67309510000001	54.433125000000004	26.933073070069145
FADH2ETC	2799.0	3.793650234772068e-08	2799.0	0.9999999625747288	50.999375900000004	50.033339999999995	5.887884395760037	73.3114976	82.76461	24.268765561222764
CYOR_u10mi	6813.0	0.9999953120103219	6813.0	4.741405920342e-06	149.268782	144.30194	20.702124184337347	137.6012173	136.54410000000001	10.51581127399962
CYOOm2i	6813.0	0.9999953120103219	6813.0	4.741405920342e-06	74.6343909	72.15097	10.351061347989031	68.80060909999999	68.27205000000001	5.257905635458481
ATPS4mi	10000.0	1.0	10000.0	1.2810718345817004e-34	277.8560766	272.25937999999996	23.064369600756216	185.2740607	187.93597999999997	12.504936429559155
GLUCYS	3167.0	3.7749228359427045e-06	3167.0	0.999996268034194	0.0070061	0.005325	0.0051240307080431995	0.0185589	0.016265	0.015882701910880873
GTHS	3167.0	3.7749228359427045e-06	3167.0	0.999996268034194	0.0070061	0.005325	0.0051240307080431995	0.0185589	0.016265	0.015882701910880873
SPODMm	8639.0	1.0	8639.0	3.048017011212293e-19	2.5858882	2.496455	0.3931593971411133	1.6918267999999999	1.360825	0.6733266736332522
GTHPi	2825.0	5.386985762590659e-08	2825.0	0.9999999468480854	0.0190671	0.01641	0.012880532667870566	0.0349393	0.025849999999999998	0.0253438621364207
GTHPm	5393.0	0.831842935007309	5393.0	0.16877178131644827	1.3902269999999999	1.47491	0.48078293351847073	1.4994135999999998	1.241005	0.6973932142340047
GDR	8071.5	0.9999999999999696	8071.5	3.103108974332295e-14	0.0984363	0.09606999999999999	0.03397275615723858	0.0629478	0.04877	0.046624805479703636
GTHOr	5195.0	0.6835623552181569	5195.0	0.3173078221686999	0.0322263	0.01939	0.03414316302162429	0.0222837	0.01489	0.020278953345722252
GDRm	2394.0	9.665726754706094e-11	2394.0	0.99999999990487	0.089084	0.03007	0.0868356741846985	0.2569276999999999	0.30254499999999995	0.169465244545299
GTHOm	9354.5	1.0	9354.5	9.829911350406925e-27	0.1032031	0.075555	0.06108576498851695	0.0056865	0.0031799999999999997	0.005000004924239999
r0885	5528.0	0.9017055418711319	5528.0	0.09871857617625429	2.3958794	2.60938	0.8503023678072561	2.4735988	2.1678249999999997	1.6508893251919978
PYRt2m_f	9964.0	1.0	9964.0	3.763992358690979e-34	171.34587520000002	174.29566499999999	16.46384382338588	118.89420620000001	120.453915	11.123326453028247
HMR_4964	112.0	3.571454579149605e-33	112.0	1.0	98.60829229999999	98.5119	4.334721245944209	132.1189866	133.87854	15.42743333869884
r2420	9610.0	1.0	9610.0	1.0014471819188199e-29	54.56710249999999	57.432995000000005	18.389245789883727	3.8618335999999998	2.7025550000000003	3.478212343466899
ATPtm	10000.0	1.0	10000.0	1.2810718345817004e-34	158.6953825	159.480245	10.387749584169267	72.0466284	73.526545	8.06228602385702
FUMtm_f	8442.0	1.0	8442.0	2.068965762697897e-17	42.70761069999999	42.514005	17.250021124069352	21.358364200000004	17.580685	11.395157725664088
CO2tm_f	7497.0	0.999999999477444	7497.0	5.306066377097608e-10	256.07746019999996	262.86231499999997	70.86492818968438	216.8711751	175.90615	109.60156290499317
O2tm	7145.0	0.9999999207024457	7145.0	8.035468839920803e-08	77.22027969999999	74.649595	10.74333524708042	70.49243659999999	69.807995	5.515281255395742
r0801_f	8180.0	0.9999999999999961	8180.0	3.963066394140074e-15	129.7946054	134.02745499999997	44.52177240067922	67.1286154	50.11784	45.028258009920556
THD1m	801.0	5.415027053964055e-25	801.0	1.0	64.59397910000001	43.52587	78.86654383591959	121.4018256	118.48503500000001	12.633700438240197
H2Otm_f	7604.0	0.9999999999015928	7604.0	9.998563304045724e-11	43.0045176	43.815445	14.259293251278756	34.260002300000004	28.06571	16.726931389882125
NH4tm_f	8113.0	0.999999999999986	8113.0	1.4239918304585405e-14	131.76835219999998	134.85052000000002	43.44534219921126	73.9042475	62.89623	44.21296822111266
HCO3E	10000.0	1.0	10000.0	1.2810718345817004e-34	46.26019169999999	45.17676	4.472259578405135	11.780041200000003	12.634	5.469753175951626
HCO3Em	5589.0	0.9251197222883216	5589.0	0.07522633969496799	119.16060910000004	113.947355	16.71763146237499	113.2272216	114.312045	5.47654604608713
GLUN	2328.0	3.343526079577325e-11	2328.0	0.9999999999671056	2.0934861999999996	1.69002	0.97701478851103	5.105093300000001	4.320805	4.166007875165083
GLNS	2052.0	2.9692069897148326e-13	2052.0	0.9999999999997083	2.5074356000000004	1.95836	2.015790890515054	7.1639558	5.667605	5.169197920698715
GLUt2m	784.0	3.5135424759280305e-25	784.0	1.0	0.0423865	0.0471	0.03558395718351718	0.7637817000000002	0.80018	0.501948088066129
GLNtm_1	1376.0	4.2355325285288407e-19	1376.0	1.0	0.1577195	0.13740000000000002	0.12683313765265836	0.7606512000000002	0.7744	0.4983235749166774
GLUNm	1376.0	4.2355325285288407e-19	1376.0	1.0	0.1577195	0.13740000000000002	0.12683313765265836	0.7606512000000002	0.7744	0.4983235749166774
GLUPRT	9320.5	1.0	9320.5	2.3662167055573042e-26	0.015577299999999999	0.017435	0.005532096403368402	0.0011679999999999998	0.00134	0.0005837046437292674
PRAGSr	9320.5	1.0	9320.5	2.3662167055573042e-26	0.015577299999999999	0.017435	0.005532096403368402	0.0011679999999999998	0.00134	0.0005837046437292674
GARFT	9320.5	1.0	9320.5	2.3662167055573042e-26	0.015577299999999999	0.017435	0.005532096403368402	0.0011679999999999998	0.00134	0.0005837046437292674
PRFGS	9320.5	1.0	9320.5	2.3662167055573042e-26	0.015577299999999999	0.017435	0.005532096403368402	0.0011679999999999998	0.00134	0.0005837046437292674
PRAIS	9320.5	1.0	9320.5	2.3662167055573042e-26	0.015577299999999999	0.017435	0.005532096403368402	0.0011679999999999998	0.00134	0.0005837046437292674
AIRCr	9320.5	1.0	9320.5	2.3662167055573042e-26	0.015577299999999999	0.017435	0.005532096403368402	0.0011679999999999998	0.00134	0.0005837046437292674
PRASCSi	9320.5	1.0	9320.5	2.3662167055573042e-26	0.015577299999999999	0.017435	0.005532096403368402	0.0011679999999999998	0.00134	0.0005837046437292674
ADSL2r	9320.5	1.0	9320.5	2.3662167055573042e-26	0.015577299999999999	0.017435	0.005532096403368402	0.0011679999999999998	0.00134	0.0005837046437292674
AICART	9320.5	1.0	9320.5	2.3662167055573042e-26	0.015577299999999999	0.017435	0.005532096403368402	0.0011679999999999998	0.00134	0.0005837046437292674
IMPC	9320.5	1.0	9320.5	2.3662167055573042e-26	0.015577299999999999	0.017435	0.005532096403368402	0.0011679999999999998	0.00134	0.0005837046437292674
ADSS	9317.5	1.0	9317.5	2.541108328405945e-26	0.009224000000000001	0.010325	0.0032762191808870357	0.0006918999999999999	0.00079	0.0003450360689679977
ADSL1r	9317.5	1.0	9317.5	2.541108328405945e-26	0.009224000000000001	0.010325	0.0032762191808870357	0.0006918999999999999	0.00079	0.0003450360689679977
IMPDH2	9317.0	1.0	9317.0	2.567115262523578e-26	0.006352600000000002	0.00711	0.0022564849844057206	0.00047650000000000004	0.00055	0.0002384816237123625
GMPS	9346.0	1.0	9346.0	1.204490601852327e-26	0.0031363000000000003	0.003275	0.0014651560092062317	0.00034930000000000003	0.00038	0.00018879872773925038
GMPS2	8908.5	1.0	8908.5	5.8355817746364915e-22	0.0032167000000000003	0.0031450000000000002	0.0017241007347119665	0.0001275	0.00015	6.339510544150387e-05
GK1	9317.0	1.0	9317.0	2.567115262523578e-26	0.006352600000000002	0.00711	0.0022564849844057206	0.00047650000000000004	0.00055	0.0002384816237123625
RNDR2	9328.5	1.0	9328.5	1.6674816402702523e-26	0.0013671	0.00153	0.00048441216067945833	0.0001021	0.00012	5.187971713979414e-05
ADK1	4060.0	0.010850415589008799	4060.0	0.9892193117049335	15.607674600000001	15.421315	4.8083124301368905	20.1928327	16.696894999999998	11.031187722763685
RNDR1	9322.0	1.0	9322.0	2.1177075723112724e-26	0.0018200000000000002	0.00204	0.0006463995074505575	0.00013639999999999998	0.00016	6.934790056758253e-05
CBPS	9258.0	1.0	9258.0	1.1438467210020618e-25	0.005632500000000001	0.00531	0.0030225761221417424	0.0002796000000000001	0.00026	0.00016271633618234545
ASPCT	9258.0	1.0	9258.0	1.1438467210020618e-25	0.005632500000000001	0.00531	0.0030225761221417424	0.0002796000000000001	0.00026	0.00016271633618234545
DHORTS	9258.0	1.0	9258.0	1.1438467210020618e-25	0.005632500000000001	0.00531	0.0030225761221417424	0.0002796000000000001	0.00026	0.00016271633618234545
DHORD9	9258.0	1.0	9258.0	1.1438467210020618e-25	0.005632500000000001	0.00531	0.0030225761221417424	0.0002796000000000001	0.00026	0.00016271633618234545
ORPT	9258.0	1.0	9258.0	1.1438467210020618e-25	0.005632500000000001	0.00531	0.0030225761221417424	0.0002796000000000001	0.00026	0.00016271633618234545
OMPDC	9258.0	1.0	9258.0	1.1438467210020618e-25	0.005632500000000001	0.00531	0.0030225761221417424	0.0002796000000000001	0.00026	0.00016271633618234545
UMPK	9310.0	1.0	9310.0	3.1218298388327996e-26	0.011557600000000001	0.01259	0.004232585980320788	0.0008215	0.00093	0.0004160428663811779
RNDR4	9332.0	1.0	9332.0	1.572508361244798e-26	0.0018073	0.00202	0.0006418452801387291	8.130000000000002e-05	9e-05	4.189103228447092e-05
TMDS	9332.0	1.0	9332.0	1.572508361244798e-26	0.0018073	0.00202	0.0006418452801387291	8.130000000000002e-05	9e-05	4.189103228447092e-05
URIDK2r	9332.0	1.0	9332.0	1.572508361244798e-26	0.0018073	0.00202	0.0006418452801387291	8.130000000000002e-05	9e-05	4.189103228447092e-05
NDPK2	9303.0	1.0	9303.0	3.723264343164962e-26	0.009749800000000001	0.01055	0.0036075305580511342	0.0007398000000000002	0.00084	0.00037654457661984484
NDPK3_f	6497.5	0.9998740977200788	6497.5	0.0001271084006987203	0.0018545	0.00202	0.0005491561478736943	0.0020876000000000002	0.00164	0.0013790255086601384
CYTK1_r	9283.5	1.0	9283.5	6.122285159289705e-26	0.004322200000000001	0.00473	0.001741890636606957	0.0003151	0.00032	0.00018492419959529254
CTPS1	9242.0	1.0	9242.0	1.7002885888694352e-25	0.0023702	0.00244	0.0012449566784885052	0.00018710000000000002	0.00017500000000000003	0.00012679654426033714
RNDR3	9313.5	1.0	9313.5	2.4499411300119478e-26	0.0013039999999999998	0.00146	0.00046351533377706573	9.730000000000002e-05	0.00011	4.941792501847193e-05
GDHm	3789.0	0.0015496062128197065	3789.0	0.9984626315931718	48.45722549999999	19.971725	95.8558793472229	26.573453	23.50897	9.104166863939586
GLUDym_f	8924.0	1.0	8924.0	4.550176092928796e-22	165.28576259999997	147.08401500000002	69.93469318611517	78.8740052	68.78549000000001	41.785131814747785
ASPTA_f	7328.0	0.9999999936268319	7328.0	6.464990736894033e-09	173.34392770000002	177.58907	54.27755193494925	156.0989221	119.389935	98.88668616471534
ASPTAm	0.0	1.2810718345817004e-34	0.0	1.0	4.1531157	4.662845000000001	2.0288716588431805	125.2635807	89.88777999999999	74.42390387912931
ASPGLUm	0.0	1.2810718345817004e-34	0.0	1.0	4.1490198	4.659685	2.0285351219746746	125.1935997	89.839675	74.39498725524415
ASPT	1116.0	1.167217549912657e-21	1116.0	1.0	0.0923828	0.08781	0.057774028523885954	3.713194699999999	3.96762	2.125739822361772
CBPSam	nan	nan	nan	nan	0.0	0.0	0.0	0.0	0.0	0.0
OCBTm	nan	nan	nan	nan	0.0	0.0	0.0	0.0	0.0	0.0
ORNt4m	nan	nan	nan	nan	0.0	0.0	0.0	0.0	0.0	0.0
ARGSS	1777.0	1.7198591693633e-15	1777.0	0.9999999999999983	0.3424497	0.08924	0.5913927279188192	2.2388747999999996	0.782025	3.6285913595834116
ARGSL	1777.0	1.7198591693633e-15	1777.0	0.9999999999999983	0.3424497	0.08924	0.5913927279188192	2.2388747999999996	0.782025	3.6285913595834116
ARGN	10000.0	1.0	10000.0	1.2804946538696245e-34	0.1719982	0.17602	0.029140309454621635	0.0311287	0.023195	0.025024105092223914
ORNDC	10000.0	1.0	10000.0	1.2807832125755886e-34	0.2374899	0.23674499999999998	0.01373102713020789	0.08005529999999998	0.08032	0.006956901007364028
SPMS	1146.0	2.3476167723931998e-21	1146.0	1.0	0.0026087000000000003	0.002495	0.0007043295472370239	0.025587900000000007	0.025305	0.013141672578926821
SPRMS	1160.5	3.28355904253465e-21	1160.5	1.0	0.0023032	0.00214	0.0007676711206597193	0.0207697	0.02247	0.011024977743856232
ADMDC	1152.0	2.7010223777725124e-21	1152.0	1.0	0.0049121	0.004645	0.001462456971654002	0.0463567	0.048335	0.023897891291742024
MTAP	1152.0	2.7010223777725124e-21	1152.0	1.0	0.0049121	0.004645	0.001462456971654002	0.0463567	0.048335	0.023897891291742024
ADPT	1152.0	2.7010223777725124e-21	1152.0	1.0	0.0049121	0.004645	0.001462456971654002	0.0463567	0.048335	0.023897891291742024
MTRI	1152.0	2.7010223777725124e-21	1152.0	1.0	0.0049121	0.004645	0.001462456971654002	0.0463567	0.048335	0.023897891291742024
MDRPD	1152.0	2.7010223777725124e-21	1152.0	1.0	0.0049121	0.004645	0.001462456971654002	0.0463567	0.048335	0.023897891291742024
DKMPPD	1152.0	2.7010223777725124e-21	1152.0	1.0	0.0049121	0.004645	0.001462456971654002	0.0463567	0.048335	0.023897891291742024
SPMDtex2	1312.5	9.900760553268304e-20	1312.5	1.0	0.00030539999999999994	0.0003	0.0001794009110029458	0.0048187	0.004425	0.004167035293996697
SPRMti	1160.5	3.28355904253465e-21	1160.5	1.0	0.0023032	0.00214	0.0007676711206597193	0.0207697	0.02247	0.011024977743856232
GLYAMDTRc	6137.5	0.997286946492932	6137.5	0.00273354023976258	0.06549179999999999	0.058565	0.027674359586907414	0.048926500000000005	0.05544	0.020510608113900968
ARGDr	1777.0	1.7198591693633e-15	1777.0	0.9999999999999983	0.3424497	0.08924	0.5913927279188192	2.2388747999999996	0.782025	3.6285913595834116
r0074_f	7672.0	0.9999999999671094	7672.0	3.343143719871581e-11	0.0569485	0.06375	0.02022715023966999	0.04117640000000001	0.027505	0.03884320934425496
r0074_b	0.0	2.8195930193767757e-39	0.0	1.0	0.0	0.0	0.0	0.040275100000000015	0.026660000000000003	0.03913502225189818
GLU5SAtmc_f	7673.0	0.9999999999676418	7673.0	3.289056739630734e-11	0.0569485	0.06375	0.02022715023966999	0.04111059999999999	0.027049999999999998	0.03887608064222794
GLU5SAtmc_b	0.0	2.8191784931018382e-39	0.0	1.0	0.0	0.0	0.0	0.04020870000000001	0.026205	0.03916653855955838
G5SADs_f	7673.0	0.9999999999676418	7673.0	3.289056739630734e-11	0.0569485	0.06375	0.02022715023966999	0.04111059999999999	0.027049999999999998	0.03887608064222794
G5SADs_b	0.0	2.8191784931018382e-39	0.0	1.0	0.0	0.0	0.0	0.04020870000000001	0.026205	0.03916653855955838
PRO1x	9490.5	1.0	9490.5	2.545031876422971e-28	0.051799599999999994	0.055995	0.020202972224578012	0.00026900000000000003	0.0003	0.00016393827367566606
P5CR	9081.0	1.0	9081.0	1.0185485735530481e-23	0.0051489	0.00312	0.0042851927092670584	0.000633	0.00054	0.0004153919896320885
PROD2	nan	nan	nan	nan	0.0	0.0	0.0	0.0	0.0	0.0
EXRiboflavin	nan	nan	nan	nan	0.0	0.0	0.0	0.0	0.0	0.0
RBFK	nan	nan	nan	nan	0.0	0.0	0.0	0.0	0.0	0.0
FMNAT	nan	nan	nan	nan	0.0	0.0	0.0	0.0	0.0	0.0
TransportFAD	nan	nan	nan	nan	0.0	0.0	0.0	0.0	0.0	0.0
ASNS1	4122.0	0.016013489054898616	4122.0	0.9840841284994204	1.2429813	0.7676799999999999	1.1965865573031043	1.4875224	1.494285	0.9059117880787512
ASNN	3988.0	0.006727605995488019	3988.0	0.9933182294501118	1.2044035999999998	0.72112	1.1932919575699195	1.4957778999999995	1.501295	0.9050057165055185
METS	3728.0	0.0009457207724636418	3728.0	0.9990620658086233	3.9918271	3.1639999999999997	2.735114646600961	7.2134529	6.11496	6.105472677910508
METAT	3693.0	0.0007057536117070367	3693.0	0.9993001937889013	4.012340200000001	3.18086	2.7400377599587857	7.2635379	6.15348	6.084106523493715
HMR_3915	3727.0	0.0009379341913766547	3727.0	0.9990697934590987	3.9635632	3.1286899999999997	2.7356321649739685	7.191800999999999	6.09269	6.1138619179864575
AHCi	3739.0	0.0010353794154942496	3739.0	0.9989730824949727	4.007428	3.17654	2.7390201426149656	7.2171807999999995	6.119705	6.105049408738205
ADNK1	3739.0	0.0010353794154942496	3739.0	0.9989730824949727	4.007428	3.17654	2.7390201426149656	7.2171807999999995	6.119705	6.105049408738205
CYSTS	10000.0	1.0	10000.0	1.2793410517776738e-34	0.015599999999999998	0.01531	0.006082850541240571	0.0037273000000000007	0.00375	0.0010672544355977305
CYSTGL	10000.0	1.0	10000.0	1.2793410517776738e-34	0.015599999999999998	0.01531	0.006082850541240571	0.0037273000000000007	0.00375	0.0010672544355977305
MTHFR3	6040.0	0.9944947619535783	6040.0	0.005543847778560822	0.028404	0.028655	0.017165385359654894	0.0230226	0.024645	0.009717540697734237
MetSynthesis	1835.5	5.335804052664286e-15	1835.5	0.9999999999999948	0.004303	0.003875	0.0016114235503385998	0.031215899999999994	0.03238	0.021519129713495913
UNK3	1251.5	2.6077134821107242e-20	1251.5	1.0	0.0006081999999999999	0.00038	0.00040998492211743147	0.0151416	0.016765000000000002	0.009627332168719884
5MTHFt	0.0	1.0499270605741668e-34	0.0	1.0	0.000141	0.00015	4.5604802157206875e-05	0.0013705999999999998	0.001255	0.0003968049669777104
ILETA	nan	nan	nan	nan	0.0	0.0	0.0	0.0	0.0	0.0
3MOPt2im	nan	nan	nan	nan	0.0	0.0	0.0	0.0	0.0	0.0
ILETAm	nan	nan	nan	nan	0.0	0.0	0.0	0.0	0.0	0.0
LEUTA	9420.0	1.0	9420.0	1.2720564615018879e-28	0.0012756999999999998	0.001575	0.0006262043023509406	4.500000000000001e-06	0.0	4.9999999999999996e-06
4MOPt2im	9420.0	1.0	9420.0	1.2720564615018879e-28	0.0012756999999999998	0.001575	0.0006262043023509406	4.500000000000001e-06	0.0	4.9999999999999996e-06
LEUTAm	9558.0	1.0	9558.0	3.6758263143667207e-29	0.0066668000000000005	0.007634999999999999	0.002747508285297385	8.790000000000001e-05	8.5e-05	7.1693722870206e-05
OIVD1m	9546.5	1.0	9546.5	5.346031312963641e-29	0.0079423	0.009065	0.003256322786658148	9.270000000000004e-05	9e-05	7.346895173259838e-05
ACOAD8m	9546.5	1.0	9546.5	5.346031312963641e-29	0.0079423	0.009065	0.003256322786658148	9.270000000000004e-05	9e-05	7.346895173259838e-05
MCCCrm	9546.5	1.0	9546.5	5.346031312963641e-29	0.0079423	0.009065	0.003256322786658148	9.270000000000004e-05	9e-05	7.346895173259838e-05
MGCHrm	9546.5	1.0	9546.5	5.346031312963641e-29	0.0079423	0.009065	0.003256322786658148	9.270000000000004e-05	9e-05	7.346895173259838e-05
HMGCOAtm	9303.5	1.0	9303.5	3.597836734210368e-26	0.0079423	0.009065	0.003256322786658148	0.00031400000000000004	0.000335	0.0001961601077660488
VALTA	10000.0	1.0	10000.0	1.1332524256311986e-34	0.020467299999999997	0.020595000000000002	0.0016809087579417428	9.13e-05	0.000105	3.857709060040582e-05
3MOBt2im	10000.0	1.0	10000.0	1.1332524256311986e-34	0.020467299999999997	0.020595000000000002	0.0016809087579417428	9.13e-05	0.000105	3.857709060040582e-05
VALTAim	4067.5	0.011385842414820628	4067.5	0.9886868694099483	0.04617879999999999	0.038610000000000005	0.04158458825530964	0.0464408	0.05216	0.020323035826670218
OIVD2m	6340.5	0.9994746479471567	6340.5	0.0005299160587910003	0.06664619999999999	0.06089	0.04102663866762224	0.0465322	0.05227	0.020358575022070995
ACOAD9m	6340.5	0.9994746479471567	6340.5	0.0005299160587910003	0.06664619999999999	0.06089	0.04102663866762224	0.0465322	0.05227	0.020358575022070995
ECOAH12m	6340.5	0.9994746479471567	6340.5	0.0005299160587910003	0.06664619999999999	0.06089	0.04102663866762224	0.0465322	0.05227	0.020358575022070995
3HBCOAHLm	6340.5	0.9994746479471567	6340.5	0.0005299160587910003	0.06664619999999999	0.06089	0.04102663866762224	0.0465322	0.05227	0.020358575022070995
HIBDm	6340.5	0.9994746479471567	6340.5	0.0005299160587910003	0.06664619999999999	0.06089	0.04102663866762224	0.0465322	0.05227	0.020358575022070995
r0643	1445.0	1.8905174602920627e-18	1445.0	1.0	0.008826699999999998	0.0017599999999999998	0.015300332607132726	0.027802800000000003	0.029054999999999997	0.014612400301998934
MMSAD1m	10000.0	1.0	10000.0	2.806563996788191e-39	0.0012383999999999997	0.001015	0.0009205528861296433	0.0	0.0	0.0
MMTSADm	8974.0	1.0	8974.0	1.382495592268683e-22	0.056581	0.052360000000000004	0.030855314572594095	0.018729900000000004	0.018369999999999997	0.011906594938108965
PCC	9484.0	1.0	9484.0	3.019821099128243e-28	0.0091813	0.01045	0.0036704277280816618	0.00031400000000000004	0.000335	0.0001961601077660488
MMALH	1445.0	1.8905174602920627e-18	1445.0	1.0	0.008826699999999998	0.0017599999999999998	0.015300332607132726	0.027802800000000003	0.029054999999999997	0.014612400301998934
MMEm	2850.0	7.519387758543292e-08	2850.0	0.9999999257975171	0.0180076	0.014180000000000002	0.015550714759629332	0.028116099999999998	0.029445	0.014594489474462681
MMMm	7125.5	0.9999998974508905	7125.5	1.0390449299719631e-07	0.0745885	0.0698	0.04195948195593102	0.046846399999999996	0.05261	0.0203975001201499
ILEtmi	nan	nan	nan	nan	0.0	0.0	0.0	0.0	0.0	0.0
LEUt5m	9558.0	1.0	9558.0	3.6758263143667207e-29	0.0066668000000000005	0.007634999999999999	0.002747508285297385	8.790000000000001e-05	8.5e-05	7.1693722870206e-05
VALt5m	4067.5	0.011385842414820628	4067.5	0.9886868694099483	0.04617879999999999	0.038610000000000005	0.04158458825530964	0.0464408	0.05216	0.020323035826670218
PGCD	1152.0	2.7038297047056048e-21	1152.0	1.0	0.1476511	0.17292	0.08872121258991134	1.4970588999999999	1.1393149999999999	1.1910341321096942
PSERT	1152.0	2.7038297047056048e-21	1152.0	1.0	0.1476511	0.17292	0.08872121258991134	1.4970588999999999	1.1393149999999999	1.1910341321096942
PSP_L	1152.0	2.7038297047056048e-21	1152.0	1.0	0.1476511	0.17292	0.08872121258991134	1.4970588999999999	1.1393149999999999	1.1910341321096942
GHMT2r_f	8430.0	1.0	8430.0	2.655344520279128e-17	67.3707914	70.52087499999999	21.353401855810972	24.338259300000004	15.292269999999998	23.201703376749197
SERD_L	390.0	1.0014471819188199e-29	390.0	1.0	0.152264	0.1509	0.07341033226207523	2.4890313	2.22698	1.368402865192846
ALATA_L_f	2373.0	6.923748062754687e-11	2373.0	0.9999999999318647	0.34788539999999996	0.37075	0.17612946621600645	1.0249633999999999	1.1430950000000002	0.7076186993238432
r1435	0.0	5.456029333670551e-35	0.0	1.0	1.8000000000000004e-05	2e-05	9.847319278346619e-06	0.00036570000000000005	0.00027499999999999996	0.00024876362964537934
GLYtm_r	0.0	5.456029333670551e-35	0.0	1.0	1.8000000000000004e-05	2e-05	9.847319278346619e-06	0.00036570000000000005	0.00027499999999999996	0.00024876362964537934
GHMT2rm	0.0	5.456029333670551e-35	0.0	1.0	1.8000000000000004e-05	2e-05	9.847319278346619e-06	0.00036570000000000005	0.00027499999999999996	0.00024876362964537934
MLTHFtm_r	0.0	1.1111141179414785e-34	0.0	1.0	0.00010070000000000001	0.000105	3.565420342992145e-05	0.0005759000000000001	0.00052	0.00015868204025342597
r0962	0.0	1.1111141179414785e-34	0.0	1.0	0.00010070000000000001	0.000105	3.565420342992145e-05	0.0005759000000000001	0.00052	0.00015868204025342597
FORtm_r	1663.5	1.667400877315468e-16	1663.5	0.9999999999999999	8.409999999999998e-05	8.5e-05	3.470205070643986e-05	0.00021080000000000003	0.000245	0.00011517821062171526
r0514	0.0	1.1111141179414785e-34	0.0	1.0	0.00010070000000000001	0.000105	3.565420342992145e-05	0.0005759000000000001	0.00052	0.00015868204025342597
DHFRim	0.0	1.1111141179414785e-34	0.0	1.0	0.00010070000000000001	0.000105	3.565420342992145e-05	0.0005759000000000001	0.00052	0.00015868204025342597
FTHFLmi	1663.5	1.667400877315468e-16	1663.5	0.9999999999999999	8.409999999999998e-05	8.5e-05	3.470205070643986e-05	0.00021080000000000003	0.000245	0.00011517821062171526
MTHFCm	1663.5	1.667400877315468e-16	1663.5	0.9999999999999999	8.409999999999998e-05	8.5e-05	3.470205070643986e-05	0.00021080000000000003	0.000245	0.00011517821062171526
MTHFDm	1663.5	1.667400877315468e-16	1663.5	0.9999999999999999	8.409999999999998e-05	8.5e-05	3.470205070643986e-05	0.00021080000000000003	0.000245	0.00011517821062171526
FOLR2	0.0	1.0113345238271675e-34	0.0	1.0	3.9699999999999996e-05	5e-05	2.2268109189347147e-05	0.0007939999999999999	0.00075	0.0002524666194557093
DHFR	8924.5	1.0	8924.5	4.44521470266216e-22	0.0018469000000000003	0.00208	0.0006573249968738078	0.0008757	0.0008500000000000001	0.0002188133977394963
FTHFLi	3806.5	0.0017785604502398155	3806.5	0.9982353146508611	0.0390388	0.038965	0.002075903736504254	0.0472701	0.049049999999999996	0.023526797594241422
FTHFDH	0.0	1.2810718345817004e-34	0.0	1.0	4.4142175	4.37582	0.4345741772983007	9.8772195	9.731494999999999	1.4342125969757724
MTHFC_f	9888.0	1.0	9888.0	3.5710699458432824e-33	0.4799101	0.504505	0.14930052522788803	0.045174599999999995	0.021435000000000003	0.06268796245861019
MTHFD	2401.0	1.0825672280453775e-10	2401.0	0.9999999998934492	56.726414000000005	55.696925	6.006556895184031	77.97412709999999	66.22357	34.91870670466613
MTHFD2i_f	9553.0	1.0	9553.0	4.819187316133863e-29	91.96373790000001	93.996145	28.904255752035258	20.870869200000005	12.819925000000001	21.821475663261932
ACACT1r	9482.5	1.0	9482.5	3.1350834282706835e-28	0.008909799999999999	0.00964	0.003518509492740506	0.00010660000000000002	9.5e-05	7.56549850814655e-05
HMGCOAS	9258.5	1.0	9258.5	1.181744644036807e-25	0.008956800000000001	0.009695	0.0035333721781741234	0.0009525000000000001	0.00106	0.0005258900584108369
HMGCOAR	9317.0	1.0	9317.0	2.592426579385502e-26	0.0168992	0.01892	0.0060029127071528346	0.0012664	0.001455	0.0006335558141923802
MEVK1	9317.0	1.0	9317.0	2.592426579385502e-26	0.0168992	0.01892	0.0060029127071528346	0.0012664	0.001455	0.0006335558141923802
PMEVK	9317.0	1.0	9317.0	2.592426579385502e-26	0.0168992	0.01892	0.0060029127071528346	0.0012664	0.001455	0.0006335558141923802
IPDDI	9315.5	1.0	9315.5	2.660588633402818e-26	0.0056328	0.006305	0.0020010714705634655	0.0004220999999999999	0.00048499999999999997	0.00021115504859096917
DPMVD	9317.0	1.0	9317.0	2.592426579385502e-26	0.0168992	0.01892	0.0060029127071528346	0.0012664	0.001455	0.0006335558141923802
DMATT	9315.5	1.0	9315.5	2.660588633402818e-26	0.0056328	0.006305	0.0020010714705634655	0.0004220999999999999	0.00048499999999999997	0.00021115504859096917
GRTT	9315.5	1.0	9315.5	2.660588633402818e-26	0.0056328	0.006305	0.0020010714705634655	0.0004220999999999999	0.00048499999999999997	0.00021115504859096917
HMR_1465	9306.0	1.0	9306.0	3.288800659590888e-26	0.0028161999999999996	0.00315	0.0010008186346156527	0.0002115	0.00024	0.00010476886537285374
HMR_1467	9306.0	1.0	9306.0	3.288800659590888e-26	0.0028161999999999996	0.00315	0.0010008186346156527	0.0002115	0.00024	0.00010476886537285374
SMO	9306.0	1.0	9306.0	3.288800659590888e-26	0.0028161999999999996	0.00315	0.0010008186346156527	0.0002115	0.00024	0.00010476886537285374
LNSTLS	9306.0	1.0	9306.0	3.288800659590888e-26	0.0028161999999999996	0.00315	0.0010008186346156527	0.0002115	0.00024	0.00010476886537285374
HMR_1477	9306.0	1.0	9306.0	3.288800659590888e-26	0.0028161999999999996	0.00315	0.0010008186346156527	0.0002115	0.00024	0.00010476886537285374
HMR_1478	9306.0	1.0	9306.0	3.288800659590888e-26	0.0028161999999999996	0.00315	0.0010008186346156527	0.0002115	0.00024	0.00010476886537285374
HMR_1479	9306.0	1.0	9306.0	3.288800659590888e-26	0.0028161999999999996	0.00315	0.0010008186346156527	0.0002115	0.00024	0.00010476886537285374
C14STR	9306.0	1.0	9306.0	3.288800659590888e-26	0.0028161999999999996	0.00315	0.0010008186346156527	0.0002115	0.00024	0.00010476886537285374
HMR_1490	9306.0	1.0	9306.0	3.288800659590888e-26	0.0028161999999999996	0.00315	0.0010008186346156527	0.0002115	0.00024	0.00010476886537285374
HMR_1493	9306.0	1.0	9306.0	3.288800659590888e-26	0.0028161999999999996	0.00315	0.0010008186346156527	0.0002115	0.00024	0.00010476886537285374
HMR_1494	9306.0	1.0	9306.0	3.288800659590888e-26	0.0028161999999999996	0.00315	0.0010008186346156527	0.0002115	0.00024	0.00010476886537285374
C3STDH1	950.0	3.558588526237836e-29	950.0	1.0	0.0	0.0	0.0	4.38e-05	2.5e-05	4.086884664708104e-05
HMR_1495	9322.0	1.0	9322.0	2.2159763270888635e-26	0.0028161999999999996	0.00315	0.0010008186346156527	0.0001675	0.000185	8.785174610062849e-05
HMR_1500	9306.0	1.0	9306.0	3.288800659590888e-26	0.0028161999999999996	0.00315	0.0010008186346156527	0.0002115	0.00024	0.00010476886537285374
HMR_1502	9306.0	1.0	9306.0	3.288800659590888e-26	0.0028161999999999996	0.00315	0.0010008186346156527	0.0002115	0.00024	0.00010476886537285374
HMR_1503	9306.0	1.0	9306.0	3.288800659590888e-26	0.0028161999999999996	0.00315	0.0010008186346156527	0.0002115	0.00024	0.00010476886537285374
HMR_1504	9306.0	1.0	9306.0	3.288800659590888e-26	0.0028161999999999996	0.00315	0.0010008186346156527	0.0002115	0.00024	0.00010476886537285374
HMR_1505	9306.0	1.0	9306.0	3.288800659590888e-26	0.0028161999999999996	0.00315	0.0010008186346156527	0.0002115	0.00024	0.00010476886537285374
HMR_1509	9306.0	1.0	9306.0	3.288800659590888e-26	0.0028161999999999996	0.00315	0.0010008186346156527	0.0002115	0.00024	0.00010476886537285374
CHLSTI_1	9306.0	1.0	9306.0	3.288800659590888e-26	0.0028161999999999996	0.00315	0.0010008186346156527	0.0002115	0.00024	0.00010476886537285374
HMR_1516	9306.0	1.0	9306.0	3.288800659590888e-26	0.0028161999999999996	0.00315	0.0010008186346156527	0.0002115	0.00024	0.00010476886537285374
RE2410C	9306.0	1.0	9306.0	3.288800659590888e-26	0.0028161999999999996	0.00315	0.0010008186346156527	0.0002115	0.00024	0.00010476886537285374
DSMSTOLR	9306.0	1.0	9306.0	3.288800659590888e-26	0.0028161999999999996	0.00315	0.0010008186346156527	0.0002115	0.00024	0.00010476886537285374
ACCOAC	10000.0	1.0	10000.0	1.2810718345817004e-34	46.2545588	45.17116	4.4737312458015595	11.779761200000001	12.633614999999999	5.4696514544872326
FASN	10000.0	1.0	10000.0	1.2810718345817004e-34	6.607793700000001	6.453025	0.6391042080117241	1.6828233	1.8048000000000002	0.7813788058867478
MCAT	10000.0	1.0	10000.0	1.2810718345817004e-34	46.2545588	45.17116	4.4737312458015595	11.779761200000001	12.633614999999999	5.4696514544872326
AcetoacetylACPsynthesis	10000.0	1.0	10000.0	1.2810718345817004e-34	6.607793700000001	6.453025	0.6391042080117241	1.6828233	1.8048000000000002	0.7813788058867478
r0691	10000.0	1.0	10000.0	1.2810718345817004e-34	6.607793700000001	6.453025	0.6391042080117241	1.6828233	1.8048000000000002	0.7813788058867478
r0681	10000.0	1.0	10000.0	1.2810718345817004e-34	6.607793700000001	6.453025	0.6391042080117241	1.6828233	1.8048000000000002	0.7813788058867478
r0682	10000.0	1.0	10000.0	1.2810718345817004e-34	6.607793700000001	6.453025	0.6391042080117241	1.6828233	1.8048000000000002	0.7813788058867478
r0760	10000.0	1.0	10000.0	1.2810718345817004e-34	6.607793700000001	6.453025	0.6391042080117241	1.6828233	1.8048000000000002	0.7813788058867478
r0761	10000.0	1.0	10000.0	1.2810718345817004e-34	6.607793700000001	6.453025	0.6391042080117241	1.6828233	1.8048000000000002	0.7813788058867478
r0762	10000.0	1.0	10000.0	1.2810718345817004e-34	6.607793700000001	6.453025	0.6391042080117241	1.6828233	1.8048000000000002	0.7813788058867478
r0763	10000.0	1.0	10000.0	1.2810718345817004e-34	6.607793700000001	6.453025	0.6391042080117241	1.6828233	1.8048000000000002	0.7813788058867478
r0764	10000.0	1.0	10000.0	1.2810718345817004e-34	6.607793700000001	6.453025	0.6391042080117241	1.6828233	1.8048000000000002	0.7813788058867478
r0694	10000.0	1.0	10000.0	1.2810718345817004e-34	6.607793700000001	6.453025	0.6391042080117241	1.6828233	1.8048000000000002	0.7813788058867478
r0695	10000.0	1.0	10000.0	1.2810718345817004e-34	6.607793700000001	6.453025	0.6391042080117241	1.6828233	1.8048000000000002	0.7813788058867478
r0765	10000.0	1.0	10000.0	1.2810718345817004e-34	6.607793700000001	6.453025	0.6391042080117241	1.6828233	1.8048000000000002	0.7813788058867478
r0766	10000.0	1.0	10000.0	1.2810718345817004e-34	6.607793700000001	6.453025	0.6391042080117241	1.6828233	1.8048000000000002	0.7813788058867478
r0692	10000.0	1.0	10000.0	1.2810718345817004e-34	6.607793700000001	6.453025	0.6391042080117241	1.6828233	1.8048000000000002	0.7813788058867478
r0693	10000.0	1.0	10000.0	1.2810718345817004e-34	6.607793700000001	6.453025	0.6391042080117241	1.6828233	1.8048000000000002	0.7813788058867478
r0767	10000.0	1.0	10000.0	1.2810718345817004e-34	6.607793700000001	6.453025	0.6391042080117241	1.6828233	1.8048000000000002	0.7813788058867478
r0768	10000.0	1.0	10000.0	1.2810718345817004e-34	6.607793700000001	6.453025	0.6391042080117241	1.6828233	1.8048000000000002	0.7813788058867478
r0769	10000.0	1.0	10000.0	1.2810718345817004e-34	6.607793700000001	6.453025	0.6391042080117241	1.6828233	1.8048000000000002	0.7813788058867478
r0770	10000.0	1.0	10000.0	1.2810718345817004e-34	6.607793700000001	6.453025	0.6391042080117241	1.6828233	1.8048000000000002	0.7813788058867478
r0712	10000.0	1.0	10000.0	1.2810718345817004e-34	6.607793700000001	6.453025	0.6391042080117241	1.6828233	1.8048000000000002	0.7813788058867478
r0713	10000.0	1.0	10000.0	1.2810718345817004e-34	6.607793700000001	6.453025	0.6391042080117241	1.6828233	1.8048000000000002	0.7813788058867478
r0701	10000.0	1.0	10000.0	1.2810718345817004e-34	6.607793700000001	6.453025	0.6391042080117241	1.6828233	1.8048000000000002	0.7813788058867478
r0702	10000.0	1.0	10000.0	1.2810718345817004e-34	6.607793700000001	6.453025	0.6391042080117241	1.6828233	1.8048000000000002	0.7813788058867478
r0771	10000.0	1.0	10000.0	1.2810718345817004e-34	6.607793700000001	6.453025	0.6391042080117241	1.6828233	1.8048000000000002	0.7813788058867478
r0772	10000.0	1.0	10000.0	1.2810718345817004e-34	6.607793700000001	6.453025	0.6391042080117241	1.6828233	1.8048000000000002	0.7813788058867478
r0696	10000.0	1.0	10000.0	1.2810718345817004e-34	6.607793700000001	6.453025	0.6391042080117241	1.6828233	1.8048000000000002	0.7813788058867478
r0697	10000.0	1.0	10000.0	1.2810718345817004e-34	6.607793700000001	6.453025	0.6391042080117241	1.6828233	1.8048000000000002	0.7813788058867478
r0773	10000.0	1.0	10000.0	1.2810718345817004e-34	6.607793700000001	6.453025	0.6391042080117241	1.6828233	1.8048000000000002	0.7813788058867478
FA160ACPH	10000.0	1.0	10000.0	1.2810718345817004e-34	6.607793700000001	6.453025	0.6391042080117241	1.6828233	1.8048000000000002	0.7813788058867478
TMLYStd_r	0.0	2.8200076051853168e-39	0.0	1.0	0.0	0.0	0.0	1.0273059	1.1730450000000001	0.3635578103255062
TMLYSOX	0.0	2.8200076051853168e-39	0.0	1.0	0.0	0.0	0.0	1.0273059	1.1730450000000001	0.3635578103255062
GHMT3	0.0	2.8200076051853168e-39	0.0	1.0	0.0	0.0	0.0	1.0273059	1.1730450000000001	0.3635578103255062
TMABADH	0.0	2.8200076051853168e-39	0.0	1.0	0.0	0.0	0.0	1.0273059	1.1730450000000001	0.3635578103255062
BBHOX	0.0	2.8200076051853168e-39	0.0	1.0	0.0	0.0	0.0	1.0273059	1.1730450000000001	0.3635578103255062
SUCFUMtm_r	0.0	2.8200076051853168e-39	0.0	1.0	0.0	0.0	0.0	2.0546112	2.346095	0.7271141792741878
palmitateActivation	10000.0	1.0	10000.0	2.80821521051125e-39	0.0211136	0.021905	0.016779613684287827	0.0	0.0	0.0
carnitineAcylTransferaseI	10000.0	1.0	10000.0	2.80821521051125e-39	0.0211136	0.021905	0.016779613684287827	0.0	0.0	0.0
CARN160t_m	10000.0	1.0	10000.0	2.80821521051125e-39	0.0211136	0.021905	0.016779613684287827	0.0	0.0	0.0
carnitineAcylTransferaseII	10000.0	1.0	10000.0	2.80821521051125e-39	0.0211136	0.021905	0.016779613684287827	0.0	0.0	0.0
betaOxidation	10000.0	1.0	10000.0	2.80821521051125e-39	0.0211136	0.021905	0.016779613684287827	0.0	0.0	0.0
Biomass	9319.0	1.0	9319.0	2.4904327473103233e-26	0.1380619	0.154555	0.04903743617746126	0.0103501	0.011885	0.005172097145142178
GLCt1_r	10000.0	1.0	10000.0	1.2809996731450625e-34	2.4785441	2.381415	0.3172309394743645	0.1070815	0.10786	0.00996065739331851
O2t_r	6252.0	0.9988945876448594	6252.0	0.0011144652843138282	77.409233	74.82208499999999	10.75098190524738	72.7491746	72.132565	5.161918307460493
GLNt_r	10000.0	1.0	10000.0	1.2809275156652627e-34	1.0760665	1.033475	0.13946176878368038	0.2266428	0.227485	0.008555054986274594
r0963_r	0.0	1.0499270605741668e-34	0.0	1.0	0.000141	0.00015	4.5604802157206875e-05	0.0013705999999999998	0.001255	0.0003968049669777104
THBPTt_r	9036.0	1.0	9036.0	3.0760716386906394e-23	0.014254	0.01482	0.005681341248669929	0.001428	0.00155	0.0007533708759752243
ARGt5r_r	10000.0	1.0	10000.0	1.280566787612476e-34	0.2870898	0.28865	0.018972381999830035	0.08377349999999999	0.08471999999999999	0.0062999782547323935
PHEtec_r	9306.0	1.0	9306.0	3.4891836290403627e-26	0.0500763	0.05532	0.0179696131645294	0.0041137	0.004665	0.0020616467160544704
ILEtec_r	9319.0	1.0	9319.0	2.4833090504205075e-26	0.03949630000000001	0.044215000000000004	0.014028763860891183	0.002961200000000001	0.0034	0.0014795612781353718
LEUtec_r	9324.0	1.0	9324.0	2.1842595707647803e-26	0.0832615	0.09323000000000001	0.02963906064484991	0.0057389999999999984	0.00655	0.002869319596959347
VALtec_r	9133.5	1.0	9133.5	2.8037119680195364e-24	0.1153275	0.114745	0.05068490252720152	0.0501817	0.05678	0.021518660685248714
METtec_r	10000.0	1.0	10000.0	1.2789807586467447e-34	0.0367268	0.03690499999999999	0.0046979838529765386	0.005311100000000001	0.005765	0.001660874112683384
r2526_r	10000.0	1.0	10000.0	1.2809275156652627e-34	0.19891709999999999	0.18655500000000003	0.04715839452667291	0.07262080000000001	0.07306499999999999	0.006367745693110019
GLYt4_r	10000.0	1.0	10000.0	1.2807832125755886e-34	0.16244530000000001	0.16377	0.041969159611492696	0.037264500000000006	0.041025	0.013398546383918675
r2532_r	0.0	2.8117271908904383e-39	0.0	1.0	0.0	0.0	0.0	0.0111478	0.01097	0.0007546911603263599
PROPAT4te_r	0.0	2.8133813716091013e-39	0.0	1.0	0.0	0.0	0.0	0.0033672000000000003	0.003905	0.001791774742335857
HDCAt	0.0	8.433824792562059e-41	0.0	1.0	0.0	0.0	0.0	7.589999999999999e-05	8e-05	5.143398239932964e-06
CRNt	0.0	2.8200076051853168e-39	0.0	1.0	0.0	0.0	0.0	1.0273059	1.1730450000000001	0.3635578103255062
GTHRDt2_r	5552.0	0.9114875755067244	5552.0	0.08890496460767622	2.3888736	2.60383	0.8482158687379223	2.4550399	2.134145	1.662196599237332
DmLact	10000.0	1.0	10000.0	1.280711066965257e-34	4.1207666	3.9612100000000003	0.5284799613857681	0.07817759999999999	0.07859	0.002868546290053869
UREAt	10000.0	1.0	10000.0	1.2804946538696245e-34	0.1719982	0.17602	0.029140309454621635	0.0311287	0.023195	0.025024105092223914
DmBiomass	9319.0	1.0	9319.0	2.4904327473103233e-26	0.1380619	0.154555	0.04903743617746126	0.0103501	0.011885	0.005172097145142178
NH4t	96.0	2.2302617669697543e-33	96.0	1.0	32.30157859999999	31.863084999999998	7.975982539130789	127.0081249	135.83116	43.741030480942584
PTRCtex2_f	10000.0	1.0	10000.0	1.2806389253109373e-34	0.21581379999999994	0.21776	0.012738331858821016	0.019734099999999997	0.022555	0.010918467082161416
PTRCtex2_b	0.0	2.7092076581649518e-39	0.0	1.0	0.0	0.0	0.0	0.00020599999999999997	0.00022	8.327877001585419e-05
GUDACtr2	3655.0	0.0005096562202468677	3655.0	0.9994947460299562	0.021627200000000003	0.013725000000000001	0.021461188557557343	0.0235473	0.026525	0.011290517685476634
CE2705t	9036.0	1.0	9036.0	3.0760716386906394e-23	0.014254	0.01482	0.005681341248669929	0.001428	0.00155	0.0007533708759752243
Dm2oxobutyrate	10000.0	1.0	10000.0	1.2810718345817004e-34	0.3352872	0.337325	0.07152804237937917	0.051971600000000014	0.04889	0.00796181045346909
H2Ot_f	0.0	1.2810718345817004e-34	0.0	1.0	11.1573434	4.99833	10.48914114708257	314.8227701	312.65418	28.333670044804776
PHLACHt_f	8963.0	1.0	8963.0	1.7993144803349475e-22	359.43227809999996	369.97992	118.92940229927625	176.95804800000002	191.951085	81.44713630102599
CO2t	1973.0	7.074859833492822e-14	1973.0	0.9999999999999305	121.04040049999998	116.38554500000001	15.653128009339037	156.64425690000004	165.04442	34.352462057798185
DmH2O2	9942.0	1.0	9942.0	7.24481667805729e-34	1.1956619	1.0085600000000001	0.8102858140744491	0.19241410000000006	0.131465	0.15032347970189774
DmGSSG	5528.0	0.9017055418711319	5528.0	0.09871857617625429	1.1979403	1.30469	0.4251514759802581	1.2367987999999999	1.083915	0.8254441346076313
GLUt4	250.0	2.0171289525263352e-36	250.0	1.0	0.0	0.0	0.0	0.00068	0.0006	0.00033953325062919577
ALAPAT4te	0.0	2.814208818386482e-39	0.0	1.0	0.0	0.0	0.0	0.012026299999999997	0.01184	0.0007658634197934889
DmAla	2015.0	1.523573981296866e-13	2015.0	0.9999999999998503	0.2585915	0.26925	0.16499327112312515	1.0162648	1.14071	0.7124296436210811
ASPte_r	4334.0	0.05196681840264255	4334.0	0.9482925255954502	22.0891611	23.47719	8.362357414214756	23.137225300000004	25.013925	10.553959221567803
DmAsp	4400.0	0.07148615791301892	4400.0	0.9288466535424541	22.5558434	23.879365	8.49951532278203	23.349058199999998	25.398685	10.600495240397004
DmPalm	10000.0	1.0	10000.0	1.2810718345817004e-34	6.549259900000002	6.411665	0.655527978317139	1.6800939000000001	1.802055	0.7801022935239993
ATPM	6137.0	0.9972766680824121	6137.0	0.0027438886274545188	7.7368475	3.5297549999999998	8.621660254081625	4.929765800000001	1.001945	5.938783319917103
GACMTRc	8107.5	0.9999999999999845	8107.5	1.5795050628867624e-14	0.043864299999999995	0.043375	0.015958159830056103	0.025379199999999998	0.027855	0.010634944846062337
CKc_cho	8107.5	0.9999999999999845	8107.5	1.5795050628867624e-14	0.043864299999999995	0.043375	0.015958159830056103	0.025379199999999998	0.027855	0.010634944846062337
CRTNsyn_cho	8107.5	0.9999999999999845	8107.5	1.5795050628867624e-14	0.043864299999999995	0.043375	0.015958159830056103	0.025379199999999998	0.027855	0.010634944846062337
CRTNtr	8107.5	0.9999999999999845	8107.5	1.5795050628867624e-14	0.043864299999999995	0.043375	0.015958159830056103	0.025379199999999998	0.027855	0.010634944846062337
NDPK1	0.0	1.2809275156652627e-34	0.0	1.0	0.2576498	0.24381	0.1668836709394368	58.58202689999999	54.073095	18.84065462074445
NDPK5	9328.5	1.0	9328.5	1.6674816402702523e-26	0.0013671	0.00153	0.00048441216067945833	0.0001021	0.00012	5.187971713979414e-05
NDPK8	9322.0	1.0	9322.0	2.1177075723112724e-26	0.0018200000000000002	0.00204	0.0006463995074505575	0.00013639999999999998	0.00016	6.934790056758253e-05
NDPK7	9313.5	1.0	9313.5	2.4499411300119478e-26	0.0013039999999999998	0.00146	0.00046351533377706573	9.730000000000002e-05	0.00011	4.941792501847193e-05
DTMPK	9322.0	1.0	9322.0	2.102707321591805e-26	0.0018073	0.00202	0.0006418452801387291	0.0001355	0.00016	6.887809462515583e-05
NDPK4	9322.0	1.0	9322.0	2.102707321591805e-26	0.0018073	0.00202	0.0006418452801387291	0.0001355	0.00016	6.887809462515583e-05
HIStiDF_r	7831.5	0.9999999999977368	7831.5	2.302567529315049e-12	0.1292775	0.13214	0.03853155824198595	0.09931690000000001	0.090335	0.0270869957130276
PTRCOX1	2825.0	5.386985762590659e-08	2825.0	0.9999999468480854	0.0190671	0.01641	0.012880532667870566	0.0349393	0.025849999999999998	0.0253438621364207
ABUTD	2825.0	5.386985762590659e-08	2825.0	0.9999999468480854	0.0190671	0.01641	0.012880532667870566	0.0349393	0.025849999999999998	0.0253438621364207
r0465_1	4280.0	0.03937219744544589	4280.0	0.9608352214803355	4.386531100000001	3.611345	3.67435185641649	4.9057125	3.90611	2.961742671338109
ABUTH	3381.0	3.8327407378643305e-05	3381.0	0.9999620623796223	2.8735024	2.27929	2.9290037653200156	4.2625522	3.439305	3.1022146745877266
GLUDC	9646.0	1.0	9646.0	3.675913420945404e-30	3.9980997	3.69545	1.126734714793199	0.8760740999999999	0.5892550000000001	1.0195894451725471
HISDr	0.0	1.2810718345817004e-34	0.0	1.0	4.4364303	4.3356650000000005	0.4492116675797815	10.845517200000002	10.7613	1.3248932022185826
URCN	0.0	1.2810718345817004e-34	0.0	1.0	4.4364303	4.3356650000000005	0.4492116675797815	10.845517200000002	10.7613	1.3248932022185826
IZPN	0.0	1.2810718345817004e-34	0.0	1.0	4.4364303	4.3356650000000005	0.4492116675797815	10.845517200000002	10.7613	1.3248932022185826
GluForTx	0.0	1.2810718345817004e-34	0.0	1.0	4.4364303	4.3356650000000005	0.4492116675797815	10.845517200000002	10.7613	1.3248932022185826
FTCD	0.0	1.2810718345817004e-34	0.0	1.0	4.4364303	4.3356650000000005	0.4492116675797815	10.845517200000002	10.7613	1.3248932022185826
CARPEPT1tc_r	450.0	5.231848701303832e-29	450.0	1.0	5.8376325	5.043225	2.0328863289150347	11.390668900000001	11.148454999999998	1.4850517661323182
NBAHH_ir	2086.0	5.443003641329304e-13	2086.0	0.9999999999994653	11.3981451	11.94689	3.9278416949756108	15.638036399999999	14.21349	3.7164379980019806
r0283	5983.0	0.991871028551279	5983.0	0.008183447387822345	5.560512400000001	4.814955	3.9770660141497887	4.247367	3.42694	3.5139278578388544
ASP1DC	2179.0	2.752675884589019e-12	2179.0	0.9999999999972943	0.047367499999999986	0.03016	0.06330551617778149	0.1541059	0.056084999999999996	0.13028596683345167
CSNt_r	1328.0	1.47047618108087e-19	1328.0	1.0	10.660259899999998	10.006755	3.8197151290815303	47.489865	52.229965	23.444384665791446
bAlaSynthesis	1328.0	1.47047618108087e-19	1328.0	1.0	10.660259899999998	10.006755	3.8197151290815303	47.489865	52.229965	23.444384665791446
LYSt5r_r	9093.0	1.0	9093.0	7.652507168894314e-24	0.0822473	0.09206	0.02927251373410099	0.023030899999999997	0.025345	0.009346771829153775
LYStm	0.0	1.2734447017610335e-34	0.0	1.0	0.0004992	0.00036	0.00047527914179591626	0.0169025	0.018244999999999997	0.007124846037677311
SACCD3m	0.0	1.2734447017610335e-34	0.0	1.0	0.0004992	0.00036	0.00047527914179591626	0.0169025	0.018244999999999997	0.007124846037677311
r0525	0.0	1.2734447017610335e-34	0.0	1.0	0.0004992	0.00036	0.00047527914179591626	0.0169025	0.018244999999999997	0.007124846037677311
AASAD3m	0.0	1.2734447017610335e-34	0.0	1.0	0.0004992	0.00036	0.00047527914179591626	0.0169025	0.018244999999999997	0.007124846037677311
r0450	0.0	1.2734447017610335e-34	0.0	1.0	0.0004992	0.00036	0.00047527914179591626	0.0169025	0.018244999999999997	0.007124846037677311
2OXOADOXm	0.0	1.2734447017610335e-34	0.0	1.0	0.0004992	0.00036	0.00047527914179591626	0.0170959	0.018410000000000003	0.007188988928081668
GLUTCOADHm	0.0	1.2734447017610335e-34	0.0	1.0	0.0004992	0.00036	0.00047527914179591626	0.0170959	0.018410000000000003	0.007188988928081668
3HBCDm	0.0	1.2734447017610335e-34	0.0	1.0	0.0004992	0.00036	0.00047527914179591626	0.0170959	0.018410000000000003	0.007188988928081668
HACD1m	0.0	1.2734447017610335e-34	0.0	1.0	0.0004992	0.00036	0.00047527914179591626	0.0170959	0.018410000000000003	0.007188988928081668
HMGCOASm	0.0	2.5969194158407668e-39	0.0	1.0	0.0	0.0	0.0	0.00022139999999999996	0.00025	0.00013039969634964956
CYStec_r	0.0	2.8195930193767757e-39	0.0	1.0	0.0	0.0	0.0	0.0849844	0.084385	0.011663539781833997
CYSTA	10000.0	1.0	10000.0	1.2807832125755886e-34	0.2609942	0.26195999999999997	0.026769358451012373	0.08637030000000001	0.09251000000000001	0.03191092746737836
CYANt_r	10000.0	1.0	10000.0	1.2807832125755886e-34	0.2609942	0.26195999999999997	0.026769358451012373	0.08637030000000001	0.09251000000000001	0.03191092746737836
MCPST	10000.0	1.0	10000.0	1.2807832125755886e-34	0.2609942	0.26195999999999997	0.026769358451012373	0.08637030000000001	0.09251000000000001	0.03191092746737836
TCYNTt	9312.0	1.0	9312.0	2.989467749547508e-26	0.21719469999999996	0.23585	0.06224460371653339	0.07713239999999999	0.084185	0.030148805129680923
CYSO	4884.5	0.38935902028107466	4884.5	0.611577697342271	0.08824969999999997	0.08763499999999999	0.009760413910642862	0.1140844	0.089155	0.07556160719210878
3SALATAi	8600.0	1.0	8600.0	7.152730912252248e-19	0.08415469999999999	0.08398	0.010466669219744913	0.044104199999999996	0.032375	0.04722147957971001
3SALAASPm	0.0	1.280278276372825e-34	0.0	1.0	0.0040953	0.00383	0.0028578774545901272	0.06998019999999999	0.05419	0.03140374046369494
3SALATAim	0.0	1.280278276372825e-34	0.0	1.0	0.0040953	0.00383	0.0028578774545901272	0.06998019999999999	0.05419	0.03140374046369494
3SPYRSP	8600.0	1.0	8600.0	7.152730912252248e-19	0.08415469999999999	0.08398	0.010466669219744913	0.044104199999999996	0.032375	0.04722147957971001
3SPYRSPm	0.0	1.280278276372825e-34	0.0	1.0	0.0040953	0.00383	0.0028578774545901272	0.06998019999999999	0.05419	0.03140374046369494
HMR_3951	8600.0	1.0	8600.0	7.152730912252248e-19	0.08415469999999999	0.08398	0.010466669219744913	0.044104199999999996	0.032375	0.04722147957971001
ExSulfitem	0.0	1.280278276372825e-34	0.0	1.0	0.0040953	0.00383	0.0028578774545901272	0.06998019999999999	0.05419	0.03140374046369494
PHETHPTOX2	9036.0	1.0	9036.0	3.0760716386906394e-23	0.014254	0.01482	0.005681341248669929	0.001428	0.00155	0.0007533708759752243
TYRt_r	9196.0	1.0	9196.0	5.814736678189451e-25	0.007838	0.007915	0.0037900139921385597	0.0010718	0.00122	0.0006376271986391769
TYRTA	1628.0	7.005548127588373e-17	1628.0	0.9999999999999999	4.660000000000001e-05	5e-05	1.9291490770845474e-05	0.000847	0.0009350000000000001	0.000467271253387606
34HPPOR	1628.0	7.005548127588373e-17	1628.0	0.9999999999999999	4.660000000000001e-05	5e-05	1.9291490770845474e-05	0.000847	0.0009350000000000001	0.000467271253387606
HGNTOR	1628.0	7.005548127588373e-17	1628.0	0.9999999999999999	4.660000000000001e-05	5e-05	1.9291490770845474e-05	0.000847	0.0009350000000000001	0.000467271253387606
MACACI	1628.0	7.005548127588373e-17	1628.0	0.9999999999999999	4.660000000000001e-05	5e-05	1.9291490770845474e-05	0.000847	0.0009350000000000001	0.000467271253387606
FUMAC	1628.0	7.005548127588373e-17	1628.0	0.9999999999999999	4.660000000000001e-05	5e-05	1.9291490770845474e-05	0.000847	0.0009350000000000001	0.000467271253387606
AACOAT	1628.0	7.005548127588373e-17	1628.0	0.9999999999999999	4.660000000000001e-05	5e-05	1.9291490770845474e-05	0.000847	0.0009350000000000001	0.000467271253387606
r2534_r	10000.0	1.0	10000.0	1.280711066965257e-34	0.3707996999999999	0.37865	0.053313699955446665	0.05179359999999999	0.04937	0.007043934351732358
THRD_L	10000.0	1.0	10000.0	1.2808553621421803e-34	0.32762930000000007	0.331535	0.06471622929256991	0.048557199999999995	0.044935	0.008436544253987823
OBDHc	9303.5	1.0	9303.5	3.597836734210368e-26	0.0079423	0.009065	0.003256322786658148	0.00031400000000000004	0.000335	0.0001961601077660488
PPCOAtm	9303.5	1.0	9303.5	3.597836734210368e-26	0.0079423	0.009065	0.003256322786658148	0.00031400000000000004	0.000335	0.0001961601077660488
r1616_r	10000.0	1.0	10000.0	1.2727991547873732e-34	0.0332307	0.033409999999999995	0.0013699511566903294	0.0010502000000000003	0.00091	0.0004769261425572575
TRPO2	10000.0	1.0	10000.0	1.2743059268705967e-34	0.03139399999999999	0.031485	0.0014039827907662103	0.0009124999999999998	0.000745	0.0005269722454501257
FKYNH	10000.0	1.0	10000.0	1.2743059268705967e-34	0.03139399999999999	0.031485	0.0014039827907662103	0.0009124999999999998	0.000745	0.0005269722454501257
KYN	10000.0	1.0	10000.0	1.2739470141926958e-34	0.03139399999999999	0.031485	0.0014039827907662103	0.0007180999999999999	0.000505	0.0006080548470078147
ANTHte	10000.0	1.0	10000.0	1.2739470141926958e-34	0.03139399999999999	0.031485	0.0014039827907662103	0.0007180999999999999	0.000505	0.0006080548470078147
KYN3OX	350.0	2.5472799298540205e-35	350.0	1.0	0.0	0.0	0.0	0.00019399999999999995	0.00018	0.00012608318562349897
HKYNH	350.0	2.5472799298540205e-35	350.0	1.0	0.0	0.0	0.0	0.00019399999999999995	0.00018	0.00012608318562349897
3HAO	350.0	2.5472799298540205e-35	350.0	1.0	0.0	0.0	0.0	0.00019399999999999995	0.00018	0.00012608318562349897
PCLAD	350.0	2.5472799298540205e-35	350.0	1.0	0.0	0.0	0.0	0.00019399999999999995	0.00018	0.00012608318562349897
AM6SAD	350.0	2.5472799298540205e-35	350.0	1.0	0.0	0.0	0.0	0.00019399999999999995	0.00018	0.00012608318562349897
AMCOXO	350.0	2.5472799298540205e-35	350.0	1.0	0.0	0.0	0.0	0.00019399999999999995	0.00018	0.00012608318562349897
2OXOADPTm	350.0	2.5472799298540205e-35	350.0	1.0	0.0	0.0	0.0	0.00019399999999999995	0.00018	0.00012608318562349897
ExCystineGlu	10000.0	1.0	10000.0	1.2801340444825107e-34	0.06819489999999999	0.06559000000000001	0.008858647945608993	0.010143800000000001	0.01001	0.0019758485097125574
ExCystineSer	10000.0	1.0	10000.0	1.2809275156652627e-34	0.1244813	0.1253	0.012082372472141204	0.0631969	0.06315	0.010426673709115656
CystinePyruvate	6712.0	0.9999857125244701	6712.0	1.4441939327678465e-05	0.0191366	0.026615	0.014289201348987954	0.0079487	0.00993	0.004683659463464116
CystineReductaseNADPH	9613.5	1.0	9613.5	9.082096799603216e-30	0.040868299999999996	0.035570000000000004	0.03066348659582144	0.0056971	0.00601	0.003680533913563206
CystineReductaseNADH	9089.5	1.0	9089.5	8.337987230177963e-24	0.021075800000000006	0.018545	0.013017294648259138	0.009402299999999999	0.009705	0.004231505416622918
CystineGSH	8971.0	1.0	8971.0	1.4857409097140994e-22	0.11159530000000001	0.115145	0.036064830442670684	0.050291700000000016	0.049515	0.022536071559241026
Ex3HB	10000.0	1.0	10000.0	1.2810718345817004e-34	50.093222499999996	48.779875000000004	6.074268696396877	18.6525465	20.642879999999998	7.018435758838301
Transport3HB_forward	10000.0	1.0	10000.0	1.2810718345817004e-34	50.093222499999996	48.779875000000004	6.074268696396877	18.6525465	20.642879999999998	7.018435758838301
bBDH	10000.0	1.0	10000.0	1.2810718345817004e-34	50.093222499999996	48.779875000000004	6.074268696396877	18.6525465	20.642879999999998	7.018435758838301
OCOAT1m	10000.0	1.0	10000.0	1.2810718345817004e-34	50.093222499999996	48.779875000000004	6.074268696396877	18.6525465	20.642879999999998	7.018435758838301
ACACT1m	10000.0	1.0	10000.0	1.2810718345817004e-34	50.093722	48.7805	6.074120280456465	18.669421399999997	20.664045	7.0222501252087275
G3PD1ir	266.0	3.0714788091281643e-31	266.0	1.0	0.9267089	0.762955	0.6229300660294254	29.093812799999995	36.964225	18.264051238519144
GLYC3Ptm	266.0	3.0714788091281643e-31	266.0	1.0	0.9267089	0.762955	0.6229300660294254	29.093812799999995	36.964225	18.264051238519144
G3PDm	266.0	3.0714788091281643e-31	266.0	1.0	0.9267089	0.762955	0.6229300660294254	29.093812799999995	36.964225	18.264051238519144
DHAPtm	266.0	3.0714788091281643e-31	266.0	1.0	0.9267089	0.762955	0.6229300660294254	29.093812799999995	36.964225	18.264051238519144
CMPuptake_r	9283.5	1.0	9283.5	6.122285159289705e-26	0.004322200000000001	0.00473	0.001741890636606957	0.0003151	0.00032	0.00018492419959529254
UMPuptake_r	9248.0	1.0	9248.0	1.531381919752551e-25	0.005924700000000001	0.0059900000000000005	0.0026904280215969243	0.0005423	0.00059	0.0002797143384081537
Transport_ala_B_c_e	595.0	2.604073080454386e-27	595.0	1.0	16.545261	15.56374	5.148491345994554	59.034639699999985	65.45921	22.69410410510684
EX_ala_B	595.0	2.604073080454386e-27	595.0	1.0	16.545261	15.56374	5.148491345994554	59.034639699999985	65.45921	22.69410410510684
Transport_octanoyl_ACP_c_e	nan	nan	nan	nan	0.0	0.0	0.0	0.0	0.0	0.0
EX_octanoyl_ACP	nan	nan	nan	nan	0.0	0.0	0.0	0.0	0.0	0.0
TMDK1	800.0	1.0670206430107348e-30	800.0	1.0	0.0	0.0	0.0	5.370000000000002e-05	6e-05	3.017306980428312e-05
THYMDt1_r	800.0	1.0670206430107348e-30	800.0	1.0	0.0	0.0	0.0	5.370000000000002e-05	6e-05	3.017306980428312e-05
EX_thymd	800.0	1.0670206430107348e-30	800.0	1.0	0.0	0.0	0.0	5.370000000000002e-05	6e-05	3.017306980428312e-05
Transport_HC00576_c_e	7280.0	0.9999999874193007	7280.0	1.2758399440827265e-08	1.5130282000000002	1.088075	1.6981885185235506	0.6431601	0.40428	0.8976971909746785
EX_HC00576	7280.0	0.9999999874193007	7280.0	1.2758399440827265e-08	1.5130282000000002	1.088075	1.6981885185235506	0.6431601	0.40428	0.8976971909746785
Transport_4abut_c_e	9559.0	1.0	9559.0	4.0882891388875606e-29	2.5041386	2.7027799999999997	0.9092175709994731	0.2678529	0.167865	0.276235367034339
EX_4abut	9559.0	1.0	9559.0	4.0882891388875606e-29	2.5041386	2.7027799999999997	0.9092175709994731	0.2678529	0.167865	0.276235367034339
EX_h_e_b	684.0	2.6945118668696316e-26	684.0	1.0	422.8694973	421.405275	27.74633602664617	504.83890180000003	505.57979	48.18919088495231
EX_h2o_e_b	13.0	1.8922815991632888e-34	13.0	1.0	367.20377039999994	351.33353999999997	49.501534419299745	602.4620573	597.765915	68.29617983854031
PGM_b	8995.0	1.0	8995.0	8.348131934177266e-23	4.2416257	4.762715	1.3545030216597391	1.7961246000000002	1.40154	1.1362451114338905
ENO_b	7004.0	0.9999995153554786	7004.0	4.907054088929428e-07	2.6169845000000005	2.95194	0.9480080408338349	1.8497308	1.442525	1.1305456410058523
TKT2_b	625.5	5.829494410008722e-27	625.5	1.0	0.0984073	0.10724500000000001	0.027351183375318572	0.1404417	0.134045	0.030436959791070337
RPE_b	9200.0	1.0	9200.0	5.279521873553223e-25	0.407678	0.4435	0.1129425077129282	0.1696531	0.16764	0.033304128226987056
TKT1_b	2318.5	2.8627207334035667e-11	2318.5	0.9999999999718375	0.10426120000000003	0.115815	0.030022915466205294	0.13629280000000002	0.13142500000000001	0.033182072380041956
TALA_b	9990.0	1.0	9990.0	1.7294376033128784e-34	3.2164882000000006	3.546215	0.8988371406146067	0.21873519999999996	0.21050000000000002	0.052664217673786054
ACONTm_b	0.0	1.2810718345817004e-34	0.0	1.0	22.560835000000008	24.599575	7.781921704185915	115.27866880000002	105.197475	29.0938149884566
ICDHym_b	0.0	1.2810718345817004e-34	0.0	1.0	101.24555790000001	110.5633	34.21350089364828	232.7418661	220.64126	52.310241935589225
SUCOAS1m_b	9200.0	1.0	9200.0	5.2797322791209335e-25	133.49270850000002	144.467195	36.44811214436699	65.72873340000001	61.687349999999995	16.97466142981351
FUMm_b	7071.0	0.999999791992894	7071.0	2.1068989421767347e-07	199.0839454	206.573255	27.478351451431593	197.07434080000002	182.59572	51.61811454634644
MDHm_b	9200.0	1.0	9200.0	5.2797322791209335e-25	725.4591688999999	768.4802649999999	195.18013732366254	266.2219998	270.29485	50.28842390318434
FUM_b	7859.0	0.9999999999985946	7859.0	1.4301032148064925e-12	59.54620499999999	63.115065	16.933545152179445	46.00047090000001	35.96913	25.606415117920285
MDH_b	9075.0	1.0	9075.0	1.1920463193858347e-23	297.18255689999995	309.64695	64.9402065683837	126.97810960000001	102.540985	74.96431909373032
AKGMALtm_b	7902.0	0.9999999999993388	7902.0	6.730217471328353e-13	306.3176747	319.82226	87.51584732379939	199.89948780000003	146.22297500000002	120.00026844915902
PYRt2m_b	9200.0	1.0	9200.0	5.2797322791209335e-25	64.25889459999999	69.25895	21.964778094465057	16.285375900000002	16.485455	4.048276206670829
FUMtm_b	8881.0	1.0	8881.0	1.252420749694222e-21	148.98833050000002	147.056485	13.894023959648758	115.4635644	112.09629	21.779335355967447
CO2tm_b	8226.0	0.9999999999999984	8226.0	1.6218969629778897e-15	203.6413615	214.04296	72.07526507160395	91.76635399999999	59.59261	79.42825268081891
r0801_b	8605.0	1.0	8605.0	6.415803968296005e-19	130.038045	134.188905	44.60672931728637	43.681810000000006	28.166809999999998	42.97545821246091
H2Otm_b	8557.0	1.0	8557.0	1.8135924880100418e-18	308.20800180000003	308.34413	21.745012999861746	248.93990630000005	240.77154000000002	55.480013131301526
NH4tm_b	8112.0	0.9999999999999858	8112.0	1.451146969159831e-14	132.1230731	135.49875	43.4631483135011	76.2687615	65.279995	43.5442399232872
NDPK3_b	8406.5	1.0	8406.5	4.3105224809540063e-17	0.004873199999999999	0.00507	0.001740250695977015	0.0023052	0.00189	0.001311364067363338
GLUDym_b	8053.0	0.999999999999957	8053.0	4.3774915541400115e-14	117.02553839999999	121.749325	38.11197050077072	53.904415799999995	40.839330000000004	45.50662425341459
ASPTA_b	9467.0	1.0	9467.0	4.973456172501045e-28	170.25738830000003	176.54899999999998	54.50473193138653	37.150882499999994	27.6356	31.337033171719096
GHMT2r_b	8386.0	0.9999999999999999	8386.0	6.581373886121824e-17	67.3707781	70.5067	21.34433191044711	25.328964400000004	16.414879999999997	22.86923298865638
ALATA_L_b	9687.0	1.0	9687.0	1.1627889284982066e-30	0.0508802	0.050575	0.00877777035954168	0.0164029	0.01223	0.011225822891256508
MTHFC_b	0.0	1.2810718345817004e-34	0.0	1.0	4.8862428	4.879655	0.3747931279246667	9.877459400000001	9.729890000000001	1.4819980486054438
MTHFD2i_b	8525.0	1.0	8525.0	3.598493210060051e-18	148.6600545	150.912775	25.581217743981238	97.83176459999999	78.24325	55.38882241323082
H2Ot_b	52.0	6.061925623810817e-34	52.0	1.0	42.9081754	42.001765	6.950254663913355	147.11585719999997	140.29116	56.318452174955446
PHLACHt_b	6362.0	0.9995643915737985	6362.0	0.0004394456933750853	325.54876729999995	336.30545	121.66408082845547	264.43007090000003	281.17103499999996	110.7139959725673
