	statistic_less	pvalue_less	statistic_greater	pvalue_greater	mean_MCF102A	median_MCF102A	std_MCF102A	mean_MDAMB361	median_MDAMB361	std_MDAMB361
EX_lac__L_e	10000000000.0	1.0	10000000000.0	0.0	5.077587464042632	5.233432892450756	1.0604026888761195	0.07209575923586281	0.07437983204846725	0.008098204953892496
EX_glc__D_e_r	10000000000.0	1.0	10000000000.0	0.0	2.9973590657416067	3.0892947702284514	0.6266563763168664	0.10383481041162342	0.10537956379751601	0.0127127513802238
EX_gluIN__L_e	9553528037.0	1.0	9553528037.0	0.0	0.02174029213278754	0.021743496007902048	0.010912895811772724	0.0032538915146956434	0.0027135458849363	0.0024624592301708556
EX_gluOUT__L_e	9994521586.0	1.0	9994521586.0	0.0	0.041064255194891146	0.042269383840819796	0.008932005602592627	0.011094324889175845	0.0113295891684329	0.0014955914974148974
EX_gln__L_e_r	9999544631.0	1.0	9999544631.0	0.0	0.6615491777407625	0.681017461193252	0.13864077530205113	0.204907802677047	0.2108217153222842	0.02327092299453943
EX_asp__L_e	3068912163.0	0.0	3068912163.0	1.0	0.020534411663622614	0.01924341624505655	0.012505624460419678	0.02892017020065112	0.02924340622715975	0.011623172970058444
DM_asp__L_e	6439891085.0	1.0	6439891085.0	0.0	1.7626169759075276	1.4578016652278754	1.3779510449492762	1.0981655927829008	0.8698544457242725	0.918665406567957
EX_co2_e	8981193039.0	1.0	8981193039.0	0.0	138.81536357090275	138.09520964396626	15.913294238689026	102.90135075843015	99.8210702432201	22.027530096538463
EX_h_e_f	8248390793.0	1.0	8248390793.0	0.0	357.1625510226225	364.8984086567258	62.83464129335236	238.36597832666035	242.04810175169823	104.01058976434837
EX_h2o_e_f	5472881668.0	1.0	5472881668.0	4.9117483306771255e-294	111.83451111223005	117.00240337096213	41.89858385058386	103.00140702857671	108.52747095825141	48.88950285392438
EX_ump_e_r	9744912002.0	1.0	9744912002.0	0.0	1.1073844900733419e-05	1.1011104702633657e-05	5.851191150851705e-06	8.210039553465591e-07	8.101298391489493e-07	3.921564607639769e-07
EX_pi_e_r	10000000000.0	1.0	10000000000.0	0.0	0.00020485463956440025	0.00020856479378415001	1.9182211959320206e-05	1.3278105195864656e-05	1.325797537029824e-05	3.066334490504307e-06
EX_nh4_e	7465693653.0	1.0	7465693653.0	0.0	96.68583002966253	92.7948051183627	20.78921772837777	73.58917924885087	68.1917824105276	30.950221882497978
EX_o2_e_r	9995061146.0	1.0	9995061146.0	0.0	104.40581008619559	104.17584405582959	10.867758428054326	61.875478864748246	62.06688411166731	6.213538615479139
EX_arg__L_e_r	6498967141.0	1.0	6498967141.0	0.0	0.08735578169276889	0.0909803284540515	0.023655106981054073	0.07833998628790015	0.0813791716732121	0.012252343248036524
EX_pro__L_e	9921692337.0	1.0	9921692337.0	0.0	4.823303993868146e-05	4.779740707093213e-05	2.1187274488556185e-05	5.008947443464041e-06	4.998238730226058e-06	1.5084422003471e-06
EX_leu__L_e_r	10000000000.0	1.0	10000000000.0	0.0	0.00014507638452414853	0.00014768692298255	1.4326726682606602e-05	8.5149014595422e-06	8.53145508580381e-06	1.8976017663965695e-06
EX_ile__L_e_r	10000000000.0	1.0	10000000000.0	0.0	6.584107868859275e-05	6.726997303080446e-05	5.794091641493958e-06	4.296771131393848e-06	4.306264264937916e-06	9.873245327550616e-07
EX_met__L_e_r	4640281419.0	3.684284509663555e-171	4640281419.0	1.0	0.0028629960878320294	0.00303814331097865	0.0012677934875291398	0.003087438979709294	0.0031055286859901	0.0015994233697381585
EX_gly_e_r	8854717304.0	1.0	8854717304.0	0.0	0.11105134269205051	0.10778601908630944	0.06284360595231994	0.02944562003985624	0.02989670808077225	0.015060743240355442
EX_phe__L_e_r	10000000000.0	1.0	10000000000.0	0.0	9.792542256262685e-05	9.99934115223877e-05	8.518764304600263e-06	5.631719774218651e-06	5.499414804347e-06	1.684740163489976e-06
EX_ser__L_e_r	9422900964.0	1.0	9422900964.0	0.0	0.10687146905019719	0.10052019828139225	0.0672738213823731	0.011761932246424715	0.00911372953111615	0.009841029244585473
EX_ala__L_e_f	6864049426.0	1.0	6864049426.0	0.0	2.4400830307448613	1.9374626735615226	2.052887114481322	1.2157985847264294	0.9499806262490293	1.0188871958723438
EX_ribflv_e					0.0	0.0	0.0	0.0	0.0	0.0
EX_asn__L_e	9895660557.0	1.0	9895660557.0	0.0	0.030611531820874414	0.03118048930003665	0.00760061084170878	0.010403281208351354	0.01050288914015075	0.0011332483570073197
EX_fol_e_r	4846457.0	0.0	4846457.0	1.0	0.0001700499277404931	0.00017864802216085	5.30986883356929e-05	0.0014070422427399376	0.0014554728373228501	0.000434670691351625
EX_urea_e	0.0	0.0	0.0	1.0	0.0	0.0	0.0	0.030171720318673958	0.02735249815164245	0.019373615797704066
EX_pyr_e	9942844280.0	1.0	9942844280.0	0.0	0.29272884451690273	0.30732410440701596	0.1296603701191541	0.007836661413161326	0.008235635714998201	0.0028241810448565584
PYRt2	9942844280.0	1.0	9942844280.0	0.0	0.29272884451690273	0.30732410440701596	0.1296603701191541	0.00783666141316137	0.008235635714998201	0.0028241810448565445
EX_gudac_e	6528152343.0	1.0	6528152343.0	0.0	0.03724484461863764	0.0338699401753476	0.024423197144838576	0.02449594413362663	0.021328995488548448	0.01753332624288972
EX_hdca_e_f	9648483808.0	1.0	9648483808.0	0.0	1.8702825000189478	1.8314965769014944	0.8923060539556256	0.30310957611007133	0.23138999408126593	0.26550698616930973
EX_ptrcIN_e	5762399242.0	1.0	5762399242.0	0.0	0.00035088388259778947	0.00036328818179805	7.867857213095731e-05	0.0003292646192045611	0.00033418265737505	9.023131687057052e-05
EX_ptrcOUT_e	7024318491.0	1.0	7024318491.0	0.0	0.04105825444783272	0.0374245484434098	0.026551759252070223	0.023017414301243315	0.01960710601238875	0.01695749271628872
EX_biomassx	10000000000.0	1.0	10000000000.0	0.0	0.00023015079344997078	0.00023514556530315	2.0253537991365447e-05	1.501957903576583e-05	1.5052762760288952e-05	3.451242433025492e-06
EX_gthox_e	6089381974.0	1.0	6089381974.0	0.0	0.7586657282374822	0.675215420480634	0.507844097756854	0.570413124453663	0.47063624804571114	0.43694827719505386
EX_2obut_e	54268080.0	0.0	54268080.0	1.0	0.014024497104984508	0.01426508555665615	0.002751892334208204	0.04685257527182941	0.04825568994513505	0.011382118456447201
EX_crn_e	9998145472.0	1.0	9998145472.0	0.0	18.641659338168203	18.862143174066116	2.3105309865967865	0.9171584835022416	0.9509808367402499	0.19920352529039348
EX_val__L_e_r	23938909.0	0.0	23938909.0	1.0	0.020855688926408412	0.0216234394736173	0.0057147893520950515	0.07623007625253235	0.07817621820590046	0.01666017562207577
EX_spmd_e	712207233.0	0.0	712207233.0	1.0	0.0018231593138358303	0.0015737539703477499	0.001210026217933154	0.016214329531892734	0.014156094881107851	0.01205310070823063
EX_sprm_e	552830268.0	0.0	552830268.0	1.0	0.0013932563937163764	0.0013464249964913	0.0008322477954507098	0.014059550040894259	0.0127182333148402	0.009613895128767714
EX_5mthf_e	4846456.0	0.0	4846456.0	1.0	0.00017004993499793804	0.00017864803177785	5.3098689474154614e-05	0.001407042250632798	0.0014554728414409	0.00043467068987174443
EX_tmlys_e_r	9998145472.0	1.0	9998145472.0	0.0	18.641659338168434	18.862143174066766	2.3105309865968215	0.9171584835022398	0.9509808367402491	0.1992035252903925
EX_thbpt_e_r	10000000000.0	1.0	10000000000.0	0.0	3.82091167893344e-05	3.893399665979117e-05	3.345089669076332e-06	1.7346496801244532e-06	1.61402894371322e-06	1.035272312838076e-06
EX_CE2705_e	10000000000.0	1.0	10000000000.0	0.0	3.82091167893344e-05	3.893399665979117e-05	3.345089669076332e-06	1.7346496801244532e-06	1.61402894371322e-06	1.035272312838076e-06
EX_crtn_e	7759993349.0	1.0	7759993349.0	0.0	0.05002825310111918	0.048666819221997004	0.028377132316516507	0.023666925902174517	0.02037772115477165	0.016289907716896923
EX_his__L_e_r	3897578083.0	0.0	3897578083.0	1.0	0.08817804884358431	0.09186817122361629	0.04164154807530404	0.1056756002617055	0.1089784027993939	0.028237653185965616
EX_lys__L_e_r	1395766471.0	0.0	1395766471.0	1.0	0.009593297724865632	0.0092891073434366	0.0058517342463126855	0.023710892987396873	0.02400611520607815	0.01096590270206711
EX_carn_e_r	9999880635.0	1.0	9999880635.0	0.0	23.856621189211243	23.684152033486132	2.5246338692415717	12.505755332709567	12.495143299467946	1.181835765923415
EX_csn_e_r	3477578279.0	0.0	3477578279.0	1.0	13.127895801974782	10.98579451291155	9.791153092053374	21.070382822167165	18.421910508638433	15.165677286704872
EX_cys__L_e	482835.0	0.0	482835.0	1.0	0.03994431829172795	0.040999547140958145	0.007976626478628705	0.08223119359227689	0.08301852971816386	0.008957593586761119
EX_cyan_e_r	6538281362.0	1.0	6538281362.0	0.0	0.09735075047582413	0.09613359879892396	0.041863319801172666	0.0750749331301533	0.0711287791733899	0.03717974015401396
EX_tcyntc	6181376727.0	1.0	6181376727.0	0.0	0.04385786071933355	0.037043456922173	0.033105500524314296	0.03060608403559056	0.02464773859232585	0.025032259642748373
EX_tcynt_e	5605129140.0	1.0	5605129140.0	0.0	0.05349288975649118	0.045657520310386	0.04002523782359986	0.044468849094564486	0.03650335841674075	0.03421071098475735
EX_so3_e	1428578227.0	0.0	1428578227.0	1.0	0.03461912066419822	0.03649182609438055	0.011034938099897498	0.08399661110052224	0.0824320943439926	0.04236296650866944
EX_thr__L_e_r	32385617.0	0.0	32385617.0	1.0	0.011288273191558488	0.01168579286477265	0.002519454709531239	0.04377276380483121	0.044877146464943896	0.011105960122817338
EX_trp__L_e_r	9929570196.0	1.0	9929570196.0	0.0	0.029455539254472064	0.0322394615539957	0.01086170608803111	0.0011695477375806083	0.0010930512266619	0.0006348127376846073
EX_anth_e	9934819979.0	1.0	9934819979.0	0.0	0.02918660748699642	0.0319829020105627	0.010865345874039284	0.0008868486210350602	0.0008226153186857	0.000553094578475417
EX_tyr__L_e_r	200000.0	0.0	200000.0	1.0	0.0	0.0	0.0	1.7341373193929998e-06	1.7266075445207948e-06	9.460021447212123e-07
EX_cystinex_r	8516311648.0	1.0	8516311648.0	0.0	0.08402455131017122	0.08659439929032306	0.01204704879275343	0.06609412393249661	0.06747118776456096	0.012270496484105775
EX_3hydroxybutanoatex_r	4937261980.0	5.879555735003591e-07	4937261980.0	0.9999994120446565	8.365672839472571	7.612660093397264	4.649474174028341	7.783186901763274	8.108081415940752	2.0474918666105957
EX_gthrd_e_r	6062922012.0	1.0	6062922012.0	0.0	1.4726205923295381	1.3048048498365206	1.0118246868260283	1.1074223526446043	0.9071598448336264	0.8772493649497507
EX_cmp_e_r	9670477643.0	1.0	9670477643.0	0.0	4.721433995910053e-06	4.4133281222454065e-06	3.126290341136806e-06	2.882447774779075e-07	2.85825846365549e-07	1.72792430654679e-07
HEX1	5740087246.0	1.0	5740087246.0	0.0	16.94751610679723	13.630633047391802	12.142584300890505	14.231668009953504	11.401300559810462	11.253670205794984
G6PP	4847526997.0	1.7229735437761365e-32	4847526997.0	1.0	13.950157041018192	10.652016238949056	12.090413870633189	14.127833199546561	11.29863244799695	11.252936538961576
PGI	9992168310.0	1.0	9992168310.0	0.0	2.2418140365988863	2.3373493500937244	0.7612533829531175	0.05339382270872168	0.0528375807829164	0.028662489000523334
PFK	1066511235.0	0.0	1066511235.0	1.0	1.8243238109543778	1.8334430611501684	0.8175337717735366	13.994530267295001	10.204178116604254	13.157696949192434
FBP	161888944.0	0.0	161888944.0	1.0	0.26723606039627795	0.2294039183483568	0.19447116639197254	13.967522220883046	10.174059413515451	13.158138661989456
FBA	9959942414.0	1.0	9959942414.0	0.0	1.55708775058305	1.584036603750795	0.8130414822765789	0.027008046409221286	0.02312453768019295	0.019413335341162633
TPI	10000000000.0	1.0	10000000000.0	0.0	2.74237181657495	2.8445792162710397	0.6476240730997794	0.05746125909477952	0.0571202381346059	0.0175655415808849
GAPD	10000000000.0	1.0	10000000000.0	0.0	5.735022523118873	5.929035354325146	1.2674820060464072	0.11695623637878716	0.1170638172339704	0.03714994479227383
PGK	9905176026.0	1.0	9905176026.0	0.0	2.682404481209807	2.5171471393972986	1.66187850148994	0.06246153034453595	0.05823761819496915	0.03917435475295956
DPGM	9952809039.0	1.0	9952809039.0	0.0	3.052618041941911	2.967155152052916	1.5983474787424594	0.0544947060387856	0.04820846839214935	0.03819408056224579
DPGase	9952809039.0	1.0	9952809039.0	0.0	3.052618041941971	2.96715515205289	1.5983474787424603	0.05449470603878797	0.0482084683921517	0.03819408056224597
PGM_f	10000000000.0	1.0	10000000000.0	0.0	7.757246766036704	7.98349588706025	1.2968962071642727	0.4422956808880741	0.4410705866050772	0.10882369125821481
ENO_f	10000000000.0	1.0	10000000000.0	0.0	7.628367152867648	7.837775336854037	1.370985156379866	0.5201472606654347	0.5194611496013548	0.13095541685862372
PYK	0.0	0.0	0.0	1.0	4.825113534706942	5.004428100402289	1.3817417494322044	35.10045124659206	33.188959739180945	11.777204875400276
LDH_L	10000000000.0	1.0	10000000000.0	0.0	5.07758746403191	5.233432892396354	1.0604026888783993	0.07209575923510067	0.07437983204216705	0.00809820495402116
r0407	9914791790.0	1.0	9914791790.0	0.0	1.185284065991872	1.0906120166035094	0.7263054606675192	0.03045321268556499	0.029229655958413397	0.018032347007414167
PRPPS	21038460.0	0.0	21038460.0	1.0	0.004645023170294161	0.00474365585746285	0.0016340159163337115	0.04433569982485348	0.0432473824598615	0.018838699163092068
G6PDH2r	9725920883.0	1.0	9725920883.0	0.0	0.7554816931628812	0.7538677848637666	0.40010693757169175	0.050436854402708634	0.049627274111165	0.028775288376255637
PGL	9725920883.0	1.0	9725920883.0	0.0	0.7554816931847808	0.7538677848541879	0.40010693756176774	0.05043685440045158	0.04962727409828775	0.02877528837704865
GND	9725920883.0	1.0	9725920883.0	0.0	0.7554816931814614	0.7538677848680908	0.4001069375536674	0.05043685440045151	0.0496272740982876	0.028775288377048656
RPI	9317145493.0	1.0	9317145493.0	0.0	0.2549239131800933	0.2544061320021769	0.13338131241317366	0.046369418017905055	0.0456907094584293	0.01578091559575657
TKT2_f	9903603566.0	1.0	9903603566.0	0.0	0.5218664293610774	0.5291637500269699	0.1738134352412991	0.10578368497204246	0.10767419204139306	0.05323020589543543
RPE_f	9984014881.0	1.0	9984014881.0	0.0	0.8187676370561067	0.8256058008092193	0.2635130887321732	0.13236438407910386	0.13199225029638184	0.05604220450129647
TKT1_f	9882182277.0	1.0	9882182277.0	0.0	0.4623352087976774	0.4607950220840818	0.16347387809447758	0.09924455577509145	0.09736321466460471	0.04454486394397427
TALA_f	9818639414.0	1.0	9818639414.0	0.0	1.038870391429148	1.076171386857073	0.3716343535374818	0.11433241498503424	0.11006181375596345	0.05866612317495127
r0408	9914791790.0	1.0	9914791790.0	0.0	1.185284066013686	1.090612016609783	0.7263054606721955	0.030453212685564945	0.029229655958413252	0.018032347007414164
PDHm	9998094515.0	1.0	9998094515.0	0.0	28.003005140694217	27.977450499769848	4.151413657164646	7.7925121821363295	7.783521755918377	1.6829723299409103
PCm	5165017150.0	1.0	5165017150.0	1.0315482601560098e-37	95.44893567738453	89.58817556633802	44.18326635830231	88.24952480218694	89.46823715931134	16.15531253858738
PEPCK_re	0.0	0.0	0.0	1.0	0.0	0.0	0.0	36.307773572355124	34.34842714597674	11.909691332422126
CSm	9995902998.0	1.0	9995902998.0	0.0	50.35100945727541	49.529700192156724	9.503747491626156	23.406854048372324	23.802743206972416	3.982218191891771
ACONTm_f	1642954747.0	0.0	1642954747.0	1.0	8.843525773679676	7.157006606965428	7.1715637967395685	21.473556125622178	20.72655284875792	10.700293352690624
ICDHxm	4067539017.0	0.0	4067539017.0	1.0	25.7926001846693	24.17125173469477	16.23433434585451	38.13817426316227	30.287540804768206	31.610148852210195
ICDHym_f	17811981.0	0.0	17811981.0	1.0	5.921540541163542	5.437163831535283	4.085267601597843	127.6169829723806	129.02313495392448	44.33355637085545
AKGDm	860648.0	0.0	860648.0	1.0	6.835577011415062	6.049732054551152	4.710654139921656	29.166617716142653	29.17582410776936	3.8261089434994884
SUCOAS1m_f	902833.0	0.0	902833.0	1.0	9.630517105799722	9.833472060076986	3.16128715957805	28.99266073339354	29.126034624593217	3.9234865131835277
SUCD1m	9856979656.0	1.0	9856979656.0	0.0	44.13968981295213	43.8599802345916	4.9120066784204885	31.07716009617376	31.06313050100156	3.859948928115168
FUMm_f	9249526459.0	1.0	9249526459.0	0.0	188.50287983460692	196.005429783536	63.80271795787077	70.9267090991223	67.29829491079585	41.24789325815748
MDHm_f	805261259.0	0.0	805261259.0	1.0	170.94739270627207	172.05667200212014	86.80608756296597	376.4058987866983	383.2483637509398	110.97764730344392
ME1m	8742945729.0	1.0	8742945729.0	0.0	68.4957570837087	64.64938313400188	44.5504687427628	15.602019624193114	12.823587792870052	12.582130055662997
ME2m	1349753039.0	0.0	1349753039.0	1.0	7.845169496872318	6.382708836457662	5.923223628002498	26.43528278065667	26.076595983879145	14.918847540546649
ME2	7135642053.0	1.0	7135642053.0	0.0	29.65974352294173	29.05617790177913	16.705988629355573	17.78522900693974	14.778898816644888	14.12181398213336
ACITL	9935802916.0	1.0	9935802916.0	0.0	20.559177620018794	20.521692276657568	7.586298429260754	2.42415080306539	1.850418374834688	2.124032727455753
FUM_f	7137116729.0	1.0	7137116729.0	0.0	110.36977481653086	109.00637122082995	32.96487831713583	87.48230811333929	86.14135298401229	21.733792127155088
MDH_f	8593672996.0	1.0	8593672996.0	0.0	247.9720170388403	258.085428203521	136.36753542428127	70.98357102573397	61.86127037005615	47.36624169562498
AKGMALtm_f	131801763.0	0.0	131801763.0	1.0	54.6587511949402	52.39262269214229	25.723550157331896	275.6671148511277	272.45688700310575	101.94392442460936
ACONT	4131867344.0	0.0	4131867344.0	1.0	53.597807559080984	52.58219117320159	17.60693801829525	64.32282620842457	62.533691458207144	34.44342551701072
ICDHyr	4131867344.0	0.0	4131867344.0	1.0	53.59780755906475	52.58219117318316	17.606938018299658	64.32282620841801	62.53369145819669	34.44342551701002
PPA	4241325189.0	0.0	4241325189.0	1.0	22.443611084743534	21.41411837131115	8.559946476206195	24.322425708595247	24.25731167199204	7.616306037556631
Complex1ROS	6596704619.0	1.0	6596704619.0	0.0	74.14997676110109	73.89197169194986	15.241142608134057	64.47896082076203	65.73488589567198	16.023871011687387
FADH2ETC	6214120400.0	1.0	6214120400.0	0.0	59.869686477073564	58.06219418813494	11.932915312091263	55.29247400986495	51.16054314328167	20.296859977534325
CYOR_u10mi	7453163465.0	1.0	7453163465.0	0.0	130.31217378417284	128.9450409602773	16.17478194328152	116.5474873651817	116.77554460895364	12.401199643681085
CYOOm2i	7453163465.0	1.0	7453163465.0	0.0	65.15608689208644	64.47252048013863	8.08739097164071	58.27374368259086	58.387772304476975	6.200599821840534
ATPS4mi	8509414560.0	1.0	8509414560.0	0.0	225.78795226468876	223.67525745695235	39.42491294138215	181.30033920232273	184.6012680620318	15.496599383305746
GLUCYS	5920673649.0	1.0	5920673649.0	0.0	0.044710864146114124	0.0379030623268342	0.033230024753201706	0.03340389626194895	0.0278004316615126	0.02492917918029912
GTHS	5920673649.0	1.0	5920673649.0	0.0	0.044710864146109586	0.03790306232680215	0.03323002475320363	0.03340389626194895	0.0278004316615126	0.024929179180299122
SPODMm	6596704619.0	1.0	6596704619.0	0.0	1.8537494190275483	1.8472992922986822	0.3810285652033616	1.6119740205190454	1.6433721473917848	0.4005967752921875
GTHPi	7046612424.0	1.0	7046612424.0	0.0	0.04334931144280061	0.04104129063366265	0.025962682594233292	0.02537256109826261	0.0236259066472913	0.01568551736147506
GTHPm	6596704619.0	1.0	6596704619.0	0.0	1.8537494190275425	1.8472992922986715	0.3810285652033628	1.6119740205190425	1.6433721473917806	0.4005967752921882
GDR	6062608467.0	1.0	6062608467.0	0.0	0.03417416366030271	0.028941512663544597	0.02480425387849966	0.025046370994651308	0.020756956178175148	0.019383190278035166
GTHOr	6862726558.0	1.0	6862726558.0	0.0	0.04201696524979549	0.038512379497035745	0.0274643601187084	0.024955508863754805	0.0222877228476709	0.017107865781684092
GDRm	5497414133.0	1.0	5497414133.0	0.0	0.606543446866363	0.47132842005035347	0.5088246491336456	0.4841711509748851	0.40018633863404784	0.36361654277415567
GTHOm	4436738437.0	0.0	4436738437.0	1.0	0.48854024392370826	0.37357127105100835	0.4072515862627517	0.5573897450905836	0.48716943076695063	0.40972709378058053
r0885	6089381974.0	1.0	6089381974.0	0.0	1.5173314564756817	1.35043084096072	1.0156881955131665	1.140826248908035	0.9412724960921097	0.8738965543901726
PYRt2m_f	7796049370.0	1.0	7796049370.0	0.0	108.03227594196849	102.71015461146817	42.471258406504816	70.5748793923257	70.3205220996833	17.619449070027596
HMR_4964	5762538714.0	1.0	5762538714.0	0.0	74.15698517907293	72.6076292527128	21.915028758542455	66.74697701148581	65.08691528653688	34.46338714181238
r2420	8594278593.0	1.0	8594278593.0	0.0	107.101130174838	107.32618626270329	31.368842542552166	66.55634758081543	68.99180669003637	20.760209266559954
ATPtm	9486379392.0	1.0	9486379392.0	0.0	130.33450194861143	130.26883022304577	20.430329787037238	93.02434856460195	95.45765689930056	11.518664875308144
FUMtm_f	3280165404.0	0.0	3280165404.0	1.0	21.843143230967755	22.24248550227591	9.23206771460804	31.89390125503375	30.40770036522973	17.34938928571936
CO2tm_f	5518743627.0	1.0	5518743627.0	0.0	161.8613218092548	165.39304120754932	72.81418457318878	151.5452076057449	143.8602459615646	74.99376585943543
O2tm	7473293985.0	1.0	7473293985.0	0.0	67.00983631111366	66.28405976605953	8.359327252597081	59.885717703110856	60.08096214072586	6.185465507107192
r0801_f	2019877.0	0.0	2019877.0	1.0	9.732455086207453	9.704109758527542	5.149426141880585	30.71569130470012	30.672509250966968	4.863241975758822
THD1m	5943349748.0	1.0	5943349748.0	0.0	124.42062950513579	99.41002368907854	79.72149862879537	88.13307846006265	91.32370107283131	34.475426499848105
H2Otm_f	217882006.0	0.0	217882006.0	1.0	7.615952288959682	7.05533731036767	4.898222884647271	41.66857827739426	43.0157962369178	15.649027194957345
NH4tm_f	4709258498.0	1.3016094520831023e-112	4709258498.0	1.0	103.9129040042624	104.35855465746963	50.55307588792895	109.2978191837502	110.17708591962818	46.20625031708888
HCO3E	9935802845.0	1.0	9935802845.0	0.0	17.989269828104707	17.956487266029526	6.638009321721198	2.12113123682889	1.6191152489114895	1.8585286537472188
HCO3Em	5163180615.0	1.0	5163180615.0	6.362040439296495e-37	95.45338611323102	89.59321613249708	44.183259619703065	88.27570116013307	89.49541990152899	16.155947828226715
GLUN	5912671185.0	1.0	5912671185.0	0.0	12.635508416785195	9.370018165403666	11.269460891865103	8.872287468758778	6.838547076244149	7.715345690402491
GLNS	4603901597.0	5.0126963834161326e-207	4603901597.0	1.0	14.478619377438385	11.483731896812682	11.36493908114079	14.566635820294163	12.953034357368416	8.63386061527499
GLUt2m	5925881081.0	1.0	5925881081.0	0.0	1.976605244214751	1.581830351947059	1.6375837601776475	1.452169643742619	1.1193685707505283	1.257767491480833
GLNtm_1	6036994175.0	1.0	6036994175.0	0.0	2.154651542122067	1.5521879951683544	2.0483098918646987	1.369697598380082	1.0869459133476043	1.1456930809845782
GLUNm	6036994175.0	1.0	6036994175.0	0.0	2.154651542124225	1.552187995171562	2.048309891865025	1.3696975983800814	1.086945913347606	1.1456930809845782
GLUPRT	10000000000.0	1.0	10000000000.0	0.0	2.59670190257677e-05	2.653056107938642e-05	2.285128631620774e-06	1.694614998429456e-06	1.6983582026721765e-06	3.8938904482732804e-07
PRAGSr	10000000000.0	1.0	10000000000.0	0.0	2.5967019025588353e-05	2.6530561079717645e-05	2.28512863146754e-06	1.6946149984380704e-06	1.698358223559369e-06	3.8938903342312796e-07
GARFT	10000000000.0	1.0	10000000000.0	0.0	2.596701902643293e-05	2.653056107973389e-05	2.2851286317126107e-06	1.6946149985457982e-06	1.698358223577041e-06	3.893890334464324e-07
PRFGS	10000000000.0	1.0	10000000000.0	0.0	2.596701902629594e-05	2.653056107969737e-05	2.2851286317360226e-06	1.6946149985457976e-06	1.6983582235770415e-06	3.8938903344643296e-07
PRAIS	10000000000.0	1.0	10000000000.0	0.0	2.5967019025990114e-05	2.653056107907842e-05	2.285128631727596e-06	1.6946149985457965e-06	1.698358223577041e-06	3.893890334464317e-07
AIRCr	10000000000.0	1.0	10000000000.0	0.0	2.5967019025990084e-05	2.6530561079078352e-05	2.2851286317275976e-06	1.6946149985457976e-06	1.698358223577042e-06	3.893890334464322e-07
PRASCSi	10000000000.0	1.0	10000000000.0	0.0	2.5967019026057406e-05	2.6530561079425256e-05	2.285128631698137e-06	1.694614998545797e-06	1.6983582235770415e-06	3.893890334464326e-07
ADSL2r	10000000000.0	1.0	10000000000.0	0.0	2.596701902723361e-05	2.6530561080229703e-05	2.2851286317915986e-06	1.694614998545797e-06	1.6983582235770409e-06	3.893890334464332e-07
AICART	10000000000.0	1.0	10000000000.0	0.0	2.5967019027378676e-05	2.653056108006158e-05	2.2851286317848223e-06	1.694614998545797e-06	1.6983582235770421e-06	3.8938903344643306e-07
IMPC	10000000000.0	1.0	10000000000.0	0.0	2.596701902737868e-05	2.6530561080061527e-05	2.285128631784826e-06	1.6946149985457965e-06	1.698358223577041e-06	3.893890334464332e-07
ADSS	10000000000.0	1.0	10000000000.0	0.0	1.537663026622105e-05	1.5710338575599472e-05	1.3531620818300358e-06	1.0034890721909303e-06	1.0057046661652025e-06	2.305800934575282e-07
ADSL1r	10000000000.0	1.0	10000000000.0	0.0	1.5376630267292376e-05	1.5710338576375815e-05	1.3531620819548958e-06	1.0034890722322202e-06	1.00570466620039e-06	2.3058009345532998e-07
IMPDH2	10000000000.0	1.0	10000000000.0	0.0	1.0590388761631055e-05	1.0820223186525398e-05	9.319665506447113e-07	6.911259257127108e-07	6.926528884396519e-07	1.5880894027219147e-07
GMPS	9934314769.0	1.0	9934314769.0	0.0	5.928970873208521e-06	6.12149378371976e-06	2.88705713914104e-06	1.3456396145061354e-07	1.1826888347016328e-07	1.0586035863738487e-07
GMPS2	9363828729.0	1.0	9363828729.0	0.0	4.661417888347895e-06	4.4645840786070825e-06	2.8725677322025553e-06	5.565619652890383e-07	5.547777306493926e-07	1.90277598549897e-07
GK1	10000000000.0	1.0	10000000000.0	0.0	1.0590388761688279e-05	1.0820223186599523e-05	9.319665506416953e-07	6.911259256082826e-07	6.926528882851652e-07	1.5880894025795213e-07
RNDR2	10000000000.0	1.0	10000000000.0	0.0	2.278032553566656e-06	2.327470805367991e-06	2.0046951903706444e-07	1.4866379329493158e-07	1.4899224579882952e-07	3.4160397602144314e-08
ADK1	4241321166.0	0.0	4241321166.0	1.0	22.44359828955257	21.414104687959423	8.559946528353468	24.322424873562245	24.25731063885962	7.616306025794826
RNDR1	10000000000.0	1.0	10000000000.0	0.0	3.0340779094601546e-06	3.099923986355517e-06	2.67002391347935e-07	1.980031104296757e-07	1.984405714716004e-07	4.5497728994512224e-08
CBPS	9731253045.0	1.0	9731253045.0	0.0	9.384049999865715e-06	8.837346243764027e-06	5.810265470668012e-06	5.755976921242534e-07	4.929164169214082e-07	3.935108698149614e-07
ASPCT	9731253045.0	1.0	9731253045.0	0.0	9.384049999877953e-06	8.837346243604062e-06	5.810265470663575e-06	5.75597692378061e-07	4.929164165543391e-07	3.9351086984812166e-07
DHORTS	9731253045.0	1.0	9731253045.0	0.0	9.384050000380416e-06	8.83734624400208e-06	5.810265470620755e-06	5.755976921347729e-07	4.929164169281977e-07	3.9351086981421927e-07
DHORD9	9731253045.0	1.0	9731253045.0	0.0	9.384050000172178e-06	8.837346244307575e-06	5.8102654709103906e-06	5.755976925352538e-07	4.929164162878741e-07	3.9351086987240556e-07
ORPT	9731253045.0	1.0	9731253045.0	0.0	9.38405000017217e-06	8.837346244307575e-06	5.810265470910387e-06	5.755976925422342e-07	4.929164162923809e-07	3.935108698719223e-07
OMPDC	9731253045.0	1.0	9731253045.0	0.0	9.384050000172177e-06	8.837346244307575e-06	5.8102654709103906e-06	5.755976925336004e-07	4.929164162867967e-07	3.93510869872518e-07
UMPK	10000000000.0	1.0	10000000000.0	0.0	2.0457894917072675e-05	2.054125635755252e-05	3.685283053704452e-06	1.396601647889507e-06	1.3732570591431291e-06	3.7804566903063156e-07
RNDR4	9705785281.0	1.0	9705785281.0	0.0	1.721439434843544e-06	1.787576749308792e-06	8.563054932999752e-07	1.6606803201551228e-07	1.6175674388180236e-07	5.425830380454407e-08
TMDS	9705785281.0	1.0	9705785281.0	0.0	1.721439434842009e-06	1.7875767493077784e-06	8.563054932997695e-07	1.660680320093712e-07	1.61756743884375e-07	5.425830380245172e-08
URIDK2r	9705785281.0	1.0	9705785281.0	0.0	1.7214394348420118e-06	1.7875767493077816e-06	8.563054932997696e-07	1.6606803200785153e-07	1.617567438824848e-07	5.425830380261345e-08
NDPK2	10000000000.0	1.0	10000000000.0	0.0	1.8736455482313275e-05	1.885196034962516e-05	3.575928630306808e-06	1.2305336158784398e-06	1.2144025194274585e-06	3.3817034927347746e-07
NDPK3_f	9109593692.0	1.0	9109593692.0	0.0	4.005337410493578e-06	3.98046165135998e-06	1.5056888381526281e-06	1.718213539110503e-06	1.6982774576659697e-06	6.873381700098736e-07
CYTK1_r	9656478493.0	1.0	9656478493.0	0.0	4.721433995910054e-06	4.413328122245379e-06	3.1262903411368086e-06	3.003219577707671e-07	2.9760012997588403e-07	1.7277791064206604e-07
CTPS1	9789690624.0	1.0	9789690624.0	0.0	6.435816175579241e-06	6.626972275148879e-06	3.1849975595780497e-06	4.277971947287786e-07	4.216517987803292e-07	1.979522869300553e-07
RNDR3	10000000000.0	1.0	10000000000.0	0.0	2.1730837917330475e-06	2.2202444275920115e-06	1.9123390571727976e-07	1.4181486525635583e-07	1.4212818598415503e-07	3.2586631052592564e-08
GDHm	6907015618.0	1.0	6907015618.0	0.0	86.32472855332115	59.461261664196726	77.39897094727678	35.4529088056495	30.466325177143524	25.823483302717186
GLUDym_f	6505147637.0	1.0	6505147637.0	0.0	148.84511953689199	130.762177897248	82.11498526593394	104.1633526393302	101.32636444185025	41.564886592232156
ASPTA_f	5736470142.0	1.0	5736470142.0	0.0	138.4634167471635	140.52518272809647	64.06409130141314	124.2041596062802	122.20413866081935	46.48525614927969
ASPTAm	318449578.0	0.0	318449578.0	1.0	15.459517433862418	12.085639963425058	13.095868755763513	83.67941522000115	81.02198089561887	37.42755652428253
ASPGLUm	318983749.0	0.0	318983749.0	1.0	15.441171522790276	12.067502706178189	13.095830480999286	83.63786731326057	80.9711415308569	37.42594581953531
ASPT	5472694815.0	1.0	5472694815.0	8.348428676259105e-294	1.7821672039057792	1.3098209089866844	1.6515653949893139	1.4522880052878304	1.1143265028144658	1.2894788681274534
CBPSam					0.0	0.0	0.0	0.0	0.0	0.0
OCBTm					0.0	0.0	0.0	0.0	0.0	0.0
ORNt4m					0.0	0.0	0.0	0.0	0.0	0.0
ARGSS	5477614429.0	1.0	5477614429.0	6.698284721589079e-300	1.481163073087671	1.0310756289282754	1.4323862618852155	1.159203972378009	0.8995394345368443	1.0007642100638932
ARGSL	5477614429.0	1.0	5477614429.0	6.698284721589079e-300	1.4811630730875174	1.0310756289282867	1.4323862618852203	1.1592039723779388	0.8995394345368165	1.0007642100638943
ARGN	0.0	0.0	0.0	1.0	0.0	0.0	0.0	0.030171720318673975	0.02735249815164245	0.019373615797704087
ORNDC	6489868106.0	1.0	6489868106.0	0.0	0.08727309771559179	0.0908981754897932	0.02365507651878879	0.0783345903575537	0.08137388028542905	0.012252329523805804
SPMS	23315667.0	0.0	23315667.0	1.0	0.0032164157075521673	0.003175519433592	0.0011720878548536356	0.0302738795727872	0.0294041769848416	0.01255623879199851
SPRMS	552830268.0	0.0	552830268.0	1.0	0.001393256393716385	0.0013464249964913	0.0008322477954507038	0.014059550040894259	0.0127182333148402	0.009613895128767716
ADMDC	20743872.0	0.0	20743872.0	1.0	0.004609672101268887	0.0047089095668963	0.0016336123215042637	0.044333429613680336	0.043245478898547046	0.018838656735938077
MTAP	20743872.0	0.0	20743872.0	1.0	0.004609672101270561	0.00470890956689865	0.001633612321504566	0.04433342961368062	0.0432454788985479	0.018838656735938916
ADPT	20743872.0	0.0	20743872.0	1.0	0.004609672101268674	0.0047089095668961	0.0016336123215042076	0.04433342961368061	0.04324547889854785	0.018838656735938923
MTRI	20743872.0	0.0	20743872.0	1.0	0.0046096721012686736	0.00470890956689605	0.00163361232150421	0.04433342961368052	0.043245478898547005	0.018838656735938916
MDRPD	20743872.0	0.0	20743872.0	1.0	0.004609672101268669	0.004708909566896	0.0016336123215042121	0.04433342961368049	0.04324547889854695	0.018838656735938923
DKMPPD	20743872.0	0.0	20743872.0	1.0	0.004609672101268671	0.004708909566896	0.0016336123215042121	0.0443334296136805	0.043245478898547	0.01883865673593891
SPMDtex2	712207233.0	0.0	712207233.0	1.0	0.0018231593138358303	0.0015737539703478	0.001210026217933154	0.016214329531892734	0.014156094881107851	0.01205310070823063
SPRMti	552830268.0	0.0	552830268.0	1.0	0.0013932563937163775	0.0013464249964913	0.0008322477954507091	0.014059550040894264	0.0127182333148402	0.009613895128767714
GLYAMDTRc	8830055630.0	1.0	8830055630.0	0.0	0.08727309771559241	0.09089817548979351	0.023655076518788863	0.04816287003525624	0.04851030156508325	0.02035590731754411
ARGDr	5477614429.0	1.0	5477614429.0	6.698284721589079e-300	1.4811630730907461	1.0310756289316059	1.4323862618853336	1.1592039723779457	0.8995394345368266	1.0007642100638918
r0074_f	1531650479.0	0.0	1531650479.0	1.0	6.618331812667106e-05	6.851743701028848e-05	1.9454284911759235e-05	0.00010366499261230853	0.0001049943174055	3.0434936019690207e-05
GLU5SAtmc_f	9951322108.0	1.0	9951322108.0	0.0	0.0006628245259519555	0.00069039871721645	0.00024229928935743219	0.00010366499261230853	0.0001049943174055	3.0434936019690207e-05
G5SADs_f	1529691202.0	0.0	1529691202.0	1.0	6.513061391892105e-05	6.687531942883314e-05	2.1176000278808062e-05	0.00010366499261230255	0.0001049943174055	3.0434936019689864e-05
PRO1x	9748517406.0	1.0	9748517406.0	0.0	2.0225967632380262e-05	1.7130064733185297e-05	1.5131408459552212e-05	7.404380472314458e-07	6.95605629579131e-07	4.2840970808592213e-07
P5CR	9893159441.0	1.0	9893159441.0	0.0	2.6474512310858037e-05	2.3672848651832713e-05	1.8373863017687714e-05	4.459505482993587e-07	3.868568360113262e-07	3.116988689296071e-07
PROD2					0.0	0.0	0.0	0.0	0.0	0.0
EXRiboflavin					0.0	0.0	0.0	0.0	0.0	0.0
RBFK					0.0	0.0	0.0	0.0	0.0	0.0
FMNAT					0.0	0.0	0.0	0.0	0.0	0.0
TransportFAD					0.0	0.0	0.0	0.0	0.0	0.0
ASNS1	575024968.0	0.0	575024968.0	1.0	0.3463304398543133	0.32129771973667326	0.23716006828659617	4.505026473689458	3.5977824341751514	3.7283549022231774
ASNN	608455067.0	0.0	608455067.0	1.0	0.3768776617770713	0.3520263606091173	0.23133127286698302	4.515425558051799	3.6079864379050113	3.7284961416179248
METS	5227131196.0	1.0	5227131196.0	1.3822801009877574e-69	4.433129419234561	3.314295555612575	3.9929581986847125	4.02129020681167	3.071065019165473	3.5114846886065565
METAT	5182532695.0	1.0	5182532695.0	1.0935908129032137e-45	4.44056687020959	3.321942028450458	3.9929422563828547	4.068708777139091	3.1186458645086867	3.5118829539203764
HMR_3915	5198563190.0	1.0	5198563190.0	1.104454681426329e-53	4.385928945007131	3.2692684291889718	3.9900590652793486	4.000708421623291	3.048430307023531	3.511620797781765
AHCi	5226826875.0	1.0	5226826875.0	2.0949117733740982e-69	4.43595719810728	3.316979023920614	3.9930143719240077	4.024375347525491	3.0744478992200293	3.5114964135112285
ADNK1	5226826875.0	1.0	5226826875.0	2.0949117733740982e-69	4.43595719810725	3.316979023920607	3.9930143719240014	4.024375347525501	3.074447899220036	3.511496413511226
CYSTS	4580518506.0	6.734936596321265e-232	4580518506.0	1.0	0.002827778892541675	0.0030040324331980003	0.0012680999027668974	0.003085140713773792	0.0031031407735202503	0.0015994058112698635
CYSTGL	4580518506.0	6.734936596321265e-232	4580518506.0	1.0	0.0028277788925419657	0.00300403243319485	0.0012680999027672901	0.0030851407137973456	0.0031031407735657	0.0015994058112697458
MTHFR3	7658563437.0	1.0	7658563437.0	0.0	0.047370524186027115	0.046134668818716404	0.028313370213627856	0.021988827439041982	0.0186846702026687	0.016274728988746608
MetSynthesis	758727068.0	0.0	758727068.0	1.0	0.0035371486612760547	0.0035368955795342	0.0016848690020839095	0.02452266443180651	0.0218400611070649	0.016940042242514917
UNK3	373813617.0	0.0	373813617.0	1.0	0.001072523439995775	0.00097012033758395	0.0006963622005508594	0.01981076518186884	0.0169412980780616	0.014890300154309359
5MTHFt	4846456.0	0.0	4846456.0	1.0	0.00017004993499793847	0.00017864803177785	5.3098689474154634e-05	0.0014070422506328006	0.0014554728414409	0.000434670689871744
ILETA					0.0	0.0	0.0	0.0	0.0	0.0
3MOPt2im					0.0	0.0	0.0	0.0	0.0	0.0
ILETAm					0.0	0.0	0.0	0.0	0.0	0.0
LEUTA	9997063118.0	1.0	9997063118.0	0.0	6.147250736259152e-06	5.106036314034057e-06	4.739627371604759e-06	-9.032652676660598e-09	-8.78748114653243e-09	1.4557320878794263e-08
4MOPt2im	9997063118.0	1.0	9997063118.0	0.0	6.147250736450361e-06	5.106036313432135e-06	4.7396273715767166e-06	-9.032652676660592e-09	-8.787481146532437e-09	1.4557320878794271e-08
LEUTAm	9958325527.0	1.0	9958325527.0	0.0	1.3371749326037949e-05	1.3114180788032392e-05	6.264665255826577e-06	3.300928866454096e-07	3.006558993218095e-07	2.1662079324590302e-07
OIVD1m	9998142799.0	1.0	9998142799.0	0.0	1.951900006253751e-05	2.0548346593442362e-05	5.952718962407409e-06	3.21060233968746e-07	2.8992682994144386e-07	2.2100559002230869e-07
ACOAD8m	9998142799.0	1.0	9998142799.0	0.0	1.951900006253749e-05	2.054834659344228e-05	5.952718962407385e-06	3.2106023396874585e-07	2.8992682994144365e-07	2.2100559002230887e-07
MCCCrm	9998142799.0	1.0	9998142799.0	0.0	1.951900006242759e-05	2.05483465935859e-05	5.952718962255521e-06	3.210602339687461e-07	2.8992682994144344e-07	2.2100559002230869e-07
MGCHrm	9998142799.0	1.0	9998142799.0	0.0	1.951900006242754e-05	2.0548346593585775e-05	5.9527189622555115e-06	3.2106023396874633e-07	2.8992682994144365e-07	2.2100559002230855e-07
HMGCOAtm	9996406132.0	1.0	9996406132.0	0.0	1.9589128604058082e-05	2.062024371247963e-05	5.94660858058981e-06	6.327746289329468e-07	6.098371203398956e-07	2.9080670436847575e-07
VALTA	9986439120.0	1.0	9986439120.0	0.0	0.015104908605146463	0.01555483938891565	0.006714579511270856	7.31031053065832e-05	7.501651487598777e-05	3.83940221414929e-05
3MOBt2im	9986439120.0	1.0	9986439120.0	0.0	0.015104908605146444	0.01555483938891565	0.0067145795112708425	7.31031053065832e-05	7.501651487598777e-05	3.83940221414929e-05
VALTAim	2359717.0	0.0	2359717.0	1.0	0.005669627540454493	0.0047621957384314	0.004210850843253804	0.07615167713852375	0.07809825776776974	0.0166579239819203
OIVD2m	23676221.0	0.0	23676221.0	1.0	0.020774536145579614	0.021541353450245	0.00571462131666478	0.07622478024382556	0.07817097007806861	0.016659990818288194
ACOAD9m	23676221.0	0.0	23676221.0	1.0	0.020774536145600354	0.0215413534502425	0.005714621316669614	0.0762247802438256	0.0781709700780687	0.016659990818288173
ECOAH12m	23676221.0	0.0	23676221.0	1.0	0.020774536145600427	0.0215413534502425	0.005714621316669597	0.07622478024382566	0.07817097007806875	0.016659990818288187
3HBCOAHLm	23676221.0	0.0	23676221.0	1.0	0.02077453614560047	0.0215413534502426	0.005714621316669582	0.07622478024382566	0.0781709700780687	0.016659990818288197
HIBDm	23676221.0	0.0	23676221.0	1.0	0.020774536145580766	0.0215413534502375	0.005714621316665675	0.07622478024382565	0.07817097007806875	0.016659990818288173
r0643	1798641713.0	0.0	1798641713.0	1.0	0.007997057386533736	0.0069405932717833	0.005693689529976396	0.026927994373049567	0.02360675283541325	0.019191709232265826
MMSAD1m	859671682.0	0.0	859671682.0	1.0	0.004411327708784571	0.0040704530035902495	0.0030090514907232585	0.026175404114817696	0.025442501056943102	0.015836672939337007
MMTSADm	2159316414.0	0.0	2159316414.0	1.0	0.008366151050262447	0.007502316218783899	0.005745245507890658	0.023121381755962848	0.02003539363482025	0.016774670666397425
PCC	863306908.0	0.0	863306908.0	1.0	0.004430916837385998	0.0040891064811661	0.003009837300391595	0.02617603688944687	0.0254428592330517	0.015836689478614736
MMALH	1798641713.0	0.0	1798641713.0	1.0	0.00799705738653375	0.0069405932717833	0.0056936895299764005	0.026927994373050528	0.0236067528354136	0.0191917092322659
MMEm	193489334.0	0.0	193489334.0	1.0	0.012427974223919079	0.01183400353681385	0.006094539941776075	0.053104031262495265	0.05280757605206575	0.019144862598243734
MMMm	23741407.0	0.0	23741407.0	1.0	0.020794125274181993	0.0215608930151621	0.0057144823039905444	0.07622541301846032	0.0781715907497616	0.016660027686122705
ILEtmi					0.0	0.0	0.0	0.0	0.0	0.0
LEUt5m	9958325527.0	1.0	9958325527.0	0.0	1.337174932604116e-05	1.3114180788050857e-05	6.2646652558282925e-06	3.3009288682208497e-07	3.006558995059788e-07	2.166207932449653e-07
VALt5m	2359717.0	0.0	2359717.0	1.0	0.0056696275404358835	0.00476219573842045	0.004210850843249671	0.07615167713852346	0.07809825776777005	0.01665792398192038
PGCD	4025527655.0	0.0	4025527655.0	1.0	0.9099089884329356	0.7806819731051999	0.6694827535357518	1.324278562139164	1.0562125377519163	1.0729847044140266
PSERT	4025527656.0	0.0	4025527656.0	1.0	0.9099089884746021	0.7806819730940286	0.6694827535457418	1.3242785621391604	1.0562125377519074	1.0729847044140262
PSP_L	4025527656.0	0.0	4025527656.0	1.0	0.9099089885009699	0.7806819732052556	0.6694827535271359	1.3242785621398536	1.0562125377537472	1.0729847044140004
GHMT2r_f	3206181569.0	0.0	3206181569.0	1.0	36.50534929746118	32.607707386225556	22.903253813630926	49.90028126763259	50.680779571868584	19.368425906069888
SERD_L	9998103517.0	1.0	9998103517.0	0.0	19.634439064465656	19.846118180152345	2.4629301827628693	2.1979770068254467	1.9464935339120502	1.0998971418787287
ALATA_L_f	6860370097.0	1.0	6860370097.0	0.0	2.438942664168092	1.9371391419218513	2.052066427042326	1.2167618267060287	0.9511548199628532	1.0189065269801278
r1435	1077594665.0	0.0	1077594665.0	1.0	5.589917069382007e-05	4.6135506544792254e-05	4.46101470596994e-05	0.00030854672815487427	0.0002692062729861	0.00021641188373428612
GLYtm_r	1077594665.0	0.0	1077594665.0	1.0	5.5899170693820184e-05	4.613550654479247e-05	4.461014705969944e-05	0.00030854672814816967	0.000269206272978	0.00021641188373364522
GHMT2rm	1077594665.0	0.0	1077594665.0	1.0	5.5899170693820184e-05	4.613550654479237e-05	4.461014705969943e-05	0.00030854672814816853	0.000269206272978	0.00021641188373364514
MLTHFtm_r	74639967.0	0.0	74639967.0	1.0	0.00012010171281283013	0.0001201633512969	5.153304154507581e-05	0.0005980243725931112	0.0006125040580624	0.00019820500597737418
r0962	74639967.0	0.0	74639967.0	1.0	0.0001201017128115793	0.00012016335129575	5.1533041544968945e-05	0.0005980243725889839	0.00061250405805745	0.00019820500597783334
FORtm_r	1309575318.0	0.0	1309575318.0	1.0	6.420254211246506e-05	5.620122361322288e-05	4.5994382650873925e-05	0.0002894776444504218	0.0002598157512935	0.00019782518206468575
r0514	74639967.0	0.0	74639967.0	1.0	0.00012010171281157911	0.00012016335129575	5.153304154496892e-05	0.0005980243725931108	0.0006125040580624	0.0001982050059773738
DHFRim	74639967.0	0.0	74639967.0	1.0	0.00012010171281157933	0.00012016335129575	5.153304154496898e-05	0.0005980243725931112	0.0006125040580624	0.00019820500597737418
FTHFLmi	1309575319.0	0.0	1309575319.0	1.0	6.420254211729873e-05	5.620122361802743e-05	4.599438265062108e-05	0.0002894776444424253	0.00025981575128605	0.00019782518206306005
MTHFCm	1309575319.0	0.0	1309575319.0	1.0	6.420254211840543e-05	5.620122362088076e-05	4.599438265083515e-05	0.00028947764444491703	0.00025981575129124996	0.0001978251820641599
MTHFDm	1309575319.0	0.0	1309575319.0	1.0	6.420254211902612e-05	5.620122362243937e-05	4.5994382650806075e-05	0.0002894776444449174	0.00025981575129124996	0.00019782518206415975
FOLR2	123523200.0	0.0	123523200.0	1.0	4.994821492892359e-05	4.427617296203248e-05	3.546270000149169e-05	0.0008090178701509067	0.0008742524627875	0.00034117740045982287
DHFR	127528963.0	0.0	127528963.0	1.0	5.1669654321955426e-05	4.595448973519097e-05	3.5438986908540705e-05	0.0008091839381828727	0.0008744145374359	0.0003411753819671821
FTHFLi	3283835085.0	0.0	3283835085.0	1.0	0.0340026417335062	0.03669030739692815	0.011105817935503647	0.04521360627075177	0.0441204412565042	0.01896424477892949
FTHFDH	12005109.0	0.0	12005109.0	1.0	2.6727319068228197	2.1996493492971703	2.0970490490336053	10.867346065284385	11.01594030702723	0.7241190622605241
MTHFC_f	9101608743.0	1.0	9101608743.0	0.0	0.3076379197327104	0.3054086308098942	0.140028458558692	0.104564221834692	0.10214930026521066	0.048262907322092624
MTHFD	2615208125.0	0.0	2615208125.0	1.0	38.23550473033407	36.27472243921182	15.802984516107562	67.70117748778073	64.11221010978501	38.05032526540639
MTHFD2i_f	9228424684.0	1.0	9228424684.0	0.0	107.73977715635199	110.79260978306895	46.89778675937738	31.373359977988876	29.57103641690464	16.984064438195457
ACACT1r	9876980189.0	1.0	9876980189.0	0.0	7.121999985050928e-06	5.91399362365227e-06	5.456853478216679e-06	1.3511616723158524e-07	1.1266745818651587e-07	1.042271642473676e-07
HMGCOAS	9723536473.0	1.0	9723536473.0	0.0	8.582709418617472e-06	7.386513606270519e-06	5.55067665792386e-06	1.205711962542964e-06	1.1957220470075865e-06	4.733354889371459e-07
HMGCOAR	10000000000.0	1.0	10000000000.0	0.0	2.8171838022928857e-05	2.8783228066453823e-05	2.479154571386626e-06	1.8384865914796066e-06	1.8425484785001004e-06	4.2245278125542417e-07
MEVK1	10000000000.0	1.0	10000000000.0	0.0	2.8171838022958954e-05	2.878322806647399e-05	2.479154571381144e-06	1.8384865914743906e-06	1.8425484784877966e-06	4.2245278125572153e-07
PMEVK	10000000000.0	1.0	10000000000.0	0.0	2.8171838022957992e-05	2.8783228066491987e-05	2.479154571377616e-06	1.838486591482854e-06	1.842548478507574e-06	4.224527812552624e-07
IPDDI	10000000000.0	1.0	10000000000.0	0.0	9.390612674319459e-06	9.59440935549736e-06	8.263848571259154e-07	6.128288638284293e-07	6.141828261711122e-07	1.4081759375170944e-07
DPMVD	10000000000.0	1.0	10000000000.0	0.0	2.817183802295792e-05	2.878322806649194e-05	2.4791545713776026e-06	1.838486591468204e-06	1.8425484784734097e-06	4.2245278125604546e-07
DMATT	10000000000.0	1.0	10000000000.0	0.0	9.39061267431947e-06	9.594409355497341e-06	8.263848571259192e-07	6.128288638239699e-07	6.141828261606928e-07	1.4081759375195412e-07
GRTT	10000000000.0	1.0	10000000000.0	0.0	9.390612674319466e-06	9.594409355497369e-06	8.263848571259203e-07	6.12828863826872e-07	6.14182826167455e-07	1.4081759375178977e-07
HMR_1465	10000000000.0	1.0	10000000000.0	0.0	4.695306337159728e-06	4.797204677748679e-06	4.1319242856295835e-07	3.0641443191343576e-07	3.070914130837268e-07	7.040879687589491e-08
HMR_1467	10000000000.0	1.0	10000000000.0	0.0	4.695306337159734e-06	4.7972046777486775e-06	4.131924285629607e-07	3.064144319130696e-07	3.0709141308287664e-07	7.040879687591504e-08
SMO	10000000000.0	1.0	10000000000.0	0.0	4.6953063371597455e-06	4.797204677748688e-06	4.131924285629621e-07	3.0641443191346916e-07	3.0709141308381833e-07	7.040879687589182e-08
LNSTLS	10000000000.0	1.0	10000000000.0	0.0	4.6953063371597455e-06	4.797204677748695e-06	4.131924285629605e-07	3.06414431913469e-07	3.0709141308381854e-07	7.040879687589166e-08
HMR_1477	10000000000.0	1.0	10000000000.0	0.0	4.695306337159741e-06	4.797204677748688e-06	4.1319242856296094e-07	3.0641443191109715e-07	3.0709141307824437e-07	7.040879687601048e-08
HMR_1478	10000000000.0	1.0	10000000000.0	0.0	4.695306337159748e-06	4.797204677748686e-06	4.131924285629614e-07	3.064144319201998e-07	3.0709141309762766e-07	7.040879687725338e-08
HMR_1479	10000000000.0	1.0	10000000000.0	0.0	4.695306337159744e-06	4.797204677748696e-06	4.131924285629612e-07	3.06414431913087e-07	3.0709141308286827e-07	7.0408796875896e-08
C14STR	10000000000.0	1.0	10000000000.0	0.0	4.695306337159741e-06	4.797204677748683e-06	4.1319242856296126e-07	3.064144319130795e-07	3.0709141308286494e-07	7.040879687589744e-08
HMR_1490	10000000000.0	1.0	10000000000.0	0.0	4.695306337159741e-06	4.79720467774868e-06	4.131924285629607e-07	3.064144319110979e-07	3.070914130782442e-07	7.040879687600996e-08
HMR_1493	10000000000.0	1.0	10000000000.0	0.0	4.695306337159742e-06	4.797204677748683e-06	4.1319242856296147e-07	3.06414431911098e-07	3.070914130782445e-07	7.040879687600992e-08
HMR_1494	10000000000.0	1.0	10000000000.0	0.0	4.695306337159752e-06	4.797204677748689e-06	4.1319242856296285e-07	3.0641443191171935e-07	3.0709141307969074e-07	7.04087968759755e-08
C3STDH1	9887481975.0	1.0	9887481975.0	0.0	2.9655393324485723e-06	3.113944269983962e-06	1.193449952762371e-06	2.1403497379713744e-07	2.0492442673228595e-07	9.425695163214413e-08
HMR_1495	9739592705.0	1.0	9739592705.0	0.0	1.729767004691364e-06	1.5488483568591883e-06	1.146854935735364e-06	9.237945811115696e-08	9.198637793280707e-08	7.596537827362861e-08
HMR_1500	10000000000.0	1.0	10000000000.0	0.0	4.695306337159755e-06	4.797204677748683e-06	4.1319242856296147e-07	3.0641443191024234e-07	3.070914130762845e-07	7.040879687605557e-08
HMR_1502	10000000000.0	1.0	10000000000.0	0.0	4.695306337159744e-06	4.797204677748681e-06	4.1319242856296163e-07	3.064144319110787e-07	3.070914130782315e-07	7.040879687600947e-08
HMR_1503	10000000000.0	1.0	10000000000.0	0.0	4.695306337159742e-06	4.797204677748687e-06	4.131924285629621e-07	3.064144319110789e-07	3.0709141307823193e-07	7.040879687600954e-08
HMR_1504	10000000000.0	1.0	10000000000.0	0.0	4.695306337159741e-06	4.7972046777486834e-06	4.1319242856296105e-07	3.0641443191011084e-07	3.070914130759512e-07	7.040879687606061e-08
HMR_1505	10000000000.0	1.0	10000000000.0	0.0	4.695306337159729e-06	4.797204677748671e-06	4.1319242856295914e-07	3.0641443190960156e-07	3.0709141307479753e-07	7.040879687608475e-08
HMR_1509	10000000000.0	1.0	10000000000.0	0.0	4.695306337159751e-06	4.79720467774869e-06	4.1319242856296115e-07	3.064144319106743e-07	3.070914130772477e-07	7.040879687603252e-08
CHLSTI_1	10000000000.0	1.0	10000000000.0	0.0	4.695306337159741e-06	4.7972046777486834e-06	4.1319242856295914e-07	3.0641443191067454e-07	3.0709141307724863e-07	7.040879687603253e-08
HMR_1516	10000000000.0	1.0	10000000000.0	0.0	4.695306337159739e-06	4.797204677748688e-06	4.1319242856296015e-07	3.0641443190929557e-07	3.070914130740671e-07	7.040879687610539e-08
RE2410C	10000000000.0	1.0	10000000000.0	0.0	4.695306337159757e-06	4.797204677748698e-06	4.1319242856296084e-07	3.064144319092956e-07	3.0709141307406734e-07	7.040879687610537e-08
DSMSTOLR	10000000000.0	1.0	10000000000.0	0.0	4.6953063371597404e-06	4.797204677748685e-06	4.131924285629587e-07	3.064144319092339e-07	3.0709141307395484e-07	7.040879687612198e-08
ACCOAC	9935802487.0	1.0	9935802487.0	0.0	17.98926044414475	17.956464178961923	6.638009365284391	2.1211306612308007	1.6191147309698022	1.8585286183238081
FASN	9935802487.0	1.0	9935802487.0	0.0	2.569894349163617	2.5652091684229843	0.9482870521834905	0.3030186658900969	0.23130210442424298	0.2655040883319739
MCAT	9935802487.0	1.0	9935802487.0	0.0	17.989260444090785	17.95646417879628	6.638009365277337	2.121130661230783	1.6191147309697662	1.8585286183238074
AcetoacetylACPsynthesis	9935802487.0	1.0	9935802487.0	0.0	2.5698943491636377	2.5652091684229923	0.9482870521834874	0.3030186658900918	0.23130210442423454	0.2655040883319734
r0691	9935802487.0	1.0	9935802487.0	0.0	2.5698943491636306	2.5652091684230056	0.9482870521834889	0.3030186658900915	0.2313021044242345	0.2655040883319735
r0681	9935802487.0	1.0	9935802487.0	0.0	2.569894349163637	2.565209168423012	0.9482870521834905	0.30301866589009685	0.23130210442424276	0.265504088331974
r0682	9935802487.0	1.0	9935802487.0	0.0	2.5698943491636324	2.565209168422993	0.9482870521834871	0.3030186658900915	0.2313021044242345	0.2655040883319735
r0760	9935802487.0	1.0	9935802487.0	0.0	2.5698943491636324	2.5652091684229976	0.9482870521834903	0.30301866589009707	0.2313021044242427	0.26550408833197364
r0761	9935802487.0	1.0	9935802487.0	0.0	2.5698943491636324	2.5652091684230047	0.9482870521834881	0.3030186658900915	0.2313021044242345	0.2655040883319735
r0762	9935802487.0	1.0	9935802487.0	0.0	2.569894349163642	2.5652091684230056	0.9482870521834881	0.30301866589009685	0.23130210442424276	0.265504088331974
r0763	9935802487.0	1.0	9935802487.0	0.0	2.5698943491636346	2.5652091684229834	0.948287052183487	0.3030186658900915	0.2313021044242345	0.2655040883319735
r0764	9935802487.0	1.0	9935802487.0	0.0	2.569894349163635	2.5652091684229954	0.9482870521834896	0.30301866589009707	0.2313021044242427	0.26550408833197364
r0694	9935802487.0	1.0	9935802487.0	0.0	2.569894349163631	2.5652091684229963	0.9482870521834886	0.3030186658900916	0.23130210442423466	0.26550408833197353
r0695	9935802487.0	1.0	9935802487.0	0.0	2.5698943491636244	2.565209168423043	0.9482870521834906	0.3030186658900915	0.23130210442423482	0.2655040883319734
r0765	9935802487.0	1.0	9935802487.0	0.0	2.5698943491636324	2.5652091684229865	0.9482870521834872	0.3030186658900915	0.2313021044242347	0.2655040883319736
r0766	9935802487.0	1.0	9935802487.0	0.0	2.5698943491636337	2.5652091684229887	0.9482870521834869	0.3030186658900916	0.231302104424235	0.26550408833197364
r0692	9935802487.0	1.0	9935802487.0	0.0	2.569894349163633	2.5652091684230047	0.9482870521834882	0.30301866589009163	0.23130210442423477	0.26550408833197353
r0693	9935802487.0	1.0	9935802487.0	0.0	2.569894349163626	2.5652091684230065	0.9482870521834913	0.30301866589009147	0.2313021044242347	0.2655040883319734
r0767	9935802487.0	1.0	9935802487.0	0.0	2.569894349163632	2.56520916842298	0.9482870521834872	0.30301866589009163	0.23130210442423477	0.26550408833197353
r0768	9935802487.0	1.0	9935802487.0	0.0	2.5698943491636324	2.5652091684229976	0.9482870521834903	0.30301866589009147	0.2313021044242345	0.2655040883319735
r0769	9935802487.0	1.0	9935802487.0	0.0	2.569894349163629	2.565209168422996	0.948287052183488	0.30301866589009147	0.2313021044242347	0.2655040883319736
r0770	9935802487.0	1.0	9935802487.0	0.0	2.569894349163639	2.565209168423011	0.948287052183487	0.3030186658900915	0.2313021044242347	0.26550408833197336
r0712	9935802487.0	1.0	9935802487.0	0.0	2.569894349163628	2.565209168422987	0.9482870521834879	0.3030186658900916	0.2313021044242347	0.2655040883319736
r0713	9935802487.0	1.0	9935802487.0	0.0	2.569894349163641	2.565209168423001	0.9482870521834889	0.30301866589009147	0.2313021044242345	0.2655040883319735
r0701	9935802487.0	1.0	9935802487.0	0.0	2.569894349163631	2.565209168422989	0.9482870521834874	0.30301866589009147	0.2313021044242347	0.2655040883319736
r0702	9935802487.0	1.0	9935802487.0	0.0	2.5698943491636417	2.565209168423012	0.9482870521834872	0.3030186658900915	0.2313021044242347	0.26550408833197336
r0771	9935802487.0	1.0	9935802487.0	0.0	2.569894349163631	2.5652091684229887	0.9482870521834881	0.3030186658901182	0.2313021044242963	0.2655040883319775
r0772	9935802487.0	1.0	9935802487.0	0.0	2.569894349163622	2.5652091684229914	0.9482870521834915	0.3030186658901186	0.23130210442429672	0.26550408833197736
r0696	9935802487.0	1.0	9935802487.0	0.0	2.5698943491636257	2.565209168422989	0.9482870521834903	0.3030186658901182	0.23130210442429588	0.2655040883319774
r0697	9935802488.0	1.0	9935802488.0	0.0	2.569894349109369	2.5652091682576095	0.9482870521763722	0.3030186658901181	0.23130210442429594	0.2655040883319775
r0773	9935802488.0	1.0	9935802488.0	0.0	2.569894349109367	2.5652091682576064	0.9482870521763708	0.3030186658901184	0.23130210442429594	0.26550408833197753
FA160ACPH	9935802488.0	1.0	9935802488.0	0.0	2.5698943491093806	2.565209168257634	0.9482870521763674	0.3030186658901184	0.23130210442429588	0.26550408833197753
TMLYStd_r	9998145472.0	1.0	9998145472.0	0.0	18.641659338168463	18.862143174066702	2.310530986596872	0.9171584835022398	0.9509808367402491	0.1992035252903925
TMLYSOX	9998145472.0	1.0	9998145472.0	0.0	18.641659338168317	18.862143174066713	2.3105309865968575	0.9171584835022398	0.9509808367402491	0.1992035252903925
GHMT3	9998145472.0	1.0	9998145472.0	0.0	18.64165933816846	18.86214317406671	2.310530986596864	0.9171584835022416	0.9509808367402499	0.19920352529039348
TMABADH	9998145472.0	1.0	9998145472.0	0.0	18.641659338168424	18.862143174066674	2.31053098659687	0.9171584835022412	0.9509808367402515	0.19920352529039312
BBHOX	9998145472.0	1.0	9998145472.0	0.0	18.641659338168186	18.862143174066134	2.3105309865967807	0.9171584835022412	0.9509808367402515	0.19920352529039312
SUCFUMtm_r	9998145472.0	1.0	9998145472.0	0.0	37.283318676336776	37.72428634813343	4.621061973193606	1.8343169670044823	1.9019616734805032	0.3984070505807862
palmitateActivation	10000000000.0	1.0	10000000000.0	0.0	0.6996516330877293	0.5283193739472721	0.6319713591376476	0.0	0.0	0.0
carnitineAcylTransferaseI	10000000000.0	1.0	10000000000.0	0.0	0.6996516330877424	0.5283193739472598	0.631971359137646	0.0	0.0	0.0
CARN160t_m	10000000000.0	1.0	10000000000.0	0.0	0.6996516330877537	0.5283193739472596	0.6319713591376466	0.0	0.0	0.0
carnitineAcylTransferaseII	10000000000.0	1.0	10000000000.0	0.0	0.6996516330877528	0.5283193739472576	0.6319713591376462	0.0	0.0	0.0
betaOxidation	10000000000.0	1.0	10000000000.0	0.0	0.6996516330877444	0.5283193739472608	0.6319713591376463	0.0	0.0	0.0
Biomass	10000000000.0	1.0	10000000000.0	0.0	0.00023015079344996923	0.00023514556530315	2.0253537991366172e-05	1.5019579035765797e-05	1.5052762760288908e-05	3.45124243302549e-06
GLCt1_r	10000000000.0	1.0	10000000000.0	0.0	2.9973590657075886	3.089294769738002	0.6266563762573593	0.1038348104106576	0.10537956379671135	0.0127127513801514
O2t_r	9995061146.0	1.0	9995061146.0	0.0	104.40581008619566	104.17584405582994	10.867758428054282	61.87547886474851	62.06688411166802	6.2135386154791306
GLNt_r	9999544631.0	1.0	9999544631.0	0.0	0.6615491777393074	0.6810174611836455	0.1386407753033429	0.20490780267177036	0.21082171531082539	0.02327092299535479
r0963_r	4846457.0	0.0	4846457.0	1.0	0.0001700499277404929	0.00017864802216085	5.3098688335692785e-05	0.0014070422427399205	0.0014554728373228501	0.00043467069135162337
THBPTt_r	10000000000.0	1.0	10000000000.0	0.0	3.820911678934744e-05	3.8933996659845225e-05	3.3450896690803903e-06	1.7346496801244538e-06	1.6140289437132178e-06	1.035272312838076e-06
ARGt5r_r	6498967141.0	1.0	6498967141.0	0.0	0.08735578169276871	0.0909803284540519	0.023655106981054292	0.07833998628790012	0.081379171673212	0.012252343248036503
PHEtec_r	10000000000.0	1.0	10000000000.0	0.0	9.792542256262681e-05	9.999341152238764e-05	8.51876430460026e-06	5.631719774218628e-06	5.499414804347005e-06	1.6847401634899747e-06
ILEtec_r	10000000000.0	1.0	10000000000.0	0.0	6.584107868859256e-05	6.726997303080447e-05	5.794091641493928e-06	4.296771131393851e-06	4.306264264937916e-06	9.873245327550633e-07
LEUtec_r	10000000000.0	1.0	10000000000.0	0.0	0.00014507638452414755	0.00014768692298255	1.4326726682606445e-05	8.514901459542198e-06	8.531455085803814e-06	1.8976017663965665e-06
VALtec_r	23938909.0	0.0	23938909.0	1.0	0.0208556889264084	0.0216234394736173	0.005714789352095052	0.07623007625253211	0.0781762182058995	0.016660175622075713
METtec_r	4640281419.0	3.684284509663555e-171	4640281419.0	1.0	0.0028629960878320303	0.00303814331097865	0.0012677934875291379	0.003087438979709294	0.0031055286859901	0.0015994233697381594
r2526_r	9426439703.0	1.0	9426439703.0	0.0	0.1754612306315003	0.16990794729884875	0.07043114451286075	0.0732433749723131	0.07523423916423555	0.009181712362367377
GLYt4_r	8854717304.0	1.0	8854717304.0	0.0	0.11105134269205051	0.10778601908630944	0.06284360595231994	0.02944562003985623	0.0298967080807722	0.015060743240355442
r2532_r	9895660557.0	1.0	9895660557.0	0.0	0.030611531820874553	0.03118048930003665	0.007600610841708873	0.010403281208351376	0.0105028891401508	0.0011332483570073155
PROPAT4te_r	9921692337.0	1.0	9921692337.0	0.0	4.823303993867876e-05	4.779740707093833e-05	2.1187274488552793e-05	5.008947443464046e-06	4.998238730226065e-06	1.5084422003470984e-06
HDCAt	6554415800.0	1.0	6554415800.0	0.0	5.2166771302117005e-05	4.9028000046039804e-05	3.151368814276641e-05	3.495663336983762e-05	3.421472065720311e-05	1.8374734973772856e-05
CRNt	9998145472.0	1.0	9998145472.0	0.0	18.641659338168385	18.86214317406661	2.310530986596825	0.9171584835022416	0.9509808367402499	0.19920352529039348
GTHRDt2_r	6062922012.0	1.0	6062922012.0	0.0	1.472620592329541	1.3048048498365206	1.011824686826029	1.1074223526446048	0.9071598448336298	0.8772493649497498
DmLact	10000000000.0	1.0	10000000000.0	0.0	5.077587464031864	5.233432892396357	1.060402688878425	0.0720957592430656	0.07437983205692135	0.008098204956063325
UREAt	0.0	0.0	0.0	1.0	0.0	0.0	0.0	0.030171720318673965	0.0273524981516425	0.01937361579770408
DmBiomass	10000000000.0	1.0	10000000000.0	0.0	0.00023015079344996863	0.00023514556530315	2.0253537991366114e-05	1.5019579035765831e-05	1.5052762760288962e-05	3.451242433025492e-06
NH4t	7465693653.0	1.0	7465693653.0	0.0	96.68583002966282	92.79480511836297	20.789217728377864	73.58917924885083	68.19178241052778	30.95022188249798
PTRCtex2_f	7035557770.0	1.0	7035557770.0	0.0	0.04100697829410996	0.0373906232203204	0.02654526540156741	0.02287857646628472	0.0194706838899396	0.016946185786018458
GUDACtr2	6528152343.0	1.0	6528152343.0	0.0	0.037244844618635774	0.0338699401753471	0.024423197144838763	0.02449594413362663	0.0213289954885485	0.017533326242889714
CE2705t	10000000000.0	1.0	10000000000.0	0.0	3.820911678934744e-05	3.8933996659845225e-05	3.3450896690803903e-06	1.7346496801244538e-06	1.6140289437132178e-06	1.035272312838076e-06
Dm2oxobutyrate	54268080.0	0.0	54268080.0	1.0	0.014024497104984613	0.0142650855566562	0.002751892334208193	0.04685257527182941	0.04825568994513485	0.011382118456447198
H2Ot_f	6157746143.0	1.0	6157746143.0	0.0	131.25989431715684	124.58816311052183	39.971179043734935	114.94553043072406	106.2958944914597	58.63697812508495
PHLACHt_f	5650906704.0	1.0	5650906704.0	0.0	375.86310283845404	389.3720085782538	157.8603180893882	337.6317780697965	350.1274240734088	161.2313847313101
CO2t	8981193039.0	1.0	8981193039.0	0.0	138.81536357090297	138.09520964396694	15.913294238688989	102.90135075843014	99.82107024321999	22.02753009653846
DmGSSG	6089381974.0	1.0	6089381974.0	0.0	0.7586657282374809	0.6752154204806353	0.507844097756853	0.5704131244535363	0.4706362480456283	0.436948277195063
GLUt4	5901937336.0	1.0	5901937336.0	0.0	0.003889173334305321	0.0039857274129969505	0.0021811100519176503	0.0032277521690712947	0.00313351076985485	0.0016128264946061212
ALAPAT4te	9444717823.0	1.0	9444717823.0	0.0	0.029794227692188494	0.0314382767244875	0.011495439757870691	0.00820136450862625	0.00859324606082075	0.002863439125876249
DmAla	6893783895.0	1.0	6893783895.0	0.0	2.4315883435601937	1.9285866402350558	2.052566187251597	1.1956124665158654	0.9300949345550342	1.0189033928824773
ASPte_r	9796457334.0	1.0	9796457334.0	0.0	450.8066708023205	440.0781272983735	212.52507620887818	45.706070980466244	46.018220859242874	25.634636377596998
DmAsp	9798812292.0	1.0	9798812292.0	0.0	452.54875336656744	441.9266456919702	212.6045023665275	46.77531640305014	47.079843584814	25.568668413232057
DmPalm	9648486345.0	1.0	9648486345.0	0.0	1.8702325029928446	1.8314511491816756	0.8923117661238026	0.3030495516318731	0.23133144743672251	0.2655033638428162
ATPM	5056218775.0	0.9999933368287025	5056218775.0	6.663173653461663e-06	13.846873254533879	10.459247460749655	12.385282078207839	13.165331891883588	10.364768107641703	11.2022164266605
GACMTRc	7759993349.0	1.0	7759993349.0	0.0	0.05002825310112128	0.04866681922199895	0.028377132316516555	0.02366692590216751	0.020377721154765598	0.016289907716897836
CKc_cho	7759993349.0	1.0	7759993349.0	0.0	0.05002825310112018	0.04866681922199825	0.02837713231651678	0.02366692590217451	0.02037772115477165	0.01628990771689691
CRTNsyn_cho	7759993349.0	1.0	7759993349.0	0.0	0.050028253101120156	0.04866681922199825	0.028377132316516788	0.023666925902174507	0.0203777211547717	0.016289907716896916
CRTNtr	7759993349.0	1.0	7759993349.0	0.0	0.05002825310112018	0.048666819221998295	0.028377132316516774	0.02366692590217451	0.0203777211547717	0.016289907716896916
NDPK1	676910567.0	0.0	676910567.0	1.0	1.5093253919068057	1.1554653199235787	1.3105948495786763	14.848118890898116	12.73458556300277	11.398420901655907
NDPK5	10000000000.0	1.0	10000000000.0	0.0	2.2780325535666594e-06	2.3274708053679943e-06	2.0046951903706491e-07	1.4866379329633228e-07	1.4899224580207726e-07	3.4160397602067446e-08
NDPK8	10000000000.0	1.0	10000000000.0	0.0	3.0340779100515005e-06	3.099923987391827e-06	2.6700239134018245e-07	1.9800311042977401e-07	1.9844057147182957e-07	4.5497728994508266e-08
NDPK7	10000000000.0	1.0	10000000000.0	0.0	2.1730837917330496e-06	2.220244427592017e-06	1.9123390571728055e-07	1.4181486525716912e-07	1.421281859860633e-07	3.258663105254646e-08
DTMPK	10000000000.0	1.0	10000000000.0	0.0	3.012904037011849e-06	3.078290595391794e-06	2.651390658497087e-07	1.9662130915723614e-07	1.9705571729499343e-07	4.5180214690734226e-08
NDPK4	10000000000.0	1.0	10000000000.0	0.0	3.0129040370511436e-06	3.0782905953997798e-06	2.651390658432687e-07	1.9662130915763083e-07	1.9705571729590164e-07	4.518021469071298e-08
HIStiDF_r	3897578083.0	0.0	3897578083.0	1.0	0.08817804884358438	0.0918681712236165	0.041641548075304013	0.1056756002617055	0.1089784027993939	0.028237653185965616
PTRCOX1	7046612424.0	1.0	7046612424.0	0.0	0.043349311442800645	0.04104129063366315	0.0259626825942333	0.025372561098262626	0.0236259066472913	0.015685517361475058
ABUTD	7046612424.0	1.0	7046612424.0	0.0	0.043349311442801255	0.04104129063366365	0.025962682594233278	0.025372561098274696	0.023625906647306398	0.01568551736147864
r0465_1	5152309071.0	1.0	5152309071.0	2.003713634582403e-32	8.336631112818512	7.243967104173835	5.348723073360354	8.461314532246934	6.908284290524008	6.208959383878401
ABUTH	4153229238.0	0.0	4153229238.0	1.0	5.698526935189143	4.36766913590125	4.85677028063401	7.558748410654703	5.975338868159097	6.123384534921015
GLUDC	9633805362.0	1.0	9633805362.0	0.0	7.576905930840278	7.547009912337337	3.1010525219524805	1.854283069695958	1.6509033110137703	1.1456726769330907
HISDr	10000000000.0	1.0	10000000000.0	0.0	21.306665967983555	21.552866743578463	1.5135096183639853	11.708862912813178	11.847991750791085	0.7683150996607178
URCN	10000000000.0	1.0	10000000000.0	0.0	21.306665967983502	21.552866743578456	1.5135096183639882	11.708862912813192	11.847991750791092	0.7683150996607137
IZPN	10000000000.0	1.0	10000000000.0	0.0	21.306665967983495	21.552866743578445	1.5135096183639818	11.70886291281319	11.847991750791088	0.7683150996607149
GluForTx	10000000000.0	1.0	10000000000.0	0.0	21.30666596798346	21.552866743578424	1.5135096183639924	11.708862912813194	11.847991750791085	0.7683150996607144
FTCD	10000000000.0	1.0	10000000000.0	0.0	21.30666596798355	21.552866743578523	1.513509618364057	11.708862912813185	11.847991750791053	0.7683150996607165
CARPEPT1tc_r	9999880635.0	1.0	9999880635.0	0.0	23.856621189211236	23.684152033486093	2.524633869241568	12.505755332709569	12.495143299467937	1.1818357659234173
NBAHH_ir	9323863796.0	1.0	9323863796.0	0.0	30.991203898789855	29.586117113699427	6.925993116638968	18.589587985815633	17.27260256406452	5.303778944422817
r0283	5386961038.0	1.0	5386961038.0	1.077457015995826e-197	7.13458270957878	5.349024434516671	6.237586295748974	6.083832653106182	4.713277720056762	5.185743206943034
ASP1DC	6264726059.0	1.0	6264726059.0	0.0	2.0844991313692858	1.332272374603036	2.040818407709934	1.1548255296482262	0.8564707786841688	1.0552403813350746
CSNt_r	3477578279.0	0.0	3477578279.0	1.0	13.12789580197473	10.985794512911525	9.791153092053367	21.070382822167254	18.42191050863842	15.165677286704854
bAlaSynthesis	3477578279.0	0.0	3477578279.0	1.0	13.127895801927124	10.985794512309688	9.791153092079252	21.07038282216721	18.421910508638412	15.165677286704872
LYSt5r_r	1395766471.0	0.0	1395766471.0	1.0	0.009593297724865666	0.009289107343436648	0.0058517342463126985	0.023710892987396873	0.024006115206078198	0.01096590270206712
LYStm	1372790416.0	0.0	1372790416.0	1.0	0.00945702221795314	0.0091525089653581	0.005851338880104664	0.023701999684375395	0.0239973016125117	0.01096612723961732
SACCD3m	1372790416.0	0.0	1372790416.0	1.0	0.00945702221795276	0.00915250896536	0.005851338880106032	0.023701999684375395	0.0239973016125117	0.01096612723961732
r0525	1372790416.0	0.0	1372790416.0	1.0	0.009457022217953307	0.0091525089653583	0.00585133888010464	0.023701999684375395	0.0239973016125117	0.01096612723961732
AASAD3m	1372790416.0	0.0	1372790416.0	1.0	0.009457022217953262	0.0091525089653583	0.005851338880104605	0.02370199968437539	0.0239973016125117	0.010966127239617318
r0450	1372790416.0	0.0	1372790416.0	1.0	0.009457022217953266	0.0091525089653583	0.0058513388801046074	0.023701999684375395	0.0239973016125117	0.01096612723961732
2OXOADOXm	1372103989.0	0.0	1372103989.0	1.0	0.009722891598972928	0.0094321669188835	0.005834439445138153	0.023984498950402337	0.0242881164165175	0.010984695647409002
GLUTCOADHm	1372103989.0	0.0	1372103989.0	1.0	0.009722891598972942	0.0094321669188835	0.005834439445138157	0.02398449895040234	0.0242881164165175	0.010984695647409021
3HBCDm	1372103989.0	0.0	1372103989.0	1.0	0.00972289159897292	0.0094321669188835	0.005834439445138158	0.023984498950402337	0.0242881164165175	0.010984695647409002
HACD1m	1372103989.0	0.0	1372103989.0	1.0	0.009722891598972995	0.0094321669188836	0.005834439445138138	0.02398449895040235	0.0242881164165175	0.010984695647409
HMGCOASm	1493480791.0	0.0	1493480791.0	1.0	7.012854178851419e-08	7.277008933761504e-08	5.683094221337469e-08	3.1171439494958215e-07	2.682303398690677e-07	2.3373946414738933e-07
CYStec_r	482835.0	0.0	482835.0	1.0	0.039944318291728	0.040999547140958	0.007976626478628719	0.08223119359228082	0.08301852971816776	0.00895759358676176
CYSTA	6538281362.0	1.0	6538281362.0	0.0	0.09735075047582663	0.09613359879892616	0.041863319801171424	0.07507493313015483	0.07112877917339094	0.03717974015401482
CYANt_r	6538281362.0	1.0	6538281362.0	0.0	0.09735075047582394	0.09613359879892394	0.04186331980117259	0.07507493313015469	0.07112877917339086	0.037179740154014804
MCPST	6538281362.0	1.0	6538281362.0	0.0	0.09735075047582392	0.096133598798924	0.0418633198011726	0.0750749331301548	0.07112877917339094	0.037179740154014804
TCYNTt	5605129140.0	1.0	5605129140.0	0.0	0.05349288975649069	0.045657520310385405	0.04002523782359965	0.04446884909456449	0.03650335841673985	0.034210710984757364
CYSO	1428578227.0	0.0	1428578227.0	1.0	0.03461912066426226	0.0364918260945346	0.011034938099825949	0.08399661110052692	0.08243209434400564	0.04236296650866891
3SALATAi	2524683564.0	0.0	2524683564.0	1.0	0.016273209584505004	0.015110345118178398	0.010787622507099148	0.04244870436054267	0.035003283695119194	0.03292958823560636
3SALAASPm	2735535699.0	0.0	2735535699.0	1.0	0.018345911079757995	0.01683991213345225	0.011839672392318706	0.041547906739993486	0.0354998863127466	0.03007822036963024
3SALATAim	2735535699.0	0.0	2735535699.0	1.0	0.018345911079757974	0.016839912133452102	0.011839672392318729	0.04154790673998019	0.03549988631273755	0.030078220369629483
3SPYRSP	2524683564.0	0.0	2524683564.0	1.0	0.01627320958450517	0.0151103451181786	0.010787622507099165	0.04244870436054166	0.035003283695100904	0.03292958823560556
3SPYRSPm	2735535699.0	0.0	2735535699.0	1.0	0.01834591107975795	0.0168399121334522	0.011839672392318677	0.04154790673998031	0.03549988631273815	0.030078220369629444
HMR_3951	2524683564.0	0.0	2524683564.0	1.0	0.01627320958450501	0.015110345118178398	0.010787622507099144	0.04244870436054167	0.035003283695100945	0.03292958823560553
ExSulfitem	2735535699.0	0.0	2735535699.0	1.0	0.01834591107969322	0.0168399121336507	0.011839672392349176	0.04154790673998026	0.03549988631273765	0.03007822036962949
PHETHPTOX2	10000000000.0	1.0	10000000000.0	0.0	3.8209116789346795e-05	3.8933996659842135e-05	3.345089669080225e-06	1.734649680124447e-06	1.6140289437131943e-06	1.0352723128380762e-06
TYRt_r	200000.0	0.0	200000.0	1.0	0.0	0.0	0.0	1.734137319393001e-06	1.726607544520793e-06	9.460021447212122e-07
TYRTA	6083435232.0	1.0	6083435232.0	0.0	1.4607094483905898e-06	1.3764790093197404e-06	9.328467779869672e-07	1.070595795297622e-06	1.0438036514397734e-06	4.885337131256014e-07
34HPPOR	6083435174.0	1.0	6083435174.0	0.0	1.4607094331878915e-06	1.3764790066142477e-06	9.328467800652507e-07	1.0705957952396276e-06	1.043803651447879e-06	4.885337131190254e-07
HGNTOR	6083435174.0	1.0	6083435174.0	0.0	1.4607094331878915e-06	1.3764790066142477e-06	9.328467800652507e-07	1.070595795239628e-06	1.0438036514478787e-06	4.885337131190258e-07
MACACI	6083435174.0	1.0	6083435174.0	0.0	1.4607094331878711e-06	1.3764790066142026e-06	9.328467800652469e-07	1.0705957952396276e-06	1.0438036514478787e-06	4.885337131190263e-07
FUMAC	6083435173.0	1.0	6083435173.0	0.0	1.4607094332000606e-06	1.3764790066240212e-06	9.328467800520701e-07	1.0705957952397366e-06	1.0438036514479683e-06	4.885337131190713e-07
AACOAT	6083435173.0	1.0	6083435173.0	0.0	1.4607094332000608e-06	1.3764790066240214e-06	9.328467800520698e-07	1.0705957952397532e-06	1.0438036514479808e-06	4.88533713119079e-07
r2534_r	32385617.0	0.0	32385617.0	1.0	0.011288273191558488	0.01168579286477265	0.002519454709531239	0.04377276380483121	0.044877146464943896	0.011105960122817338
THRD_L	31176097.0	0.0	31176097.0	1.0	0.011216307339954526	0.01161396281886895	0.002520290897267719	0.04376806733266171	0.04487256145093745	0.011105941392331415
OBDHc	9996406132.0	1.0	9996406132.0	0.0	1.9589128602427554e-05	2.0620243711509428e-05	5.946608580085552e-06	6.327746287490349e-07	6.098371199706787e-07	2.9080670433370134e-07
PPCOAtm	9996406132.0	1.0	9996406132.0	0.0	1.9589128601472653e-05	2.062024371093216e-05	5.946608580036909e-06	6.32774628424613e-07	6.09837122280747e-07	2.9080670470439377e-07
r1616_r	9929570196.0	1.0	9929570196.0	0.0	0.029455539254471988	0.03223946155399565	0.010861706088031099	0.0011695477375806079	0.0010930512266619	0.0006348127376846072
TRPO2	9929368296.0	1.0	9929368296.0	0.0	0.029452476868014152	0.0322362546467932	0.010861702954692475	0.0011693478870619962	0.0010928416707090501	0.0006348090006604349
FKYNH	9929368296.0	1.0	9929368296.0	0.0	0.029452476868015793	0.0322362546467947	0.010861702954693523	0.0011693478870619999	0.0010928416707091	0.0006348090006604411
KYN	9934819979.0	1.0	9934819979.0	0.0	0.029186607486996398	0.0319829020105626	0.010865345874039345	0.0008868486210350718	0.00082261531868575	0.0005530945784754181
ANTHte	9934819979.0	1.0	9934819979.0	0.0	0.029186607486996436	0.0319829020105627	0.010865345874039284	0.0008868486210350602	0.0008226153186857	0.000553094578475417
KYN3OX	4736187211.0	4.101435575734843e-93	4736187211.0	1.0	0.0002658693810196866	0.00025107224421425003	0.00016651349728559684	0.0002824992660268678	0.0002715725469775	0.00017219468195376006
HKYNH	4736187211.0	4.101435575734843e-93	4736187211.0	1.0	0.0002658693810196866	0.00025107224421425003	0.00016651349728559684	0.0002824992660268678	0.0002715725469775	0.00017219468195376014
3HAO	4736187211.0	4.101435575734843e-93	4736187211.0	1.0	0.00026586938101968684	0.00025107224421425003	0.00016651349728559651	0.0002824992660268677	0.0002715725469775	0.00017219468195375985
PCLAD	4736187211.0	4.101435575734843e-93	4736187211.0	1.0	0.00026586938101968603	0.00025107224421425003	0.00016651349728559584	0.0002824992660268677	0.0002715725469775	0.00017219468195376006
AM6SAD	4736187211.0	4.101435575734843e-93	4736187211.0	1.0	0.0002658693810196851	0.00025107224421425003	0.00016651349728559613	0.0002824992660268677	0.0002715725469775	0.00017219468195375987
AMCOXO	4736187211.0	4.101435575734843e-93	4736187211.0	1.0	0.00026586938101968484	0.00025107224421425003	0.00016651349728559597	0.00028249926602686766	0.0002715725469775	0.00017219468195375995
2OXOADPTm	4736187211.0	4.101435575734843e-93	4736187211.0	1.0	0.00026586938101968494	0.00025107224421425003	0.00016651349728559603	0.00028249926602686234	0.0002715725469775	0.0001721946819537595
ExCystineGlu	8128671372.0	1.0	8128671372.0	0.0	0.015434789728871181	0.013210302051972801	0.01124002025798637	0.0046126812066088815	0.0043004791299641	0.002964738724203517
ExCystineSer	6421684877.0	1.0	6421684877.0	0.0	0.06858976158130047	0.0701023825275343	0.015775797936729754	0.061481442725890574	0.0629137424616645	0.011922474964492103
CystinePyruvate	6066719310.0	1.0	6066719310.0	0.0	0.017064873083453492	0.015153416659294601	0.0119661227237189	0.012514221100802735	0.01092169329989235	0.009278189141463817
CystineReductaseNADPH	3614436726.0	0.0	3614436726.0	1.0	0.009157285488258424	0.00799513744650825	0.0065198876690738304	0.01331750007132591	0.01243511053744485	0.00868142400177068
CystineReductaseNADH	6573526503.0	1.0	6573526503.0	0.0	0.024960575271165727	0.02183488594188175	0.017593760236883683	0.0156330840002287	0.01308661730002915	0.012047400825636568
CystineGSH	6258828974.0	1.0	6258828974.0	0.0	0.03284181746729689	0.03189289389237905	0.01883026190282178	0.024629318760141492	0.0239530180943501	0.013717639524309171
Ex3HB	4937261980.0	5.879555735003591e-07	4937261980.0	0.9999994120446565	8.365672839472523	7.612660093397121	4.649474174028375	7.78318690176328	8.10808141594076	2.047491866610599
Transport3HB_forward	4937261980.0	5.879555735003591e-07	4937261980.0	0.9999994120446565	8.365672839524724	7.612660093529699	4.64947417401367	7.7831869017633135	8.108081415940777	2.047491866610585
bBDH	4937261980.0	5.879555735003591e-07	4937261980.0	0.9999994120446565	8.36567283953669	7.612660093504706	4.649474174028658	7.783186901763348	8.108081415940774	2.047491866610577
OCOAT1m	4937261980.0	5.879555735003591e-07	4937261980.0	0.9999994120446565	8.365672839536712	7.612660093504781	4.64947417402866	7.78318690176331	8.108081415940806	2.047491866610583
ACACT1m	4926814224.0	7.184534698541596e-09	4926814224.0	0.9999999928154686	8.375395660995213	7.6233158084870976	4.6489242781310445	7.807171088999086	8.13312041626438	2.0490930091683524
G3PD1ir	2726924337.0	0.0	2726924337.0	1.0	10.801918285705064	7.895916013838935	9.83273584129505	24.115104313432905	19.928284826050014	18.99867968904947
GLYC3Ptm	2726924337.0	0.0	2726924337.0	1.0	10.801918285705101	7.895916013839059	9.832735841295067	24.11510431343264	19.92828482605009	18.99867968904937
G3PDm	2726924337.0	0.0	2726924337.0	1.0	10.801918285705046	7.89591601383891	9.832735841295053	24.115104313432607	19.928284826050067	18.99867968904935
DHAPtm	2726924337.0	0.0	2726924337.0	1.0	10.801918285705066	7.895916013838928	9.832735841295047	24.115104313432617	19.928284826050113	18.99867968904935
CMPuptake_r	9670477643.0	1.0	9670477643.0	0.0	4.72143399591006e-06	4.413328122245393e-06	3.126290341136804e-06	2.882447774779077e-07	2.85825846365549e-07	1.7279243065467878e-07
UMPuptake_r	9744912002.0	1.0	9744912002.0	0.0	1.1073844900733434e-05	1.1011104702633648e-05	5.8511911508517e-06	8.210039553465461e-07	8.101298391489283e-07	3.9215646076397476e-07
Transport_ala_B_c_e	6206386488.0	1.0	6206386488.0	0.0	39.06901612250619	37.23901646133365	10.129732140775765	34.730963684524085	32.19727946245976	15.276331081248305
EX_ala_B	6206386488.0	1.0	6206386488.0	0.0	39.06901612250626	37.23901646133365	10.129732140775781	34.73096368452367	32.19727946245951	15.276331081248351
Transport_octanoyl_ACP_c_e					0.0	0.0	0.0	0.0	0.0	0.0
EX_octanoyl_ACP					0.0	0.0	0.0	0.0	0.0	0.0
TMDK1	9849522636.0	1.0	9849522636.0	0.0	1.2914646002704516e-06	1.1810497435716049e-06	8.389118389900354e-07	3.055327714750166e-08	3.255697187559828e-08	3.286818607280741e-08
THYMDt1_r	9849522636.0	1.0	9849522636.0	0.0	1.2914646002704542e-06	1.181049743571607e-06	8.389118389900343e-07	3.055327714750168e-08	3.2556971875598285e-08	3.286818607280737e-08
EX_thymd	9849522636.0	1.0	9849522636.0	0.0	1.2914646002704552e-06	1.1810497435716049e-06	8.389118389900359e-07	3.0553277147501664e-08	3.255697187559828e-08	3.286818607280738e-08
Transport_HC00576_c_e	7766749707.0	1.0	7766749707.0	0.0	2.6381041775199687	2.140426351599488	2.102678451325025	0.902566121592956	0.6652607567835578	0.8399832224465155
EX_HC00576	7766749707.0	1.0	7766749707.0	0.0	2.6381041775199985	2.1404263515995674	2.1026784513250276	0.902566121592956	0.6652607567835578	0.8399832224465155
Transport_4abut_c_e	9055560362.0	1.0	9055560362.0	0.0	4.982151064687842	4.625486617373399	3.1262505155248936	0.9770895092018644	0.7542036095052145	0.8442909591973577
EX_4abut	9055560362.0	1.0	9055560362.0	0.0	4.982151064687901	4.625486617373463	3.1262505155249007	0.9770895092018641	0.754203609505214	0.8442909591973577
EX_h_e_b	7917106010.0	1.0	7917106010.0	0.0	408.47512995384267	413.3333155679152	71.81739067014442	296.0518151524285	302.5264364970967	110.88353186161864
EX_h2o_e_b	5853099590.0	1.0	5853099590.0	0.0	215.8727421388898	211.48412276253245	60.15286762048764	195.57085397602015	193.54081923837822	74.50546993587416
EX_ala__L_e_b	8396319380.0	1.0	8396319380.0	0.0	0.03828891487680429	0.038607872608495	0.0054889006928793655	0.028387482719122913	0.0287380548193733	0.008432989349300894
EX_hdca_e_b	5686725289.0	1.0	5686725289.0	0.0	0.00010216379736032489	0.00010517128024875	2.6879703154598422e-05	9.498111154362956e-05	9.673272699849504e-05	2.8931318492392773e-05
PGM_b	7558954777.0	1.0	7558954777.0	0.0	2.932133231329905	2.8306247736247534	1.4992249982819206	1.6496180066490673	1.3906809081242841	1.0786078873489757
ENO_b	7008584045.0	1.0	7008584045.0	0.0	2.803253618160585	2.632217835063435	1.6339762869418788	1.7274695864242655	1.4704879267349678	1.0806870465351828
TKT2_b	9158104469.0	1.0	9158104469.0	0.0	0.27158753936446434	0.2803262155206558	0.10260225487485192	0.10374996677900883	0.10639427841564555	0.04948696501384555
RPE_b	8849734108.0	1.0	8849734108.0	0.0	0.31820985704941274	0.32137309486720333	0.13954821575991358	0.12829694769404515	0.12527177206995885	0.05293159921827035
TKT1_b	8184256191.0	1.0	8184256191.0	0.0	0.21205631878801368	0.2125228758179887	0.10765022964885973	0.09721083758205816	0.09469879194126145	0.04333716263691462
TALA_b	9958224300.0	1.0	9958224300.0	0.0	1.973875567463476	1.8799358737327825	0.8504895377180451	0.1427519094775578	0.13695044798422462	0.0659550713261932
ACONTm_b	2250215001.0	0.0	2250215001.0	1.0	32.64950149532721	32.986383216087255	17.27022651555478	64.81367908871839	61.60670006155552	35.332357513332134
ICDHym_b	47253804.0	0.0	47253804.0	1.0	55.52011644748144	55.996343907018485	13.32138634419623	209.09528019864027	211.85302784409174	61.13925317869923
SUCOAS1m_b	8047979220.0	1.0	8047979220.0	0.0	11.13981880865019	11.302408312636324	3.0591931656016036	7.533004505985514	7.606440037202525	2.821995041970133
FUMm_b	9185404777.0	1.0	9185404777.0	0.0	204.88791022569063	210.62774118012462	63.0649444920917	90.75234943002827	88.01579448580031	44.9103509864596
MDHm_b	1309119579.0	0.0	1309119579.0	1.0	200.58580149273052	201.2205401879497	81.05049870613439	357.5691543205504	361.96905865073546	107.70316901012964
FUM_b	6439884025.0	1.0	6439884025.0	0.0	46.581681531178646	45.532037767304075	26.326270937038345	33.968011939923045	33.73544558900521	14.232856536866866
MDH_b	8290467438.0	1.0	8290467438.0	0.0	276.9312154618288	285.2471910940239	136.7027266447827	115.95419106115584	112.30592844523713	57.04667908044112
AKGMALtm_b	29992037.0	0.0	29992037.0	1.0	43.589314201269715	42.815501589082075	19.06322527695496	289.61982504156214	288.380886044671	96.42691223909809
PYRt2m_b	8781120606.0	1.0	8781120606.0	0.0	60.939607615698854	56.9766575491135	36.65178790654914	16.611692719650733	16.430469628454983	7.81126500581923
FUMtm_b	1032202789.0	0.0	1032202789.0	1.0	45.08454475870506	43.94505438609137	14.911326707762225	80.96238471505828	79.2631430945871	24.402451756722524
CO2tm_b	7205903788.0	1.0	7205903788.0	0.0	153.82611987311915	156.413454045528	67.02045149701881	99.07618528896198	86.03233651083204	69.49816172993975
r0801_b	6159740714.0	1.0	6159740714.0	0.0	11.241756789127875	11.301391286361618	5.097850295398244	9.25603507729231	9.18830791312593	3.8957640427056877
H2Otm_b	2703870212.0	0.0	2703870212.0	1.0	226.71726420863325	230.19736119271147	14.319698088374249	246.32723295970038	246.711968820286	28.962003304508873
NH4tm_b	4827151078.0	3.5160181894581145e-41	4827151078.0	1.0	110.22336267616686	111.11055250570448	50.778310712048906	113.6129388444814	114.35425447624546	46.246458660544455
NDPK3_b	9125559486.0	1.0	9125559486.0	0.0	6.553687608128771e-06	6.220031182181711e-06	3.516774208334837e-06	1.8767206316240777e-06	1.8402767376655155e-06	6.897718062397443e-07
GLUDym_b	4618212209.0	1.6583615803595526e-192	4618212209.0	1.0	66.67619811334872	66.46238052496399	31.22184130973632	71.65586589603235	70.25769006684374	33.788177969932384
ASPTA_b	8821406406.0	1.0	8821406406.0	0.0	130.06339594419555	133.98317875076276	61.91679803721346	45.34991680156051	45.21044767181395	21.359515718181804
r0074_b	113542090.0	0.0	113542090.0	1.0	1.948283817986476e-05	1.617461468114424e-05	1.4615474170316264e-05	0.00010247860401674828	0.0001038138447107	3.0328199715268467e-05
GLU5SAtmc_b	9888288696.0	1.0	9888288696.0	0.0	0.0006161240460055442	0.000644239872063	0.00024056636318852797	0.00010247860401674805	0.0001038138447107	3.0328199715268488e-05
G5SADs_b	116307088.0	0.0	116307088.0	1.0	1.843013397233586e-05	1.5003414379903795e-05	1.483777796193121e-05	0.00010247860401674828	0.0001038138447107	3.0328199715268467e-05
GHMT2r_b	5331478921.0	1.0	5331478921.0	1.0785838886978382e-145	55.125981922416436	51.17835507454388	23.02728024406561	50.765617363072224	51.54469314539554	19.351803490431518
ALATA_L_b	9999947330.0	1.0	9999947330.0	0.0	0.06648465494344832	0.0670270262716056	0.007015578165932982	0.03051247829624181	0.03100484192773125	0.008254901433629096
MTHFC_b	16755928.0	0.0	16755928.0	1.0	2.9464191188593225	2.4654879508747674	2.11300458098124	10.926700070071277	11.070907072038684	0.7307998340540166
MTHFD2i_b	6825198746.0	1.0	6825198746.0	0.0	127.30739711779928	131.38604229545305	47.59025291884634	98.1878104011938	96.55686582032709	39.43087704158515
PTRCtex2_b	7354336580.0	1.0	7354336580.0	0.0	0.00029960772887369265	0.00031233647701565004	0.00012620789724103584	0.00019042678424608997	0.00018434444232305	0.0001167452613827295
H2Ot_b	6124676780.0	1.0	6124676780.0	0.0	27.221663290493055	29.216155311240527	13.688500402883824	22.3760834832779	19.016738548703316	16.532347660032865
PHLACHt_b	5341459361.0	1.0	5341459361.0	1.8603737773666592e-154	394.6606588964633	409.55884433643905	155.02438914705888	375.0208359997004	389.06406692867324	162.39401999501314
