	statistic_less	pvalue_less	statistic_greater	pvalue_greater	mean_MDAMB231	median_MDAMB231	std_MDAMB231	mean_MDAMB361	median_MDAMB361	std_MDAMB361
EX_lac__L_e	10000000000.0	1.0	10000000000.0	0.0	4.845928752424576	4.891389643611335	0.20156298153955626	0.07083864597394354	0.07265717173132745	0.008382697182930351
EX_glc__D_e_r	10000000000.0	1.0	10000000000.0	0.0	2.7699411756903736	2.7959544407642323	0.11522226844178754	0.10273070201069297	0.10419303798290085	0.013293771082288037
EX_gluIN__L_e	0.0	0.0	0.0	1.0	0.0	0.0	0.0	0.0029159891244499984	0.00253288059238285	0.0021382351311480694
EX_gluOUT__L_e	10000000000.0	1.0	10000000000.0	0.0	0.13085025804960204	0.13116097620830597	0.008739051378982505	0.010944278685463557	0.01109098664368845	0.001486846595990575
EX_gln__L_e_r	10000000000.0	1.0	10000000000.0	0.0	0.6777766710536607	0.679090425179167	0.036699823892158936	0.20206691422606218	0.20718951529890625	0.024153166686304777
EX_asp__L_e	0.0	0.0	0.0	1.0	0.0	0.0	0.0	0.029660983505379948	0.030774814308689002	0.011036534280205889
DM_asp__L_e	637812636.0	0.0	637812636.0	1.0	0.0897016652649236	0.06461955718218626	0.08422688511009037	1.1928458472717518	0.8966668513966998	1.0780761142471549
EX_co2_e	288291.0	0.0	288291.0	1.0	29.641622157438245	28.759392211077063	9.101271728014966	104.40152194877007	101.32355019598002	22.485260295025558
EX_h_e_f	3877390553.0	0.0	3877390553.0	1.0	224.24146937321856	212.62606241837236	130.0441234723561	266.6973888686243	275.78187033618974	83.43684743513431
EX_h2o_e_f	3126862721.0	0.0	3126862721.0	1.0	82.97121271531773	81.16619838839219	40.18015239688179	110.49163011998198	116.3949327061903	42.91834742945554
EX_ump_e_r	9406005221.0	1.0	9406005221.0	0.0	7.241342583765416e-06	7.672481602166918e-06	4.011863705390125e-06	8.992405411254674e-07	8.885406120069075e-07	3.93296561297775e-07
EX_pi_e_r	10000000000.0	1.0	10000000000.0	0.0	0.00013557613429032757	0.00013551521668355002	5.427092298447031e-06	1.3739817754806823e-05	1.3959927081090332e-05	2.9117540755401696e-06
EX_nh4_e	1012487649.0	0.0	1012487649.0	1.0	36.22455725552306	35.0574356964453	11.80855434844297	75.9941973032375	70.51096972346575	32.0805216021044
EX_o2_e_r	0.0	0.0	0.0	1.0	2.280986935800857	2.2047121588715015	0.5334605592572498	61.53377896186435	61.64733731961873	6.283507029350516
EX_arg__L_e_r	9887236101.0	1.0	9887236101.0	0.0	0.1772489810596613	0.18328008308447052	0.03608616447151471	0.07836102301474986	0.08150417248606151	0.012357143663775315
EX_pro__L_e	0.0	0.0	0.0	1.0	0.0	0.0	0.0	5.212443581999813e-06	5.303756767500429e-06	1.3532680368071944e-06
EX_leu__L_e_r	10000000000.0	1.0	10000000000.0	0.0	9.368115089845326e-05	9.385079112874745e-05	5.27467055111627e-06	8.90041945141775e-06	9.074010377491331e-06	1.847427027364722e-06
EX_ile__L_e_r	10000000000.0	1.0	10000000000.0	0.0	4.3686085844651606e-05	4.402331790603339e-05	1.1236921654946336e-06	4.465670772944403e-06	4.539801854059134e-06	9.534700353795073e-07
EX_met__L_e_r	21089985.0	0.0	21089985.0	1.0	2.3366905157861146e-05	2.3547284970238443e-05	6.010428293602143e-07	0.0029401111871304904	0.00288281284355775	0.001537619273713447
EX_gly_e_r	8337475680.0	1.0	8337475680.0	0.0	0.11459442812695288	0.10583230295930954	0.07574903612883073	0.03210725590444935	0.03258784225525395	0.014966996136344331
EX_phe__L_e_r	10000000000.0	1.0	10000000000.0	0.0	5.0770858629418755e-05	5.014753962150356e-05	7.03322281319216e-06	5.680061323357114e-06	5.631274640236799e-06	1.5353626616580871e-06
EX_ser__L_e_r	9462185948.0	1.0	9462185948.0	0.0	0.13454101800892646	0.11883296075018335	0.09586479587746173	0.011018295748029663	0.008859337660761451	0.008937564433121874
EX_ala__L_e_f	1014596889.0	0.0	1014596889.0	1.0	0.16877760183170576	0.12147316779508466	0.16042998942729553	1.2121211327346268	0.9233365621283143	1.048378357359222
EX_ribflv_e					0.0	0.0	0.0	0.0	0.0	0.0
EX_asn__L_e	0.0	0.0	0.0	1.0	0.0	0.0	0.0	0.010611102433712235	0.0106633119745099	0.0010082427677265444
EX_fol_e_r	76355590.0	0.0	76355590.0	1.0	0.0002628348318226053	0.00027844253407315	8.675333143998642e-05	0.001360506751614359	0.0014208944432027	0.00043806725978822136
EX_urea_e	6902858575.0	1.0	6902858575.0	0.0	0.05476970441274247	0.04699434247595255	0.04113656496569291	0.02771335716913257	0.0250009970218379	0.01844640382937972
EX_pyr_e	0.0	0.0	0.0	1.0	0.0	0.0	0.0	0.007669543679560692	0.0081239466110635	0.002910336752015958
PYRt2	0.0	0.0	0.0	1.0	0.0	0.0	0.0	0.007669543679560732	0.0081239466110635	0.0029103367520159603
EX_gudac_e	8511489500.0	1.0	8511489500.0	0.0	0.08319503623413424	0.08039930669028	0.05071037434581584	0.024138636779012103	0.0210545884517225	0.017438625807662235
EX_hdca_e_f	6042758262.0	1.0	6042758262.0	0.0	0.34915826289402946	0.33684142749322277	0.09689097270649889	0.33682403744647715	0.25605045491875833	0.29949483670997096
EX_ptrcIN_e	0.0	0.0	0.0	1.0	0.0	0.0	0.0	0.00033909216990480717	0.000344624606087	8.932583865714544e-05
EX_ptrcOUT_e	8940957046.0	1.0	8940957046.0	0.0	0.08838653889066007	0.08416924308470855	0.052302595194817746	0.02052944869147962	0.017199786743435398	0.015359098010850945
EX_biomassx	10000000000.0	1.0	10000000000.0	0.0	0.00015270690456672123	0.00015388571615439998	3.92792233409985e-06	1.560997620559584e-05	1.5869105118391476e-05	3.3329023391505876e-06
EX_gthox_e	133992939.0	0.0	133992939.0	1.0	0.021830031689545604	0.02038722248571405	0.012040447401612829	0.56139533007948	0.46760310786822806	0.42781043547899655
EX_2obut_e	9677172291.0	1.0	9677172291.0	0.0	0.4959405454285039	0.5530158593002428	0.22778450400493172	0.04771499454936873	0.04875269559684195	0.010302805007999823
EX_crn_e	0.0	0.0	0.0	1.0	3.6066686733305236e-18	3.4267936639431096e-18	1.1249619186832029e-17	0.9199748332212139	0.9460737423783313	0.19160462096820927
EX_val__L_e_r	9580078470.0	1.0	9580078470.0	0.0	0.29024901514432777	0.29225317919407184	0.12826431452993478	0.07608705652478809	0.07943475195997635	0.018271631733170493
EX_spmd_e	0.0	0.0	0.0	1.0	0.0	0.0	0.0	0.017131531905402637	0.01508427392164295	0.011524333615657224
EX_sprm_e	149638075.0	0.0	149638075.0	1.0	0.00046459378385282576	0.00044249675567170003	0.00022884137157668408	0.013600592893235878	0.0120673356869633	0.009245222135216283
EX_5mthf_e	76355581.0	0.0	76355581.0	1.0	0.00026283483182224616	0.00027844253410040003	8.675333143780793e-05	0.0013605067579811041	0.00142089444674455	0.0004380672571125723
EX_tmlys_e_r	0.0	0.0	0.0	1.0	0.0	0.0	0.0	0.9199748332212132	0.9460737423783336	0.19160462096820896
EX_thbpt_e_r	9220272084.0	1.0	9220272084.0	0.0	1.1148608929096923e-05	1.0505278859874017e-05	6.948558275768634e-06	1.6298032371959584e-06	1.5809993371407631e-06	9.193713674605158e-07
EX_CE2705_e	9220272084.0	1.0	9220272084.0	0.0	1.1148608929096923e-05	1.0505278859874017e-05	6.948558275768634e-06	1.6298032371959584e-06	1.5809993371407631e-06	9.193713674605158e-07
EX_crtn_e	5679786610.0	1.0	5679786610.0	0.0	0.03922937893025005	0.0285632806387044	0.03583735788094208	0.026503421027266143	0.0237371508231296	0.017431173036622435
EX_his__L_e_r	4431325502.0	0.0	4431325502.0	1.0	0.08915535115319997	0.08930299035707884	0.05745930742009674	0.09909316578389694	0.10179149841381024	0.029913635550963408
EX_lys__L_e_r	9693621699.0	1.0	9693621699.0	0.0	0.1687251561358572	0.1824410464637068	0.06925057568112149	0.0234159506342143	0.0234400541101438	0.011566368237292369
EX_carn_e_r	500399922.0	0.0	500399922.0	1.0	7.3027175899911345	7.186080456208238	2.7981389556352263	12.502805891295472	12.505758202632512	1.1069890642757705
EX_csn_e_r	2568186486.0	0.0	2568186486.0	1.0	9.71519796121767	9.379438891380353	3.543717724417137	22.254311351707244	19.667057130975927	15.72174291582794
EX_cys__L_e	0.0	0.0	0.0	1.0	0.0	0.0	0.0	0.08387388565000069	0.08428656822300154	0.00796950544356969
EX_cyan_e_r	7098763583.0	1.0	7098763583.0	0.0	0.11367940743594737	0.1015718418148211	0.059163719973636286	0.07359766088049816	0.07185848159173805	0.030776628733526986
EX_tcyntc	6709949847.0	1.0	6709949847.0	0.0	0.059601248315256136	0.04701680173059605	0.05137208916819448	0.030816124824407307	0.02771143742752915	0.02116143228967121
EX_tcynt_e	5640357589.0	1.0	5640357589.0	0.0	0.05407815912069004	0.0457145625581383	0.04159293894807082	0.042781536056091155	0.03844279250198305	0.02964362700386752
EX_so3_e	9166221974.0	1.0	9166221974.0	0.0	0.20026592943225485	0.21008620026687205	0.06350022849247378	0.08816736795722473	0.08663448529952965	0.04010315198508448
EX_thr__L_e_r	9698770092.0	1.0	9698770092.0	0.0	0.4959986563435274	0.5530744485114665	0.22778389029849908	0.04478290193887054	0.045611289468103	0.009931145085529069
EX_trp__L_e_r	9273954129.0	1.0	9273954129.0	0.0	0.005608192095215751	0.00603359557650035	0.0026040162450465094	0.001177536709258745	0.0010703511205893	0.0006846245799655036
EX_anth_e	9442580871.0	1.0	9442580871.0	0.0	0.005606160177143542	0.0060315395176104	0.0026040162764609733	0.0009133038436682821	0.000817629952096	0.0006168696596626543
EX_tyr__L_e_r	9392710323.0	1.0	9392710323.0	0.0	1.3234255229983836e-05	1.3866530926858581e-05	6.970404420674277e-06	1.869295633646256e-06	1.9063887030663225e-06	8.980953779692138e-07
EX_cystinex_r	10000000000.0	1.0	10000000000.0	0.0	0.18362373899566753	0.18757630397078165	0.014231577526656984	0.06610874697824767	0.06723584027116185	0.012504379422636661
EX_3hydroxybutanoatex_r	36012412.0	0.0	36012412.0	1.0	1.185071586006746	1.0103235121235266	0.7289000399558854	8.024597864822251	8.375069037357399	2.0002171319683457
EX_gthrd_e_r	177288949.0	0.0	177288949.0	1.0	0.02637354415742816	0.02150923734610985	0.02110345123546223	1.09148030304133	0.9028550118673693	0.8566766541488323
EX_cmp_e_r	9664737106.0	1.0	9664737106.0	0.0	3.585227969859594e-06	3.5179467196089747e-06	1.9915951252420237e-06	3.122784258574156e-07	3.050832198845022e-07	1.736969894706545e-07
HEX1	1583753698.0	0.0	1583753698.0	1.0	2.928810074373213	2.9144150645868856	0.19370950646946933	13.267207301919433	9.95216432912006	11.277565515079326
G6PP	96785327.0	0.0	96785327.0	1.0	0.1588688986828115	0.11628592733952939	0.14859465516786266	13.164476599912096	9.847833036235112	11.276862946748876
PGI	9758718097.0	1.0	9758718097.0	0.0	1.2950910526807131	1.2765501667091692	0.7912088628756574	0.05404603595347148	0.05396226500744765	0.029361541904577744
PFK	635180514.0	0.0	635180514.0	1.0	1.0120870959294193	0.9420061134067478	0.6193807563492384	13.488678108846447	10.05516374582766	12.589043086103876
FBP	101742752.0	0.0	101742752.0	1.0	0.15042532499451333	0.10239798436313245	0.14532080731401217	13.462743932780407	10.03070810552181	12.588333008738282
FBA	9821220451.0	1.0	9821220451.0	0.0	0.8616617709348819	0.808731276977912	0.5857205743058249	0.025934176064196613	0.02278281013643635	0.017457745230247325
TPI	10000000000.0	1.0	10000000000.0	0.0	2.2776610160769675	2.2667090174449984	0.2811607094877593	0.05694294348542654	0.057087431558979246	0.016940700749931446
GAPD	10000000000.0	1.0	10000000000.0	0.0	5.046607013852397	5.044287031294836	0.33973587104352015	0.11533434073703631	0.11562955637028485	0.03666926242136754
PGK	10000000000.0	1.0	10000000000.0	0.0	4.8902699469385364	4.89282031100247	0.3772191566581907	0.05971578733188199	0.0546217769610776	0.039623229318820126
DPGM	7300865436.0	1.0	7300865436.0	0.0	0.15633706691396182	0.1123842297222428	0.14990120182139713	0.05561855340489774	0.049445129103899754	0.03920023487577098
DPGase	7300865436.0	1.0	7300865436.0	0.0	0.1563370669139586	0.1123842297222431	0.14990120182139732	0.05561855340490101	0.049445129103905056	0.0392002348757712
PGM_f	10000000000.0	1.0	10000000000.0	0.0	21.191974371932332	21.98671135853389	6.782643928668441	0.4521333903199041	0.4572884551894091	0.11921485055930843
ENO_f	10000000000.0	1.0	10000000000.0	0.0	20.2666330262181	21.29352420868473	7.347046171693799	0.5130293432894238	0.5301098881914375	0.15514799462123952
PYK	0.0	0.0	0.0	1.0	4.991952506217468	4.988519213568747	0.34454060749505216	34.25981675633695	32.12315180125329	11.525898640708885
LDH_L	10000000000.0	1.0	10000000000.0	0.0	4.845928752424657	4.891389643610834	0.20156298153954005	0.07083864597554286	0.07265717173382275	0.008382697182291173
r0407	9945527797.0	1.0	9945527797.0	0.0	1.4159992451420276	1.4343026053219508	0.6497595735253545	0.031008767421236566	0.0291201813616348	0.019653368176262648
PRPPS	3507517.0	0.0	3507517.0	1.0	0.0009531538910900349	0.0009097716287488	0.00045700615207386303	0.04433500898628752	0.043170230907049245	0.019738300368276684
G6PDH2r	9869115150.0	1.0	9869115150.0	0.0	1.474808098985583	1.4876887834157266	0.7892717177842756	0.048680370285713946	0.04762645252124455	0.02952680059594266
PGL	9869115150.0	1.0	9869115150.0	0.0	1.474808098985536	1.4876887834156052	0.7892717177842905	0.04868037027966174	0.04762645252058595	0.02952680059693718
GND	9869115150.0	1.0	9869115150.0	0.0	1.474808098985831	1.4876887834162549	0.7892717177842986	0.04868037027966173	0.047626452520586	0.02952680059693718
RPI	9640904719.0	1.0	9640904719.0	0.0	0.4922381355894804	0.4966395498237265	0.2630209227685142	0.04578346275228045	0.0453580348577552	0.015544292287555071
TKT2_f	9481338820.0	1.0	9481338820.0	0.0	0.5481906612902232	0.5542391029779904	0.2659173789939422	0.10841999725788641	0.10606729786642445	0.04804763660541072
RPE_f	9859456088.0	1.0	9859456088.0	0.0	1.1692246069799057	1.1818070610959812	0.5406281325210992	0.13650059644819404	0.13392626604224425	0.05487911244635986
TKT1_f	9491445019.0	1.0	9491445019.0	0.0	0.5600406254486345	0.5689508351201331	0.27407827765185144	0.10494343600107764	0.1027786257718892	0.046269992976352536
TALA_f	9819324632.0	1.0	9819324632.0	0.0	1.8720467209643428	1.889308512129292	0.9199314131932279	0.12436511125939109	0.1209550402177241	0.06647423688620975
r0408	9945527797.0	1.0	9945527797.0	0.0	1.4159992451420262	1.4343026053219476	0.6497595735253563	0.03100876742123653	0.02912018136163505	0.019653368176262658
PDHm	3514.0	0.0	3514.0	1.0	0.765058252098791	0.7471432681943919	0.331372890452587	7.770524718072712	7.758895495966764	1.7828867242339084
PCm	11.0	0.0	11.0	1.0	1.6826275859172426	1.4442059456279235	1.1662394117278667	87.3893165860843	88.18583252782473	16.049099147646068
PEPCK_re	0.0	0.0	0.0	1.0	0.0	0.0	0.0	35.442180103864644	33.32478876202115	11.433675625193318
CSm	515391.0	0.0	515391.0	1.0	3.610578929586741	3.300593136333935	1.441638865766782	23.867060820309337	24.325135775464325	3.8281401636370873
ACONTm_f	9387597965.0	1.0	9387597965.0	0.0	95.77589374244229	99.90272419294644	44.886838699718936	21.767761798813698	21.83357836626949	10.042229617737549
ICDHxm	533215857.0	0.0	533215857.0	1.0	3.190214654052785	2.3031463455843233	2.901715533164753	39.60770470003643	33.38392196159842	29.886516316269276
ICDHym_f	144167.0	0.0	144167.0	1.0	4.7409768756225645	5.232519621984885	2.1790572060131814	128.81471265642367	129.8077953003292	36.85072624821928
AKGDm	28.0	0.0	28.0	1.0	0.848476448290941	0.6599480866099807	0.7305190621444513	29.35517525992554	29.358688645432338	3.844662405222325
SUCOAS1m_f	86779374.0	0.0	86779374.0	1.0	11.788258387193595	11.674945911328997	6.637026540669764	29.1865026411825	29.205669182525263	4.06201567118484
SUCD1m	28.0	0.0	28.0	1.0	1.138681978904742	0.9634244505753649	0.7294692030607105	31.271207227589116	31.260016734761663	3.845925230292128
FUMm_f	7761783113.0	1.0	7761783113.0	0.0	154.58049524175198	150.45178348910042	73.3989913302086	86.14773088076232	86.52637851650127	40.85787265337096
MDHm_f	8285509778.0	1.0	8285509778.0	0.0	616.7168131651587	615.0862622209603	210.13850643748904	395.6227804226166	401.9689910642678	93.65184307872813
ME1m	335665804.0	0.0	335665804.0	1.0	0.7304246167594367	0.5443199470739242	0.6563420772162117	17.43292520106035	13.886146537525232	14.46226703571909
ME2m	153690551.0	0.0	153690551.0	1.0	1.0808486003827662	0.7897407644115674	1.0264769981469637	23.46295321520281	22.887178549387464	13.1067091079063
ME2	54760502.0	0.0	54760502.0	1.0	0.1577683729330529	0.11235804309033776	0.1490165463368435	18.898737376377667	16.51080637417025	13.64025856638066
ACITL	6237456751.0	1.0	6237456751.0	0.0	2.9317302106391487	2.8335397276825485	0.7749473623512833	2.6938947819969252	2.047663599067812	2.395966394629643
FUM_f	1167120687.0	0.0	1167120687.0	1.0	38.99862394494403	30.55240609609992	32.30030638626424	88.83585446408149	88.27146898904873	21.91793475542644
MDH_f	9521766084.0	1.0	9521766084.0	0.0	409.62280922951265	450.8416116428722	159.59146217552757	83.30537308518319	83.00030629542442	44.09819066581761
AKGMALtm_f	6492561872.0	1.0	6492561872.0	0.0	353.2203471826387	380.69674841240453	172.0905050428647	274.633617080931	274.20992281453107	107.77679842726249
ACONT	192462294.0	0.0	192462294.0	1.0	8.981699458471581	8.388253940826441	3.602900784326006	63.4535716255454	59.937773930990474	32.632736104925456
ICDHyr	192462294.0	0.0	192462294.0	1.0	8.981699458471667	8.388253940826694	3.6029007843260175	63.453571625542196	59.93777393098407	32.632736104923495
PPA	327325.0	0.0	327325.0	1.0	0.47835510521195057	0.45911954954163336	0.16702798866112126	24.17417871689883	23.945912325975144	7.909506120398698
Complex1ROS	442792.0	0.0	442792.0	1.0	1.949399982624335	1.9304669745049	0.4841158287638173	64.83946864567007	66.41950517276538	15.535511193425446
FADH2ETC	5.0	0.0	5.0	1.0	2.0221877883675026	1.9038524842057496	0.7933230076381476	54.22489832559971	50.244625938127044	19.381386311892623
CYOR_u10mi	0.0	0.0	0.0	1.0	3.8741245088745724	3.718875116102558	1.0353662543262856	115.82239406904596	115.85113630543066	12.50893063407357
CYOOm2i	0.0	0.0	0.0	1.0	1.9370622544372862	1.859437558051279	0.5176831271631428	57.91119703452303	57.92556815271537	6.254465317036804
ATPS4mi	0.0	0.0	0.0	1.0	4.147977984190732	3.9485480380196023	1.5255716588218795	180.78605526535918	184.18122752925817	16.196552237663422
GLUCYS	3227612309.0	0.0	3227612309.0	1.0	0.017286519221672684	0.01332519943433915	0.014883263448854319	0.031310357117531336	0.025383973768096098	0.025175585110509494
GTHS	3227612309.0	0.0	3227612309.0	1.0	0.01728651922167047	0.01332519943433255	0.014883263448854418	0.031310357117531336	0.025383973768096098	0.0251755851105095
SPODMm	442792.0	0.0	442792.0	1.0	0.04873499956560785	0.04826167436262635	0.01210289571909582	1.620986716141731	1.66048762931915	0.3883877798356441
GTHPi	8922115673.0	1.0	8922115673.0	0.0	0.0883429869026157	0.08717734422885695	0.04422816861319861	0.02743293365340048	0.02579478685044765	0.016608931058122077
GTHPm	442792.0	0.0	442792.0	1.0	0.04873499956560787	0.04826167436262635	0.012102895719095862	1.6209867161417306	1.6604876293191486	0.38838777983564426
GDR	8670769780.0	1.0	8670769780.0	0.0	0.09030378619811456	0.08540452635262649	0.05528438397112335	0.025059609908603096	0.022031282704861953	0.01797837498385518
GTHOr	8117683476.0	1.0	8117683476.0	0.0	0.0869771865191282	0.0759846560989399	0.06226133996980579	0.027494116149080716	0.0247747980455336	0.018820459052496876
GDRm	175442715.0	0.0	175442715.0	1.0	0.013303910242547625	0.010744602612027549	0.011141184090851507	0.5551738164940739	0.4665510578224499	0.4123100024211198
GTHOm	174429560.0	0.0	174429560.0	1.0	0.013601057633516525	0.011164681498911349	0.010894444795486019	0.5044175695683358	0.45573410289321403	0.3474817468012546
r0885	133992939.0	0.0	133992939.0	1.0	0.0436600633790973	0.0407744449714242	0.0240808948032247	1.1227906601596975	0.9352062157372811	0.8556208709580051
PYRt2m_f	6368159.0	0.0	6368159.0	1.0	17.942342411511	17.256657680176097	8.103887294283846	69.90084098426325	69.12999490760211	15.772219592943287
HMR_4964	202528511.0	0.0	202528511.0	1.0	11.913429669110423	11.205101145277988	4.258083066729532	66.14746640753839	62.58174781707789	32.513562688833154
r2420	4122686.0	0.0	4122686.0	1.0	2.219396581181585	2.031031204937916	1.3256004117499465	66.41968097331413	67.80524637836342	18.494480093061977
ATPtm	685.0	0.0	685.0	1.0	2.444984118653084	2.2607604125392537	1.2860410997692548	93.37116810881261	95.47431949276572	11.252697900717038
FUMtm_f	694071435.0	0.0	694071435.0	1.0	7.838036556402011	7.129285129919342	4.467938630609862	31.50529718113189	30.50138110885591	15.768415445544374
CO2tm_f	2851913148.0	0.0	2851913148.0	1.0	103.32286710068765	95.04662695553077	67.40783652842022	158.00920645784046	155.63945635283417	69.87737453615676
O2tm	0.0	0.0	0.0	1.0	1.9857972540029374	1.9077218507759333	0.5260697651394203	59.53218375066637	59.61121503412583	6.2651009986180535
r0801_f	76273.0	0.0	76273.0	1.0	9.304476107422966	9.967047951721323	2.9004770615995605	30.300554386994058	30.235122436842126	4.998051746838653
THD1m	169071093.0	0.0	169071093.0	1.0	12.74860875387064	12.29847987402779	4.594503874323054	88.35294156592536	90.4604507293374	34.44665783333878
H2Otm_f	0.0	0.0	0.0	1.0	0.0	0.0	0.0	40.148500114813714	40.604078794713786	14.786595200220185
NH4tm_f	5492831107.0	1.0	5492831107.0	0.0	116.85326515857456	118.18075128072287	49.64549591506081	109.49316678449983	108.77985742949048	39.51870278999606
HCO3E	6237433839.0	1.0	6237433839.0	0.0	2.565248801796391	2.4793395575323127	0.6780799180962969	2.3571571760230956	1.7917043019496597	2.096470556381674
HCO3Em	11.0	0.0	11.0	1.0	1.7029062625716689	1.4647227940275864	1.1671390877467207	87.41464393353276	88.21182170886135	16.04861051814574
GLUN	456295271.0	0.0	456295271.0	1.0	0.6168824002220904	0.616555304270606	0.1926207338818189	10.651225433479826	8.067991508604308	9.386816214937822
GLNS	2272754.0	0.0	2272754.0	1.0	0.14359589784875346	0.10775132461486805	0.13072794213000993	15.588189303869722	13.438977492289995	9.970936106416193
GLUt2m	400208002.0	0.0	400208002.0	1.0	0.0727503072270181	0.0519167669737292	0.07006662447093685	1.6532457330471182	1.244044620075364	1.4500425776798374
GLNtm_1	726081250.0	0.0	726081250.0	1.0	0.11430124920348318	0.0846574852276932	0.104386987762649	1.3040884648963205	0.9690528009694546	1.1868658035444948
GLUNm	726081250.0	0.0	726081250.0	1.0	0.11430124920354577	0.0846574852277654	0.10438698776264631	1.3040884648963196	0.9690528009694543	1.186865803544495
GLUPRT	10000000000.0	1.0	10000000000.0	0.0	1.722930930862841e-05	1.736231008576065e-05	4.431717594275819e-07	1.7612320844402243e-06	1.790461648735208e-06	3.760419147774165e-07
PRAGSr	10000000000.0	1.0	10000000000.0	0.0	1.72293093091337e-05	1.736231008678166e-05	4.431717594422816e-07	1.7612320903860369e-06	1.7904616369186545e-06	3.76041903693802e-07
GARFT	10000000000.0	1.0	10000000000.0	0.0	1.7229309309309828e-05	1.7362310087124578e-05	4.4317175945941086e-07	1.7612320904583676e-06	1.7904616369056311e-06	3.760419037011288e-07
PRFGS	10000000000.0	1.0	10000000000.0	0.0	1.7229309309309808e-05	1.7362310087124463e-05	4.431717594594151e-07	1.7612320904583665e-06	1.7904616369056337e-06	3.7604190370112866e-07
PRAIS	10000000000.0	1.0	10000000000.0	0.0	1.7229309308702746e-05	1.736231008692276e-05	4.4317175943866586e-07	1.761232090458367e-06	1.7904616369056335e-06	3.760419037011282e-07
AIRCr	10000000000.0	1.0	10000000000.0	0.0	1.7229309308702485e-05	1.7362310086921913e-05	4.4317175943868116e-07	1.7612320904583678e-06	1.790461636905632e-06	3.7604190370112844e-07
PRASCSi	10000000000.0	1.0	10000000000.0	0.0	1.7229309308704904e-05	1.736231008669854e-05	4.4317175945733685e-07	1.7612320904583659e-06	1.7904616369056326e-06	3.760419037011286e-07
ADSL2r	10000000000.0	1.0	10000000000.0	0.0	1.722930930650253e-05	1.7362310084848116e-05	4.431717595003032e-07	1.7612320904583659e-06	1.7904616369056335e-06	3.7604190370112956e-07
AICART	10000000000.0	1.0	10000000000.0	0.0	1.7229309306313367e-05	1.7362310083464928e-05	4.4317175950277853e-07	1.761232090458367e-06	1.7904616369056332e-06	3.7604190370112956e-07
IMPC	10000000000.0	1.0	10000000000.0	0.0	1.72293093064316e-05	1.7362310083196608e-05	4.4317175952295517e-07	1.761232090458366e-06	1.7904616369056305e-06	3.760419037011297e-07
ADSS	10000000000.0	1.0	10000000000.0	0.0	1.0202501095435543e-05	1.0281258865518636e-05	2.624284131502802e-07	1.0429390311690805e-06	1.0602482953865587e-06	2.2267840001260885e-07
ADSL1r	10000000000.0	1.0	10000000000.0	0.0	1.0202501093801528e-05	1.0281258861877834e-05	2.6242841309093604e-07	1.0429390312231606e-06	1.0602482954846862e-06	2.2267840002261033e-07
IMPDH2	10000000000.0	1.0	10000000000.0	0.0	7.026808213412852e-06	7.081051227398377e-06	1.807433462259393e-07	7.182930586621165e-07	7.302168906338275e-07	1.5336350385555428e-07
GMPS	10000000000.0	1.0	10000000000.0	0.0	5.135438302436756e-06	5.307128518319058e-06	1.055795206622637e-06	1.2704966206754601e-07	1.2233927728075886e-07	9.329049498673571e-08
GMPS2	9238928816.0	1.0	9238928816.0	0.0	1.8913699109760421e-06	1.7266447265038558e-06	1.0409631561486283e-06	5.912433980193401e-07	6.011259393570414e-07	1.7619532149642115e-07
GK1	10000000000.0	1.0	10000000000.0	0.0	7.0268082134127975e-06	7.081051227398283e-06	1.807433462259383e-07	7.182930585772805e-07	7.302168905695685e-07	1.5336350385008996e-07
RNDR2	10000000000.0	1.0	10000000000.0	0.0	1.511492941401885e-06	1.5231608184967709e-06	3.8878575262920695e-08	1.5450754448157082e-07	1.5707240246089492e-07	3.298906735264981e-08
ADK1	327314.0	0.0	327314.0	1.0	0.47834661547164464	0.4591109092054664	0.16702797500470634	24.174177849045154	23.945911395621714	7.909506100640371
RNDR1	10000000000.0	1.0	10000000000.0	0.0	2.0131351229037147e-06	2.0286753960641584e-06	5.178180013043727e-08	2.0578631631990187e-07	2.0920241277677163e-07	4.393765153730498e-08
CBPS	9647822958.0	1.0	9647822958.0	0.0	6.737014075121636e-06	6.20959671586889e-06	4.184847030225572e-06	5.300643173202657e-07	4.927356712466782e-07	3.3300380991688387e-07
ASPCT	9647822958.0	1.0	9647822958.0	0.0	6.73701407512148e-06	6.2095967158687855e-06	4.184847030225594e-06	5.300643174122081e-07	4.927356711954939e-07	3.33003809900018e-07
DHORTS	9647822958.0	1.0	9647822958.0	0.0	6.737014075121381e-06	6.209596715868823e-06	4.184847030225529e-06	5.300643173340421e-07	4.927356712585668e-07	3.330038099155276e-07
DHORD9	9647822958.0	1.0	9647822958.0	0.0	6.73701407512138e-06	6.209596715868835e-06	4.184847030225521e-06	5.300643174514458e-07	4.927356711389006e-07	3.3300380989073e-07
ORPT	9647822958.0	1.0	9647822958.0	0.0	6.737014075121373e-06	6.209596715868819e-06	4.184847030225525e-06	5.300643174605819e-07	4.927356711467906e-07	3.3300380988983546e-07
OMPDC	9647822958.0	1.0	9647822958.0	0.0	6.7370140751213734e-06	6.209596715868824e-06	4.184847030225518e-06	5.300643174492964e-07	4.927356711370451e-07	3.3300380989094687e-07
UMPK	10000000000.0	1.0	10000000000.0	0.0	1.3978356658887964e-05	1.4021780214783875e-05	2.015765641789837e-06	1.4293048585869916e-06	1.4414797772882952e-06	3.3218519068335286e-07
RNDR4	10000000000.0	1.0	10000000000.0	0.0	1.9990860876835874e-06	2.014517910178002e-06	5.142043127570194e-08	1.647403555245859e-07	1.6374614850622545e-07	4.9382837078229326e-08
TMDS	10000000000.0	1.0	10000000000.0	0.0	1.9990860876835807e-06	2.0145179101779886e-06	5.1420431275701596e-08	1.6474035551779338e-07	1.6374614850010463e-07	4.9382837078271685e-08
URIDK2r	10000000000.0	1.0	10000000000.0	0.0	1.999086087683584e-06	2.0145179101779967e-06	5.142043127570125e-08	1.6474035551580182e-07	1.637461484991179e-07	4.938283707770486e-08
NDPK2	10000000000.0	1.0	10000000000.0	0.0	1.197927057120475e-05	1.2030345758316087e-05	2.0079094548923666e-06	1.264564503066948e-06	1.2750512893030609e-06	2.998496604718766e-07
NDPK3_f	5985384902.0	1.0	5985384902.0	0.0	1.980871645154717e-06	1.912284433313222e-06	9.483704952072484e-07	1.652569340191339e-06	1.6035907702923434e-06	7.289789325692563e-07
CYTK1_r	9648456997.0	1.0	9648456997.0	0.0	3.585227969859588e-06	3.5179467196089756e-06	1.991595125242019e-06	3.2646671172237555e-07	3.1873208830924956e-07	1.748356446736354e-07
CTPS1	9608165156.0	1.0	9608165156.0	0.0	3.817697349728676e-06	3.88944945195789e-06	1.9893493463472185e-06	4.302737147773275e-07	4.270283246836765e-07	1.732382069853061e-07
RNDR3	10000000000.0	1.0	10000000000.0	0.0	1.4418585929194118e-06	1.4529889319303048e-06	3.70874426785701e-08	1.4738939533409248e-07	1.4983609052841941e-07	3.146926388641747e-08
GDHm	423012281.0	0.0	423012281.0	1.0	2.765730123574266	2.033534645512213	2.5465428837662047	32.47878856117653	28.239325000131366	23.008544464067054
GLUDym_f	6889934095.0	1.0	6889934095.0	0.0	139.1344976917325	147.18808216041276	62.59807596939735	101.7150499597582	99.02691238457447	42.60285582045931
ASPTA_f	4474447732.0	0.0	4474447732.0	1.0	117.456995722153	104.42653686099284	63.65508225234524	124.5336025686656	120.68041493180522	47.659199538187
ASPTAm	13077998.0	0.0	13077998.0	1.0	1.6324692869679476	1.2065067497359405	1.525623644782454	82.2777247924897	78.26905100178854	38.88814122061482
ASPGLUm	12379993.0	0.0	12379993.0	1.0	1.5067788140518439	1.0742948511904928	1.5220777785717396	82.23207286705471	78.21825887474827	38.88619567986324
ASPT	416980170.0	0.0	416980170.0	1.0	0.07273376306466237	0.05294327559484585	0.06852365197304439	1.4501767871368856	1.0876684984605358	1.3076222418526124
CBPSam					0.0	0.0	0.0	0.0	0.0	0.0
OCBTm					0.0	0.0	0.0	0.0	0.0	0.0
ORNt4m					0.0	0.0	0.0	0.0	0.0	0.0
ARGSS	263151732.0	0.0	263151732.0	1.0	0.034745080795968226	0.0244397417324032	0.033864930300497545	1.0253965277269743	0.782675014114776	0.9074510211483219
ARGSL	263151732.0	0.0	263151732.0	1.0	0.03474508079597648	0.02443974173240565	0.03386493030049893	1.025396527726903	0.7826750141146948	0.9074510211483225
ARGN	6902858575.0	1.0	6902858575.0	0.0	0.0547697044127423	0.0469943424759522	0.04113656496569295	0.027713357169132577	0.025000997021837952	0.01844640382937972
ORNDC	9886682543.0	1.0	9886682543.0	0.0	0.17719411957713094	0.1832249493167722	0.0360861763359431	0.07835541497945087	0.08149899022866156	0.012357076898259196
SPMS	2514474.0	0.0	2514474.0	1.0	0.0004645937838528752	0.0004424967556718	0.0002288413715766666	0.030732124798639012	0.029993413428852853	0.01325630833787914
SPRMS	149638075.0	0.0	149638075.0	1.0	0.00046459378385282576	0.00044249675567170003	0.00022884137157668408	0.013600592893235874	0.0120673356869633	0.009245222135216285
ADMDC	3420569.0	0.0	3420569.0	1.0	0.0009291875677057881	0.00088499351134325	0.0004576827431532767	0.04433271769187248	0.0431682504076923	0.019738222333124486
MTAP	3420569.0	0.0	3420569.0	1.0	0.0009291875677057435	0.0008849935113434499	0.0004576827431533796	0.04433271769187294	0.0431682504076965	0.019738222333124774
ADPT	3420569.0	0.0	3420569.0	1.0	0.0009291875677057534	0.0008849935113435	0.00045768274315335114	0.04433271769187293	0.04316825040769645	0.01973822233312476
MTRI	3420569.0	0.0	3420569.0	1.0	0.0009291875677057328	0.0008849935113435	0.0004576827431533685	0.04433271769187291	0.04316825040769655	0.01973822233312477
MDRPD	3420569.0	0.0	3420569.0	1.0	0.000929187567705593	0.0008849935113431999	0.0004576827431534323	0.04433271769187292	0.04316825040769645	0.019738222333124774
DKMPPD	3420569.0	0.0	3420569.0	1.0	0.0009291875677055962	0.0008849935113431999	0.0004576827431534318	0.044332717691872914	0.0431682504076965	0.01973822233312478
SPMDtex2	0.0	0.0	0.0	1.0	0.0	0.0	0.0	0.017131531905402637	0.01508427392164295	0.011524333615657224
SPRMti	149638075.0	0.0	149638075.0	1.0	0.00046459378385282294	0.00044249675567170003	0.0002288413715766842	0.013600592893235897	0.01206733568696335	0.009245222135216283
GLYAMDTRc	8887911820.0	1.0	8887911820.0	0.0	0.1224244151643829	0.12510840660107486	0.05099599561169144	0.050642057805560456	0.05138338725186935	0.01944079892314785
ARGDr	263151732.0	0.0	263151732.0	1.0	0.03474508079597068	0.0244397417324072	0.03386493030049715	1.0253965277269037	0.782675014114693	0.9074510211483225
r0074_f	1473358001.0	0.0	1473358001.0	1.0	6.298915482331636e-05	6.347539574225351e-05	1.6202051160587706e-06	9.821437808510412e-05	0.00010036281859495	3.266219423335507e-05
GLU5SAtmc_f	1473358001.0	0.0	1473358001.0	1.0	6.298915482331621e-05	6.347539574225182e-05	1.6202051160587708e-06	9.821437808510412e-05	0.00010036281859495	3.266219423335507e-05
G5SADs_f	1473358001.0	0.0	1473358001.0	1.0	6.298915482331662e-05	6.34753957422528e-05	1.6202051160587766e-06	9.82143780850976e-05	0.00010036281859495	3.2662194233355345e-05
PRO1x	9856110472.0	1.0	9856110472.0	0.0	2.1612548403150967e-05	2.0056010780903262e-05	1.3272866129469833e-05	7.912615329595303e-07	7.289487095477775e-07	4.5142296993712107e-07
P5CR	9995758051.0	1.0	9995758051.0	0.0	4.1376606420168934e-05	4.2849419908696053e-05	1.3293495335570271e-05	4.351603102374516e-07	4.079287531637454e-07	2.8901829173131827e-07
PROD2					0.0	0.0	0.0	0.0	0.0	0.0
EXRiboflavin					0.0	0.0	0.0	0.0	0.0	0.0
RBFK					0.0	0.0	0.0	0.0	0.0	0.0
FMNAT					0.0	0.0	0.0	0.0	0.0	0.0
TransportFAD					0.0	0.0	0.0	0.0	0.0	0.0
ASNS1	159067857.0	0.0	159067857.0	1.0	0.08940798785383872	0.0580024456943318	0.09593774616957954	3.8111687088632396	3.1645598699076936	2.965794727441542
ASNN	141011705.0	0.0	141011705.0	1.0	0.08936531772702834	0.057959121291952395	0.0959377324632915	3.821775449479206	3.1753920543124696	2.9656560761412543
METS	151430816.0	0.0	151430816.0	1.0	0.08921581596117502	0.07544799886723025	0.060570014463886684	4.0264482631290015	3.0592145677429023	3.5920168364239924
METAT	79555683.0	0.0	79555683.0	1.0	0.09014500352891537	0.07630829240353365	0.06052885371623553	4.0737187034004965	3.104537244796764	3.5932506832149205
HMR_3915	112404636.0	0.0	112404636.0	1.0	0.049986437030960784	0.035823341044145654	0.049132523569974905	4.00288256468149	3.0338974114100514	3.5916492061666276
AHCi	145555557.0	0.0	145555557.0	1.0	0.08921581596120812	0.07544799886711981	0.060570014463914426	4.0293859857087195	3.0620180234652254	3.592000981255612
ADNK1	145555557.0	0.0	145555557.0	1.0	0.08921581596120824	0.07544799886712016	0.06057001446391439	4.029385985708725	3.0620180234652246	3.5920009812556137
CYSTS	0.0	0.0	0.0	1.0	0.0	0.0	0.0	0.0029377225797817897	0.00288035242455125	0.0015375616817745333
CYSTGL	0.0	0.0	0.0	1.0	0.0	0.0	0.0	0.0029377225798011813	0.00288035242459745	0.0015375616817766512
MTHFR3	5935933821.0	1.0	5935933821.0	0.0	0.039492213762070516	0.0288369135259713	0.03583120268474562	0.024926205205467553	0.02195990561129315	0.01733641202434542
MetSynthesis	173493852.0	0.0	173493852.0	1.0	0.0006880627803650714	0.00063944154284605	0.0004380382550909296	0.023763878295234967	0.0202505097272914	0.017371617026712378
UNK3	81544461.0	0.0	81544461.0	1.0	0.0002411247873405307	0.00021274211856835	0.0001698946045778082	0.02056883939662169	0.01730623703888185	0.015569746701244641
5MTHFt	76355581.0	0.0	76355581.0	1.0	0.0002628348318222487	0.00027844253410040003	8.675333143780742e-05	0.0013605067579811046	0.00142089444674455	0.00043806725711257244
ILETA					0.0	0.0	0.0	0.0	0.0	0.0
3MOPt2im					0.0	0.0	0.0	0.0	0.0	0.0
ILETAm					0.0	0.0	0.0	0.0	0.0	0.0
LEUTA	9998704496.0	1.0	9998704496.0	0.0	5.296942720440786e-06	4.109767162421451e-06	4.202618678040591e-06	-1.213730910376591e-08	-1.1519168781971851e-08	1.2943360468036955e-08
4MOPt2im	9998704496.0	1.0	9998704496.0	0.0	5.296942720440771e-06	4.109767162421431e-06	4.202618678040581e-06	-1.213730910376589e-08	-1.1519168781971807e-08	1.2943360468036948e-08
LEUTAm	9507913529.0	1.0	9507913529.0	0.0	5.075872633047951e-06	4.100224971109429e-06	3.974653693474091e-06	3.9662790122661523e-07	3.4402657655172466e-07	2.73269389143827e-07
OIVD1m	9983660109.0	1.0	9983660109.0	0.0	1.0372815353488361e-05	1.04996753016263e-05	4.677113389047526e-06	3.844905921228489e-07	3.314286854775234e-07	2.7446206631090055e-07
ACOAD8m	9983660109.0	1.0	9983660109.0	0.0	1.037281535348839e-05	1.0499675301626354e-05	4.677113389047535e-06	3.844905921228491e-07	3.314286854775231e-07	2.7446206631090055e-07
MCCCrm	9983660109.0	1.0	9983660109.0	0.0	1.0372815353488378e-05	1.0499675301626334e-05	4.6771133890475065e-06	3.84490592122849e-07	3.3142868547752276e-07	2.7446206631090044e-07
MGCHrm	9983660109.0	1.0	9983660109.0	0.0	1.0372815353488393e-05	1.0499675301626317e-05	4.677113389047524e-06	3.84490592122849e-07	3.314286854775238e-07	2.744620663109007e-07
HMGCOAtm	9951276474.0	1.0	9951276474.0	0.0	1.036099296760057e-05	1.0497673446038557e-05	4.686524092459283e-06	7.488858436244129e-07	7.322947948147285e-07	3.333832249777884e-07
VALTA	9998029092.0	1.0	9998029092.0	0.0	0.202480022250444	0.1946063960424039	0.12862688212080853	6.88933438595217e-05	6.836740118088181e-05	3.70232951426512e-05
3MOBt2im	9998029092.0	1.0	9998029092.0	0.0	0.2024800222504628	0.19460639604241237	0.12862688212080023	6.88933438595217e-05	6.836740118088181e-05	3.70232951426512e-05
VALTAim	5014609754.0	0.8711121154626993	5014609754.0	0.12888790082621554	0.08771514737038671	0.0751829897013702	0.06409589197942459	0.0760126589940523	0.07935444345195156	0.018271662602144648
OIVD2m	9579452682.0	1.0	9579452682.0	0.0	0.2901951696208443	0.29220158691551956	0.12826431715766862	0.07608155233790552	0.07942931575182735	0.018271510156046115
ACOAD9m	9579452682.0	1.0	9579452682.0	0.0	0.2901951696208449	0.2922015869155214	0.12826431715766975	0.07608155233790555	0.0794293157518274	0.018271510156046115
ECOAH12m	9579452682.0	1.0	9579452682.0	0.0	0.2901951696208651	0.29220158691553233	0.12826431715767597	0.07608155233790562	0.07942931575182745	0.018271510156046115
3HBCOAHLm	9579452682.0	1.0	9579452682.0	0.0	0.2901951696208441	0.2922015869155208	0.12826431715766975	0.07608155233790558	0.07942931575182745	0.018271510156046104
HIBDm	9579452682.0	1.0	9579452682.0	0.0	0.2901951696208429	0.2922015869155167	0.1282643171576683	0.07608155233790559	0.07942931575182746	0.01827151015604611
r0643	4841839056.0	8.290371821413694e-35	4841839056.0	1.0	0.024856105832231683	0.0203789124095115	0.018780782366361822	0.025587675140780055	0.02226122622172095	0.01830057787998324
MMSAD1m	4103119879.0	0.0	4103119879.0	1.0	0.020257942846001926	0.016530613243035452	0.01633136912416349	0.02532621407329305	0.02224382315448295	0.017375491335348315
MMTSADm	9716244186.0	1.0	9716244186.0	0.0	0.2450811209426161	0.24656713716165457	0.1275472139847714	0.02516766312383799	0.02084466125727305	0.01910513329087102
PCC	4104975964.0	0.0	4104975964.0	1.0	0.02026830383902263	0.0165426748739338	0.016331096723054123	0.025326962959138062	0.022244596748020852	0.017375519561515368
MMALH	4841839056.0	8.290371821413694e-35	4841839056.0	1.0	0.02485610583223054	0.02037891240950725	0.01878078236636166	0.025587675140781526	0.0222612262217223	0.01830057787998327
MMEm	4170710042.0	0.0	4170710042.0	1.0	0.04512440967124265	0.04327374875785545	0.02426423038328719	0.05091463809991491	0.0504775936329038	0.02168643474533061
MMMm	9579571623.0	1.0	9579571623.0	0.0	0.2902055306138719	0.29221452822775085	0.1282643066431017	0.07608230122375313	0.0794298580336961	0.018271538382324867
ILEtmi					0.0	0.0	0.0	0.0	0.0	0.0
LEUt5m	9507913529.0	1.0	9507913529.0	0.0	5.075872633047786e-06	4.10022497110947e-06	3.974653693474112e-06	3.966279013421313e-07	3.440265767257744e-07	2.732693891315239e-07
VALt5m	5014609754.0	0.8711121154626993	5014609754.0	0.12888790082621554	0.08771514737039351	0.07518298970138526	0.06409589197942994	0.07601265899405223	0.07935444345195156	0.018271662602144658
PGCD	344107909.0	0.0	344107909.0	1.0	0.05465450763505711	0.0403771572075106	0.04983956043288188	1.2976976882583442	1.0311414640015055	1.0761047548588445
PSERT	344107909.0	0.0	344107909.0	1.0	0.05465450763505808	0.040377157207509604	0.04983956043288173	1.2976976882583426	1.0311414640015046	1.076104754858844
PSP_L	344107909.0	0.0	344107909.0	1.0	0.054654507635056936	0.04037715720751065	0.04983956043288162	1.297697688259339	1.0311414640021646	1.0761047548587659
GHMT2r_f	2555368187.0	0.0	2555368187.0	1.0	30.551605450855934	22.090577847511057	27.195459185160068	50.46271544129303	50.87871752828185	19.50560941544548
SERD_L	3587239.0	0.0	3587239.0	1.0	0.16391955642132117	0.14793210840987805	0.11077546522393567	2.175891635015533	1.9096102239954766	1.114201963969796
ALATA_L_f	1089065569.0	0.0	1089065569.0	1.0	0.1805763958408744	0.13363684191534303	0.1601858672743464	1.2122119328520389	0.9227118354276692	1.0482101997883722
r1435	1318977804.0	0.0	1318977804.0	1.0	7.074866647024556e-05	5.582565409625523e-05	5.702696006776193e-05	0.0003007144704291473	0.00026998883314790004	0.0002044752705967952
GLYtm_r	1318977804.0	0.0	1318977804.0	1.0	7.074866646990899e-05	5.582565409446357e-05	5.702696006824556e-05	0.0003007144704222061	0.00026998883314484996	0.00020447527059594582
GHMT2rm	1318977804.0	0.0	1318977804.0	1.0	7.0748666469909e-05	5.5825654094463544e-05	5.702696006824555e-05	0.00030071447042220357	0.00026998883314484996	0.0002044752705959457
MLTHFtm_r	383589743.0	0.0	383589743.0	1.0	0.00015835163202438198	0.00014801032874235	8.261958146251089e-05	0.000543937494169715	0.0005465246077498999	0.00019838889784049143
r0962	383589743.0	0.0	383589743.0	1.0	0.00015835163202438038	0.0001480103287423	8.26195814625117e-05	0.0005439374941650779	0.0005465246077402	0.00019838889784149643
FORtm_r	1919428503.0	0.0	1919428503.0	1.0	8.760296555424335e-05	7.69254637468642e-05	6.138667104018861e-05	0.0002432230237533883	0.00022073828837435	0.00016062983088890707
r0514	383589743.0	0.0	383589743.0	1.0	0.00015835163202438036	0.0001480103287423	8.261958146251192e-05	0.0005439374941697158	0.0005465246077498999	0.00019838889784049105
DHFRim	383589743.0	0.0	383589743.0	1.0	0.00015835163202438028	0.0001480103287423	8.261958146251213e-05	0.000543937494169716	0.0005465246077498999	0.00019838889784049105
FTHFLmi	1919428503.0	0.0	1919428503.0	1.0	8.760296555447384e-05	7.692546374879182e-05	6.138667104035456e-05	0.00024322302374617518	0.0002207382883668	0.00016062983088729532
MTHFCm	1919428503.0	0.0	1919428503.0	1.0	8.760296555447376e-05	7.692546374879109e-05	6.138667104035456e-05	0.00024322302374747533	0.0002207382883674	0.00016062983088749278
MTHFDm	1919428503.0	0.0	1919428503.0	1.0	8.760296555447431e-05	7.692546374879177e-05	6.138667104035455e-05	0.00024322302374747495	0.0002207382883674	0.00016062983088749306
FOLR2	210656679.0	0.0	210656679.0	1.0	0.00010448319979821185	8.470581106416198e-05	8.256154592031468e-05	0.0008165692574492326	0.0008645287099187	0.0003248313380350344
DHFR	214850216.0	0.0	214850216.0	1.0	0.00010648228587791909	8.668534357797938e-05	8.25616973339946e-05	0.000816733997804736	0.0008646985065462499	0.0003248268512780441
FTHFLi	64877447.0	0.0	64877447.0	1.0	0.006450860152859392	0.006918895781462001	0.0026383225879630483	0.045267142130173126	0.04407408980824695	0.01978804034305805
FTHFDH	1213735033.0	0.0	1213735033.0	1.0	7.307997022207619	7.222547083494925	2.7919363657004506	10.888791733739712	11.064700064508767	0.7285389983230358
MTHFC_f	7325748260.0	1.0	7325748260.0	0.0	0.1915231385748603	0.17442144732122278	0.10055528416154008	0.11372895740072524	0.11400143984001546	0.049530030189510424
MTHFD	154055640.0	0.0	154055640.0	1.0	4.362878597932429	4.08490203940828	1.6577708585123958	66.30178551036964	60.93808533147781	37.998828137339686
MTHFD2i_f	4001601000.0	0.0	4001601000.0	1.0	25.954453898056297	25.551217936158043	14.126438030324474	32.24262668728962	31.3408647982898	17.024806410640647
ACACT1r	9900369467.0	1.0	9900369467.0	0.0	8.33124839501657e-06	8.181199809316531e-06	4.678782492358838e-06	1.5523054367702981e-07	1.4410653177416313e-07	9.816047643217824e-08
HMGCOAS	9357026489.0	1.0	9357026489.0	0.0	8.33124839283944e-06	8.181199808826318e-06	4.678782492680607e-06	1.1618689038290936e-06	1.166347096658444e-06	4.642024992376802e-07
HMGCOAR	10000000000.0	1.0	10000000000.0	0.0	1.8692241360400677e-05	1.8836534971602208e-05	4.808012612278513e-07	1.910754747458393e-06	1.9424736811459334e-06	4.0796724373275727e-07
MEVK1	10000000000.0	1.0	10000000000.0	0.0	1.869224136040067e-05	1.8836534971602178e-05	4.808012612278521e-07	1.9107547474514417e-06	1.9424736811413234e-06	4.079672437314678e-07
PMEVK	10000000000.0	1.0	10000000000.0	0.0	1.8692241360400687e-05	1.883653497160222e-05	4.808012612278526e-07	1.9107547474626196e-06	1.9424736811486985e-06	4.0796724373353103e-07
IPDDI	10000000000.0	1.0	10000000000.0	0.0	6.230747120133148e-06	6.278844990533817e-06	1.6026708707594186e-07	6.36918249155256e-07	6.474912270502718e-07	1.3598908124470908e-07
DPMVD	10000000000.0	1.0	10000000000.0	0.0	1.869224136040073e-05	1.883653497160195e-05	4.808012612278512e-07	1.910754747443359e-06	1.9424736811359168e-06	4.079672437299787e-07
DMATT	10000000000.0	1.0	10000000000.0	0.0	6.230747120133148e-06	6.2788449905338136e-06	1.6026708707594152e-07	6.369182491494156e-07	6.474912270463835e-07	1.359890812436244e-07
GRTT	10000000000.0	1.0	10000000000.0	0.0	6.230747120133179e-06	6.278844990533866e-06	1.6026708707594245e-07	6.369182491532302e-07	6.474912270489202e-07	1.3598908124433202e-07
HMR_1465	10000000000.0	1.0	10000000000.0	0.0	3.1153735600665887e-06	3.1394224952669335e-06	8.013354353797108e-08	3.184591245766151e-07	3.2374561352446045e-07	6.799454062216606e-08
HMR_1467	10000000000.0	1.0	10000000000.0	0.0	3.115373560066579e-06	3.139422495266909e-06	8.013354353797089e-08	3.184591245761381e-07	3.2374561352413884e-07	6.799454062207723e-08
SMO	10000000000.0	1.0	10000000000.0	0.0	3.1153735600665942e-06	3.139422495266944e-06	8.013354353797136e-08	3.1845912457666157e-07	3.237456135244932e-07	6.799454062217527e-08
LNSTLS	10000000000.0	1.0	10000000000.0	0.0	3.1153735600665934e-06	3.1394224952669347e-06	8.013354353797128e-08	3.1845912457666157e-07	3.237456135244932e-07	6.799454062217526e-08
HMR_1477	10000000000.0	1.0	10000000000.0	0.0	3.115373560066594e-06	3.1394224952669407e-06	8.013354353797145e-08	3.184591245735442e-07	3.237456135224196e-07	6.799454062158272e-08
HMR_1478	10000000000.0	1.0	10000000000.0	0.0	3.1153735600665997e-06	3.139422495266939e-06	8.013354353797132e-08	3.1845912458353313e-07	3.237456135261232e-07	6.799454062247134e-08
HMR_1479	10000000000.0	1.0	10000000000.0	0.0	3.1153735600665997e-06	3.1394224952669364e-06	8.01335435379715e-08	3.1845912457615033e-07	3.237456135241183e-07	6.79945406220623e-08
C14STR	10000000000.0	1.0	10000000000.0	0.0	3.115373560066595e-06	3.1394224952669356e-06	8.013354353797142e-08	3.1845912457614996e-07	3.237456135241366e-07	6.799454062206438e-08
HMR_1490	10000000000.0	1.0	10000000000.0	0.0	3.1153735600665506e-06	3.1394224952669136e-06	8.01335435379703e-08	3.184591245735442e-07	3.237456135224196e-07	6.799454062158261e-08
HMR_1493	10000000000.0	1.0	10000000000.0	0.0	3.115373560066599e-06	3.1394224952669466e-06	8.013354353797157e-08	3.1845912457354417e-07	3.237456135224198e-07	6.799454062158265e-08
HMR_1494	10000000000.0	1.0	10000000000.0	0.0	3.115373560066594e-06	3.139422495266939e-06	8.013354353797146e-08	3.1845912457435537e-07	3.237456135229527e-07	6.799454062173255e-08
C3STDH1	9944425795.0	1.0	9944425795.0	0.0	2.0464409469891813e-06	2.1192846645138145e-06	6.574814982907672e-07	2.0541222655454113e-07	2.0678770903605246e-07	9.869620690032788e-08
HMR_1495	9534668370.0	1.0	9534668370.0	0.0	1.0689326130775044e-06	9.919479929917288e-07	6.56461200694587e-07	1.130468980153405e-07	1.0402132749959471e-07	7.572338091334138e-08
HMR_1500	10000000000.0	1.0	10000000000.0	0.0	3.115373560066596e-06	3.1394224952669436e-06	8.013354353797138e-08	3.184591245724319e-07	3.2374561352165455e-07	6.799454062137823e-08
HMR_1502	10000000000.0	1.0	10000000000.0	0.0	3.115373560066596e-06	3.1394224952669436e-06	8.013354353797138e-08	3.184591245735266e-07	3.237456135223933e-07	6.799454062158214e-08
HMR_1503	10000000000.0	1.0	10000000000.0	0.0	3.1153735600665985e-06	3.139422495266944e-06	8.013354353797166e-08	3.1845912457352665e-07	3.237456135223935e-07	6.799454062158213e-08
HMR_1504	10000000000.0	1.0	10000000000.0	0.0	3.11537356006659e-06	3.139422495266938e-06	8.013354353797143e-08	3.184591245722555e-07	3.237456135215565e-07	6.799454062134365e-08
HMR_1505	10000000000.0	1.0	10000000000.0	0.0	3.11537356006659e-06	3.139422495266931e-06	8.013354353797132e-08	3.184591245716012e-07	3.2374561352112235e-07	6.799454062122363e-08
HMR_1509	10000000000.0	1.0	10000000000.0	0.0	3.1153735600665917e-06	3.1394224952669305e-06	8.013354353797145e-08	3.18459124572988e-07	3.237456135220479e-07	6.799454062147875e-08
CHLSTI_1	10000000000.0	1.0	10000000000.0	0.0	3.1153735600665968e-06	3.139422495266939e-06	8.01335435379711e-08	3.184591245729881e-07	3.23745613522048e-07	6.799454062147875e-08
HMR_1516	10000000000.0	1.0	10000000000.0	0.0	3.115373560066596e-06	3.1394224952669517e-06	8.013354353797166e-08	3.1845912457119853e-07	3.23745613520856e-07	6.799454062114864e-08
RE2410C	10000000000.0	1.0	10000000000.0	0.0	3.115373560066591e-06	3.139422495266934e-06	8.013354353797113e-08	3.184591245711986e-07	3.2374561352085596e-07	6.79945406211486e-08
DSMSTOLR	10000000000.0	1.0	10000000000.0	0.0	3.1153735600665997e-06	3.139422495266955e-06	8.013354353797109e-08	3.184591245711152e-07	3.23745613520808e-07	6.799454062114855e-08
ACCOAC	6237424086.0	1.0	6237424086.0	0.0	2.565242064782214	2.4793332802107564	0.6780796260468951	2.3571566459583577	1.791703670430315	2.096470560562178
FASN	6237424086.0	1.0	6237424086.0	0.0	0.36646315211173713	0.3541904686015129	0.0968685180067034	0.3367366637083252	0.255957667204308	0.29949579436602686
MCAT	6237424086.0	1.0	6237424086.0	0.0	2.565242064782201	2.4793332802107306	0.6780796260468951	2.357156645958349	1.7917036704303044	2.096470560562179
AcetoacetylACPsynthesis	6237424086.0	1.0	6237424086.0	0.0	0.36646315211173647	0.35419046860151226	0.09686851800670325	0.3367366637083199	0.255957667204307	0.299495794366026
r0691	6237424086.0	1.0	6237424086.0	0.0	0.3664631521117368	0.35419046860151654	0.09686851800670328	0.33673666370831823	0.25595766720430235	0.299495794366026
r0681	6237424086.0	1.0	6237424086.0	0.0	0.36646315211173736	0.35419046860151815	0.09686851800670308	0.33673666370832517	0.2559576672043079	0.29949579436602686
r0682	6237424086.0	1.0	6237424086.0	0.0	0.36646315211173563	0.3541904686015118	0.09686851800670362	0.33673666370831823	0.25595766720430235	0.299495794366026
r0760	6237424086.0	1.0	6237424086.0	0.0	0.36646315211173763	0.35419046860151837	0.09686851800670297	0.336736663708325	0.2559576672043083	0.2994957943660266
r0761	6237424086.0	1.0	6237424086.0	0.0	0.36646315211173686	0.35419046860151626	0.09686851800670328	0.33673666370831823	0.25595766720430235	0.299495794366026
r0762	6237424086.0	1.0	6237424086.0	0.0	0.36646315211173563	0.3541904686015129	0.09686851800670333	0.33673666370832517	0.2559576672043079	0.29949579436602686
r0763	6237424086.0	1.0	6237424086.0	0.0	0.36646315211173636	0.35419046860151504	0.09686851800670325	0.33673666370831823	0.25595766720430235	0.299495794366026
r0764	6237424086.0	1.0	6237424086.0	0.0	0.3664631521117386	0.3541904686015189	0.09686851800670318	0.336736663708325	0.2559576672043083	0.2994957943660266
r0694	6237424086.0	1.0	6237424086.0	0.0	0.36646315211173713	0.3541904686015182	0.09686851800670315	0.33673666370831995	0.25595766720430746	0.2994957943660262
r0695	6237424086.0	1.0	6237424086.0	0.0	0.36646315211173586	0.35419046860151293	0.09686851800670322	0.3367366637083198	0.255957667204307	0.2994957943660262
r0765	6237424086.0	1.0	6237424086.0	0.0	0.3664631521117361	0.3541904686015175	0.09686851800670288	0.3367366637083199	0.2559576672043077	0.29949579436602614
r0766	6237424086.0	1.0	6237424086.0	0.0	0.3664631521117362	0.3541904686015178	0.09686851800670312	0.33673666370831984	0.25595766720430735	0.2994957943660261
r0692	6237424086.0	1.0	6237424086.0	0.0	0.3664631521117373	0.3541904686015186	0.09686851800670303	0.3367366637083199	0.2559576672043081	0.2994957943660261
r0693	6237424086.0	1.0	6237424086.0	0.0	0.36646315211173663	0.3541904686015179	0.09686851800670293	0.3367366637083196	0.2559576672043069	0.2994957943660261
r0767	6237424086.0	1.0	6237424086.0	0.0	0.3664631521117376	0.3541904686015187	0.0968685180067032	0.3367366637083199	0.2559576672043081	0.2994957943660261
r0768	6237424086.0	1.0	6237424086.0	0.0	0.366463152111738	0.3541904686015198	0.09686851800670276	0.33673666370832006	0.25595766720430746	0.299495794366026
r0769	6237424086.0	1.0	6237424086.0	0.0	0.36646315211173597	0.3541904686015164	0.09686851800670286	0.33673666370831984	0.25595766720430796	0.29949579436602614
r0770	6237424086.0	1.0	6237424086.0	0.0	0.36646315211173475	0.35419046860151654	0.09686851800670279	0.3367366637083197	0.25595766720430685	0.2994957943660261
r0712	6237424086.0	1.0	6237424086.0	0.0	0.36646315211173686	0.35419046860151837	0.09686851800670293	0.33673666370831984	0.2559576672043083	0.2994957943660261
r0713	6237424086.0	1.0	6237424086.0	0.0	0.3664631521117376	0.35419046860151937	0.0968685180067027	0.33673666370832006	0.25595766720430746	0.299495794366026
r0701	6237424086.0	1.0	6237424086.0	0.0	0.3664631521117386	0.35419046860151593	0.09686851800670322	0.33673666370831984	0.25595766720430796	0.29949579436602614
r0702	6237424086.0	1.0	6237424086.0	0.0	0.36646315211173613	0.3541904686015171	0.09686851800670301	0.3367366637083197	0.25595766720430685	0.2994957943660261
r0771	6237424086.0	1.0	6237424086.0	0.0	0.3664631521117374	0.3541904686015177	0.09686851800670315	0.33673666370834426	0.2559576672043282	0.29949579436602913
r0772	6237424086.0	1.0	6237424086.0	0.0	0.3664631521117376	0.35419046860151937	0.0968685180067027	0.3367366637083444	0.2559576672043279	0.2994957943660291
r0696	6237424086.0	1.0	6237424086.0	0.0	0.3664631521117386	0.35419046860151593	0.09686851800670322	0.33673666370834165	0.25595766720432833	0.29949579436602924
r0697	6237424086.0	1.0	6237424086.0	0.0	0.366463152111738	0.3541904686015175	0.09686851800670278	0.3367366637083415	0.25595766720432855	0.29949579436602924
r0773	6237424086.0	1.0	6237424086.0	0.0	0.36646315211173647	0.3541904686015218	0.09686851800670163	0.3367366637083417	0.2559576672043279	0.2994957943660294
FA160ACPH	6237424086.0	1.0	6237424086.0	0.0	0.3664631521117387	0.3541904686015238	0.09686851800670178	0.33673666370834193	0.2559576672043282	0.29949579436602924
TMLYStd_r	0.0	0.0	0.0	1.0	0.0	0.0	0.0	0.9199748332212132	0.9460737423783336	0.19160462096820896
TMLYSOX	0.0	0.0	0.0	1.0	0.0	0.0	0.0	0.9199748332212132	0.9460737423783336	0.19160462096820896
GHMT3	0.0	0.0	0.0	1.0	0.0	0.0	0.0	0.9199748332212139	0.9460737423783313	0.19160462096820927
TMABADH	0.0	0.0	0.0	1.0	0.0	0.0	0.0	0.9199748332212138	0.9460737423783301	0.1916046209682092
BBHOX	0.0	0.0	0.0	1.0	0.0	0.0	0.0	0.9199748332212138	0.9460737423783301	0.1916046209682092
SUCFUMtm_r	0.0	0.0	0.0	1.0	0.0	0.0	0.0	1.8399496664424275	1.8921474847566602	0.3832092419364185
palmitateActivation	10000000000.0	1.0	10000000000.0	0.0	0.01726349969102509	0.01207231661845845	0.016407506082989177	0.0	0.0	0.0
carnitineAcylTransferaseI	10000000000.0	1.0	10000000000.0	0.0	0.017263499691025	0.0120723166184585	0.01640750608298919	0.0	0.0	0.0
CARN160t_m	10000000000.0	1.0	10000000000.0	0.0	0.017263499691025332	0.01207231661845835	0.016407506082989166	0.0	0.0	0.0
carnitineAcylTransferaseII	10000000000.0	1.0	10000000000.0	0.0	0.0172634996910253	0.01207231661845835	0.01640750608298916	0.0	0.0	0.0
betaOxidation	10000000000.0	1.0	10000000000.0	0.0	0.01726349969100617	0.0120723166186002	0.016407506082988785	0.0	0.0	0.0
Biomass	10000000000.0	1.0	10000000000.0	0.0	0.00015270690456672183	0.00015388571615439998	3.927922334099884e-06	1.560997620559574e-05	1.5869105118391425e-05	3.332902339150593e-06
GLCt1_r	10000000000.0	1.0	10000000000.0	0.0	2.769941175690379	2.7959544407642514	0.11522226844178537	0.10273070200943057	0.1041930379821154	0.013293771082326461
O2t_r	0.0	0.0	0.0	1.0	2.2809869358008528	2.2047121588714953	0.5334605592572502	61.533778961864414	61.64733731961877	6.283507029350502
GLNt_r	10000000000.0	1.0	10000000000.0	0.0	0.6777766710536585	0.679090425179167	0.03669982389215877	0.20206691422634696	0.20718951531921775	0.024153166684295894
r0963_r	76355590.0	0.0	76355590.0	1.0	0.00026283483182260503	0.00027844253407315	8.675333143998666e-05	0.0013605067516143522	0.0014208944432027	0.00043806725978822136
THBPTt_r	9220272084.0	1.0	9220272084.0	0.0	1.1148608929096942e-05	1.050527885987406e-05	6.948558275768612e-06	1.6298032371959584e-06	1.5809993371407631e-06	9.193713674605155e-07
ARGt5r_r	9887236101.0	1.0	9887236101.0	0.0	0.1772489810596613	0.18328008308447052	0.03608616447151471	0.07836102301474951	0.08150417248606065	0.012357143663775254
PHEtec_r	10000000000.0	1.0	10000000000.0	0.0	5.0770858629418755e-05	5.014753962150356e-05	7.03322281319216e-06	5.68006132335711e-06	5.631274640236782e-06	1.535362661658087e-06
ILEtec_r	10000000000.0	1.0	10000000000.0	0.0	4.368608584465162e-05	4.402331790603339e-05	1.1236921654946346e-06	4.4656707729444025e-06	4.539801854059129e-06	9.534700353795068e-07
LEUtec_r	10000000000.0	1.0	10000000000.0	0.0	9.368115089845326e-05	9.385079112874745e-05	5.27467055111627e-06	8.900419451417767e-06	9.074010377491331e-06	1.8474270273647305e-06
VALtec_r	9580078470.0	1.0	9580078470.0	0.0	0.29024901514432777	0.29225317919407184	0.12826431452993478	0.07608705652478805	0.07943475195997635	0.018271631733170497
METtec_r	21089985.0	0.0	21089985.0	1.0	2.3366905157861146e-05	2.3547284970238443e-05	6.010428293602143e-07	0.002940111187130492	0.00288281284355775	0.0015376192737134458
r2526_r	9030833495.0	1.0	9030833495.0	0.0	0.18731449895496233	0.17150844413429175	0.09585224780746142	0.07265543734567001	0.0748161939163518	0.009531087191596054
GLYt4_r	8337475680.0	1.0	8337475680.0	0.0	0.1145944281269527	0.10583230295927279	0.07574903612882848	0.03210725590444935	0.03258784225525395	0.01496699613634434
r2532_r	0.0	0.0	0.0	1.0	0.0	0.0	0.0	0.010611102433712256	0.0106633119745099	0.0010082427677265459
PROPAT4te_r	0.0	0.0	0.0	1.0	0.0	0.0	0.0	5.212443581999818e-06	5.303756767500438e-06	1.3532680368071935e-06
HDCAt	0.0	0.0	0.0	1.0	0.0	0.0	0.0	3.636824282754451e-05	3.5957042454884736e-05	1.782801195475194e-05
CRNt	0.0	0.0	0.0	1.0	3.6066686733305236e-18	3.4267936639431096e-18	1.1249619186832029e-17	0.9199748332212139	0.9460737423783313	0.19160462096820927
GTHRDt2_r	177288949.0	0.0	177288949.0	1.0	0.026373544157426303	0.0215092373461046	0.02110345123546333	1.0914803030413291	0.9028550118673654	0.8566766541488327
DmLact	10000000000.0	1.0	10000000000.0	0.0	4.845928752424482	4.8913896436112125	0.20156298153955035	0.07083864598188107	0.072657171744509	0.008382697183388323
UREAt	6902858575.0	1.0	6902858575.0	0.0	0.05476970441274241	0.0469943424759522	0.04113656496569293	0.027713357169132577	0.0250009970218379	0.018446403829379714
DmBiomass	10000000000.0	1.0	10000000000.0	0.0	0.0001527069045667214	0.00015388571615439998	3.927922334099832e-06	1.5609976205595844e-05	1.5869105118391456e-05	3.332902339150591e-06
NH4t	1012487649.0	0.0	1012487649.0	1.0	36.22455725552323	35.05743569644525	11.808554348442922	75.99419730323751	70.51096972346582	32.08052160210438
PTRCtex2_f	8948897752.0	1.0	8948897752.0	0.0	0.08838653889066049	0.0841692430847083	0.05230259519481764	0.020379369910908787	0.0170324247370694	0.015371295006601346
GUDACtr2	8511489500.0	1.0	8511489500.0	0.0	0.08319503623413703	0.08039930669028994	0.05071037434581517	0.024138636779012096	0.02105458845172245	0.017438625807662242
CE2705t	9220272084.0	1.0	9220272084.0	0.0	1.1148608929096942e-05	1.050527885987406e-05	6.948558275768612e-06	1.6298032371959584e-06	1.5809993371407631e-06	9.193713674605155e-07
Dm2oxobutyrate	9677172291.0	1.0	9677172291.0	0.0	0.49594054542850224	0.5530158593002419	0.22778450400493117	0.04771499454936867	0.048752695596842	0.010302805007999835
H2Ot_f	3249181293.0	0.0	3249181293.0	1.0	86.39788943435158	84.68275787497531	23.611447798078736	121.72174832444962	112.20177891221351	59.515461890373324
PHLACHt_f	4862513737.0	8.754527123574448e-27	4862513737.0	1.0	329.6440410121772	335.1952240237745	195.67557449974313	339.6489181357791	337.4518091112086	165.10575424597246
CO2t	288291.0	0.0	288291.0	1.0	29.641622157438245	28.759392211077063	9.101271728014966	104.40152194876936	101.32355019598012	22.485260295025718
DmGSSG	133992939.0	0.0	133992939.0	1.0	0.021830031689545604	0.02038722248571405	0.012040447401612829	0.5613953300793154	0.46760310786814374	0.42781043547900055
GLUt4	0.0	0.0	0.0	1.0	0.0	0.0	0.0	0.0035566841817301093	0.0035792931403109502	0.001530483212013806
ALAPAT4te	0.0	0.0	0.0	1.0	0.0	0.0	0.0	0.007603872818096558	0.00782067938512895	0.002666429318640475
DmAla	1144277841.0	0.0	1144277841.0	1.0	0.16877760183171434	0.12147316779509855	0.16042998942729525	1.1908286100430525	0.9020052208264129	1.0475523279413286
ASPte_r	7580174260.0	1.0	7580174260.0	0.0	100.91820552048638	100.71411864697589	57.88661879146009	49.16166909531897	50.175572995871015	24.562495569144037
DmAsp	7526900463.0	1.0	7526900463.0	0.0	101.00790718575333	100.80152452805793	57.87802077920851	50.324853959085715	51.26247985050059	24.70781176955503
DmPalm	6043391956.0	1.0	6043391956.0	0.0	0.34915826289402946	0.33684142749322277	0.09689097270649889	0.3367688010388922	0.2559836930053455	0.2994952288113934
ATPM	93027372.0	0.0	93027372.0	1.0	0.153834859331255	0.1078964812938206	0.1517790283227576	13.71656963738628	10.593055729946439	11.836925448185218
GACMTRc	5679786610.0	1.0	5679786610.0	0.0	0.03922937893025026	0.02856328063870435	0.035837357880942125	0.026503421027259152	0.02373715082312185	0.017431173036623865
CKc_cho	5679786610.0	1.0	5679786610.0	0.0	0.03922937893025003	0.0285632806387044	0.03583735788094206	0.026503421027266154	0.0237371508231296	0.017431173036622425
CRTNsyn_cho	5679786610.0	1.0	5679786610.0	0.0	0.03922937893025004	0.0285632806387044	0.03583735788094205	0.02650342102726614	0.0237371508231296	0.017431173036622425
CRTNtr	5679786610.0	1.0	5679786610.0	0.0	0.03922937893025004	0.0285632806387044	0.03583735788094205	0.026503421027266154	0.023737150823129653	0.017431173036622425
NDPK1	24139655.0	0.0	24139655.0	1.0	0.04640532491821041	0.0330857615365207	0.04277709867363736	14.035522014263599	11.713934064972477	10.892643406032459
NDPK5	10000000000.0	1.0	10000000000.0	0.0	1.5114929414018834e-06	1.5231608184967705e-06	3.887857526292059e-08	1.5450754448340465e-07	1.5707240246211375e-07	3.2989067352988934e-08
NDPK8	10000000000.0	1.0	10000000000.0	0.0	2.0131351229037164e-06	2.0286753960641567e-06	5.178180013043735e-08	2.0578631632003122e-07	2.0920241277685707e-07	4.3937651537328046e-08
NDPK7	10000000000.0	1.0	10000000000.0	0.0	1.441858592919411e-06	1.4529889319303048e-06	3.7087442678570146e-08	1.4738939533516117e-07	1.498360905291286e-07	3.1469263886615257e-08
DTMPK	10000000000.0	1.0	10000000000.0	0.0	1.9990860876835836e-06	2.0145179101779946e-06	5.142043127570205e-08	2.04350198507489e-07	2.0774245510488273e-07	4.3631024521826714e-08
NDPK4	10000000000.0	1.0	10000000000.0	0.0	1.9990860876835794e-06	2.014517910177992e-06	5.142043127570193e-08	2.0435019850800036e-07	2.0774245510522192e-07	4.363102452192105e-08
HIStiDF_r	4431325502.0	0.0	4431325502.0	1.0	0.0891553511532	0.0893029903570788	0.05745930742009675	0.09909316578389694	0.10179149841381024	0.029913635550963408
PTRCOX1	8922115673.0	1.0	8922115673.0	0.0	0.0883429869026157	0.08717734422885695	0.04422816861319861	0.027432933653400472	0.02579478685044765	0.01660893105812207
ABUTD	8922115673.0	1.0	8922115673.0	0.0	0.0883429869026151	0.08717734422885559	0.04422816861319837	0.02743293365340512	0.02579478685045505	0.01660893105812359
r0465_1	21035845.0	0.0	21035845.0	1.0	0.16276160342019255	0.1388797739804045	0.11377498245395141	8.48382832850202	7.181103857835154	6.206675489078716
ABUTH	78768592.0	0.0	78768592.0	1.0	0.08667916795564605	0.059115373390098	0.08974135545740479	7.620262006499457	6.266631958461602	6.195312331354462
GLUDC	9791959155.0	1.0	9791959155.0	0.0	7.6756116707373465	7.5721106047391515	2.804552779718977	1.8790878027443385	1.7039383177008331	1.123943292409328
HISDr	756612466.0	0.0	756612466.0	1.0	7.315771202611067	7.200264551243496	2.780886376232918	11.738330761881794	11.888459197582932	0.7550246283400777
URCN	756612466.0	0.0	756612466.0	1.0	7.315771202610805	7.200264551243691	2.7808863762329086	11.738330761881805	11.888459197582948	0.7550246283400773
IZPN	756612466.0	0.0	756612466.0	1.0	7.31577120261083	7.2002645512437216	2.7808863762329015	11.738330761881803	11.888459197582943	0.755024628340077
GluForTx	756612466.0	0.0	756612466.0	1.0	7.315771202610815	7.200264551243691	2.7808863762329024	11.738330761881803	11.888459197582947	0.7550246283400797
FTCD	756612466.0	0.0	756612466.0	1.0	7.315771202610829	7.200264551243674	2.780886376232899	11.738330761881805	11.888459197582938	0.7550246283400791
CARPEPT1tc_r	500399922.0	0.0	500399922.0	1.0	7.3027175899911265	7.186080456208263	2.7981389556352414	12.502805891295468	12.50575820263251	1.1069890642757696
NBAHH_ir	67047013.0	0.0	67047013.0	1.0	7.385770646972431	7.2687036595279455	2.7958627363556703	19.2385336950252	17.73970310876127	5.957504357647281
r0283	109355515.0	0.0	109355515.0	1.0	0.08305305698135362	0.058316343730909395	0.08109330889948443	6.735727803730186	5.165163774467404	5.905504099744394
ASP1DC	673643141.0	0.0	673643141.0	1.0	0.08361433786996635	0.058594928435128	0.08541376821679943	1.0979787280603128	0.8193500935537008	1.0166902873564283
CSNt_r	2568186486.0	0.0	2568186486.0	1.0	9.715197961217665	9.37943889138032	3.5437177244171	22.254311351707397	19.667057130976307	15.721742915827942
bAlaSynthesis	2568186486.0	0.0	2568186486.0	1.0	9.71519796121722	9.379438891380397	3.5437177244172418	22.254311351707308	19.66705713097619	15.72174291582794
LYSt5r_r	9693621699.0	1.0	9693621699.0	0.0	0.1687251561358572	0.1824410464637068	0.06925057568112149	0.02341595063421431	0.0234400541101438	0.011566368237292367
LYStm	9692515168.0	1.0	9692515168.0	0.0	0.1686347362397675	0.1823490565551075	0.06925058188126576	0.023406707748763914	0.0234316453848618	0.011566580101124628
SACCD3m	9692515168.0	1.0	9692515168.0	0.0	0.16863473623974296	0.18234905655515765	0.06925058188124728	0.023406707748763914	0.0234316453848618	0.011566580101124628
r0525	9692515168.0	1.0	9692515168.0	0.0	0.1686347362397426	0.18234905655515826	0.069250581881247	0.023406707748763914	0.0234316453848618	0.011566580101124628
AASAD3m	9692515168.0	1.0	9692515168.0	0.0	0.16863473623974118	0.18234905655515565	0.06925058188124716	0.023406707748763866	0.023431645384861748	0.011566580101124628
r0450	9692515168.0	1.0	9692515168.0	0.0	0.16863473623972505	0.1823490565551097	0.06925058188124655	0.023406707748763914	0.0234316453848618	0.011566580101124628
2OXOADOXm	9688902716.0	1.0	9688902716.0	0.0	0.16863473623974198	0.18234905655515593	0.06925058188124733	0.023670732908009997	0.0236893872696189	0.011584350668151912
GLUTCOADHm	9688902716.0	1.0	9688902716.0	0.0	0.1686347362397429	0.18234905655515837	0.06925058188124708	0.023670732908009987	0.023689387269618847	0.011584350668151912
3HBCDm	9688902716.0	1.0	9688902716.0	0.0	0.16863473623974215	0.1823490565551582	0.06925058188124687	0.023670732908009997	0.0236893872696189	0.011584350668151912
HACD1m	9688902716.0	1.0	9688902716.0	0.0	0.1686347362397421	0.1823490565551579	0.0692505818812468	0.023670732908009987	0.023689387269618847	0.011584350668151907
HMGCOASm	254560267.0	0.0	254560267.0	1.0	-1.1822388047831053e-08	-1.824021286061996e-08	5.012276715312088e-08	3.6439525148244e-07	3.174043829470868e-07	2.5231336061366936e-07
CYStec_r	0.0	0.0	0.0	1.0	0.0	0.0	0.0	0.08387388565000328	0.08428656822300395	0.007969505443569358
CYSTA	7098763583.0	1.0	7098763583.0	0.0	0.11367940743594838	0.10157184181481516	0.05916371997363525	0.07359766088049913	0.07185848159173785	0.030776628733527038
CYANt_r	7098763583.0	1.0	7098763583.0	0.0	0.1136794074359484	0.1015718418148196	0.05916371997363578	0.07359766088049906	0.07185848159173795	0.03077662873352703
MCPST	7098763583.0	1.0	7098763583.0	0.0	0.11367940743594795	0.10157184181482015	0.05916371997363568	0.07359766088049911	0.07185848159173805	0.030776628733527035
TCYNTt	5640357589.0	1.0	5640357589.0	0.0	0.054078159120690146	0.0457145625581382	0.041592938948070826	0.042781536056091224	0.03844279250198315	0.02964362700386751
CYSO	9166221974.0	1.0	9166221974.0	0.0	0.2002659294322551	0.2100862002668731	0.06350022849247383	0.08816736795723117	0.08663448529952406	0.04010315198508504
3SALATAi	6809044511.0	1.0	6809044511.0	0.0	0.07457545651609647	0.0763037537054784	0.04979785838430223	0.042515442522803516	0.03343216433656675	0.03547647471554648
3SALAASPm	8515820334.0	1.0	8515820334.0	0.0	0.12569047291615754	0.1255465541042038	0.06589139647154979	0.04565192543442934	0.04193804126117105	0.0304312140991624
3SALATAim	8515820334.0	1.0	8515820334.0	0.0	0.12569047291615892	0.12554655410420418	0.06589139647154994	0.04565192543441826	0.041938041261158895	0.030431214099161837
3SPYRSP	6809044511.0	1.0	6809044511.0	0.0	0.07457545651609644	0.0763037537054785	0.049797858384302236	0.04251544252280486	0.0334321643365636	0.035476474715546005
3SPYRSPm	8515820334.0	1.0	8515820334.0	0.0	0.12569047291615615	0.1255465541042041	0.0658913964715495	0.045651925434418414	0.0419380412611594	0.03043121409916182
HMR_3951	6809044511.0	1.0	6809044511.0	0.0	0.07457545651609658	0.0763037537054789	0.049797858384302465	0.04251544252280485	0.0334321643365636	0.03547647471554601
ExSulfitem	8515820334.0	1.0	8515820334.0	0.0	0.12569047291615565	0.12554655410420423	0.06589139647154936	0.04565192543441837	0.04193804126115945	0.03043121409916183
PHETHPTOX2	9220272084.0	1.0	9220272084.0	0.0	1.114860892909693e-05	1.0505278859874086e-05	6.948558275768595e-06	1.6298032371959425e-06	1.5809993371407652e-06	9.193713674605142e-07
TYRt_r	9392710323.0	1.0	9392710323.0	0.0	1.3234255229983836e-05	1.3866530926858581e-05	6.970404420674277e-06	1.8692956336462563e-06	1.9063887030663232e-06	8.980953779692138e-07
TYRTA	0.0	0.0	0.0	1.0	0.0	0.0	0.0	1.0066383601185135e-06	1.0082044577541485e-06	4.4768685825524e-07
34HPPOR	0.0	0.0	0.0	1.0	0.0	0.0	0.0	1.006638360058242e-06	1.0082044577555743e-06	4.4768685825981305e-07
HGNTOR	0.0	0.0	0.0	1.0	0.0	0.0	0.0	1.0066383600582427e-06	1.0082044577555745e-06	4.4768685825981316e-07
MACACI	0.0	0.0	0.0	1.0	0.0	0.0	0.0	1.0066383600582425e-06	1.0082044577555766e-06	4.4768685825981337e-07
FUMAC	0.0	0.0	0.0	1.0	0.0	0.0	0.0	1.0066383600582854e-06	1.008204457755331e-06	4.476868582598365e-07
AACOAT	0.0	0.0	0.0	1.0	0.0	0.0	0.0	1.0066383600582893e-06	1.0082044577553392e-06	4.476868582598363e-07
r2534_r	9698770092.0	1.0	9698770092.0	0.0	0.4959986563435274	0.5530744485114665	0.22778389029849908	0.04478290193887054	0.045611289468103	0.009931145085529069
THRD_L	9698462991.0	1.0	9698462991.0	0.0	0.4959509064215266	0.5530257999730341	0.22778388864190482	0.04477802085541104	0.0456066696017729	0.009931092022334451
OBDHc	9951276476.0	1.0	9951276476.0	0.0	1.0360993023889962e-05	1.049767351662896e-05	4.686524108381492e-06	7.488858434589361e-07	7.322947946993928e-07	3.3338322493891287e-07
PPCOAtm	9951276476.0	1.0	9951276476.0	0.0	1.0360993023853924e-05	1.0497673516608927e-05	4.68652410836497e-06	7.488858438542101e-07	7.322947931776942e-07	3.3338322495674614e-07
r1616_r	9273954129.0	1.0	9273954129.0	0.0	0.005608192095215751	0.00603359557650035	0.0026040162450465094	0.0011775367092587445	0.0010703511205893	0.0006846245799655036
TRPO2	9272786216.0	1.0	9272786216.0	0.0	0.005606160177147161	0.0060315395176076	0.0026040162764609078	0.0011773290029154278	0.00107012413154865	0.0006846207382180535
FKYNH	9272786216.0	1.0	9272786216.0	0.0	0.005606160177143527	0.00603153951761035	0.0026040162764609746	0.0011773290029154309	0.00107012413154865	0.000684620738218057
KYN	9442580871.0	1.0	9442580871.0	0.0	0.005606160177143517	0.00603153951761035	0.002604016276460973	0.000913303843668295	0.0008176299520960501	0.0006168696596626579
ANTHte	9442580871.0	1.0	9442580871.0	0.0	0.005606160177143533	0.00603153951761045	0.002604016276460974	0.0009133038436682821	0.000817629952096	0.0006168696596626543
KYN3OX	0.0	0.0	0.0	1.0	0.0	0.0	0.0	0.000264025159247073	0.0002444167731206	0.0001669819893789515
HKYNH	0.0	0.0	0.0	1.0	0.0	0.0	0.0	0.0002640251592470728	0.0002444167731206	0.00016698198937895156
3HAO	0.0	0.0	0.0	1.0	0.0	0.0	0.0	0.0002640251592470727	0.0002444167731206	0.00016698198937895153
PCLAD	0.0	0.0	0.0	1.0	0.0	0.0	0.0	0.00026402515924707287	0.0002444167731206	0.0001669819893789515
AM6SAD	0.0	0.0	0.0	1.0	0.0	0.0	0.0	0.0002640251592470729	0.0002444167731206	0.0001669819893789515
AMCOXO	0.0	0.0	0.0	1.0	0.0	0.0	0.0	0.00026402515924707276	0.0002444167731206	0.00016698198937895156
2OXOADPTm	0.0	0.0	0.0	1.0	0.0	0.0	0.0	0.00026402515924706994	0.00024441677312055	0.00016698198937895164
ExCystineGlu	10000000000.0	1.0	10000000000.0	0.0	0.13085025804959835	0.1311609762083045	0.008739051378983235	0.004471605380612368	0.004302834060700551	0.0026365939729126623
ExCystineSer	3338298206.0	0.0	3338298206.0	1.0	0.052773480946070504	0.054903308810853355	0.01591791347307728	0.06163714159764017	0.06281047482988315	0.012126440346013808
CystinePyruvate	5822853514.0	1.0	5822853514.0	0.0	0.018004255094105782	0.0140042564328944	0.01517856852422323	0.012976494629411873	0.01053800486727235	0.010497032714289716
CystineReductaseNADPH	8837641132.0	1.0	8837641132.0	0.0	0.061718689717478126	0.053370611035479854	0.04094923293209157	0.013461045268680787	0.01145448994245975	0.010111725899491657
CystineReductaseNADH	5436685090.0	1.0	5436685090.0	4.1749150536003104e-251	0.014962808369458392	0.014720121155074449	0.008690016690518597	0.014550414675877962	0.0119800709542133	0.011376454861792123
CystineGSH	9187856356.0	1.0	9187856356.0	0.0	0.08893798581463147	0.09163028649780519	0.04060399428541879	0.025120792404279547	0.0240615031968101	0.014612058604705616
Ex3HB	36012412.0	0.0	36012412.0	1.0	1.1850715860067478	1.0103235121235508	0.7289000399558851	8.024597864822285	8.375069037357429	2.000217131968352
Transport3HB_forward	36012412.0	0.0	36012412.0	1.0	1.1850715860066334	1.0103235121235197	0.7289000399558682	8.024597864822338	8.375069037357491	2.000217131968346
bBDH	36012412.0	0.0	36012412.0	1.0	1.1850715860066339	1.0103235121235201	0.7289000399558674	8.024597864822342	8.375069037357486	2.0002171319683426
OCOAT1m	36012412.0	0.0	36012412.0	1.0	1.185071586006632	1.0103235121235183	0.7289000399558684	8.024597864822328	8.3750690373575	2.0002171319683453
ACACT1m	43505647.0	0.0	43505647.0	1.0	1.353706334068732	1.1773715245972658	0.7263150954262857	8.048268233334724	8.399579054737345	2.001703858552809
G3PD1ir	92831220.0	0.0	92831220.0	1.0	0.3038210329495763	0.2199202738711003	0.27934604307808747	22.85393842826994	18.70073130427089	18.234443006621035
GLYC3Ptm	92831220.0	0.0	92831220.0	1.0	0.30382103294956736	0.21992027387109386	0.2793460430780881	22.8539384282699	18.700731304270796	18.234443006621028
G3PDm	92831220.0	0.0	92831220.0	1.0	0.30382103294957585	0.2199202738711	0.2793460430780874	22.853938428269895	18.7007313042708	18.23444300662103
DHAPtm	92831220.0	0.0	92831220.0	1.0	0.30382103294957585	0.2199202738711	0.2793460430780874	22.853938428269895	18.70073130427079	18.234443006621028
CMPuptake_r	9664737106.0	1.0	9664737106.0	0.0	3.5852279698595963e-06	3.5179467196089773e-06	1.9915951252420216e-06	3.122784258574156e-07	3.0508321988450225e-07	1.736969894706544e-07
UMPuptake_r	9406005221.0	1.0	9406005221.0	0.0	7.241342583765416e-06	7.672481602166933e-06	4.01186370539011e-06	8.992405411254477e-07	8.885406120068975e-07	3.9329656129777134e-07
Transport_ala_B_c_e	1186895608.0	0.0	1186895608.0	1.0	17.1015298890794	16.49200537073082	5.948699303607492	35.85509597106291	33.358495546840665	15.728903112675814
EX_ala_B	1186895608.0	0.0	1186895608.0	1.0	17.101529889079302	16.49200537073073	5.948699303607487	35.85509597106257	33.358495546840274	15.728903112675823
Transport_octanoyl_ACP_c_e					0.0	0.0	0.0	0.0	0.0	0.0
EX_octanoyl_ACP					0.0	0.0	0.0	0.0	0.0	0.0
TMDK1	1260600000.0	0.0	1260600000.0	1.0	0.0	0.0	0.0	3.9609842989221514e-08	3.819234528880833e-08	3.366649757251439e-08
THYMDt1_r	1260600000.0	0.0	1260600000.0	1.0	0.0	0.0	0.0	3.960984298922151e-08	3.819234528880836e-08	3.3666497572514395e-08
EX_thymd	1260600000.0	0.0	1260600000.0	1.0	0.0	0.0	0.0	3.960984298922151e-08	3.819234528880835e-08	3.366649757251438e-08
Transport_HC00576_c_e	732749099.0	0.0	732749099.0	1.0	0.07608243546454285	0.05434938712895955	0.07393657574782601	0.8635663220030666	0.6549406754725889	0.7690763733184982
EX_HC00576	732749099.0	0.0	732749099.0	1.0	0.07608243546454366	0.054349387128959495	0.07393657574782614	0.8635663220030666	0.6549406754725889	0.7690763733184982
Transport_4abut_c_e	9937172165.0	1.0	9937172165.0	0.0	7.687872222175014	7.575662565138032	2.804849792145262	1.0429544143953047	0.8139121256211923	0.8778126081593091
EX_4abut	9937172165.0	1.0	9937172165.0	0.0	7.687872222175041	7.575662565138087	2.804849792145259	1.0429544143953051	0.8139121256211914	0.8778126081593091
EX_h_e_b	3141091000.0	0.0	3141091000.0	1.0	245.33435357003304	236.6153988927036	129.96091552072826	326.6389674908601	332.85292436844895	93.31684946805682
EX_h2o_e_b	2854634165.0	0.0	2854634165.0	1.0	155.62455140992586	158.56857425934732	53.255762202037616	207.59560948123234	205.57229054301024	71.71244240289823
PGM_b	9858738802.0	1.0	9858738802.0	0.0	16.200021865715183	17.04122394698196	6.723562309190347	1.6344967378482802	1.3685369588652958	1.0886770419591152
ENO_b	9606067912.0	1.0	9606067912.0	0.0	15.274680520001315	16.355693442534992	7.282983636162076	1.6953926908149375	1.434506776136235	1.087245499222191
TKT2_b	2014140758.0	0.0	2014140758.0	1.0	0.05690567959184612	0.05263714263283685	0.03657368461738966	0.10697154349190012	0.1048666873888838	0.044667999886640344
RPE_b	6130543635.0	1.0	6130543635.0	0.0	0.1866546435838164	0.1726716510275391	0.11991991450967189	0.1336036889175304	0.130139553494675	0.05312352917047588
TKT1_b	2851705632.0	0.0	2851705632.0	1.0	0.06875564375022664	0.06942831790464521	0.033805729294643976	0.10349498223509616	0.10081272954051526	0.045645535929650934
TALA_b	9980935002.0	1.0	9980935002.0	0.0	2.796760984408026	2.7246867616963693	1.0927712678241894	0.15392542491463945	0.14873775404481948	0.07565666251012523
ACONTm_b	7571400441.0	1.0	7571400441.0	0.0	104.07874448196429	108.40323460238363	44.763171022160236	64.04816738603854	60.94563730413594	32.627618253019186
ICDHym_b	1728.0	0.0	1728.0	1.0	16.234042269198294	16.11035452752094	4.69263626933891	210.7028229436873	211.1191227548345	55.67438348036706
SUCOAS1m_b	6942718870.0	1.0	6942718870.0	0.0	11.834647994295038	11.719770886793992	6.634792860473175	7.779842944856398	7.8871949411971425	2.8245013783045003
FUMm_b	6940398452.0	1.0	6940398452.0	0.0	153.66467125659344	149.54799922705934	73.4032673509365	106.19741081158598	106.9086233354841	44.04850448042599
MDHm_b	8431324461.0	1.0	8431324461.0	0.0	613.1563925344906	611.4744931459481	210.3426524183455	376.86731139595844	386.66453092106224	97.27661099908491
FUM_b	4756375484.0	9.871276163465845e-80	4756375484.0	1.0	38.668259675522556	30.23515812645905	32.279265402261075	35.03939018004238	35.154780103434476	15.635099910970997
MDH_b	9235732911.0	1.0	9235732911.0	0.0	413.9060831956602	455.3515614627184	159.6029940337004	128.1086735512609	126.50538755905393	53.27765606901828
AKGMALtm_b	6180676859.0	1.0	6180676859.0	0.0	345.76278737616883	373.1951937416452	172.0614364070057	288.1871780471516	286.8816230566837	101.12911331183469
PYRt2m_b	5576164821.0	1.0	5576164821.0	0.0	17.431620263553004	16.730444347740328	8.1164397376051	15.682530021805256	15.423933287444587	7.089071189713512
FUMtm_b	20710.0	0.0	20710.0	1.0	8.060894550150062	7.381387815637307	4.459040124355609	80.98623467309613	79.71584298628268	21.78657743996638
CO2tm_b	4522549053.0	1.0703801742879656e-299	4522549053.0	1.0	97.38965097388834	89.24956111991601	67.38536946730076	106.48448494806074	103.35782815788073	63.01513801303219
r0801_b	5490940313.0	1.0	5490940313.0	0.0	9.35086571452462	10.01358767178559	2.903585649026335	8.893894690667333	8.831959107026279	3.9072662952628248
NH4tm_b	5278390584.0	1.0	5278390584.0	1.9569239838007839e-103	117.57954467077474	118.93095615353656	49.646547255005686	113.8774146920392	113.0794211759449	39.89482428402569
NDPK3_b	7841622173.0	1.0	7841622173.0	0.0	4.124241022094744e-06	4.123092714785855e-06	2.3651807477415756e-06	1.831646656578608e-06	1.8111123667776926e-06	7.227828848081043e-07
GLUDym_b	7983647684.0	1.0	7983647684.0	0.0	136.98074583115692	145.14155973360306	62.67130383304832	72.3164208412229	70.01901816713047	35.58940838783416
ASPTA_b	8423576483.0	1.0	8423576483.0	0.0	116.1054519666525	102.96749258187464	63.5918079289254	46.98201678070925	44.68962957527654	22.72605913488006
GHMT2r_b	2488230212.0	0.0	2488230212.0	1.0	30.52646017157733	22.093178041333687	27.19991841033144	51.333135656656474	51.77059349774393	19.526136968221028
ALATA_L_b	895401211.0	0.0	895401211.0	1.0	0.01732774160482812	0.0177784812713885	0.006584312230137103	0.030156631820143207	0.030533800036737148	0.007187846762267555
MTHFC_b	1268402862.0	0.0	1268402862.0	1.0	7.4931037592482435	7.379605389844654	2.7589469685692647	10.957257071465326	11.13079185457196	0.7365401496343771
MTHFD2i_b	425709348.0	0.0	425709348.0	1.0	30.303141914051032	29.88679007651869	14.310898062067741	97.64960954983927	94.28223541019807	39.5111808043417
H2Ot_b	3121568554.0	0.0	3121568554.0	1.0	13.744550739743923	14.222513858128949	8.125256915161204	24.617768963199325	22.238051446879055	16.86598624099158
PHLACHt_b	4466228619.0	0.0	4466228619.0	1.0	342.24913603299166	347.5897785526903	194.21758908800183	379.05542345823613	376.9551864266732	166.0269786545331
GLU5SAtmc_b	0.0	0.0	0.0	1.0	0.0	0.0	0.0	9.698795624186423e-05	9.914332254977707e-05	3.2707455138536794e-05
PTRCtex2_b	0.0	0.0	0.0	1.0	0.0	0.0	0.0	0.00018901338933413687	0.00017554429462075	0.00012239496322203873
H2Otm_b	0.0	0.0	0.0	1.0	0.0	0.0	0.0	244.13830209518213	244.91787676616894	29.39048194119981
r0074_b	0.0	0.0	0.0	1.0	0.0	0.0	0.0	9.698795624186443e-05	9.914332254977752e-05	3.2707455138536814e-05
EX_ala__L_e_b	0.0	0.0	0.0	1.0	0.0	0.0	0.0	0.028896395509626506	0.02975351594832405	0.008140839183100022
EX_hdca_e_b	0.0	0.0	0.0	1.0	0.0	0.0	0.0	9.160465039755314e-05	9.390988985908044e-05	2.9222381121500484e-05
G5SADs_b	0.0	0.0	0.0	1.0	0.0	0.0	0.0	9.698795624186443e-05	9.914332254977752e-05	3.2707455138536814e-05
