	statistic_less	pvalue_less	statistic_greater	pvalue_greater	mean_MCF102A	median_MCF102A	std_MCF102A	mean_MCF7	median_MCF7	std_MCF7
EX_lac__L_e	6350313731.0	1.0	6350313731.0	0.0	4.907378157884291	5.036152017102685	1.1178756670934178	4.569253545833074	4.666324084261811	0.368864230043265
EX_glc__D_e_r	6366611400.0	1.0	6366611400.0	0.0	2.89698883310483	2.972884663436879	0.6601992389405366	2.693358852391259	2.749913388129961	0.2214497339999001
EX_gluIN__L_e	10000000000.0	1.0	10000000000.0	0.0	0.020976733648812397	0.0208669113953506	0.00987132313117555	0.0	0.0	0.0
EX_gluOUT__L_e	5103473.0	0.0	5103473.0	1.0	0.03896004347561918	0.039510346723674	0.008815526912404037	0.07527886773011169	0.07682964232471125	0.006050533452732319
EX_gln__L_e_r	8223956.0	0.0	8223956.0	1.0	0.6419920808657116	0.6576039000256292	0.14632285809678786	1.1876639356584517	1.2122275517828682	0.09544891470090702
EX_asp__L_e	10000000000.0	1.0	10000000000.0	0.0	0.022807820864934488	0.02150659743600715	0.013409745225933495	0.0	0.0	0.0
DM_asp__L_e	8598270248.0	1.0	8598270248.0	0.0	2.096798688528563	1.5241542026527761	1.8846254400764975	0.34908048872802677	0.2697007266727526	0.2946033309760297
EX_co2_e	10000000000.0	1.0	10000000000.0	0.0	137.13195373129156	135.18118341190603	19.80115795580918	35.698546701145624	35.77617176470775	2.120319550672571
EX_h_e_f	7713018304.0	1.0	7713018304.0	0.0	357.23222249095016	370.78930701052417	70.68976736457849	238.59915931464863	257.95235739840655	130.16737221262196
EX_h2o_e_f	6176245851.0	1.0	6176245851.0	0.0	117.0504378543195	118.77691205737658	40.92392373192368	94.48132748255503	89.43927287821435	57.05343071761564
EX_ump_e_r	1938979447.0	0.0	1938979447.0	1.0	9.584772630335719e-06	9.229275695528462e-06	5.842790067826435e-06	2.095450931465893e-05	2.0027534410646313e-05	1.1188337614200292e-05
EX_pi_e_r	137427264.0	0.0	137427264.0	1.0	0.0002070058716342015	0.00021159289979219998	2.1004193385807426e-05	0.00038638065673132397	0.000397324021012	7.117545985658969e-05
EX_nh4_e	10000000000.0	1.0	10000000000.0	0.0	95.86341476280792	91.0245571311802	22.842778226707264	13.86286906738251	13.497885395345875	2.383510000228139
EX_o2_e_r	10000000000.0	1.0	10000000000.0	0.0	102.60228566942753	102.9319289062667	12.615838336732498	19.694034244530275	19.773549676282496	1.3059464573896744
EX_arg__L_e_r	554497341.0	0.0	554497341.0	1.0	0.09632267645275691	0.1011670129974437	0.021768573707131297	0.20209719222437955	0.21450295069895708	0.0517612944664776
EX_pro__L_e	10000000000.0	1.0	10000000000.0	0.0	5.071940785344991e-05	5.06134290445184e-05	1.9922521694262266e-05	0.0	0.0	0.0
EX_leu__L_e_r	139663132.0	0.0	139663132.0	1.0	0.00014333111000191398	0.00014583783541829997	1.5133934627029374e-05	0.0002735880656808279	0.00028150980300909996	5.416068640905938e-05
EX_ile__L_e_r	117309640.0	0.0	117309640.0	1.0	6.589382838498778e-05	6.754349108429534e-05	6.2296615102002e-06	0.0001249389762727723	0.0001288304893946	2.2699176314794132e-05
EX_met__L_e_r	1284291832.0	0.0	1284291832.0	1.0	0.0027923970570787105	0.0029281177849707	0.0012876440526473003	0.014012618600880657	0.01198722274996625	0.009764118284309196
EX_gly_e_r	4584033005.0	4.544283656847107e-228	4584033005.0	1.0	0.11407632225354505	0.1076632613261759	0.0706167115119015	0.12247366125366532	0.1228989519386709	0.05927424837023662
EX_phe__L_e_r	740732754.0	0.0	740732754.0	1.0	9.791770820032769e-05	0.0001003196085267	9.24550995875087e-06	0.0001504569340905919	0.0001520526936491	3.3236180118245045e-05
EX_ser__L_e_r	2484238132.0	0.0	2484238132.0	1.0	0.10671102083743327	0.1050528828122574	0.05693291037512317	0.16602378084236805	0.176307321976176	0.06874995594538244
EX_ala__L_e_f	8939772618.0	1.0	8939772618.0	0.0	2.526858248156481	1.9093901943527756	2.185577414157616	0.34244693219765343	0.2351589424810555	0.34490382587928353
EX_ribflv_e					0.0	0.0	0.0	0.0	0.0	0.0
EX_asn__L_e	10000000000.0	1.0	10000000000.0	0.0	0.03410614123244945	0.0346311674811763	0.007319047097920138	0.0	0.0	0.0
EX_fol_e_r	6310872707.0	1.0	6310872707.0	0.0	0.00017351887469834208	0.00018576553825055	5.360430029803321e-05	0.00015146084852156252	0.0001558915135148	5.059496722903051e-05
EX_urea_e	0.0	0.0	0.0	1.0	0.0	0.0	0.0	0.07297609070571195	0.06512603831445675	0.04979746276773052
EX_pyr_e	10000000000.0	1.0	10000000000.0	0.0	0.26124765758864316	0.2709367612121497	0.14604748653689806	0.0	0.0	0.0
PYRt2	10000000000.0	1.0	10000000000.0	0.0	0.26124765758864316	0.2709367612121497	0.14604748653689806	0.0	0.0	0.0
EX_gudac_e	3874893332.0	0.0	3874893332.0	1.0	0.03381510019423284	0.0287186857940224	0.024556369603008003	0.05318913262170031	0.04138542920025315	0.044052915594092246
EX_hdca_e_f	5137651424.0	1.0	5137651424.0	7.629827894744327e-27	2.028576568978885	2.0192340121114514	0.860791596549606	1.9890014659726785	1.9864455409122543	0.1579323517206552
EX_ptrcIN_e	10000000000.0	1.0	10000000000.0	0.0	0.0003676038404638174	0.0003800217365795	7.325601536467542e-05	0.0	0.0	0.0
EX_ptrcOUT_e	305934197.0	0.0	305934197.0	1.0	0.03562761768635041	0.03124923710669085	0.02511112773138617	0.16615313284133484	0.17589144289477315	0.05440881687371408
EX_biomassx	117309640.0	0.0	117309640.0	1.0	0.0002303351826598921	0.00023610166138005002	2.1776094317634282e-05	0.0004367304590803742	0.000450333438414	7.934610950442623e-05
EX_gthox_e	7408050070.0	1.0	7408050070.0	0.0	0.6917082713140615	0.6177403553597733	0.45501470941856936	0.3267304221694559	0.33314499155374877	0.16308322487575386
EX_2obut_e	175446437.0	0.0	175446437.0	1.0	0.014487787244266978	0.01482506725286075	0.002703508520054415	0.2530247458976402	0.24529171570073044	0.14739657834440212
EX_crn_e	10000000000.0	1.0	10000000000.0	0.0	18.357774741243926	18.548167179712628	2.4877460238391538	-1.2739856714343803e-17	-6.062317211092787e-17	2.6597862193183633e-16
EX_val__L_e_r	2840576.0	0.0	2840576.0	1.0	0.02144023414451426	0.022403538146254398	0.005534423498729254	0.22063909148116131	0.22957566726089196	0.06461718483218319
EX_spmd_e	2597490532.0	0.0	2597490532.0	1.0	0.0013631454591184636	0.00117338647398105	0.0009619321946444211	0.003129174474696906	0.00287798433636195	0.002220850282972203
EX_sprm_e	3891699988.0	0.0	3891699988.0	1.0	0.0014393081241718864	0.0013791798492286001	0.0008445190818129073	0.0019804421199089007	0.00183617173181135	0.0012997324098322082
EX_5mthf_e	6310871102.0	1.0	6310871102.0	0.0	0.0001735188759312441	0.0001857655366844	5.3604299575150504e-05	0.00015146088570730688	0.0001558914653357	5.059495937513574e-05
EX_tmlys_e_r	10000000000.0	1.0	10000000000.0	0.0	18.35777474124392	18.548167179712568	2.487746023839153	0.0	0.0	0.0
EX_thbpt_e_r	5258891882.0	1.0	5258891882.0	9.382298619857384e-90	3.81535596962706e-05	3.899520076305248e-05	3.6630779708422964e-06	3.7140228794872086e-05	3.684147347552903e-05	1.930776039568294e-05
EX_CE2705_e	5258891882.0	1.0	5258891882.0	9.382298619857384e-90	3.81535596962706e-05	3.899520076305248e-05	3.6630779708422964e-06	3.7140228794872086e-05	3.684147347552903e-05	1.930776039568294e-05
EX_crtn_e	4229028294.0	0.0	4229028294.0	1.0	0.06242482604398136	0.06434239730257806	0.028919752140534726	0.07577506911188887	0.06973701073908925	0.041651521898754415
EX_his__L_e_r	2062778834.0	0.0	2062778834.0	1.0	0.09682249406042874	0.10408647804208905	0.03822547261030174	0.14444841465632888	0.15706611730718884	0.04520812549837846
EX_lys__L_e_r	6928048383.0	1.0	6928048383.0	0.0	0.008801206607264378	0.0080521023712753	0.00586203190417089	0.00457358989300075	0.0048202315761506995	0.0018899187274057066
EX_carn_e_r	10000000000.0	1.0	10000000000.0	0.0	23.662532762890585	23.501615542877666	2.705083675910625	5.2174491741612075	5.0739172581319885	1.2200737108202508
EX_csn_e_r	9243852833.0	1.0	9243852833.0	0.0	12.858746741912077	10.24425052357171	10.703418096032904	1.2310440012568717	0.9056760442105025	1.1324641026373856
EX_cys__L_e	10000000000.0	1.0	10000000000.0	0.0	0.04006511299598007	0.0419512431046112	0.008912498740855122	0.0	0.0	0.0
EX_cyan_e_r	904275045.0	0.0	904275045.0	1.0	0.09559820531271439	0.09502295507287026	0.03956744933845844	0.19271288090136862	0.19703196847291984	0.057950469205992436
EX_tcyntc	3122018672.0	0.0	3122018672.0	1.0	0.04316228069678873	0.03459049579849785	0.034216104219089244	0.0827128624568552	0.06983868954149769	0.06126717463468444
EX_tcynt_e	2209730233.0	0.0	2209730233.0	1.0	0.052435924615920795	0.0468463628086489	0.03636381570666046	0.11000001844450348	0.10780162678845505	0.0608711611534862
EX_so3_e	1014206057.0	0.0	1014206057.0	1.0	0.031062913288017142	0.0319769369220983	0.011803330713547298	0.07032664838449268	0.0747223148750775	0.025171025590204645
EX_thr__L_e_r	285635014.0	0.0	285635014.0	1.0	0.011820403583256187	0.012217731260907	0.002347284473434739	0.2392508485446944	0.23097658314174502	0.14573408793539325
EX_trp__L_e_r	8274651818.0	1.0	8274651818.0	0.0	0.03011037417161301	0.031651173323440904	0.009548996914932792	0.01731300327464694	0.01719810866720375	0.009374543847966776
EX_anth_e	8221067067.0	1.0	8221067067.0	0.0	0.02980422952473522	0.0313444753495972	0.009540537186583105	0.01730719209432851	0.0171919118752173	0.00937438376694353
EX_tyr__L_e_r	0.0	0.0	0.0	1.0	0.0	0.0	0.0	3.282560129158459e-05	3.2854506529844904e-05	1.852272670996588e-05
EX_cystinex_r	74.0	0.0	74.0	1.0	0.07994907719548187	0.0818402303669704	0.013756480938913353	0.17032340980761576	0.1725806311183915	0.020282249654532843
EX_3hydroxybutanoatex_r	2647040740.0	0.0	2647040740.0	1.0	8.682515092143598	8.58925002045249	4.515798503467262	11.843674180853746	11.997855477834452	0.550877975152426
EX_gthrd_e_r	7456901530.0	1.0	7456901530.0	0.0	1.3454318879564557	1.1968522999352593	0.9050558456034465	0.6081249102316777	0.6154018331910636	0.32585383630255493
EX_cmp_e_r	1167139356.0	0.0	1167139356.0	1.0	4.235981367821036e-06	3.5977102383217187e-06	3.0926606046649563e-06	1.136579373641032e-05	1.1134179027226981e-05	5.021360639210714e-06
HEX1	8585929903.0	1.0	8585929903.0	0.0	17.273033409090388	13.53289592903753	13.233983854115893	5.493530580988404	4.616133349246013	2.9281315297816755
G6PP	8488541692.0	1.0	8488541692.0	0.0	14.376044576002723	10.628689987097413	13.23191570885766	2.80017172859721	1.900747167320675	2.9160163656379168
PGI	9303686175.0	1.0	9303686175.0	0.0	2.1213950420549836	2.170053987925473	0.7688824962735292	0.6028855378551686	0.43137852061822435	0.5797493832929771
PFK	2456205812.0	0.0	2456205812.0	1.0	1.8911189504702695	1.8541933671784787	0.7835993686634753	3.864606914129977	3.120006847774588	2.6735345788880007
FBP	1072348355.0	0.0	1072348355.0	1.0	0.3409635851536948	0.31110582433458056	0.2293187618197767	2.79594209319141	2.009405414162931	2.6148271992180687
FBA	6830400575.0	1.0	6830400575.0	0.0	1.5501553653234208	1.4899382583972067	0.7640068192249312	1.0686648209384761	1.0294438797289884	0.5791292988835135
TPI	8056872181.0	1.0	8056872181.0	0.0	2.6355627575268854	2.707477668807039	0.6678392903586029	1.9916827948412477	1.965924799407727	0.2596911333285125
GAPD	7317479368.0	1.0	7317479368.0	0.0	5.528209372826589	5.671776374671309	1.3204543867828806	4.677764218231653	4.733014668759328	0.4406192265822701
PGK	4661539859.0	8.516949343460895e-152	4661539859.0	1.0	2.760830479913661	2.6569784177158358	1.6825584101225217	2.8745749602495243	3.078444830353792	1.4328753986914031
DPGM	6699936342.0	1.0	6699936342.0	0.0	2.7673788928876024	2.573460313532877	1.64587208846972	1.8031892579824627	1.5691947452999768	1.3194218946279124
DPGase	6699936342.0	1.0	6699936342.0	0.0	2.7673788928876264	2.573460313532898	1.6458720884697118	1.8031892579824946	1.569194745300033	1.3194218946279017
PGM_f	5649054203.0	1.0	5649054203.0	0.0	7.161687529609117	7.24941794654543	1.3726039721481174	6.8769435385152695	6.952665538718338	1.2275207668407748
ENO_f	7032894691.0	1.0	7032894691.0	0.0	7.184216317920979	7.260802033486138	1.520396326030774	6.304320017336555	6.384231535839481	0.7242696533136921
PYK	6080994688.0	1.0	6080994688.0	0.0	4.730004505636124	4.869556155030658	1.3879764953918403	4.419968947088164	4.480927732286574	0.5048171070869628
LDH_L	6350313731.0	1.0	6350313731.0	0.0	4.907378157855446	5.036152017084818	1.1178756671031673	4.569253545839227	4.666324084276304	0.36886423004244806
r0407	5417352997.0	1.0	5417352997.0	1.4165196247838882e-229	1.0854073922035226	0.9303392076597958	0.741143289233417	0.9230179739317645	0.9250061275704692	0.525898529798674
PRPPS	1476550847.0	0.0	1476550847.0	1.0	0.004278831148250302	0.0042210866425048	0.0018333822861195594	0.007157243511104454	0.0074257392941348005	0.0019161385411142612
G6PDH2r	530272061.0	0.0	530272061.0	1.0	0.775530404386678	0.7947576982736558	0.4342702517584354	2.090353128936762	2.2212803819899007	0.5895790547353836
PGL	530272061.0	0.0	530272061.0	1.0	0.7755304044060011	0.7947576982921377	0.43427025176490097	2.0903531289368305	2.221280381990095	0.589579054735352
GND	530272061.0	0.0	530272061.0	1.0	0.7755304044133545	0.7947576982274582	0.4342702517591018	2.090353128936822	2.221280381990093	0.5895790547353517
RPI	525017748.0	0.0	525017748.0	1.0	0.26136268890788145	0.2676871183207188	0.1448184883672887	0.7015558720118195	0.7449670584810528	0.19658936304633415
TKT2_f	1454093175.0	0.0	1454093175.0	1.0	0.48732105126383385	0.48227026711169696	0.18338502951804644	0.7657819526546534	0.805802289238393	0.19283393260347267
RPE_f	803841183.0	0.0	803841183.0	1.0	0.8198067816471787	0.8087038691707524	0.33733197072465393	1.5956045561623753	1.6647504914176507	0.4103069692478481
TKT1_f	1625929421.0	0.0	1625929421.0	1.0	0.49458221650620054	0.5040189294374564	0.21011019242354076	0.77014865120954	0.8122875605403745	0.1976482415298846
TALA_f	2948870376.0	0.0	2948870376.0	1.0	1.0690803117107106	1.1326348916699822	0.3596479714899036	1.5468144184959343	1.5854100017322788	0.6863548346625531
r0408	5417352997.0	1.0	5417352997.0	1.4165196247838882e-229	1.0854073922170764	0.9303392077226791	0.7411432892238624	0.923017973931728	0.925006127570401	0.5258985297986747
PDHm	10000000000.0	1.0	10000000000.0	0.0	28.07414692244469	28.02781917174342	4.752117499503956	1.7194189205386339	1.6850514366368072	0.5541101574481339
PCm	9949648625.0	1.0	9949648625.0	0.0	86.52568457140497	76.89351824863414	45.128552046860186	8.047171759623176	7.197647032330227	5.080296884777482
PEPCK_re					0.0	0.0	0.0	0.0	0.0	0.0
CSm	9962519188.0	1.0	9962519188.0	0.0	50.792466814407184	50.64253733810676	10.080385118640699	26.240127706305785	26.367635312183438	1.5266642092488785
ACONTm_f	1859858278.0	0.0	1859858278.0	1.0	8.360267479313507	7.310477293409392	5.9416881061767555	19.168660604592688	18.56839977040037	9.945361066713101
ICDHxm	6283795414.0	1.0	6283795414.0	0.0	17.12650488887953	13.472223244474614	14.265990865620768	11.653860709761824	8.112893136274574	11.373047991966388
ICDHym_f	186863067.0	0.0	186863067.0	1.0	6.354332224479884	5.423022053367131	4.529046432387831	56.45940868365521	58.23380950340099	21.602630743460058
AKGDm	1871130194.0	0.0	1871130194.0	1.0	6.943123429151043	6.578469766376582	4.462857814275115	11.447621176843054	11.58440019455091	0.5790124137194109
SUCOAS1m_f	3814283488.0	0.0	3814283488.0	1.0	8.884610330291085	8.990351631453425	3.2915254221293746	10.62430002715582	10.727789413561693	4.780446873090002
SUCD1m	10000000000.0	1.0	10000000000.0	0.0	43.68004967250509	43.791006926973964	5.605927071062051	11.668141606554707	11.80836395823699	0.574766363438195
FUMm_f	9221088531.0	1.0	9221088531.0	0.0	157.02658454175562	156.87304567108225	54.55694102460901	68.2396127388225	65.85557491954619	29.125888059798832
MDHm_f	2485491558.0	0.0	2485491558.0	1.0	219.62906075893565	220.57458575544644	89.70266012219022	434.38322180187225	393.8013680976019	256.840147371549
ME1m	9733181831.0	1.0	9733181831.0	0.0	64.92432112335662	55.04000117762274	46.90488431774231	2.919389452485993	2.120148386170883	2.773408078508239
ME2m	6118309217.0	1.0	6118309217.0	0.0	5.187623985954864	4.436549919242375	3.97283762480845	3.7355251010760067	2.7756366152323952	3.3191051466562893
ME2	9575464966.0	1.0	9575464966.0	0.0	27.47307966346267	25.944578464431547	16.479033039294865	2.9425926201650436	2.048374045738699	2.8625364093329195
ACITL	7136204713.0	1.0	7136204713.0	0.0	21.56378058410122	21.23412734419962	7.776357945508029	16.737743041292504	16.68378393060113	1.459099833042564
FUM_f	9954902518.0	1.0	9954902518.0	0.0	110.9697598171672	107.49834355873489	29.948840543685325	33.12889730022072	32.67209657585553	17.257371043172313
MDH_f	7590833961.0	1.0	7590833961.0	0.0	249.11911270925935	255.49909887189747	113.42356315005102	150.790124634799	148.15118274820344	74.49026125814613
AKGMALtm_f	664816328.0	0.0	664816328.0	1.0	59.25430067247155	56.342759709496285	31.489274935817402	242.8093638138012	236.29727533455474	126.42342303192514
ACONT	7251958811.0	1.0	7251958811.0	0.0	58.46353611367648	57.75046601457789	20.357911355103717	44.65045469674994	44.358152587688494	7.525622968368889
ICDHyr	7251958811.0	1.0	7251958811.0	0.0	58.46353611368094	57.75046601458745	20.357911355098114	44.650454696748156	44.35815258769	7.525622968368806
PPA	9821327601.0	1.0	9821327601.0	0.0	22.705088842504438	21.909612435980765	8.555462641591228	6.646373945571618	6.398704292619448	2.4574880701612907
Complex1ROS	9999984635.0	1.0	9999984635.0	0.0	72.39708629034199	71.62284857990389	14.836860662018658	23.876971702623766	24.102742082510588	3.2015383920130356
FADH2ETC	9999975585.0	1.0	9999975585.0	0.0	59.127798606974466	57.59221031796942	11.77575662968354	15.260004766446485	14.605557249256238	2.8554891291006843
CYOR_u10mi	10000000000.0	1.0	10000000000.0	0.0	127.90504166440243	127.84379465544845	17.993112756048966	37.94314579418857	38.09730777128891	2.5290022022746292
CYOOm2i	10000000000.0	1.0	10000000000.0	0.0	63.95252083220141	63.921897327724224	8.996556378024495	18.97157289709425	19.04865388564449	1.2645011011373222
ATPS4mi	10000000000.0	1.0	10000000000.0	0.0	221.37699292290282	216.22192059373646	39.644938110533744	63.66155916646738	63.8378484260112	7.260300153579038
GLUCYS	4573538529.0	1.3431711046263652e-239	4573538529.0	1.0	0.03798465467175714	0.03087577584514785	0.030534941813518564	0.04533593410716628	0.035513622011097146	0.03863579558419569
GTHS	4573538529.0	1.3431711046263652e-239	4573538529.0	1.0	0.03798465467175268	0.03087577584515845	0.03053494181351852	0.04533593410716839	0.035513622011095744	0.03863579558419901
SPODMm	9999984635.0	1.0	9999984635.0	0.0	1.809927157258496	1.7905712144973807	0.3709215165504645	0.5969242925655984	0.6025685520627706	0.08003845980032873
GTHPi	7877506235.0	1.0	7877506235.0	0.0	0.05817745880670425	0.059493945931138645	0.028305540649164636	0.030677543003228388	0.03143656623022735	0.013970167657254545
GTHPm	9999984635.0	1.0	9999984635.0	0.0	1.8099271572584956	1.790571214497378	0.3709215165504643	0.5969242925655948	0.6025685520627663	0.08003845980032953
GDR	3631235076.0	0.0	3631235076.0	1.0	0.03677493784397143	0.032649655431897906	0.025366682147718873	0.05543649844383011	0.0485025734917343	0.03866148410538891
GTHOr	4800245159.0	2.643335366237892e-54	4800245159.0	1.0	0.04831397504260187	0.043656837535456045	0.03213365834950696	0.051608143721200955	0.0464709714072105	0.035676842666508904
GDRm	8699460629.0	1.0	8699460629.0	0.0	0.6145209362206234	0.5425121834362818	0.4284252026292251	0.13582306953024392	0.09858243762607335	0.11698401902296185
GTHOm	8273035151.0	1.0	8273035151.0	0.0	0.5036979497238154	0.4187487939868071	0.3889194096755613	0.13437080086588765	0.10666807139555409	0.10668627098403677
r0885	7408050070.0	1.0	7408050070.0	0.0	1.3834165426281892	1.2354807107208066	0.9100294188371546	0.6534608443388391	0.6662899831077648	0.32616644975151005
PYRt2m_f	9823278259.0	1.0	9823278259.0	0.0	114.00477847210738	109.76073947923774	41.95323216405606	30.82489372603168	30.322381239887026	15.73864975541701
HMR_4964	7446677984.0	1.0	7446677984.0	0.0	80.02731669778186	78.12781356131178	25.047393697029758	61.38819773804021	61.18399555784935	8.125510853312099
r2420	9527983694.0	1.0	9527983694.0	0.0	113.4328822912073	115.48734235691549	32.50538743239566	53.88921999487921	54.206885919624135	8.054614048623352
ATPtm	9998393339.0	1.0	9998393339.0	0.0	134.8468368380735	136.41988760218652	22.095213824364286	55.52961572130407	55.49413286613547	6.803223243256538
FUMtm_f	1716069130.0	0.0	1716069130.0	1.0	20.44920478440979	19.755189826965236	10.058835469656234	39.85320804803044	39.32535480284828	17.429627051149538
CO2tm_f	5025492231.0	0.9758440622869166	5025492231.0	0.024155942111587843	171.2072048317395	167.86847687902173	64.0444559380939	167.62599997134834	173.71354775352043	68.90736957842265
O2tm	10000000000.0	1.0	10000000000.0	0.0	65.76244798945739	65.73581913374876	9.280355238962064	19.568497189659517	19.646845362209056	1.3053562654865178
r0801_f	4576834726.0	6.029067400456132e-236	4576834726.0	1.0	10.338496963596953	10.40955192550862	4.875858946167241	11.055246999477628	11.888777398190932	5.167747130095997
THD1m	8444946368.0	1.0	8444946368.0	0.0	124.02171256332709	113.31483685951824	66.93111929447674	54.38692516186249	52.06054141479903	17.956880004791508
H2Otm_f	752816180.0	0.0	752816180.0	1.0	6.128803890926803	5.498174179568613	4.267915827744558	26.346831395286223	26.053401660043782	13.32923768402533
NH4tm_f	5187524344.0	1.0	5187524344.0	4.174281647467079e-48	88.61895878675807	81.29722189610743	53.198476951365876	84.24700816867222	88.15328598605885	45.296485167332165
HCO3E	7136211947.0	1.0	7136211947.0	0.0	18.86829406907362	18.579861950999813	6.804313577003516	14.645495897636959	14.598316660893277	1.2767126479008257
HCO3Em	9948901182.0	1.0	9948901182.0	0.0	86.53008495025409	76.8985452265868	45.12810788685384	8.131880778962012	7.287172157300995	5.086827398027567
GLUN	8259911901.0	1.0	8259911901.0	0.0	13.79077123148906	10.817878709625102	11.819935131497074	3.3504547738273525	2.41952967506331	3.0904402962701654
GLNS	8903207674.0	1.0	8903207674.0	0.0	15.914495068619491	13.172887099892261	11.78733954758555	3.585754158172445	2.7284577727829777	3.1506440892665677
GLUt2m	9020815436.0	1.0	9020815436.0	0.0	2.204743472851068	1.6622594055703783	1.985716471951554	0.27129873245775094	0.19237534873974274	0.26450064052172784
GLNtm_1	9119482143.0	1.0	9119482143.0	0.0	2.458218643901922	1.7513308264062077	2.289354873356634	0.2683828744432879	0.18782991637445046	0.2858865998660337
GLUNm	9119482143.0	1.0	9119482143.0	0.0	2.4582186439071125	1.7513308264046414	2.289354873358089	0.2683828744432931	0.18782991637445984	0.2858865998660338
GLUPRT	117311161.0	0.0	117311161.0	1.0	2.5987836099770832e-05	2.6638512600338727e-05	2.4569173017413115e-06	4.927454589030933e-05	5.0809315889053516e-05	8.952304767732743e-06
PRAGSr	117311161.0	0.0	117311161.0	1.0	2.5987836100091695e-05	2.6638512601115195e-05	2.456917301791562e-06	4.9274545890315735e-05	5.0809315889096925e-05	8.952304767741199e-06
GARFT	117311161.0	0.0	117311161.0	1.0	2.5987836099824843e-05	2.663851260007422e-05	2.456917301541604e-06	4.927454588912899e-05	5.0809315883870575e-05	8.952304766249875e-06
PRFGS	117311161.0	0.0	117311161.0	1.0	2.5987836099702748e-05	2.6638512599817175e-05	2.4569173014560325e-06	4.927454588920305e-05	5.0809315883708365e-05	8.95230476619098e-06
PRAIS	117311161.0	0.0	117311161.0	1.0	2.5987836099496495e-05	2.663851260004877e-05	2.456917301540867e-06	4.927454588917158e-05	5.0809315884236995e-05	8.952304766052655e-06
AIRCr	117311161.0	0.0	117311161.0	1.0	2.59878360994965e-05	2.663851260004877e-05	2.45691730154086e-06	4.927454588917144e-05	5.080931588423692e-05	8.952304766052659e-06
PRASCSi	117311161.0	0.0	117311161.0	1.0	2.5987836099808983e-05	2.6638512600599708e-05	2.4569173015459798e-06	4.9274545889331815e-05	5.080931588380991e-05	8.952304765992314e-06
ADSL2r	117311161.0	0.0	117311161.0	1.0	2.5987836100700475e-05	2.663851260087872e-05	2.4569173015290493e-06	4.927454588951171e-05	5.080931588513622e-05	8.952304766029597e-06
AICART	117311161.0	0.0	117311161.0	1.0	2.5987836101040416e-05	2.663851260181831e-05	2.456917301615073e-06	4.927454589087116e-05	5.0809315886063096e-05	8.95230476634581e-06
IMPC	117311161.0	0.0	117311161.0	1.0	2.598783610104038e-05	2.6638512601818154e-05	2.456917301615073e-06	4.927454589087106e-05	5.080931588606302e-05	8.952304766345822e-06
ADSS	117312229.0	0.0	117312229.0	1.0	1.538896267075868e-05	1.5774287540772058e-05	1.4548903222845447e-06	2.9178393819303758e-05	3.0087222717523465e-05	5.301193537144536e-06
ADSL1r	117312229.0	0.0	117312229.0	1.0	1.538896267135533e-05	1.5774287541741887e-05	1.4548903223649874e-06	2.9178393819868336e-05	3.0087222717692164e-05	5.301193537221748e-06
IMPDH2	117309640.0	0.0	117309640.0	1.0	1.0598873430342372e-05	1.086421794806271e-05	1.0020269796926904e-06	2.0096152070266605e-05	2.0722093166888845e-05	3.651111228980045e-06
GMPS	6391751916.0	1.0	6391751916.0	0.0	6.419505479208351e-06	6.59268892831026e-06	2.7594283073321704e-06	5.177064175758244e-06	4.256954275109359e-06	4.046131462821838e-06
GMPS2	339172575.0	0.0	339172575.0	1.0	4.179367950989425e-06	4.015404690940548e-06	2.6369250132572936e-06	1.4919087894386758e-05	1.5184352470598192e-05	4.919960167271228e-06
GK1	117309640.0	0.0	117309640.0	1.0	1.059887343040935e-05	1.0864217948178825e-05	1.0020269796996984e-06	2.009615207014585e-05	2.072209316700123e-05	3.651111229056953e-06
RNDR2	117309640.0	0.0	117309640.0	1.0	2.279857637960048e-06	2.336934244322791e-06	2.1553978155423879e-07	4.322758083978325e-06	4.457400373422335e-06	7.853677918748682e-07
ADK1	9821328531.0	1.0	9821328531.0	0.0	22.705076037141065	21.90959909560394	8.555462637581279	6.646349665541977	6.398677994056103	2.45748771481045
RNDR1	117309640.0	0.0	117309640.0	1.0	3.036508711482136e-06	3.1125281990753704e-06	2.8707425134338753e-07	5.757417642057135e-06	5.936745718611722e-06	1.0460197615968125e-06
CBPS	3251682948.0	0.0	3251682948.0	1.0	1.1081604688425001e-05	1.1016436499455586e-05	6.417023738246624e-06	1.791025069942287e-05	1.6119772825002926e-05	1.1275028806225529e-05
ASPCT	3251682948.0	0.0	3251682948.0	1.0	1.1081604688418081e-05	1.1016436499135679e-05	6.417023738265299e-06	1.7910250699440323e-05	1.6119772825020775e-05	1.1275028806220404e-05
DHORTS	3251682948.0	0.0	3251682948.0	1.0	1.108160468857404e-05	1.101643649836304e-05	6.417023738285043e-06	1.7910250699440255e-05	1.6119772825020727e-05	1.1275028806220416e-05
DHORD9	3251682948.0	0.0	3251682948.0	1.0	1.1081604688281383e-05	1.1016436498914888e-05	6.417023738140412e-06	1.7910250699440265e-05	1.61197728250207e-05	1.1275028806220362e-05
ORPT	3251682948.0	0.0	3251682948.0	1.0	1.1081604688281378e-05	1.1016436498914888e-05	6.417023738140407e-06	1.7910250699440306e-05	1.6119772825020754e-05	1.1275028806220418e-05
OMPDC	3251682948.0	0.0	3251682948.0	1.0	1.1081604688281385e-05	1.1016436498914905e-05	6.41702373814041e-06	1.7910250699440116e-05	1.6119772825020625e-05	1.1275028806220374e-05
UMPK	392645849.0	0.0	392645849.0	1.0	2.066637734831959e-05	2.1007530526139425e-05	3.6050601271713796e-06	3.886476001472647e-05	3.885582628044884e-05	9.652231358225861e-06
RNDR4	12390536.0	0.0	12390536.0	1.0	1.4256755483755232e-06	1.3216481755943627e-06	8.961295274843889e-07	5.7172384398220026e-06	5.8953150422783344e-06	1.0387199195224796e-06
TMDS	12390536.0	0.0	12390536.0	1.0	1.4256755483758762e-06	1.3216481755954198e-06	8.961295274838925e-07	5.717238439821954e-06	5.895315042278334e-06	1.0387199195224898e-06
URIDK2r	12390536.0	0.0	12390536.0	1.0	1.4256755483758787e-06	1.321648175595422e-06	8.961295274838915e-07	5.717238439821935e-06	5.895315042278303e-06	1.038719919522487e-06
NDPK2	733373199.0	0.0	733373199.0	1.0	1.924070179996057e-05	1.966808571152861e-05	3.5352631731636675e-06	3.314752157490422e-05	3.2944506758195304e-05	8.776726183471315e-06
NDPK3_f	9096170363.0	1.0	9096170363.0	0.0	5.025030955417675e-06	5.2144245692545835e-06	1.1487823493565335e-06	2.429100149758219e-06	2.23669037332749e-06	1.4680352285678342e-06
CYTK1_r	1167139356.0	0.0	1167139356.0	1.0	4.235981367821026e-06	3.5977102383217204e-06	3.092660604664953e-06	1.136579373641024e-05	1.1134179027226937e-05	5.021360639210716e-06
CTPS1	3642433573.0	0.0	3642433573.0	1.0	6.930207627519473e-06	7.5255606218564585e-06	3.119486759547768e-06	9.806025458891035e-06	9.462229731390688e-06	5.792021222359816e-06
RNDR3	117309640.0	0.0	117309640.0	1.0	2.1748247946679717e-06	2.229271886716141e-06	2.0560988254949944e-07	4.123608994637437e-06	4.2520483255054466e-06	7.49185965940847e-07
GDHm	9077854112.0	1.0	9077854112.0	0.0	87.02298948168061	74.1748533269789	65.02707414338452	11.935128206989441	8.420312431584357	11.741069043428723
GLUDym_f	6319727270.0	1.0	6319727270.0	0.0	150.27259478629156	136.91464277780415	71.92719698641346	111.7333952814888	124.74866859582698	54.153732023535866
ASPTA_f	6461881469.0	1.0	6461881469.0	0.0	181.68694479742243	185.7877364071601	54.81878033888523	151.0312936268129	150.57207133071154	58.62897767540081
ASPTAm	6875941705.0	1.0	6875941705.0	0.0	15.225185876778381	11.49568018699743	13.541557302482598	7.2874617485153195	5.776261321066082	6.13357983595354
ASPGLUm	6882120512.0	1.0	6882120512.0	0.0	15.206811094277201	11.476225975015794	13.543461142473962	7.2535066467082245	5.7396843806199325	6.135979611973785
ASPT	8796077464.0	1.0	8796077464.0	0.0	1.8640845136447997	1.3355427363939971	1.7837163487440033	0.26471980085292335	0.18447013444903684	0.25645649257471337
CBPSam					0.0	0.0	0.0	0.0	0.0	0.0
OCBTm					0.0	0.0	0.0	0.0	0.0	0.0
ORNt4m					0.0	0.0	0.0	0.0	0.0	0.0
ARGSS	8718694724.0	1.0	8718694724.0	0.0	1.3982299225457737	1.0266409807851355	1.3362932753984738	0.21865875568734325	0.15243796462751374	0.21616619966816908
ARGSL	8718694724.0	1.0	8718694724.0	0.0	1.3982299225455075	1.0266409807846908	1.3362932753984706	0.21865875568753326	0.15243796462764242	0.21616619966816206
ARGN	0.0	0.0	0.0	1.0	0.0	0.0	0.0	0.0729760907057121	0.06512603831445665	0.04979746276773055
ORNDC	555736958.0	0.0	555736958.0	1.0	0.09623992623587849	0.1010893045454841	0.02176865660151953	0.20194029243922848	0.2143538080948002	0.05176513769403734
SPMS	1244209960.0	0.0	1244209960.0	1.0	0.0028024535832903616	0.00277480506084985	0.001195405204221855	0.0051096165946061525	0.0049806997485344	0.0016152431563423856
SPRMS	3891699988.0	0.0	3891699988.0	1.0	0.0014393081241718382	0.00137917984922855	0.0008445190818129046	0.0019804421199085044	0.0018361717318103499	0.0012997324098319625
ADMDC	1498657981.0	0.0	1498657981.0	1.0	0.004241761707462212	0.00418497787572245	0.0018327843889994386	0.007090058714514987	0.00735957190085465	0.0019142762609353722
MTAP	1498657981.0	0.0	1498657981.0	1.0	0.004241761707463014	0.00418497787572265	0.0018327843889993538	0.0070900587145138385	0.0073595719008522995	0.0019142762609355211
ADPT	1498657981.0	0.0	1498657981.0	1.0	0.004241761707462171	0.00418497787572245	0.0018327843889994581	0.007090058714515049	0.0073595719008548	0.0019142762609353412
MTRI	1498657981.0	0.0	1498657981.0	1.0	0.004241761707462179	0.0041849778757225	0.0018327843889994425	0.007090058714515011	0.007359571900854799	0.0019142762609353308
MDRPD	1498657981.0	0.0	1498657981.0	1.0	0.004241761707462181	0.0041849778757225	0.0018327843889994412	0.007090058714514931	0.00735957190085465	0.001914276260935347
DKMPPD	1498657981.0	0.0	1498657981.0	1.0	0.004241761707462183	0.0041849778757225	0.0018327843889994414	0.007090058714515004	0.00735957190085475	0.0019142762609353305
SPMDtex2	2597490532.0	0.0	2597490532.0	1.0	0.0013631454591184664	0.00117338647398105	0.0009619321946444197	0.003129174474696924	0.00287798433636195	0.0022208502829721985
SPRMti	3891699988.0	0.0	3891699988.0	1.0	0.0014393081241718855	0.0013791798492286001	0.0008445190818129076	0.001980442119908933	0.0018361717318113998	0.0012997324098322047
GLYAMDTRc	2988095925.0	0.0	2988095925.0	1.0	0.09623992623587857	0.1010893045454842	0.021768656601519543	0.12896420173338	0.1276743639821368	0.05168800473144947
ARGDr	8718694724.0	1.0	8718694724.0	0.0	1.3982299225447874	1.026640980785388	1.336293275398081	0.21865875568809415	0.15243796462803474	0.21616619966814235
r0074_f	23729193.0	0.0	23729193.0	1.0	6.750419362462826e-05	6.874329504588626e-05	2.0023749563315714e-05	0.000180144373581231	0.0001857552950137	3.272897106047318e-05
GLU5SAtmc_f	9950788564.0	1.0	9950788564.0	0.0	0.0007222345212681052	0.0007318458400444	0.000191069355384938	0.00018014437358122623	0.0001857552950137	3.272897106047164e-05
G5SADs_f	18360100.0	0.0	18360100.0	1.0	6.470965077770114e-05	6.579590628664728e-05	1.9872936034109e-05	0.00018014437358122696	0.0001857552950137	3.272897106047178e-05
PRO1x	789593388.0	0.0	789593388.0	1.0	1.941153520198728e-05	1.6106406623006497e-05	1.488346710368517e-05	8.266639560161964e-05	8.064890072788201e-05	4.359889276531191e-05
P5CR	561603445.0	0.0	561603445.0	1.0	2.4878634428766488e-05	2.2399155943836153e-05	1.7501391545524638e-05	9.747793108167868e-05	9.852012777019693e-05	4.130801557884234e-05
PROD2					0.0	0.0	0.0	0.0	0.0	0.0
EXRiboflavin					0.0	0.0	0.0	0.0	0.0	0.0
RBFK					0.0	0.0	0.0	0.0	0.0	0.0
FMNAT					0.0	0.0	0.0	0.0	0.0	0.0
TransportFAD					0.0	0.0	0.0	0.0	0.0	0.0
ASNS1	2030731546.0	0.0	2030731546.0	1.0	0.30391884872145136	0.2708909803558842	0.21423318111572195	1.1490644903695826	0.8231807018442328	1.083754459456405
ASNN	2252995407.0	0.0	2252995407.0	1.0	0.33796062855041525	0.306184229241363	0.20815138579408057	1.1489424569602802	0.8230644083674876	1.0837519848342532
METS	8386957644.0	1.0	8386957644.0	0.0	4.688320631926185	3.4325506071285092	4.394959152535749	1.0273565006373473	0.7534236973720769	0.9154926229551209
METAT	8364205393.0	1.0	8364205393.0	0.0	4.695319545261689	3.4396473535396455	4.39496154901341	1.0483923503311885	0.7738419397829117	0.9155954433709808
HMR_3915	8391637605.0	1.0	8391637605.0	0.0	4.628652957510312	3.375274884128798	4.39441016683041	0.9655272225047595	0.691059644082515	0.9132660694071905
AHCi	8368790543.0	1.0	8368790543.0	0.0	4.69107778355095	3.4355029863509188	4.394889325940198	1.0413022916211208	0.7668590351625135	0.9155113898925994
ADNK1	8368790543.0	1.0	8368790543.0	0.0	4.691077783550946	3.4355029863508886	4.3948893259402	1.041302291621111	0.766859035162516	0.9155113898925991
CYSTS	1298502757.0	0.0	1298502757.0	1.0	0.0027571516423869156	0.0028930782903080496	0.0012879198058949439	0.013945790984310175	0.01191959631580105	0.009763142826282269
CYSTGL	1298502757.0	0.0	1298502757.0	1.0	0.002757151642386791	0.00289307829031035	0.0012879198058951588	0.013945790984309902	0.0119195963158009	0.009763142826282272
MTHFR3	5060861099.0	0.9999987870981558	5060861099.0	1.2129023054821441e-06	0.059841193345736364	0.0616393066853923	0.02884886619787469	0.061980739013315016	0.0557098893909104	0.04148191347309241
MetSynthesis	2930704202.0	0.0	2930704202.0	1.0	0.0034361003709008934	0.0032932454296197003	0.0019214226199290865	0.005242204377671225	0.0053049995669902	0.002507040543361044
UNK3	3007847994.0	0.0	3007847994.0	1.0	0.0008056613365624553	0.00066851792943415	0.0006378861161664883	0.0018478543366704104	0.0013734874266015502	0.0015662475512236765
5MTHFt	6310871102.0	1.0	6310871102.0	0.0	0.0001735188759312451	0.0001857655366844	5.3604299575150945e-05	0.0001514608857061984	0.00015589146533495	5.059495937521006e-05
ILETA					0.0	0.0	0.0	0.0	0.0	0.0
3MOPt2im					0.0	0.0	0.0	0.0	0.0	0.0
ILETAm					0.0	0.0	0.0	0.0	0.0	0.0
LEUTA	6365836338.0	1.0	6365836338.0	0.0	6.068560025278754e-06	4.942035375214257e-06	4.712903475998493e-06	3.6364585761112645e-06	3.768229655479772e-06	2.2223613381550937e-06
4MOPt2im	6365836358.0	1.0	6365836358.0	0.0	6.068560026622663e-06	4.942035376936965e-06	4.712903476106055e-06	3.6364585625253134e-06	3.7682296561533187e-06	2.2223613335790236e-06
LEUTAm	1453083188.0	0.0	1453083188.0	1.0	1.160457308764293e-05	1.1192809633522664e-05	6.425755008959242e-06	3.169592553619656e-05	3.161381054063358e-05	1.6244909383944276e-05
OIVD1m	1810631918.0	0.0	1810631918.0	1.0	1.7673133114216368e-05	1.8300116071544318e-05	6.500355688709524e-06	3.5332384108012e-05	3.54939521175249e-05	1.610903187996272e-05
ACOAD8m	1810631913.0	0.0	1810631913.0	1.0	1.7673133114216405e-05	1.830011607154432e-05	6.50035568870953e-06	3.533238410760069e-05	3.5493952111313775e-05	1.610903186266888e-05
MCCCrm	1810631913.0	0.0	1810631913.0	1.0	1.7673133114245526e-05	1.8300116071361186e-05	6.5003556886905375e-06	3.533238410760081e-05	3.54939521113138e-05	1.6109031862668995e-05
MGCHrm	1810631913.0	0.0	1810631913.0	1.0	1.767313311424552e-05	1.8300116071361165e-05	6.500355688690539e-06	3.533238410760118e-05	3.549395211131422e-05	1.610903186266896e-05
HMGCOAtm	1820819312.0	0.0	1820819312.0	1.0	1.774447643078434e-05	1.83556693680187e-05	6.494474482006355e-06	3.5332384107600564e-05	3.549395211131371e-05	1.6109031862668917e-05
VALTA	4440125338.0	0.0	4440125338.0	1.0	0.013958595804854826	0.01394536484338795	0.006743737028730837	0.015104009623674345	0.0159280060113293	0.0054056314303894855
3MOBt2im	4440125331.0	0.0	4440125331.0	1.0	0.013958595804854815	0.01394536484338785	0.006743737028730837	0.015104009635553152	0.015928006028461797	0.005405631430064888
VALTAim	3821226.0	0.0	3821226.0	1.0	0.0074004205419181	0.006869897825222401	0.005017198861744538	0.20538108769853586	0.21381837044948626	0.06504688215619607
OIVD2m	2883482.0	0.0	2883482.0	1.0	0.021359016346778836	0.02232158751263005	0.005534064994259301	0.22048509733410013	0.22943359670151992	0.06461648383018218
ACOAD9m	2883482.0	0.0	2883482.0	1.0	0.021359016346772283	0.022321587512625647	0.005534064994258245	0.220485097334105	0.2294335967015543	0.06461648383017156
ECOAH12m	2883482.0	0.0	2883482.0	1.0	0.0213590163467723	0.022321587512625647	0.005534064994258252	0.22048509733410102	0.22943359670152857	0.0646164838301825
3HBCOAHLm	2883482.0	0.0	2883482.0	1.0	0.021359016346772314	0.0223215875126257	0.005534064994258263	0.2204850973341005	0.22943359670152746	0.06461648383018243
HIBDm	2883482.0	0.0	2883482.0	1.0	0.02135901634676239	0.0223215875126171	0.005534064994251727	0.22048509733410127	0.2294335967015283	0.06461648383018218
r0643	1343371131.0	0.0	1343371131.0	1.0	0.009138971544978699	0.008487440655856701	0.005891912733689862	0.05243684461833104	0.039820742323381	0.04286938034734404
MMSAD1m	238242558.0	0.0	238242558.0	1.0	0.004364961247837746	0.00362185355690655	0.0033182157932640653	0.0846383545943	0.077192836704519	0.0539439625721212
MMTSADm	696881347.0	0.0	696881347.0	1.0	0.007855083553945366	0.00680286233241915	0.005514779053823083	0.08340989808853957	0.07036569962959144	0.06331674248367003
PCC	237263788.0	0.0	237263788.0	1.0	0.0043827057242658675	0.0036389471161826998	0.0033190509254007604	0.08467368695517351	0.07723201404022585	0.0539440626162032
MMALH	1343371131.0	0.0	1343371131.0	1.0	0.009138971544978712	0.008487440655856701	0.005891912733689863	0.05243684461832979	0.0398207423233813	0.042869380347343874
MMEm	87470338.0	0.0	87470338.0	1.0	0.013521677269243833	0.013343526000668949	0.00594904857863817	0.13711053157350642	0.13537099632869987	0.06530293902176264
MMMm	2874757.0	0.0	2874757.0	1.0	0.021376760823190524	0.0223391273805873	0.0055338520532011	0.22052042966204255	0.22946705643422935	0.06461464264589818
ILEtmi					0.0	0.0	0.0	0.0	0.0	0.0
LEUt5m	1453083188.0	0.0	1453083188.0	1.0	1.160457308765248e-05	1.1192809633546482e-05	6.425755008953423e-06	3.1695925536196485e-05	3.1613810540633374e-05	1.624490938394418e-05
VALt5m	3821226.0	0.0	3821226.0	1.0	0.0074004205419074	0.0068698978252071	0.0050171988617405735	0.20538108764050533	0.21381837039751456	0.06504688215754098
PGCD	7978959477.0	1.0	7978959477.0	0.0	0.798204867194723	0.6602637967083157	0.632191321949378	0.2577952710961402	0.18449496407500315	0.24351154524127402
PSERT	7978959477.0	1.0	7978959477.0	0.0	0.7982048672149991	0.6602637967548515	0.6321913219631665	0.25779527109614936	0.18449496407503552	0.2435115452412725
PSP_L	7978959477.0	1.0	7978959477.0	0.0	0.7982048672101923	0.6602637967492571	0.6321913219378092	0.25779527109587946	0.1844949640746667	0.24351154524125646
GHMT2r_f	1688672329.0	0.0	1688672329.0	1.0	35.93991830004143	33.12951796567762	22.704095171469056	75.96419879748977	83.84465393147737	31.96930220300487
SERD_L	10000000000.0	1.0	10000000000.0	0.0	19.239544693253034	19.350858247042623	2.5885069040226676	0.3575907340837872	0.3030600033343397	0.2507327390093373
ALATA_L_f	8845827172.0	1.0	8845827172.0	0.0	2.522976624096868	1.9047892845466228	2.183893827141397	0.36918769248075783	0.26258142516511596	0.3431687751822771
r1435	5682713516.0	1.0	5682713516.0	0.0	3.7808332999627914e-05	3.061710103985315e-05	3.0040692345664283e-05	3.0878409628736053e-05	2.316772732604788e-05	2.6676311456332262e-05
GLYtm_r	5682711011.0	1.0	5682711011.0	0.0	3.780833299962792e-05	3.061710103985321e-05	3.0040692345664293e-05	3.0878434345363975e-05	2.3167734184334344e-05	2.6676328504713276e-05
GHMT2rm	5682711011.0	1.0	5682711011.0	0.0	3.7808332999627873e-05	3.061710103985314e-05	3.0040692345664283e-05	3.0878434345363914e-05	2.316773418433324e-05	2.6676328504714086e-05
MLTHFtm_r	5753568769.0	1.0	5753568769.0	0.0	0.00010894260311796966	0.00010269303649610001	5.649162156695482e-05	9.354463545818985e-05	8.745104431302216e-05	5.035510958443441e-05
r0962	5753568769.0	1.0	5753568769.0	0.0	0.00010894260311745191	0.0001026930364956	5.649162156704905e-05	9.354463545791086e-05	8.745104431304076e-05	5.0355109584463176e-05
FORtm_r	5264371670.0	1.0	5264371670.0	1.68819256260184e-93	7.113427011652896e-05	5.717763883919157e-05	5.520736879533598e-05	6.266620100822597e-05	5.6123972755188104e-05	4.368641094029914e-05
r0514	5753568769.0	1.0	5753568769.0	0.0	0.00010894260311745205	0.0001026930364956	5.6491621567049036e-05	9.354463545791006e-05	8.745104431303864e-05	5.035510958446293e-05
DHFRim	5753568769.0	1.0	5753568769.0	0.0	0.0001089426031174518	0.0001026930364956	5.649162156704909e-05	9.354463545791006e-05	8.745104431303841e-05	5.0355109584462945e-05
FTHFLmi	5264371656.0	1.0	5264371656.0	1.6882301418739922e-93	7.113427011792653e-05	5.7177638824890486e-05	5.5207368795766504e-05	6.266620111255306e-05	5.6123972284201804e-05	4.36864108056731e-05
MTHFCm	5264371656.0	1.0	5264371656.0	1.6882301418739922e-93	7.113427011847412e-05	5.717763882607745e-05	5.520736879569621e-05	6.266620111255377e-05	5.6123972284199974e-05	4.368641080567147e-05
MTHFDm	5264371656.0	1.0	5264371656.0	1.6882301418739922e-93	7.113427011835418e-05	5.717763882567001e-05	5.5207368795759964e-05	6.266620111255846e-05	5.612397228421159e-05	4.3686410805672894e-05
FOLR2	5238478963.0	1.0	5238478963.0	1.720379419803634e-76	6.457627158089609e-05	4.957064256106366e-05	5.297441598227708e-05	5.791621306366487e-05	4.839245100858858e-05	4.560979746100631e-05
DHFR	4930894886.0	4.329084000068654e-08	4930894886.0	0.9999999567091785	6.600194713011127e-05	5.112033117752225e-05	5.291646552341549e-05	6.363345138202763e-05	5.4187848375305596e-05	4.565398933022776e-05
FTHFLi	7682868071.0	1.0	7682868071.0	0.0	0.03428263583708258	0.035776918724427245	0.009799125096277788	0.024343494390461334	0.02459458171192415	0.009439066079428505
FTHFDH	2358560068.0	0.0	2358560068.0	1.0	2.732954075381064	2.2883623288125383	2.07022019767487	4.17314252825101	4.277706600265759	0.6402157380992013
MTHFC_f	5982143163.0	1.0	5982143163.0	0.0	0.34997134906291905	0.3743160592378483	0.14415527221857216	0.306417707484003	0.24550535284549008	0.25293043510759866
MTHFD	8033230657.0	1.0	8033230657.0	0.0	39.50759394672421	37.77590483100032	15.771183512925171	25.268599214901453	24.266069762390543	6.3406955870442525
MTHFD2i_f	5652001958.0	1.0	5652001958.0	0.0	89.21532334915042	89.24568765241156	51.01076736250302	77.47821829619762	79.90851462947654	47.11233634909232
ACACT1r	2994467772.0	0.0	2994467772.0	1.0	9.074221219396645e-06	8.34632084694566e-06	6.149789355269386e-06	1.7893403511224803e-05	1.570131001073881e-05	1.3211319044742466e-05
HMGCOAS	3337795718.0	0.0	3337795718.0	1.0	1.044993193759144e-05	9.636682774452947e-06	6.246734786396952e-06	1.8126044465318392e-05	1.5952189313727278e-05	1.3202397568063682e-05
HMGCOAR	117309640.0	0.0	117309640.0	1.0	2.8194408368583105e-05	2.8900259962614828e-05	2.6655246010569714e-06	5.3458428572915304e-05	5.512351486368587e-05	9.712439880808439e-06
MEVK1	117309655.0	0.0	117309655.0	1.0	2.8194408368605233e-05	2.8900259962694788e-05	2.6655246010524423e-06	5.345842845014757e-05	5.5123514976240776e-05	9.71243995822179e-06
PMEVK	117309655.0	0.0	117309655.0	1.0	2.819440836860293e-05	2.8900259962714005e-05	2.6655246010495763e-06	5.3458428450147026e-05	5.512351497624049e-05	9.71243995822168e-06
IPDDI	117309655.0	0.0	117309655.0	1.0	9.398136122867454e-06	9.633419987571172e-06	8.885082003498611e-07	1.781947615004921e-05	1.8374504992080546e-05	3.2374799860740056e-06
DPMVD	117309655.0	0.0	117309655.0	1.0	2.819440836860292e-05	2.8900259962713988e-05	2.6655246010495776e-06	5.345842845014761e-05	5.512351497624179e-05	9.712439958221983e-06
DMATT	117309655.0	0.0	117309655.0	1.0	9.398136122867463e-06	9.633419987571174e-06	8.885082003498651e-07	1.781947615004918e-05	1.837450499208051e-05	3.2374799860739925e-06
GRTT	117309655.0	0.0	117309655.0	1.0	9.398136122867475e-06	9.633419987571179e-06	8.885082003498636e-07	1.7819476150049168e-05	1.8374504992080532e-05	3.2374799860740052e-06
HMR_1465	117309655.0	0.0	117309655.0	1.0	4.6990680614337305e-06	4.816709993785597e-06	4.442541001749327e-07	8.909738075024613e-06	9.187252496040293e-06	1.6187399930370039e-06
HMR_1467	117309655.0	0.0	117309655.0	1.0	4.699068061433736e-06	4.816709993785585e-06	4.442541001749311e-07	8.909738075024637e-06	9.187252496040285e-06	1.6187399930370077e-06
SMO	117309655.0	0.0	117309655.0	1.0	4.699068061433736e-06	4.816709993785575e-06	4.44254100174931e-07	8.909738075024577e-06	9.187252496040266e-06	1.6187399930370011e-06
LNSTLS	117309655.0	0.0	117309655.0	1.0	4.699068061433741e-06	4.8167099937855885e-06	4.4425410017493064e-07	8.909738075024576e-06	9.187252496040263e-06	1.6187399930370005e-06
HMR_1477	117309655.0	0.0	117309655.0	1.0	4.699068061433736e-06	4.81670999378557e-06	4.4425410017493255e-07	8.909738075024603e-06	9.187252496040303e-06	1.6187399930370026e-06
HMR_1478	117309655.0	0.0	117309655.0	1.0	4.6990680614337415e-06	4.816709993785578e-06	4.4425410017493064e-07	8.90973807502455e-06	9.18725249604021e-06	1.6187399930369878e-06
HMR_1479	117309655.0	0.0	117309655.0	1.0	4.699068061433739e-06	4.816709993785577e-06	4.4425410017493207e-07	8.909738075024613e-06	9.187252496040263e-06	1.6187399930369984e-06
C14STR	117309655.0	0.0	117309655.0	1.0	4.699068061433733e-06	4.816709993785568e-06	4.4425410017493255e-07	8.909738075024598e-06	9.187252496040249e-06	1.6187399930370022e-06
HMR_1490	117309655.0	0.0	117309655.0	1.0	4.69906806143373e-06	4.8167099937855664e-06	4.4425410017493196e-07	8.909738075024631e-06	9.187252496040357e-06	1.6187399930370085e-06
HMR_1493	117309655.0	0.0	117309655.0	1.0	4.699068061433731e-06	4.816709993785568e-06	4.442541001749328e-07	8.909738075024592e-06	9.187252496040285e-06	1.6187399930370056e-06
HMR_1494	117309655.0	0.0	117309655.0	1.0	4.699068061433731e-06	4.816709993785561e-06	4.4425410017493255e-07	8.909738075024613e-06	9.187252496040327e-06	1.6187399930370062e-06
C3STDH1	4614708944.0	5.182335654672117e-196	4614708944.0	1.0	2.739332372245054e-06	2.7773979423250606e-06	1.235533764312989e-06	2.96547112325642e-06	2.904111684229542e-06	1.5349500549872967e-06
HMR_1495	280060140.0	0.0	280060140.0	1.0	1.959735689157947e-06	1.861978345535256e-06	1.2036441087421139e-06	5.944266951768506e-06	5.8966058297963815e-06	1.7059000076155807e-06
HMR_1500	117309640.0	0.0	117309640.0	1.0	4.699068061433731e-06	4.816709993785575e-06	4.44254100174933e-07	8.909738095700382e-06	9.187252477084834e-06	1.6187399799998001e-06
HMR_1502	117309640.0	0.0	117309640.0	1.0	4.699068061433734e-06	4.816709993785585e-06	4.4425410017493255e-07	8.909738095700414e-06	9.187252477084944e-06	1.6187399799998052e-06
HMR_1503	117309640.0	0.0	117309640.0	1.0	4.699068061433734e-06	4.816709993785583e-06	4.442541001749336e-07	8.909738095700387e-06	9.187252477084851e-06	1.618739979999799e-06
HMR_1504	117309640.0	0.0	117309640.0	1.0	4.699068061433733e-06	4.81670999378558e-06	4.442541001749329e-07	8.909738095700399e-06	9.187252477084843e-06	1.6187399799998029e-06
HMR_1505	117309640.0	0.0	117309640.0	1.0	4.699068061433727e-06	4.816709993785564e-06	4.442541001749337e-07	8.909738095700443e-06	9.187252477084885e-06	1.6187399799998126e-06
HMR_1509	117309640.0	0.0	117309640.0	1.0	4.699068061433731e-06	4.8167099937855605e-06	4.4425410017493324e-07	8.909738095700348e-06	9.187252477084824e-06	1.6187399799998037e-06
CHLSTI_1	117309640.0	0.0	117309640.0	1.0	4.69906806143373e-06	4.816709993785563e-06	4.4425410017493244e-07	8.909738095700424e-06	9.187252477084814e-06	1.6187399799998143e-06
HMR_1516	117309640.0	0.0	117309640.0	1.0	4.6990680614337195e-06	4.8167099937855495e-06	4.442541001749321e-07	8.90973809570009e-06	9.187252477084943e-06	1.6187399799998222e-06
RE2410C	117309640.0	0.0	117309640.0	1.0	4.69906806143373e-06	4.816709993785552e-06	4.442541001749327e-07	8.909738095700384e-06	9.187252477084882e-06	1.6187399799998082e-06
DSMSTOLR	117309640.0	0.0	117309640.0	1.0	4.6990680614337255e-06	4.816709993785546e-06	4.4425410017493144e-07	8.909738095700372e-06	9.18725247708483e-06	1.6187399799998071e-06
ACCOAC	7136215211.0	1.0	7136215211.0	0.0	18.86828298751018	18.579852508880712	6.804313849014564	14.645477987385958	14.598292906942618	1.2767129634382688
FASN	7136215211.0	1.0	7136215211.0	0.0	2.695468998215783	2.654264644125861	0.972044835573524	2.0922111410552366	2.0854704152774843	0.18238756620545865
MCAT	7136215211.0	1.0	7136215211.0	0.0	18.868282987462297	18.57985250916695	6.804313849014291	14.645477987386037	14.598292906942682	1.276712963438262
AcetoacetylACPsynthesis	7136215211.0	1.0	7136215211.0	0.0	2.6954689982158153	2.654264644125895	0.9720448355735063	2.0922111410552255	2.0854704152774692	0.18238756620545943
r0691	7136215211.0	1.0	7136215211.0	0.0	2.6954689982158113	2.654264644125865	0.9720448355735095	2.0922111410552433	2.0854704152774577	0.18238756620545665
r0681	7136215211.0	1.0	7136215211.0	0.0	2.6954689982158153	2.654264644125862	0.9720448355735066	2.0922111410552535	2.0854704152774874	0.18238756620545588
r0682	7136215211.0	1.0	7136215211.0	0.0	2.6954689982158113	2.6542646441258615	0.9720448355735083	2.0922111410552535	2.0854704152774914	0.1823875662054565
r0760	7136215211.0	1.0	7136215211.0	0.0	2.6954689982158153	2.6542646441258646	0.9720448355735065	2.0922111410552993	2.0854704152776082	0.18238756620545327
r0761	7136215211.0	1.0	7136215211.0	0.0	2.695468998215813	2.6542646441258677	0.9720448355735096	2.092211141055249	2.0854704152774843	0.18238756620545513
r0762	7136215211.0	1.0	7136215211.0	0.0	2.695468998215811	2.654264644125858	0.9720448355735093	2.0922111410552535	2.085470415277488	0.18238756620545582
r0763	7136215211.0	1.0	7136215211.0	0.0	2.695468998215811	2.6542646441258606	0.9720448355735085	2.092211141055257	2.085470415277493	0.18238756620545496
r0764	7136215211.0	1.0	7136215211.0	0.0	2.6954689982158153	2.6542646441258633	0.9720448355735064	2.0922111410552993	2.0854704152776082	0.18238756620545327
r0694	7136215211.0	1.0	7136215211.0	0.0	2.695468998215812	2.6542646441258664	0.9720448355735105	2.0922111410552526	2.0854704152774866	0.18238756620545502
r0695	7136215211.0	1.0	7136215211.0	0.0	2.695468998215779	2.6542646441258557	0.9720448355735261	2.0922111410552535	2.085470415277488	0.18238756620545582
r0765	7136215211.0	1.0	7136215211.0	0.0	2.6954689982158073	2.654264644125866	0.9720448355735112	2.092211141055252	2.085470415277488	0.18238756620545502
r0766	7136215211.0	1.0	7136215211.0	0.0	2.6954689982158087	2.6542646441258952	0.9720448355735066	2.0922111410552384	2.0854704152774834	0.18238756620545782
r0692	7136215211.0	1.0	7136215211.0	0.0	2.695468998215813	2.654264644125866	0.9720448355735095	2.092211141055258	2.0854704152774923	0.1823875662054545
r0693	7136215211.0	1.0	7136215211.0	0.0	2.6954689982158095	2.654264644125858	0.9720448355735093	2.0922111410552513	2.0854704152774843	0.1823875662054557
r0767	7136215211.0	1.0	7136215211.0	0.0	2.6954689982158104	2.654264644125865	0.9720448355735085	2.092211141055246	2.085470415277479	0.18238756620545488
r0768	7136215211.0	1.0	7136215211.0	0.0	2.6954689982158153	2.6542646441258646	0.9720448355735065	2.092211141055244	2.0854704152774737	0.18238756620545585
r0769	7136215211.0	1.0	7136215211.0	0.0	2.695468998215812	2.6542646441258606	0.9720448355735091	2.0922111410552566	2.0854704152774897	0.18238756620545443
r0770	7136215211.0	1.0	7136215211.0	0.0	2.6954689982158166	2.654264644125859	0.9720448355735083	2.0922111410552513	2.0854704152774843	0.1823875662054557
r0712	7136215211.0	1.0	7136215211.0	0.0	2.6954689982158104	2.6542646441258695	0.9720448355735084	2.092211141055246	2.085470415277479	0.18238756620545488
r0713	7136215211.0	1.0	7136215211.0	0.0	2.695468998215817	2.6542646441258633	0.9720448355735068	2.092211141055244	2.0854704152774737	0.18238756620545585
r0701	7136215211.0	1.0	7136215211.0	0.0	2.6954689982158104	2.6542646441258597	0.9720448355735088	2.0922111410552566	2.0854704152774897	0.18238756620545443
r0702	7136215211.0	1.0	7136215211.0	0.0	2.695468998215819	2.654264644125861	0.9720448355735074	2.0922111410552513	2.0854704152774843	0.1823875662054557
r0771	7136215211.0	1.0	7136215211.0	0.0	2.695468998215807	2.654264644125882	0.9720448355735068	2.0922111410552486	2.0854704152774834	0.1823875662054548
r0772	7136215211.0	1.0	7136215211.0	0.0	2.695468998215807	2.6542646441258677	0.9720448355735115	2.09221114105525	2.0854704152774897	0.18238756620545638
r0696	7136215211.0	1.0	7136215211.0	0.0	2.695468998215811	2.654264644125864	0.9720448355735091	2.0922111410552535	2.0854704152774906	0.18238756620545626
r0697	7136215211.0	1.0	7136215211.0	0.0	2.6954689981678555	2.6542646444123963	0.9720448355731383	2.0922111410552504	2.085470415277483	0.18238756620545563
r0773	7136215211.0	1.0	7136215211.0	0.0	2.695468998167853	2.654264644412388	0.9720448355731391	2.092211141055246	2.085470415277479	0.18238756620545488
FA160ACPH	7136215211.0	1.0	7136215211.0	0.0	2.6954689981678572	2.654264644412389	0.9720448355731381	2.0922111410552935	2.085470415277636	0.18238756620546132
TMLYStd_r	10000000000.0	1.0	10000000000.0	0.0	18.357774741243745	18.54816717971245	2.4877460238390885	0.0	0.0	0.0
TMLYSOX	10000000000.0	1.0	10000000000.0	0.0	18.35777474124358	18.548167179711847	2.4877460238390188	0.0	0.0	0.0
GHMT3	10000000000.0	1.0	10000000000.0	0.0	18.35777474124375	18.548167179712497	2.4877460238391014	0.0	0.0	0.0
TMABADH	10000000000.0	1.0	10000000000.0	0.0	18.357774741243627	18.548167179711804	2.4877460238390268	0.0	0.0	0.0
BBHOX	10000000000.0	1.0	10000000000.0	0.0	18.357774741243933	18.548167179712614	2.4877460238391493	0.0	0.0	0.0
SUCFUMtm_r	10000000000.0	1.0	10000000000.0	0.0	36.71554948248785	37.09633435942462	4.975492047678287	0.0	0.0	0.0
palmitateActivation	8770289563.0	1.0	8770289563.0	0.0	0.6669192647669396	0.4985303058554508	0.5983402981681337	0.10309130409545109	0.07136713102314074	0.10191380534692761
carnitineAcylTransferaseI	8770289563.0	1.0	8770289563.0	0.0	0.6669192647669641	0.4985303058554832	0.5983402981681345	0.10309130409546108	0.0713671310231086	0.1019138053469298
CARN160t_m	8770289563.0	1.0	8770289563.0	0.0	0.6669192647669624	0.49853030585548397	0.5983402981681348	0.10309130409546406	0.0713671310231078	0.10191380534692987
carnitineAcylTransferaseII	8770289563.0	1.0	8770289563.0	0.0	0.666919264766962	0.49853030585548425	0.5983402981681343	0.10309130409546113	0.0713671310231094	0.10191380534692977
betaOxidation	8770289563.0	1.0	8770289563.0	0.0	0.6669192647669706	0.49853030585549546	0.5983402981681339	0.10309130409546233	0.07136713102310716	0.10191380534692988
Biomass	117309640.0	0.0	117309640.0	1.0	0.00023033518265988756	0.00023610166138005002	2.1776094317633747e-05	0.0004367304590803763	0.000450333438414	7.934610950442581e-05
GLCt1_r	6366611397.0	1.0	6366611397.0	0.0	2.896988833105473	2.972884663383586	0.6601992388607077	2.6933588523912593	2.749913388129962	0.22144973399989845
O2t_r	10000000000.0	1.0	10000000000.0	0.0	102.60228566942777	102.93192890626736	12.615838336732725	19.69403424453028	19.773549676282396	1.3059464573896842
GLNt_r	8223956.0	0.0	8223956.0	1.0	0.6419920808629641	0.6576039000226301	0.14632285809835652	1.1876639356584495	1.2122275517828633	0.09544891470090801
r0963_r	6310872707.0	1.0	6310872707.0	0.0	0.00017351887469834227	0.00018576553825055	5.360430029803322e-05	0.00015146084852156404	0.0001558915135148	5.059496722903043e-05
THBPTt_r	5258891882.0	1.0	5258891882.0	9.382298619857384e-90	3.815355969631105e-05	3.8995200762964116e-05	3.6630779708375954e-06	3.714022879487212e-05	3.6841473475529076e-05	1.9307760395682946e-05
ARGt5r_r	554497341.0	0.0	554497341.0	1.0	0.09632267645275791	0.10116701299744395	0.02176857370713129	0.20209719222438038	0.21450295069895695	0.051761294466477564
PHEtec_r	740732754.0	0.0	740732754.0	1.0	9.791770820032769e-05	0.0001003196085267	9.245509958750855e-06	0.00015045693409059205	0.0001520526936491	3.323618011824509e-05
ILEtec_r	117309640.0	0.0	117309640.0	1.0	6.589382838498776e-05	6.754349108429533e-05	6.229661510200175e-06	0.00012493897627277218	0.0001288304893946	2.269917631479409e-05
LEUtec_r	139663132.0	0.0	139663132.0	1.0	0.00014333111000191362	0.00014583783541829997	1.513393462702921e-05	0.0002735880656808303	0.00028150980300909996	5.4160686409059633e-05
VALtec_r	2840576.0	0.0	2840576.0	1.0	0.021440234144514243	0.02240353814625435	0.005534423498729247	0.2206390914811632	0.22957566726089834	0.06461718483218372
METtec_r	1284291832.0	0.0	1284291832.0	1.0	0.0027923970570787123	0.0029281177849707	0.0012876440526473018	0.014012618600880676	0.01198722274996625	0.0097641182843092
r2526_r	1681924958.0	0.0	1681924958.0	1.0	0.17303969962786545	0.1710868819163615	0.06007035197802767	0.2610683229199764	0.27607787111030313	0.0673285752900949
GLYt4_r	4584033005.0	4.544283656847107e-228	4584033005.0	1.0	0.11407632225354505	0.1076632613261759	0.0706167115119015	0.12247366125367135	0.1228989519386754	0.05927424837023578
r2532_r	10000000000.0	1.0	10000000000.0	0.0	0.03410614123244951	0.0346311674811762	0.007319047097920119	0.0	0.0	0.0
PROPAT4te_r	10000000000.0	1.0	10000000000.0	0.0	5.071940785343865e-05	5.061342904450006e-05	1.9922521694258414e-05	0.0	0.0	0.0
HDCAt	10000000000.0	1.0	10000000000.0	0.0	5.8488466919147104e-05	5.606384178308865e-05	3.430982092555509e-05	0.0	0.0	0.0
CRNt	10000000000.0	1.0	10000000000.0	0.0	18.357774741243954	18.548167179712323	2.4877460238391462	-1.2739856714343803e-17	-6.062317211092787e-17	2.6597862193183633e-16
GTHRDt2_r	7456901530.0	1.0	7456901530.0	0.0	1.345431887956456	1.1968522999352584	0.9050558456034472	0.6081249102316814	0.6154018331910647	0.3258538363025547
DmLact	6350313731.0	1.0	6350313731.0	0.0	4.907378157855431	5.0361520170848095	1.1178756671031593	4.569253545838585	4.666324084268364	0.36886423004404506
UREAt	0.0	0.0	0.0	1.0	0.0	0.0	0.0	0.07297609070571301	0.06512603831445685	0.04979746276773085
DmBiomass	117309640.0	0.0	117309640.0	1.0	0.00023033518265988705	0.00023610166138005002	2.1776094317633764e-05	0.0004367304590803739	0.000450333438414	7.934610950442633e-05
NH4t	10000000000.0	1.0	10000000000.0	0.0	95.86341476280798	91.02455713118022	22.84277822670732	13.862869067382437	13.497885395345865	2.3835100002281733
PTRCtex2_f	305383751.0	0.0	305383751.0	1.0	0.035585848877214554	0.03122472456511535	0.025085279647769073	0.16615313284133704	0.1758914428947773	0.054408816873713906
GUDACtr2	3874893332.0	0.0	3874893332.0	1.0	0.03381510019423163	0.02871868579401965	0.024556369603008197	0.05318913262170429	0.04138542920025695	0.04405291559409199
CE2705t	5258891882.0	1.0	5258891882.0	9.382298619857384e-90	3.815355969631105e-05	3.8995200762964116e-05	3.6630779708375954e-06	3.714022879487212e-05	3.6841473475529076e-05	1.9307760395682946e-05
Dm2oxobutyrate	175446437.0	0.0	175446437.0	1.0	0.01448778724426704	0.01482506725286075	0.0027035085200544104	0.25302474589764157	0.24529171570072605	0.14739657834440575
H2Ot_f	9999995087.0	1.0	9999995087.0	0.0	125.43438775901338	118.71869368911716	40.68527894420495	8.12668261255627	7.230728686123724	5.457500795415081
PHLACHt_f	4839453314.0	8.346543898921402e-36	4839453314.0	1.0	394.46520155886844	410.39166039250574	157.10416312102276	399.0259200037834	411.6380142771725	189.52033457130457
CO2t	10000000000.0	1.0	10000000000.0	0.0	137.13195373129153	135.18118341190637	19.801157955809124	35.69854670114529	35.77617176470679	2.120319550672522
DmGSSG	7408050070.0	1.0	7408050070.0	0.0	0.6917082713140634	0.6177403553597758	0.4550147094185695	0.3267304221694591	0.33314499155376165	0.16308322487575
GLUt4	10000000000.0	1.0	10000000000.0	0.0	0.004362911423977421	0.00455095531278325	0.0020112308489864525	0.0	0.0	0.0
ALAPAT4te	10000000000.0	1.0	10000000000.0	0.0	0.03220975137343579	0.03556679109474245	0.013266516116523002	0.0	0.0	0.0
DmAla	8906365657.0	1.0	8906365657.0	0.0	2.516505652244543	1.8975782160947736	2.186440379571161	0.342446932197656	0.23515894248106062	0.34490382587928287
ASPte_r	9675228781.0	1.0	9675228781.0	0.0	401.81276233206495	408.0972786259392	228.94261019735183	29.67091659808774	31.073364383488695	17.959769394117743
DmAsp	9689594492.0	1.0	9689594492.0	0.0	403.88675319971526	410.1759479077689	229.33875559891453	30.019997086815682	31.376907983791934	17.981072269782278
DmPalm	5137533802.0	1.0	5137533802.0	8.414940364068955e-27	2.0285457920923897	2.0192033437113905	0.8607874377045973	1.9890014659727155	1.9864455409122943	0.15793235172065642
ATPM	8442574027.0	1.0	8442574027.0	0.0	13.744566500943176	10.360608905344503	12.089633748652872	2.8641125687266595	2.0276567769063796	2.796560588604916
GACMTRc	4229028294.0	0.0	4229028294.0	1.0	0.06242482604398226	0.06434239730258004	0.028919752140534348	0.07577506911188951	0.069737010739097	0.041651521898753374
CKc_cho	4229028294.0	0.0	4229028294.0	1.0	0.06242482604398238	0.06434239730258025	0.02891975214053486	0.07577506911188824	0.0697370107390918	0.041651521898754255
CRTNsyn_cho	4229028294.0	0.0	4229028294.0	1.0	0.06242482604398238	0.06434239730258025	0.028919752140534837	0.0757750691118891	0.06973701073908965	0.04165152189875441
CRTNtr	4229028294.0	0.0	4229028294.0	1.0	0.06242482604398238	0.06434239730258025	0.02891975214053485	0.075775069111888	0.06973701073909244	0.041651521898754186
NDPK1	9132810155.0	1.0	9132810155.0	0.0	1.718038610162536	1.287652265573154	1.5394513932496012	0.1755775260873779	0.1292979446768752	0.16490256579319523
NDPK5	117309640.0	0.0	117309640.0	1.0	2.2798576379600495e-06	2.3369342443227955e-06	2.1553978155423844e-07	4.322758083978324e-06	4.4574003734223495e-06	7.85367791874866e-07
NDPK8	117309640.0	0.0	117309640.0	1.0	3.0365087130058134e-06	3.112528201973731e-06	2.870742513893723e-07	5.757417642057116e-06	5.936745718611687e-06	1.046019761596846e-06
NDPK7	117309640.0	0.0	117309640.0	1.0	2.174824794667983e-06	2.2292718867161145e-06	2.0560988254949986e-07	4.123608994637451e-06	4.2520483255054355e-06	7.491859659408398e-07
DTMPK	117309640.0	0.0	117309640.0	1.0	3.015317876181381e-06	3.090806849048151e-06	2.8507085071326523e-07	5.717238439821874e-06	5.895315042278183e-06	1.0387199195224464e-06
NDPK4	117309640.0	0.0	117309640.0	1.0	3.0153178762036833e-06	3.0908068491252998e-06	2.8507085071100444e-07	5.717238439821867e-06	5.895315042278159e-06	1.0387199195224373e-06
HIStiDF_r	2062778834.0	0.0	2062778834.0	1.0	0.09682249406042884	0.10408647804208945	0.038225472610301785	0.14444841465632757	0.15706611730718734	0.04520812549837832
PTRCOX1	7877506235.0	1.0	7877506235.0	0.0	0.05817745880670434	0.059493945931138895	0.02830554064916466	0.030677543003228388	0.03143656623022735	0.013970167657254545
ABUTD	7877506235.0	1.0	7877506235.0	0.0	0.05817745880670489	0.0594939459311391	0.028305540649164712	0.030677543003228332	0.031436566230227295	0.013970167657254545
r0465_1	8785647231.0	1.0	8785647231.0	0.0	8.541081547961465	7.375934643426567	5.592380814771917	2.6063357913649687	2.265391194018381	1.7122473960303342
ABUTH	8298884786.0	1.0	8298884786.0	0.0	5.877726675967175	4.31767646694637	5.224962809159284	1.4032036816033477	0.9867750263784179	1.3759461749176627
GLUDC	8882267265.0	1.0	8882267265.0	0.0	7.251800445972369	7.081398300839227	3.1511397625180515	3.28003185692289	3.3724248614085193	0.8717326392392425
HISDr	10000000000.0	1.0	10000000000.0	0.0	21.095971269206963	21.46478092473845	1.7435656054592248	4.158710273705487	4.252196131778652	0.6417913111672953
URCN	10000000000.0	1.0	10000000000.0	0.0	21.095971269206913	21.464780924738534	1.7435656054592183	4.1587102737054655	4.252196131778646	0.6417913111672976
IZPN	10000000000.0	1.0	10000000000.0	0.0	21.095971269206935	21.464780924738456	1.7435656054592161	4.158710273705508	4.252196131778733	0.6417913111672867
GluForTx	10000000000.0	1.0	10000000000.0	0.0	21.095971269206885	21.464780924738527	1.743565605459212	4.158710273705498	4.252196131778732	0.6417913111672857
FTCD	10000000000.0	1.0	10000000000.0	0.0	21.09597126920686	21.464780924738655	1.7435656054591866	4.15871027370551	4.252196131778726	0.6417913111672902
CARPEPT1tc_r	10000000000.0	1.0	10000000000.0	0.0	23.6625327628906	23.501615542877644	2.705083675910619	5.217449174161226	5.073917258131868	1.220073710820236
NBAHH_ir	9999998599.0	1.0	9999998599.0	0.0	30.757833475996012	29.650061452734285	6.287004305598414	6.731049397152302	6.460095486525686	1.9203537458349074
r0283	8507068212.0	1.0	8507068212.0	0.0	7.0953007131064965	5.50998546160829	5.971951535367954	1.5136002229909054	1.0959706496946526	1.4644055802110503
ASP1DC	8560481788.0	1.0	8560481788.0	0.0	1.351983229690359	1.0353356484090828	1.1198459533654679	0.26604733346186166	0.20105905409356079	0.24170035763841002
CSNt_r	9243852833.0	1.0	9243852833.0	0.0	12.858746741912046	10.244250523571733	10.703418096032893	1.2310440012568815	0.9056760442105001	1.1324641026373843
bAlaSynthesis	9243852833.0	1.0	9243852833.0	0.0	12.85874674194744	10.244250524297016	10.703418096135257	1.231044001256857	0.9056760442105046	1.1324641026373836
LYSt5r_r	6928048383.0	1.0	6928048383.0	0.0	0.008801206607264385	0.0080521023712753	0.005862031904170886	0.004573589893000805	0.00482023157615075	0.0018899187274057055
LYStm	7002120100.0	1.0	7002120100.0	0.0	0.008664821920918973	0.00791451820324135	0.005862168037152	0.004314995673953001	0.00455529500831835	0.0018922751462144632
SACCD3m	7002120109.0	1.0	7002120109.0	0.0	0.00866482192091765	0.00791451820324485	0.005862168037149617	0.0043149956654708835	0.004555295010419	0.0018922751452506706
r0525	7002120109.0	1.0	7002120109.0	0.0	0.008664821920919085	0.00791451820324165	0.00586216803715199	0.004314995665470904	0.004555295010419	0.0018922751452506712
AASAD3m	7002120109.0	1.0	7002120109.0	0.0	0.008664821920919085	0.00791451820324165	0.00586216803715199	0.004314995665470908	0.004555295010419	0.0018922751452506714
r0450	7002120109.0	1.0	7002120109.0	0.0	0.008664821920919085	0.0079145182032416	0.005862168037151989	0.004314995665470914	0.00455529501041905	0.0018922751452506643
2OXOADOXm	7185701630.0	1.0	7185701630.0	0.0	0.008967901727857538	0.008214905465130849	0.005871058741234842	0.004314995665470914	0.00455529501041905	0.0018922751452506643
GLUTCOADHm	7185701630.0	1.0	7185701630.0	0.0	0.008967901727857544	0.008214905465130849	0.005871058741234845	0.00431499566547052	0.0045552950104191005	0.0018922751452506237
3HBCDm	7185701630.0	1.0	7185701630.0	0.0	0.008967901727857542	0.008214905465130849	0.00587105874123484	0.004314995665472153	0.0045552950104355994	0.001892275145253813
HACD1m	7185701630.0	1.0	7185701630.0	0.0	0.008967901727857606	0.008214905465130849	0.005871058741234855	0.004314995665472213	0.00455529501043555	0.0018922751452538056
HMGCOASm	8556000000.0	1.0	8556000000.0	0.0	7.134331674976342e-08	7.139666858698788e-08	6.192452572669004e-08	0.0	0.0	0.0
CYStec_r	10000000000.0	1.0	10000000000.0	0.0	0.04006511299598012	0.04195124310461135	0.00891249874085514	0.0	0.0	0.0
CYSTA	904275045.0	0.0	904275045.0	1.0	0.09559820531271739	0.0950229550728739	0.0395674493384597	0.19271288090136554	0.1970319684729243	0.05795046920599498
CYANt_r	904275045.0	0.0	904275045.0	1.0	0.09559820531271436	0.09502295507287001	0.03956744933845851	0.1927128809013697	0.19703196847292184	0.057950469205992644
MCPST	904275045.0	0.0	904275045.0	1.0	0.09559820531271436	0.0950229550728699	0.0395674493384585	0.1927128809013683	0.1970319684729222	0.05795046920599228
TCYNTt	2209730233.0	0.0	2209730233.0	1.0	0.05243592461592085	0.046846362808648956	0.03636381570666051	0.11000001844450435	0.10780162678845501	0.06087116115348616
CYSO	1014206057.0	0.0	1014206057.0	1.0	0.031062913288214186	0.03197693692257335	0.011803330713600053	0.0703266483844928	0.07472231487507866	0.025171025590204236
3SALATAi	1977776470.0	0.0	1977776470.0	1.0	0.01268813077728528	0.01050830523004415	0.009502633419326511	0.03637154656514311	0.03346450969331595	0.02430448261491196
3SALAASPm	3277222126.0	0.0	3277222126.0	1.0	0.018374782510929447	0.0169067581129565	0.012169763606141193	0.033955101819343636	0.0296041214146004	0.025330883117837297
3SALATAim	3277222126.0	0.0	3277222126.0	1.0	0.01837478251092947	0.016906758112956548	0.012169763606141177	0.03395510181936254	0.0296041214145645	0.025330883117852684
3SPYRSP	1977776470.0	0.0	1977776470.0	1.0	0.012688130777285226	0.0105083052300441	0.009502633419326506	0.03637154656513361	0.033464509693228	0.0243044826149115
3SPYRSPm	3277222126.0	0.0	3277222126.0	1.0	0.01837478251092945	0.01690675811295645	0.01216976360614118	0.03395510181936287	0.029604121414564602	0.025330883117852632
HMR_3951	1977776470.0	0.0	1977776470.0	1.0	0.012688130777285265	0.0105083052300441	0.009502633419326502	0.036371546565132605	0.0334645096932257	0.02430448261491153
ExSulfitem	3277222126.0	0.0	3277222126.0	1.0	0.01837478251073184	0.0169067581128812	0.012169763606046024	0.03395510181936288	0.02960412141456435	0.025330883117852584
PHETHPTOX2	5258891882.0	1.0	5258891882.0	9.382298619857384e-90	3.815355969631008e-05	3.89952007629684e-05	3.6630779708378385e-06	3.7140228794872086e-05	3.684147347552905e-05	1.930776039568294e-05
TYRt_r	0.0	0.0	0.0	1.0	0.0	0.0	0.0	3.2825601291584745e-05	3.285450652984477e-05	1.852272670996586e-05
TYRTA	9022663245.0	1.0	9022663245.0	0.0	1.3757107458161543e-06	1.2860935409248229e-06	8.989328210909037e-07	2.3264095451136005e-07	2.2084587621220435e-07	1.4622437820139936e-07
34HPPOR	9022663118.0	1.0	9022663118.0	0.0	1.375710717717206e-06	1.2860935016043162e-06	8.989328218298236e-07	2.3264095451136005e-07	2.2084587621220435e-07	1.4622437820139936e-07
HGNTOR	9022663118.0	1.0	9022663118.0	0.0	1.375710717717206e-06	1.2860935016043162e-06	8.989328218298236e-07	2.3264095451136005e-07	2.2084587621220435e-07	1.4622437820139936e-07
MACACI	9022663118.0	1.0	9022663118.0	0.0	1.375710717717204e-06	1.2860935016043202e-06	8.989328218298229e-07	2.3264095453390534e-07	2.2084587626990535e-07	1.4622437819208835e-07
FUMAC	9022663119.0	1.0	9022663119.0	0.0	1.3757107177542433e-06	1.2860935017317425e-06	8.989328218338968e-07	2.3264095453390564e-07	2.208458762698975e-07	1.4622437819208915e-07
AACOAT	9022663119.0	1.0	9022663119.0	0.0	1.3757107177542433e-06	1.286093501731744e-06	8.989328218338969e-07	2.3264095453390534e-07	2.2084587626990535e-07	1.4622437819208835e-07
r2534_r	285635014.0	0.0	285635014.0	1.0	0.011820403583256187	0.012217731260907	0.002347284473434739	0.23925084854469475	0.23097658314175096	0.14573408793539475
THRD_L	287106063.0	0.0	287106063.0	1.0	0.01174838007499024	0.0121466564686924	0.002348103439472869	0.23911428729743175	0.2308516020219294	0.14573026206015605
OBDHc	1820819323.0	0.0	1820819323.0	1.0	1.77444764289566e-05	1.835566936478031e-05	6.4944744817551065e-06	3.533238411049491e-05	3.5493952088088944e-05	1.6109031915205265e-05
PPCOAtm	1820825569.0	0.0	1820825569.0	1.0	1.774447642819678e-05	1.835566936387294e-05	6.494474481941681e-06	3.5332360877728816e-05	3.549394368548256e-05	1.610904839933314e-05
r1616_r	8274651818.0	1.0	8274651818.0	0.0	0.030110374171612875	0.031651173323440904	0.009548996914932687	0.017313003274646972	0.01719810866720375	0.009374543847966762
TRPO2	8275150986.0	1.0	8275150986.0	0.0	0.030107309331672952	0.03164809753035	0.009549019571017711	0.017307192139158156	0.01719191187220575	0.009374383791402768
FKYNH	8275150986.0	1.0	8275150986.0	0.0	0.030107309331673278	0.031648097530351055	0.009549019571017716	0.017307192139158187	0.01719191187220575	0.009374383791402466
KYN	8221067067.0	1.0	8221067067.0	0.0	0.02980422952473529	0.0313444753495972	0.009540537186583055	0.01730719209432851	0.0171919118752173	0.00937438376694353
ANTHte	8221067067.0	1.0	8221067067.0	0.0	0.02980422952473526	0.03134447534959725	0.00954053718658307	0.01730719209432851	0.0171919118752173	0.00937438376694353
KYN3OX	10000000000.0	1.0	10000000000.0	0.0	0.0003030798069384978	0.00029813249076399997	0.0001636340866635345	0.0	0.0	0.0
HKYNH	10000000000.0	1.0	10000000000.0	0.0	0.0003030798069384978	0.00029813249076399997	0.0001636340866635345	0.0	0.0	0.0
3HAO	10000000000.0	1.0	10000000000.0	0.0	0.00030307980693849827	0.00029813249076399997	0.00016363408666353465	0.0	0.0	0.0
PCLAD	10000000000.0	1.0	10000000000.0	0.0	0.0003030798069384932	0.00029813249076399997	0.0001636340866635356	0.0	0.0	0.0
AM6SAD	10000000000.0	1.0	10000000000.0	0.0	0.00030307980693849307	0.00029813249076399997	0.00016363408666353587	0.0	0.0	0.0
AMCOXO	10000000000.0	1.0	10000000000.0	0.0	0.0003030798069384931	0.00029813249076399997	0.00016363408666353598	0.0	0.0	0.0
2OXOADPTm	10000000000.0	1.0	10000000000.0	0.0	0.0003030798069384931	0.00029813249076399997	0.00016363408666353584	0.0	0.0	0.0
ExCystineGlu	0.0	0.0	0.0	1.0	0.013620398405047964	0.012704630912824151	0.008946168459713688	0.0752788677300743	0.07682964232470621	0.0060505334527283785
ExCystineSer	1465323333.0	0.0	1465323333.0	1.0	0.06632867879043065	0.0675985150978092	0.016497283344692422	0.09504454207758628	0.09654077110654205	0.02127137129905313
CystinePyruvate	4341988790.0	0.0	4341988790.0	1.0	0.019031959410087274	0.01373486353228145	0.016096631480787688	0.023098404116210895	0.0187391414531677	0.017997179004894653
CystineReductaseNADPH	833001998.0	0.0	833001998.0	1.0	0.008686996588702627	0.0073576852837990495	0.006599697124524163	0.042263292850332645	0.04131333752313615	0.02428565275216308
CystineReductaseNADH	4849921957.0	1.5385771159375365e-31	4849921957.0	1.0	0.025318667116823557	0.023082969024118202	0.016502292656536098	0.028594613679325018	0.023345122550782	0.022656657424586144
CystineGSH	1047139275.0	0.0	1047139275.0	1.0	0.026911454079868134	0.024951464293501348	0.01700054099281411	0.07636709916180823	0.0748253914546449	0.03516559923849226
Ex3HB	2647040740.0	0.0	2647040740.0	1.0	8.682515092143582	8.589250020452482	4.515798503467266	11.84367418085367	11.997855477834392	0.5508779751524253
Transport3HB_forward	2647040740.0	0.0	2647040740.0	1.0	8.682515092192597	8.589250020481131	4.515798503469055	11.84367418085361	11.997855477834367	0.5508779751524487
bBDH	2647040740.0	0.0	2647040740.0	1.0	8.682515092203078	8.589250020482153	4.515798503480958	11.843674180853649	11.997855477834335	0.5508779751524513
OCOAT1m	2647040740.0	0.0	2647040740.0	1.0	8.68251509220307	8.589250020482151	4.515798503480961	11.843674180853691	11.997855477834364	0.5508779751524554
ACACT1m	2650470573.0	0.0	2650470573.0	1.0	8.691482922576238	8.595434763663427	4.516452007443644	11.847989176502779	12.0021582037271	0.5506395610080512
G3PD1ir	8266505801.0	1.0	8266505801.0	0.0	10.748969489936718	8.443270958817191	9.138846827934447	2.645388605868843	1.8446636097679772	2.7035552043650406
GLYC3Ptm	8266505801.0	1.0	8266505801.0	0.0	10.748969489936819	8.443270958817244	9.13884682793444	2.6453886058398317	1.8446636097701683	2.7035552043536346
G3PDm	8266505801.0	1.0	8266505801.0	0.0	10.74896948993671	8.4432709588172	9.138846827934447	2.645388605839835	1.8446636097701665	2.7035552043536324
DHAPtm	8266505801.0	1.0	8266505801.0	0.0	10.748969489936721	8.443270958817187	9.13884682793442	2.6453886058398335	1.8446636097701616	2.7035552043536333
CMPuptake_r	1167139356.0	0.0	1167139356.0	1.0	4.23598136782103e-06	3.597710238321716e-06	3.092660604664954e-06	1.1365793736410298e-05	1.1134179027226958e-05	5.021360639210719e-06
UMPuptake_r	1938979447.0	0.0	1938979447.0	1.0	9.58477263033573e-06	9.229275695528479e-06	5.842790067826432e-06	2.0954509314658854e-05	2.0027534410646286e-05	1.1188337614200304e-05
Transport_ala_B_c_e	9999999848.0	1.0	9999999848.0	0.0	37.87326273452681	35.07473061719244	11.571799102827976	6.714540508879834	6.506073591937799	1.5744138501818723
EX_ala_B	9999999848.0	1.0	9999999848.0	0.0	37.87326273452687	35.0747306171925	11.571799102827963	6.714540508879814	6.5060735919378105	1.574413850181876
Transport_octanoyl_ACP_c_e					0.0	0.0	0.0	0.0	0.0	0.0
EX_octanoyl_ACP					0.0	0.0	0.0	0.0	0.0	0.0
TMDK1	10000000000.0	1.0	10000000000.0	0.0	1.5896423235972301e-06	1.6291163505016525e-06	8.920074607059933e-07	0.0	0.0	0.0
THYMDt1_r	10000000000.0	1.0	10000000000.0	0.0	1.5896423235972365e-06	1.6291163505016358e-06	8.920074607059966e-07	0.0	0.0	0.0
EX_thymd	10000000000.0	1.0	10000000000.0	0.0	1.5896423235972316e-06	1.6291163505016553e-06	8.920074607059942e-07	0.0	0.0	0.0
Transport_HC00576_c_e	7156093142.0	1.0	7156093142.0	0.0	2.6633548719065026	2.1801999166872807	2.1364073604085934	1.203132109761463	0.9789578390406706	0.9529298874383152
EX_HC00576	7156093142.0	1.0	7156093142.0	0.0	2.663354871906518	2.1801999166872896	2.1364073604085942	1.2031321097614838	0.9789578390406837	0.9529298874383161
Transport_4abut_c_e	7582178218.0	1.0	7582178218.0	0.0	4.646623032729151	4.276680693504293	3.0566261808241753	2.107577290164596	2.101275100623894	1.1169560302086698
EX_4abut	7582178218.0	1.0	7582178218.0	0.0	4.646623032729136	4.276680693504273	3.056626180824174	2.1075772901645635	2.1012751006238206	1.116956030208687
EX_h_e_b	8689830057.0	1.0	8689830057.0	0.0	406.9347792618998	420.2222978188938	75.66876322307512	237.45694282916895	256.99159078563974	130.47663150478306
EX_h2o_e_b	9390551892.0	1.0	9390551892.0	0.0	219.72050756479413	220.31937132167133	53.024606376586355	98.06956451949183	93.73303616548199	57.04724154599791
EX_ala__L_e_b	10000000000.0	1.0	10000000000.0	0.0	0.04256234728539588	0.04279894229526625	0.004313316129268402	0.0	0.0	0.0
EX_hdca_e_b	10000000000.0	1.0	10000000000.0	0.0	8.926535332149513e-05	9.134643589997184e-05	3.209800201344205e-05	0.0	0.0	0.0
PGM_b	4776622396.0	2.2438069317015303e-67	4776622396.0	1.0	2.431683023973236	2.2171105768242567	1.4582730909103665	2.4569745914271284	2.508045081620348	1.221824188754136
ENO_b	6063451991.0	1.0	6063451991.0	0.0	2.4542118122850054	2.286337683616971	1.4360822103810635	1.8843510702484818	1.8939777553920951	0.8022801600697048
TKT2_b	9232459329.0	1.0	9232459329.0	0.0	0.2302371935251597	0.2366294520586753	0.10534024606141142	0.07138332411230887	0.07139573749912545	0.025424594960003346
RPE_b	6736911366.0	1.0	6736911366.0	0.0	0.30563906614820685	0.31117535910936633	0.16004717713943734	0.20680729916100146	0.16916046069468155	0.156088426715415
TKT1_b	8911718326.0	1.0	8911718326.0	0.0	0.2374983587468588	0.2336515571405687	0.1241938887990049	0.07575002270883852	0.07716886295331415	0.02268533102869621
TALA_b	5368171456.0	1.0	5368171456.0	3.46734883874384e-179	1.8974038462139842	1.8212671801335492	0.8266256883960494	1.7754337639520146	1.7504233344635	0.8986665500276979
ACONTm_b	2335565075.0	0.0	2335565075.0	1.0	37.595117362579636	35.97327204878055	18.290298121503042	54.31673063628428	53.79151063051815	12.351549571592145
ICDHym_b	446295454.0	0.0	446295454.0	1.0	52.71568699662816	53.241354291178745	16.50349573734217	103.26133942510945	103.5728122948511	24.531601402131233
SUCOAS1m_b	4786464364.0	9.395140645171972e-62	4786464364.0	1.0	10.602625232445273	10.883932130000645	3.1673339406905705	10.799832601455652	10.891267292308175	4.788036328251614
FUMm_b	9583681458.0	1.0	9583681458.0	0.0	171.1414405393579	170.64845740227898	58.03550145261122	58.68979512876836	56.34740123358233	29.150180314097714
MDHm_b	3123463033.0	0.0	3123463033.0	1.0	240.13709263953973	244.6628075668125	77.52168248620507	408.90280410667754	367.481943270185	256.35971992588213
FUM_b	7228591030.0	1.0	7228591030.0	0.0	49.91249695839286	46.98053043624672	24.965710451111875	30.527116061629645	30.315878568267017	17.4294220663675
MDH_b	7744460972.0	1.0	7744460972.0	0.0	279.25369874041036	284.51316998790367	113.29288914098719	173.716450655073	170.93292744402171	74.27775671225481
AKGMALtm_b	1139666784.0	0.0	1139666784.0	1.0	42.94575320116532	42.0124759080645	24.306853640310816	204.00668071448692	197.86821724812745	126.43045279741514
PYRt2m_b	8533058317.0	1.0	8533058317.0	0.0	69.53526686986606	66.72468673115867	35.44734408002279	27.74717270128043	27.326802163376612	15.493148233387302
FUMtm_b	4872923362.0	3.663753643438712e-23	4872923362.0	1.0	41.52856097202199	40.17724938138101	15.429795153320908	41.97153204449619	41.69169249511702	17.281273773061695
CO2tm_b	5564863011.0	1.0	5564863011.0	0.0	160.61516291331043	159.75120067410512	63.58699300811497	144.48179258722104	150.97763762993208	68.92241487821407
r0801_b	5433957434.0	1.0	5433957434.0	5.217393296945161e-248	12.056511865781184	12.31995920865776	4.823640724468411	11.230779573776953	12.06029931740419	5.150007093802237
H2Otm_b	10000000000.0	1.0	10000000000.0	0.0	223.93009398211208	227.2968216290315	15.40001102063085	82.99667567398663	82.0173694800131	15.61045129274993
NH4tm_b	5506751600.0	1.0	5506751600.0	0.0	95.7648369263666	89.13157862987643	53.327026993532456	85.26893528057904	89.15620140990225	45.322301373008706
NDPK3_b	3445605730.0	0.0	3445605730.0	1.0	7.086187518219992e-06	6.568616342973726e-06	3.063707739744958e-06	9.671284891530752e-06	9.831081206888571e-06	5.165054558636795e-06
GLUDym_b	3009179145.0	0.0	3009179145.0	1.0	67.93726480030989	69.49736630497259	27.625784638950012	100.551811312004	112.9195092173704	52.1132094186598
ASPTA_b	6401415054.0	1.0	6401415054.0	0.0	173.1161393503543	178.3197276286008	51.11479682692809	144.842710647826	144.28963923381593	58.56940160187642
r0074_b	10000000000.0	1.0	10000000000.0	0.0	2.321402399369684e-05	1.888125478783646e-05	1.8517754739240105e-05	0.0	0.0	0.0
GLU5SAtmc_b	10000000000.0	1.0	10000000000.0	0.0	0.0006779443516378226	0.00068929837855005	0.00018822761573649116	0.0	0.0	0.0
G5SADs_b	10000000000.0	1.0	10000000000.0	0.0	2.0419481146792173e-05	1.8892554911279634e-05	1.272460105988921e-05	0.0	0.0	0.0
GHMT2r_b	2779975782.0	0.0	2779975782.0	1.0	54.27743247757028	51.494326404787586	22.181879024767497	75.91211857658361	83.80325060792197	31.973779407448276
ALATA_L_b	9569371420.0	1.0	9569371420.0	0.0	0.06867156910184014	0.0694794666129828	0.005802111948837987	0.04382713018608245	0.04348884583669775	0.013026202204613988
MTHFC_b	2421741855.0	0.0	2421741855.0	1.0	3.0486947642820863	2.6065448861485003	2.0764311031429057	4.4553152904368725	4.5469089601914074	0.7284900201073904
MTHFD2i_b	5421302552.0	1.0	5421302552.0	6.78577378593019e-234	110.32566944193947	113.679155491997	51.8486502068424	102.73700482036323	105.34129028804765	48.5700271900394
PTRCtex2_b	10000000000.0	1.0	10000000000.0	0.0	0.00032583503132895225	0.00033970402687510004	0.00011594774064478948	0.0	0.0	0.0
H2Ot_b	9250259143.0	1.0	9250259143.0	0.0	22.764318048535014	23.087018398412045	12.017570491697988	4.538445575614239	3.502360771826784	3.7782978771599294
PHLACHt_b	5392388065.0	1.0	5392388065.0	3.2793161253640307e-203	411.56146281719464	428.51376185965466	156.08566866462365	380.8225801631151	393.4475085305214	189.84759141487615
