	statistic_less	pvalue_less	statistic_greater	pvalue_greater	mean_MDAMB361	median_MDAMB361	std_MDAMB361	mean_SKBR3	median_SKBR3	std_SKBR3
EX_lac__L_e	0.0	0.0	0.0	1.0	0.07203139409195836	0.0740564299821002	0.007882333749040345	3.888452751754473	3.991343538529595	0.8224413900643557
EX_glc__D_e_r	0.0	0.0	0.0	1.0	0.1026158052678774	0.1045089677141959	0.013727884505790135	2.3934292311004097	2.45692852849177	0.5054567974863563
EX_gluIN__L_e	10000000000.0	1.0	10000000000.0	0.0	0.00338441961003114	0.0029594603519875	0.0024455140382278378	0.0	0.0	0.0
EX_gluOUT__L_e	1128882.0	0.0	1128882.0	1.0	0.01128938781394634	0.01145608761136015	0.0013017946317560615	0.14448520548994928	0.14999790999205465	0.04102252059006913
EX_gln__L_e_r	355191196.0	0.0	355191196.0	1.0	0.20545963885028362	0.21125473720062626	0.022764145632970238	0.35655183215873126	0.3652510526553058	0.07390078359430945
EX_asp__L_e	10000000000.0	1.0	10000000000.0	0.0	0.029752191110246913	0.0306232859656015	0.011570602929504594	0.0	0.0	0.0
DM_asp__L_e	6709071467.0	1.0	6709071467.0	0.0	1.1724676359902546	0.8841692598102635	1.047354292870514	0.5976660254640447	0.4660771837913634	0.5215350255579211
EX_co2_e	9737810453.0	1.0	9737810453.0	0.0	105.37093036278898	102.37733019227906	23.20440183185692	64.52677302324791	63.60256198584977	8.857135699851614
EX_h_e_f	4623087894.0	1.1087326219778623e-187	4623087894.0	1.0	310.582864830563	332.21218156054243	86.90691828895146	326.6814653735514	334.1201695275805	77.79812277813369
EX_h2o_e_f	6843610795.0	1.0	6843610795.0	0.0	133.26533620478915	138.53767251256977	33.38710402427094	104.94787377497542	100.93977735727503	46.20432923102921
EX_ump_e_r	223881521.0	0.0	223881521.0	1.0	7.759401210143678e-07	7.659216200527282e-07	3.4005191260670575e-07	8.905915588845555e-06	8.552133462055002e-06	4.8765719328569545e-06
EX_pi_e_r	0.0	0.0	0.0	1.0	1.2022247513619165e-05	1.204359069914237e-05	3.0524127491951604e-06	0.0001884860343343993	0.00019371680046845001	2.9694930642003535e-05
EX_nh4_e	9177303784.0	1.0	9177303784.0	0.0	78.91122073386066	74.00377039617103	33.04353334478881	36.61577536633892	33.71574834172205	11.385131934450834
EX_o2_e_r	8601846218.0	1.0	8601846218.0	0.0	60.71896757234781	61.00726991000734	6.653354289357288	50.8739838733974	51.280521331301536	6.517487888311958
EX_arg__L_e_r	6100029281.0	1.0	6100029281.0	0.0	0.07793122235640504	0.081222545921582	0.01280357298975166	0.07692349538776673	0.0781581215567458	0.004760569091952979
EX_pro__L_e	10000000000.0	1.0	10000000000.0	0.0	4.674226648807056e-06	4.632469454263453e-06	1.4855643248062472e-06	0.0	0.0	0.0
EX_leu__L_e_r	0.0	0.0	0.0	1.0	7.751461756851537e-06	7.739084269613106e-06	1.9759821766073653e-06	0.00013003210041502943	0.0001325763404348	2.059338418871095e-05
EX_ile__L_e_r	0.0	0.0	0.0	1.0	3.910169351224321e-06	3.907419715108641e-06	1.0048461890601989e-06	6.0394523328501395e-05	6.21758022473584e-05	9.003963334145805e-06
EX_met__L_e_r	6856475491.0	1.0	6856475491.0	0.0	0.0028569843064965425	0.00275354424060295	0.001650224730163352	0.0018015584091185134	0.00192853401881465	0.0007706913682810993
EX_gly_e_r	2709447768.0	0.0	2709447768.0	1.0	0.03226127367985419	0.03343580443248305	0.014781416990397513	0.05005698764495839	0.05042322014167485	0.022807739424140744
EX_phe__L_e_r	0.0	0.0	0.0	1.0	5.231018760791796e-06	5.123145730526844e-06	1.536630067543443e-06	7.06214906872069e-05	6.894808041073026e-05	1.5151913464853278e-05
EX_ser__L_e_r	2626477493.0	0.0	2626477493.0	1.0	0.011226690234843392	0.008522334850607799	0.009735451066982643	0.025237739237281568	0.0211655725479206	0.018467728249927592
EX_ala__L_e_f	6806755824.0	1.0	6806755824.0	0.0	1.1938483689987298	0.901945051204673	1.0512281870407987	0.6156476453586849	0.44810152564687594	0.5644687093639585
EX_ribflv_e					0.0	0.0	0.0	0.0	0.0	0.0
EX_asn__L_e	10000000000.0	1.0	10000000000.0	0.0	0.010875601374922746	0.0110310284660784	0.0009700745231481094	0.0	0.0	0.0
EX_fol_e_r	8060927754.0	1.0	8060927754.0	0.0	0.0013971609268228864	0.00145055172939355	0.0004364143076062964	0.0009619862378675656	0.00101416078624985	0.00023350104015134967
EX_urea_e	5537376908.0	1.0	5537376908.0	0.0	0.030860886104174652	0.028639322274045	0.01922424865155249	0.027176884512878252	0.025041911743913	0.01840078891346437
EX_pyr_e	10000000000.0	1.0	10000000000.0	0.0	0.007972189214478415	0.00814771030472875	0.0025165661654746193	0.0	0.0	0.0
PYRt2	10000000000.0	1.0	10000000000.0	0.0	0.007972189214478483	0.00814771030472875	0.0025165661654746123	0.0	0.0	0.0
EX_gudac_e	4773425915.0	2.957852125001947e-69	4773425915.0	1.0	0.025016701415348147	0.02243276081818195	0.017210533949664136	0.026794862016588008	0.024383289854173852	0.018658276692253613
EX_hdca_e_f	6965024935.0	1.0	6965024935.0	0.0	0.32681637904408645	0.2403455591465338	0.3053793352568442	0.14725734853198236	0.11238991949768895	0.1316808164525363
EX_ptrcIN_e	10000000000.0	1.0	10000000000.0	0.0	0.00033678988101049534	0.00034666152722729996	9.955630895666557e-05	0.0	0.0	0.0
EX_ptrcOUT_e	6063531990.0	1.0	6063531990.0	0.0	0.021098716088506112	0.01785053477237695	0.015715270939904786	0.015407466801743114	0.01213907768861855	0.012651515436167046
EX_biomassx	0.0	0.0	0.0	1.0	1.3668193119444234e-05	1.3658581628467196e-05	3.5124902616077347e-06	0.00021111208596427173	0.00021733863578235002	3.147380551509003e-05
EX_gthox_e	4902436711.0	2.05917751798375e-14	4902436711.0	0.9999999999999795	0.5515630701175289	0.4593373871677626	0.42288022451200247	0.5316929978517525	0.4922497844792453	0.33732348334663453
EX_2obut_e	9513138026.0	1.0	9513138026.0	0.0	0.04963887789009035	0.05133292844077865	0.010776790338328691	0.026980049387562217	0.02849781913569895	0.006500067254047808
EX_crn_e	1555611395.0	0.0	1555611395.0	1.0	1.0167942589413208	1.0507994807454861	0.14419466596261038	2.8241601191095578	2.9430453777995633	1.4904412513342815
EX_val__L_e_r	746593708.0	0.0	746593708.0	1.0	0.06693970234625277	0.06732689890308399	0.019007368901817978	0.11592670092999079	0.11930564883596076	0.025900473459499546
EX_spmd_e	5429746150.0	1.0	5429746150.0	2.8882637304763865e-243	0.014735376853234252	0.01324258071873425	0.010484558782100613	0.013634986524494623	0.0113994444381155	0.011241483838469716
EX_sprm_e	2464763263.0	0.0	2464763263.0	1.0	0.01517507892056636	0.013580916806625501	0.010090018825635467	0.028571727823979164	0.027476710340697152	0.01574469876301873
EX_5mthf_e	8060927777.0	1.0	8060927777.0	0.0	0.0013971609294781955	0.0014505517368734	0.00043641430734227504	0.000961986237784868	0.00101416078614785	0.0002335010401486588
EX_tmlys_e_r	1555611395.0	0.0	1555611395.0	1.0	1.016794258941321	1.0507994807454883	0.14419466596261088	2.824160119109605	2.9430453777996184	1.4904412513342842
EX_thbpt_e_r	680310503.0	0.0	680310503.0	1.0	1.6845873648620051e-06	1.6522153276024052e-06	9.154997351920618e-07	1.5845082190390983e-05	1.3865479669283965e-05	1.1231509692803791e-05
EX_CE2705_e	680310503.0	0.0	680310503.0	1.0	1.6845873648620051e-06	1.6522153276024052e-06	9.154997351920618e-07	1.5845082190390983e-05	1.3865479669283965e-05	1.1231509692803791e-05
EX_crtn_e	4878256409.0	2.0466482059337724e-21	4878256409.0	1.0	0.022048724402249503	0.01868827202806405	0.015519124853487314	0.02287590473112163	0.020029780337690248	0.01629956418586043
EX_his__L_e_r	6543777344.0	1.0	6543777344.0	0.0	0.10301760993690197	0.1080914404326236	0.030034360764248123	0.08343071921915393	0.0837441659996519	0.04249285653060385
EX_lys__L_e_r	8004216119.0	1.0	8004216119.0	0.0	0.019022174546589093	0.018174590864939902	0.010727388472003777	0.00864577331530543	0.00940424634435865	0.0036670025074414673
EX_carn_e_r	9991055569.0	1.0	9991055569.0	0.0	12.583958065773226	12.587756588393791	1.0918865000154137	7.934479749910852	7.978321866491065	0.6444578117317008
EX_csn_e_r	8521543596.0	1.0	8521543596.0	0.0	23.35389939255342	20.97011756831916	16.199366805090243	6.122236584510384	4.671266048943144	5.402176737110277
EX_cys__L_e	10000000000.0	1.0	10000000000.0	0.0	0.08596457830782925	0.08719312870133544	0.007667810214327249	0.0	0.0	0.0
EX_cyan_e_r	4193900959.0	0.0	4193900959.0	1.0	0.06830264728022842	0.0662442877027844	0.03309813994090023	0.08403528019023747	0.07658554383725705	0.048824867284321775
EX_tcyntc	5151141332.0	1.0	5151141332.0	5.845302803310623e-32	0.03290789577530803	0.027963701062924798	0.024240945711233027	0.0331534326946478	0.02619456004105685	0.027941061228979217
EX_tcynt_e	4106597317.0	0.0	4106597317.0	1.0	0.035394751504921454	0.029635130653542	0.027070591526826473	0.050881847495589126	0.0398790435937654	0.04414146516684187
EX_so3_e	2032050815.0	0.0	2032050815.0	1.0	0.09011847558460286	0.086629339882179	0.04259866299099787	0.1618232425981094	0.16256318286269233	0.0704178471739689
EX_thr__L_e_r	9445194700.0	1.0	9445194700.0	0.0	0.04678880609471143	0.0484489802754584	0.010659466568099202	0.025291768492865564	0.026683324149748548	0.006349361177668271
EX_trp__L_e_r	1692033.0	0.0	1692033.0	1.0	0.0009201933952281773	0.0008234750506	0.0005381212040299786	0.008863134375098135	0.009209201354094	0.002624152538866476
EX_anth_e	229604856.0	0.0	229604856.0	1.0	0.000652696266726081	0.0005651027596586501	0.00047203537923866227	0.005954913872729514	0.00626243288563255	0.0025749908644876317
EX_tyr__L_e_r	403598143.0	0.0	403598143.0	1.0	1.520381065176304e-06	1.400151373142522e-06	9.590065002114744e-07	2.0013678049457896e-05	2.0214062036318092e-05	1.1486371511695014e-05
EX_cystinex_r	1912808.0	0.0	1912808.0	1.0	0.06582776715610973	0.06674618600156745	0.012662259334044256	0.1769101620577822	0.18228021956906426	0.020741392011099744
EX_3hydroxybutanoatex_r	9634576092.0	1.0	9634576092.0	0.0	7.4752642465028165	7.6574808714270155	2.0560843853483557	3.1665693070926237	3.328301946760333	0.7451244990340741
EX_gthrd_e_r	5051527513.0	0.9999671431302081	5051527513.0	3.285688052534355e-05	1.0690066594249839	0.8836539053366119	0.8479999198610141	0.9919536022524689	0.9088597378665512	0.6706415756165752
EX_cmp_e_r	319772653.0	0.0	319772653.0	1.0	2.9633578476636134e-07	2.755279912718921e-07	1.9095126428967122e-07	5.004797307197966e-06	5.165375108269695e-06	2.883501791688119e-06
HEX1	3545936840.0	0.0	3545936840.0	1.0	10.630040247513438	8.683194237867681	8.57900224973145	16.40326141128575	13.02988201253752	12.606977290393491
G6PP	4348420125.0	0.0	4348420125.0	1.0	10.527424442246694	8.581455326362278	8.578822240689234	14.009832180185262	10.656882181760654	12.580015315640514
PGI	152867325.0	0.0	152867325.0	1.0	0.04973718101775823	0.04807144741924755	0.02861420009344949	1.2379399098568453	1.1938340327318013	0.7037354377682892
PFK	4587686816.0	4.020585948456286e-224	4587686816.0	1.0	13.685580734376064	10.428230692405272	12.089615411077645	16.27570347962953	11.486166898025168	15.213507592854642
FBP	4871425816.0	1.1485029780862598e-23	4871425816.0	1.0	13.664112315968918	10.406948344791818	12.088063619454129	15.357843247124583	10.558790047896567	15.17682879544438
FBA	87683601.0	0.0	87683601.0	1.0	0.02146841840651242	0.019174813816494253	0.014852979142050712	0.9178602325045679	0.9021599575254102	0.5313432472896449
TPI	0.0	0.0	0.0	1.0	0.05492873038001312	0.05465317129030965	0.017232168990831357	1.9610189718674083	1.9892355951442937	0.45983154332497
GAPD	0.0	0.0	0.0	1.0	0.11245323544262177	0.1133594131733093	0.0369676365655998	4.283577474740025	4.38567007576974	0.933416269583966
PGK	4465496.0	0.0	4465496.0	1.0	0.06369127202456677	0.06035471303284965	0.03977310073323811	3.256771621163896	3.2949719393689394	1.1140333298625078
DPGM	312182681.0	0.0	312182681.0	1.0	0.048761963416296183	0.0419830319895189	0.03612861448791867	1.026805853576274	0.8467198248517811	0.7881923765313051
DPGase	312182681.0	0.0	312182681.0	1.0	0.04876196341629823	0.041983031989522454	0.03612861448791875	1.0268058535762816	0.8467198248517934	0.7881923765313046
PGM_f	87644882.0	0.0	87644882.0	1.0	0.4379762593465147	0.44173001559716774	0.11451315673906849	2.617145537295333	2.824135737124229	0.7602435510733635
ENO_f	273500.0	0.0	273500.0	1.0	0.485686949886177	0.500792049532637	0.15590247076712976	8.819000173551771	9.211167475599474	2.5196079459386818
PYK	8175001934.0	1.0	8175001934.0	0.0	36.49128346780997	34.578832330296976	12.532201554945287	23.590248528670777	21.606125383555035	8.6659575923007
LDH_L	0.0	0.0	0.0	1.0	0.07203139409355869	0.07405642998849915	0.007882333749104974	3.888452751754462	3.9913435385295757	0.8224413900643565
r0407	112984765.0	0.0	112984765.0	1.0	0.0334603119735099	0.03165056993141475	0.01931294134910288	1.0431587393628552	1.0475424892494796	0.5418400003986137
PRPPS	2455276026.0	0.0	2455276026.0	1.0	0.045087538801298635	0.043329051892201056	0.019415378470888273	0.07081263144826139	0.06944998939998505	0.029844419498209283
G6PDH2r	226338553.0	0.0	226338553.0	1.0	0.05287486284635187	0.0523693116042155	0.029337342469480044	1.1554312244641376	1.0565065931112574	0.7471281867856562
PGL	226338553.0	0.0	226338553.0	1.0	0.052874862842063206	0.0523693116076219	0.029337342469561174	1.1554312244641423	1.0565065931112607	0.7471281867856567
GND	226338553.0	0.0	226338553.0	1.0	0.052874862842063206	0.0523693116076219	0.02933734246956117	1.1554312244640759	1.0565065931111346	0.7471281867856442
RPI	165590915.0	0.0	165590915.0	1.0	0.04768331348243714	0.047243748780918554	0.016060563231177587	0.43235216245357033	0.39858235589461194	0.25089227251651447
TKT2_f	360231218.0	0.0	360231218.0	1.0	0.1118265332776763	0.1108834197020857	0.05064583811911214	0.5037954682653192	0.47629857177687734	0.24991515377342616
RPE_f	500544647.0	0.0	500544647.0	1.0	0.14411751204034767	0.1405918220916818	0.056687505739267306	0.8400642701896018	0.7777321739438605	0.4939018375832331
TKT1_f	380609169.0	0.0	380609169.0	1.0	0.11204495070459489	0.1079777117108245	0.047236802219908135	0.49099867321205776	0.46007709170588673	0.2477632264712207
TALA_f	25019974.0	0.0	25019974.0	1.0	0.13808974849043093	0.13414081504213465	0.0679679532238581	2.5972213618020006	2.6655212344682937	1.0464285842167993
r0408	112984765.0	0.0	112984765.0	1.0	0.03346031197350983	0.03165056993141475	0.01931294134910285	1.0431587393628703	1.0475424892494858	0.5418400003986142
PDHm	3634020561.0	0.0	3634020561.0	1.0	8.24434222259691	8.266771094141244	1.8638614824327855	9.165639724393303	9.19118925414691	1.8051155868802287
PCm	9245162429.0	1.0	9245162429.0	0.0	88.22401805483291	89.65021027922913	17.437374834580194	48.996397909918755	46.60498808653071	19.15592584752697
PEPCK_re	8729718472.0	1.0	8729718472.0	0.0	37.86032342409301	35.91280938141544	12.58487763112951	21.738242805259315	19.739896908963345	8.602848793428889
CSm	8223364235.0	1.0	8223364235.0	0.0	23.23343275215018	23.446385432736726	3.829037234252762	18.555504828361887	18.237268431560814	3.317553952912041
ACONTm_f	8322025380.0	1.0	8322025380.0	0.0	22.320099352155317	22.386487671244197	10.303723074469971	11.04792558575139	11.600378794698837	3.856107688268335
ICDHxm	5740106506.0	1.0	5740106506.0	0.0	32.33290711912029	27.20818752760038	24.310551412916713	23.856031929099675	24.145113383961487	12.207157020607092
ICDHym_f	9494571823.0	1.0	9494571823.0	0.0	118.85373609378617	121.46651811305436	44.0317797360257	37.1416518681298	37.24391640405179	17.317118677485645
AKGDm	9972720176.0	1.0	9972720176.0	0.0	28.960680729059316	28.847457652213958	3.987140510758551	15.590729565733376	15.561975343600835	2.677702269009145
SUCOAS1m_f	9857552754.0	1.0	9857552754.0	0.0	29.020906120644444	29.071150417974305	4.194696398903174	17.061220498172663	17.023003690208153	3.3287515971135955
SUCD1m	9825582861.0	1.0	9825582861.0	0.0	31.061204676906844	30.960590965936888	3.9974493883876834	21.35491702621021	21.552894172044358	2.573076342582411
FUMm_f	3214058121.0	0.0	3214058121.0	1.0	83.30366422785445	80.56270876746936	46.65625554191574	137.63258945888012	129.61267453822887	86.39913215761221
MDHm_f	4154977293.0	0.0	4154977293.0	1.0	338.59007509948856	340.4134209854269	106.11064113894548	384.561341529125	371.4583748096918	145.47667698435785
ME1m	4962777227.0	0.0019679349719224607	4962777227.0	0.9980320655120306	15.562518554111263	12.465652280682676	12.825799003943587	17.012214934570853	11.998954090697232	15.986036583192572
ME2m	8582035552.0	1.0	8582035552.0	0.0	18.244992608646932	16.33016046465066	12.07341953703834	4.827374603584652	4.294467331233346	3.1399754891463636
ME2	7441645040.0	1.0	7441645040.0	0.0	24.763346717387527	22.945469979581397	16.4054654037091	11.754609714379937	9.56420586022709	9.374639564815718
ACITL	2988820637.0	0.0	2988820637.0	1.0	2.613779280435715	1.9220045094656943	2.4430593017135833	4.2124193103187855	3.695843820874013	2.673955823375757
FUM_f	4231245472.0	0.0	4231245472.0	1.0	96.66534655644485	96.4549731681079	22.342747163245296	104.92204356550116	104.86636902315902	34.408781545912056
MDH_f	1848344551.0	0.0	1848344551.0	1.0	79.42804834243604	77.46255833362903	43.12823646334673	180.01965870117886	174.42266057092544	96.39881894401681
AKGMALtm_f	4348385356.0	0.0	4348385356.0	1.0	251.60680239339536	254.85830625552347	114.79939118899779	286.4791214262141	280.6167021175837	144.47054467623053
ACONT	9695844308.0	1.0	9695844308.0	0.0	56.71648513517787	52.851023514752825	31.657017408420657	7.84644041232983	7.759157787619506	3.7982345022188913
ICDHyr	9695844308.0	1.0	9695844308.0	0.0	56.716485135177	52.851023514756506	31.657017408419787	7.846440412329846	7.759157787619549	3.798234502218899
PPA	4933393415.0	1.2393017776457964e-07	4933393415.0	0.9999998760698735	23.854837207946048	23.22568287744202	8.21492512425368	24.666134626712964	23.260945419927744	10.24223274024408
Complex1ROS	6942365018.0	1.0	6942365018.0	0.0	63.58946500505174	64.45565814986286	15.414446531822474	54.62627938497268	54.68968352932895	9.509863529778572
FADH2ETC	8124185548.0	1.0	8124185548.0	0.0	53.45345388340568	49.2597287656837	18.83725991732139	35.29188986582407	33.84021489748406	9.536700499413639
CYOR_u10mi	9472721270.0	1.0	9472721270.0	0.0	113.86344610016944	114.26427891329402	13.219483894289631	87.18686565189071	88.1093455170041	10.231039068277205
CYOOm2i	9472721270.0	1.0	9472721270.0	0.0	56.93172305008493	57.132139456647394	6.609741947144819	43.59343282594536	44.05467275850205	5.1155195341386035
ATPS4mi	7125928691.0	1.0	7125928691.0	0.0	178.31289471066185	182.37022808858973	18.30713989365559	164.18900035689842	165.8591150027868	20.60021143520048
GLUCYS	2762260489.0	0.0	2762260489.0	1.0	0.03411948081027273	0.02600392427531265	0.029272665813979724	0.07143239345107287	0.06320522213937466	0.0508528471557011
GTHS	2762260489.0	0.0	2762260489.0	1.0	0.034119480810272725	0.02600392427531265	0.029272665813979727	0.07143239345107237	0.06320522213937516	0.05085284715570099
SPODMm	6942365018.0	1.0	6942365018.0	0.0	1.58973662512627	1.6113914537465956	0.3853611632955678	1.365656984624296	1.3672420882332266	0.23774658824446276
GTHPi	6457053865.0	1.0	6457053865.0	0.0	0.027253929939447634	0.02593006030944995	0.016282725561859293	0.019233470110370687	0.01689930641273505	0.013927476945064373
GTHPm	6942365018.0	1.0	6942365018.0	0.0	1.589736625126269	1.6113914537465974	0.3853611632955673	1.3656569846243007	1.3672420882332363	0.23774658824446368
GDR	3214668158.0	0.0	3214668158.0	1.0	0.02651001238615241	0.02289070018046455	0.019236239490947413	0.04711437374842107	0.041155114476866095	0.03401840062989147
GTHOr	2670190301.0	0.0	2670190301.0	1.0	0.025135666063749576	0.0224083811363602	0.01711889158767501	0.056316594022930225	0.0502883343184585	0.040434368200336517
GDRm	5818662349.0	1.0	5818662349.0	0.0	0.4566187327581822	0.3978858011795079	0.33072524429865	0.36824801699875404	0.29686412146096	0.2988600656869064
GTHOm	5830062616.0	1.0	5830062616.0	0.0	0.5815548222506651	0.5287279396284329	0.3878771778566049	0.4657159697737937	0.4137690690832599	0.3269138197219067
r0885	4902436711.0	2.05917751798375e-14	4902436711.0	0.9999999999999795	1.103126140235468	0.9186747743363866	0.8457604490239854	1.0633859957035072	0.9844995689584852	0.6746469666932641
PYRt2m_f	3323980540.0	0.0	3323980540.0	1.0	79.0650659359329	79.1070207145438	18.926313140347606	102.33242825731261	99.58002773827339	41.91944587495762
HMR_4964	9602282698.0	1.0	9602282698.0	0.0	59.33026441561066	55.44851318356568	31.56279411010302	12.058859722648505	11.87173644697155	4.77290368723118
r2420	1336733279.0	0.0	1336733279.0	1.0	55.31862224872707	56.17531617354637	21.261695837989553	99.76110163673917	101.91060408410797	32.37143346773467
ATPtm	1981507168.0	0.0	1981507168.0	1.0	90.06784543352438	92.34544208577799	12.901723507682352	115.16676330140488	116.88597871617378	25.034454386623196
FUMtm_f	851079108.0	0.0	851079108.0	1.0	30.70843177220165	29.55453513840012	16.47871603049195	149.71759815474874	155.7574070355396	80.1818195626088
CO2tm_f	3084844327.0	0.0	3084844327.0	1.0	158.6815820820961	155.45725647400008	65.85280079188676	201.50024967088896	207.08900588656365	61.236355999457274
O2tm	9473584592.0	1.0	9473584592.0	0.0	58.521459675212924	58.796784280397446	6.6550115967981425	44.959089810569324	45.45126493350798	5.242099531148966
r0801_f	5588458680.0	1.0	5588458680.0	0.0	29.301797802575702	29.366069279020923	5.080976457747591	28.064494255120362	28.547891317840403	5.45787158310492
THD1m	9267647371.0	1.0	9267647371.0	0.0	72.20746602146923	70.79003044150986	34.00679987698892	21.107246691006868	23.459266851043477	9.527322167954761
H2Otm_f	9600991558.0	1.0	9600991558.0	0.0	39.00467100543969	39.17066775566707	16.30189923254555	8.441966419494616	7.342283731727331	5.872217433896313
NH4tm_f	4620582017.0	3.7381083484296085e-190	4620582017.0	1.0	100.941531565236	102.22064288106336	42.63429882268262	107.59588927798988	104.6416711837739	48.58915606045572
HCO3E	2988839493.0	0.0	2988839493.0	1.0	2.287056166215383	1.6817529185979199	2.1376769028608837	3.685852468662113	3.2338666746003524	2.339713015685202
HCO3Em	9244925581.0	1.0	9244925581.0	0.0	88.24477740179258	89.6726914646077	17.437030185670302	49.02189423063415	46.631459184358945	19.157175697009308
GLUN	3669262361.0	0.0	3669262361.0	1.0	9.468646488609703	7.246868381672264	8.173827881840207	16.384304556342954	11.882562243689836	15.130461618329756
GLNS	3872462461.0	0.0	3872462461.0	1.0	14.450903573226412	12.800321684011841	8.69548416773154	20.89489266092444	16.806957648863566	15.435952963636762
GLUt2m	6598399548.0	1.0	6598399548.0	0.0	1.6721415003796893	1.344613062408683	1.3823857657175076	0.9577524603449881	0.7223086339873168	0.8409012962606138
GLNtm_1	6008109603.0	1.0	6008109603.0	0.0	1.2929948721100695	0.9646131863610088	1.1679023547135028	0.8701874578129811	0.6744783637291814	0.7389884382696241
GLUNm	6008109603.0	1.0	6008109603.0	0.0	1.2929948721100692	0.9646131863610095	1.1679023547135028	0.8701874578129791	0.674478363729171	0.7389884382696236
GLUPRT	0.0	0.0	0.0	1.0	1.5421395924922878e-06	1.5410563707946735e-06	3.962982148261193e-07	2.3818932147146863e-05	2.4521448820989513e-05	3.551063617002905e-06
PRAGSr	0.0	0.0	0.0	1.0	1.5421396054032904e-06	1.5410564132807907e-06	3.962982155873471e-07	2.3818932146585737e-05	2.452144882142107e-05	3.551063616990277e-06
GARFT	0.0	0.0	0.0	1.0	1.5421396054530851e-06	1.5410564132908899e-06	3.9629821561105317e-07	2.38189321474245e-05	2.452144882176038e-05	3.5510636171322373e-06
PRFGS	0.0	0.0	0.0	1.0	1.5421396054530845e-06	1.5410564132908916e-06	3.9629821561105344e-07	2.381893214742448e-05	2.4521448821760306e-05	3.5510636171322424e-06
PRAIS	0.0	0.0	0.0	1.0	1.5421396054530851e-06	1.5410564132908911e-06	3.9629821561105317e-07	2.3818932147424537e-05	2.452144882176129e-05	3.551063617132245e-06
AIRCr	0.0	0.0	0.0	1.0	1.5421396054530862e-06	1.5410564132908903e-06	3.96298215611053e-07	2.3818932147424564e-05	2.4521448821761245e-05	3.551063617132253e-06
PRASCSi	0.0	0.0	0.0	1.0	1.5421396054530856e-06	1.5410564132908899e-06	3.9629821561105317e-07	2.3818932147424503e-05	2.4521448821761187e-05	3.55106361713224e-06
ADSL2r	0.0	0.0	0.0	1.0	1.5421396054530845e-06	1.5410564132908907e-06	3.962982156110531e-07	2.3818932147424588e-05	2.452144882176032e-05	3.551063617132241e-06
AICART	0.0	0.0	0.0	1.0	1.5421396054530856e-06	1.5410564132908865e-06	3.96298215611053e-07	2.381893214742448e-05	2.452144882176037e-05	3.5510636171322433e-06
IMPC	0.0	0.0	0.0	1.0	1.5421396054530851e-06	1.5410564132908895e-06	3.962982156110533e-07	2.3818932147424598e-05	2.4521448821761153e-05	3.551063617132244e-06
ADSS	0.0	0.0	0.0	1.0	9.13197692971893e-07	9.125543585844451e-07	2.3467097739892946e-07	1.410460958534077e-05	1.4520611610570403e-05	2.1027964219378595e-06
ADSL1r	0.0	0.0	0.0	1.0	9.131976930030333e-07	9.125543586259133e-07	2.3467097739373156e-07	1.4104609585340683e-05	1.4520611610570447e-05	2.1027964219378802e-06
IMPDH2	0.0	0.0	0.0	1.0	6.289419118276478e-07	6.284996427167497e-07	1.616272382143416e-07	9.714322557008991e-06	1.0000837207107515e-05	1.4482671953246837e-06
GMPS	11367855.0	0.0	11367855.0	1.0	7.938125272598166e-08	7.16393354882544e-08	7.886600442842761e-08	6.994714493238482e-06	7.082167299812216e-06	2.3684273083223697e-06
GMPS2	1299140307.0	0.0	1299140307.0	1.0	5.495606603764409e-07	5.48100355907726e-07	1.708838667035025e-07	2.719608063770807e-06	2.3667284909073285e-06	2.0112522819663233e-06
GK1	0.0	0.0	0.0	1.0	6.289419117692173e-07	6.284996425779915e-07	1.616272381906173e-07	9.714322558435286e-06	1.0000837207837647e-05	1.4482671957844606e-06
RNDR2	0.0	0.0	0.0	1.0	1.352877754954464e-07	1.3519264095673947e-07	3.476662860952983e-08	2.089587426874841e-06	2.1512178169743675e-06	3.11527726988357e-07
ADK1	4933396935.0	1.241107708891833e-07	4933396935.0	0.9999998758892804	23.854836448054137	23.22568222131943	8.214925124352693	24.66612288993596	23.260932576758563	10.242232841381696
RNDR1	0.0	0.0	0.0	1.0	1.8018778989451386e-07	1.8006108161006642e-07	4.630515911862778e-08	2.7830906292676746e-06	2.8651752355196905e-06	4.1491917810543643e-07
CBPS	140429544.0	0.0	140429544.0	1.0	4.619684838831422e-07	4.39765014033905e-07	2.7904636451347486e-07	1.0370343671142428e-05	9.941138939228644e-06	5.783739195185113e-06
ASPCT	140429544.0	0.0	140429544.0	1.0	4.6196848398598405e-07	4.3976501366697814e-07	2.7904636454749435e-07	1.0370343671142713e-05	9.941138939228914e-06	5.7837391951850405e-06
DHORTS	140429544.0	0.0	140429544.0	1.0	4.6196848389108295e-07	4.3976501404189117e-07	2.790463645154985e-07	1.037034367114287e-05	9.941138939229122e-06	5.783739195185084e-06
DHORD9	140429544.0	0.0	140429544.0	1.0	4.619684840431589e-07	4.3976501339855985e-07	2.7904636456747173e-07	1.0370343671142672e-05	9.941138939228942e-06	5.783739195185048e-06
ORPT	140429544.0	0.0	140429544.0	1.0	4.6196848404842504e-07	4.397650134038762e-07	2.7904636456880374e-07	1.0370343671142677e-05	9.941138939228944e-06	5.783739195185043e-06
OMPDC	140429544.0	0.0	140429544.0	1.0	4.619684840419158e-07	4.397650133973177e-07	2.790463645671568e-07	1.037034367114267e-05	9.941138939228915e-06	5.783739195185052e-06
UMPK	0.0	0.0	0.0	1.0	1.2379086050633193e-06	1.2549787953992938e-06	3.339958404729935e-07	1.9276259259988975e-05	1.9133906860067974e-05	3.978611007416468e-06
RNDR4	0.0	0.0	0.0	1.0	1.505381151953665e-07	1.5094718964235536e-07	4.4142311095606166e-08	2.76366831735894e-06	2.845180081027563e-06	4.120235879980403e-07
TMDS	0.0	0.0	0.0	1.0	1.5053811519217593e-07	1.509471896523929e-07	4.4142311095416557e-08	2.7636683173589442e-06	2.8451800810275772e-06	4.1202358799804023e-07
URIDK2r	0.0	0.0	0.0	1.0	1.5053811519102963e-07	1.5094718965216103e-07	4.414231109546819e-08	2.7636683173589468e-06	2.8451800810275785e-06	4.1202358799804134e-07
NDPK2	0.0	0.0	0.0	1.0	1.0873704898698327e-06	1.0999844617772068e-06	3.0485735103284467e-07	1.651259094262941e-05	1.6318342108277886e-05	3.6948978795883178e-06
NDPK3_f	156084775.0	0.0	156084775.0	1.0	1.6131559740170203e-06	1.5322916907299127e-06	7.722794294718318e-07	6.439051318158521e-06	6.471829410029941e-06	2.0455168406177863e-06
CYTK1_r	329398098.0	0.0	329398098.0	1.0	3.0574642564223134e-07	2.837499610476564e-07	1.8888815672245706e-07	5.004797307197959e-06	5.165375108269692e-06	2.8835017916881154e-06
CTPS1	218966391.0	0.0	218966391.0	1.0	3.568602404049897e-07	3.490532018149045e-07	1.7591691656132756e-07	5.229494396180512e-06	5.01357049238991e-06	2.8786697981265886e-06
RNDR3	0.0	0.0	0.0	1.0	1.2905507943428092e-07	1.28964327737091e-07	3.3164933050017595e-08	1.9933203156751316e-06	2.05211139905753e-06	2.971756716734832e-07
GDHm	7764357292.0	1.0	7764357292.0	0.0	24.490774262511213	21.799525731535624	16.838506925143122	10.043614209459085	8.084706611124254	8.23117570545561
GLUDym_f	8293416009.0	1.0	8293416009.0	0.0	95.12037871012025	93.77053204856949	41.445698318498	50.4484036340069	51.16009537319565	18.862658584497414
ASPTA_f	7421165062.0	1.0	7421165062.0	0.0	124.57769752705792	120.40567848615078	49.962420706671146	82.81240942838005	78.77046090504672	38.51045468237659
ASPTAm	9319102329.0	1.0	9319102329.0	0.0	83.90025299222758	79.98345085427054	40.45101111614445	24.665848911584337	22.649215647058853	14.482366391173192
ASPGLUm	9321080360.0	1.0	9321080360.0	0.0	83.8566438141888	79.94184340854405	40.448378981699754	24.57730103247664	22.573224638349025	14.474555107023965
ASPT	6282890718.0	1.0	6282890718.0	0.0	1.4598281163400733	1.1223044121538415	1.3008769430166318	0.9056184325345169	0.6790809759904237	0.79645223387125
CBPSam					0.0	0.0	0.0	0.0	0.0	0.0
OCBTm					0.0	0.0	0.0	0.0	0.0	0.0
ORNt4m					0.0	0.0	0.0	0.0	0.0	0.0
ARGSS	6438036236.0	1.0	6438036236.0	0.0	1.213739141051609	0.8902272375938758	1.1511096164285495	0.674005178452631	0.5170580551954642	0.583651513802848
ARGSL	6438036236.0	1.0	6438036236.0	0.0	1.2137391410515488	0.8902272375937883	1.1511096164285493	0.6740051784526311	0.5170580551954629	0.583651513802848
ARGN	5537376908.0	1.0	5537376908.0	0.0	0.030860886104174635	0.028639322274045	0.0192242486515525	0.02717688451287833	0.02504191174391305	0.018400788913464385
ORNDC	6118648772.0	1.0	6118648772.0	0.0	0.07792631192410632	0.08121716763211985	0.012803396853184	0.07684765126058733	0.0780842131026674	0.0047616955286761044
SPMS	2785237847.0	0.0	2785237847.0	1.0	0.02991045577380106	0.02927321805513565	0.0119008842216252	0.04220671434847342	0.04164419148822525	0.016143068737224302
SPRMS	2464763263.0	0.0	2464763263.0	1.0	0.015175078920566359	0.01358091680662545	0.010090018825635469	0.028571727823979164	0.0274767103406972	0.015744698763018705
ADMDC	2458117998.0	0.0	2458117998.0	1.0	0.04508553469436694	0.0433276012042842	0.01941527948449508	0.07077844217249138	0.06941391368728395	0.02984321457040919
MTAP	2458117998.0	0.0	2458117998.0	1.0	0.045085534694366054	0.043327601204284	0.019415279484495528	0.0707784421724516	0.06941391368727265	0.02984321457040655
ADPT	2458117998.0	0.0	2458117998.0	1.0	0.04508553469436604	0.043327601204283944	0.019415279484495528	0.07077844217245159	0.0694139136872724	0.02984321457040655
MTRI	2458117998.0	0.0	2458117998.0	1.0	0.045085534694366054	0.043327601204283944	0.019415279484495535	0.0707784421724516	0.0694139136872724	0.02984321457040657
MDRPD	2458117998.0	0.0	2458117998.0	1.0	0.045085534694366054	0.043327601204283944	0.019415279484495528	0.07077844217245181	0.06941391368727234	0.02984321457040658
DKMPPD	2458117998.0	0.0	2458117998.0	1.0	0.04508553469436607	0.043327601204283944	0.019415279484495538	0.07077844217245174	0.06941391368727234	0.02984321457040656
SPMDtex2	5429746150.0	1.0	5429746150.0	2.8882637304763865e-243	0.014735376853234252	0.01324258071873425	0.010484558782100613	0.013634986524494712	0.011399444438115549	0.011241483838469771
SPRMti	2464763263.0	0.0	2464763263.0	1.0	0.01517507892056638	0.01358091680662545	0.010090018825635465	0.028571727823979227	0.02747671034069725	0.01574469876301872
GLYAMDTRc	4568855903.0	7.784737611740227e-245	4568855903.0	1.0	0.04706542581717656	0.04733879762040785	0.01973765396164786	0.049670766747709774	0.051701075558570495	0.018863704590817196
ARGDr	6438036236.0	1.0	6438036236.0	0.0	1.213739141051546	0.8902272375938124	1.1511096164285446	0.674005178452631	0.5170580551954642	0.583651513802848
r0074_f	5671421145.5	1.0	5671421145.5	0.0	9.215269315780406e-05	9.321938660138165e-05	2.9967756321627847e-05	8.708035766689962e-05	8.964870984207518e-05	1.2982441194076273e-05
GLU5SAtmc_f	5671421145.5	1.0	5671421145.5	0.0	9.215269315780406e-05	9.321938660138165e-05	2.9967756321627847e-05	8.708035766689964e-05	8.964870984207515e-05	1.2982441194076285e-05
G5SADs_f	5671421145.5	1.0	5671421145.5	0.0	9.215269315780052e-05	9.321938660138075e-05	2.9967756321627227e-05	8.708035766689885e-05	8.964870984207407e-05	1.2982441194076217e-05
PRO1x	36747908.0	0.0	36747908.0	1.0	5.649474076401624e-07	5.06814729770865e-07	3.7628840273835885e-07	4.452009250924185e-05	4.2425678843233255e-05	2.4747725877385816e-05
P5CR	48449246.0	0.0	48449246.0	1.0	3.987369142381772e-07	3.36781702747808e-07	3.066024195587929e-07	4.256026515766526e-05	4.357386131855023e-05	2.381238319522562e-05
PROD2					0.0	0.0	0.0	0.0	0.0	0.0
EXRiboflavin					0.0	0.0	0.0	0.0	0.0	0.0
RBFK					0.0	0.0	0.0	0.0	0.0	0.0
FMNAT					0.0	0.0	0.0	0.0	0.0	0.0
TransportFAD					0.0	0.0	0.0	0.0	0.0	0.0
ASNS1	5104934012.0	0.9999999999999998	5104934012.0	2.179759056387685e-16	3.86832185238885	3.181906438978597	3.033263658895316	3.962681259270813	3.001919332099078	3.4736912009829077
ASNN	5117751829.0	1.0	5117751829.0	3.721899881392626e-20	3.8791936345287312	3.1924885722235157	3.0332331668664563	3.9626222692762116	3.0018622515644076	3.473690792399579
METS	4614862826.0	7.398799550292138e-196	4614862826.0	1.0	3.8874893281304463	2.977235365609927	3.483591806267534	4.488141988954518	3.434719435234655	3.9548628915714823
METAT	4588259667.0	1.6593114496247102e-223	4588259667.0	1.0	3.935429755651646	3.0261702551512117	3.484367160644348	4.560689685586975	3.5077143691282164	3.9575259236513043
HMR_3915	4618664871.0	4.680096897376614e-192	4618664871.0	1.0	3.868295496555036	2.959473749973281	3.4811604688786018	4.467035338683428	3.4144281532104346	3.9553150753563613
AHCi	4616045206.0	1.1357334692401388e-194	4616045206.0	1.0	3.8903442209573074	2.9800724509014467	3.483700419784362	4.489911243414392	3.4367417308205175	3.9548788767694574
ADNK1	4616045206.0	1.1357334692401388e-194	4616045206.0	1.0	3.890344220957309	2.9800724509014422	3.483700419784363	4.4899112434143955	3.4367417308205246	3.9548788767694574
CYSTS	6913497344.0	1.0	6913497344.0	0.0	0.002854892826908666	0.00275124364808025	0.0016502363335526905	0.0017692544599569365	0.00189601327460685	0.0007706517546534086
CYSTGL	6913497344.0	1.0	6913497344.0	0.0	0.002854892826912235	0.0027512436480604	0.001650236333552527	0.0017692544599569445	0.00189601327460685	0.000770651754653405
MTHFR3	4753831673.0	2.325839918231891e-81	4753831673.0	1.0	0.020590992504810734	0.01721677151698	0.015432870966973466	0.022068636508947335	0.019147286386975	0.016370978651576433
MetSynthesis	4265600883.0	0.0	4265600883.0	1.0	0.026391447383349274	0.02262140912825385	0.019169536558074986	0.03414167014478655	0.028152995108384503	0.02632236259540462
UNK3	2890659732.0	0.0	2890659732.0	1.0	0.01869408731100611	0.0154140306035245	0.014723192654726509	0.036636772027646175	0.0312170228415643	0.02652852246912066
5MTHFt	8060927777.0	1.0	8060927777.0	0.0	0.0013971609294781931	0.0014505517368734	0.0004364143073422753	0.000961986237784868	0.00101416078614785	0.0002335010401486588
ILETA					0.0	0.0	0.0	0.0	0.0	0.0
3MOPt2im					0.0	0.0	0.0	0.0	0.0	0.0
ILETAm					0.0	0.0	0.0	0.0	0.0	0.0
LEUTA	7204877.0	0.0	7204877.0	1.0	-2.39584384701811e-09	-3.0883913722263368e-09	1.3974078843643432e-08	4.503334174932456e-06	3.824157698881334e-06	3.3687329761664697e-06
4MOPt2im	7204877.0	0.0	7204877.0	1.0	-2.395843847018094e-09	-3.0883913722263265e-09	1.3974078843643436e-08	4.503334174932533e-06	3.824157698881466e-06	3.3687329761664545e-06
LEUTAm	162986060.0	0.0	162986060.0	1.0	2.9725685338212586e-07	2.405356782967963e-07	2.4219096617776335e-07	1.0357834414823804e-05	1.0002084088636794e-05	6.500775784859991e-06
OIVD1m	4542184.0	0.0	4542184.0	1.0	2.9486100953511014e-07	2.362338078781932e-07	2.448537226241032e-07	1.4861168589756429e-05	1.5056178644257081e-05	6.71105200480245e-06
ACOAD8m	4542184.0	0.0	4542184.0	1.0	2.9486100953511014e-07	2.36233807878193e-07	2.448537226241034e-07	1.4861168589756442e-05	1.5056178644257081e-05	6.7110520048024426e-06
MCCCrm	4542184.0	0.0	4542184.0	1.0	2.948610095351101e-07	2.3623380787819313e-07	2.448537226241031e-07	1.486116858975635e-05	1.5056178644257052e-05	6.711052004802445e-06
MGCHrm	4542184.0	0.0	4542184.0	1.0	2.948610095351102e-07	2.3623380787819305e-07	2.4485372262410306e-07	1.4861168589756337e-05	1.5056178644257027e-05	6.711052004802447e-06
HMGCOAtm	11690750.0	0.0	11690750.0	1.0	5.47124226907759e-07	4.6428788121514163e-07	3.6522698972818166e-07	1.4960927098884305e-05	1.5156676733617429e-05	6.713795757336336e-06
VALTA	18192145.0	0.0	18192145.0	1.0	7.467401010667415e-05	7.597786255843214e-05	3.662403701583415e-05	0.01657700774542935	0.0171721822633271	0.008779151538957496
3MOBt2im	18192145.0	0.0	18192145.0	1.0	7.467401010667415e-05	7.597786255843214e-05	3.662403701583415e-05	0.01657700774542945	0.01717218226332725	0.008779151538957483
VALTAim	1768873124.0	0.0	1768873124.0	1.0	0.06686020883557839	0.06724433411745101	0.01900857241158078	0.09927525358526645	0.1010583199708754	0.027091360334810317
OIVD2m	749629336.0	0.0	749629336.0	1.0	0.06693488284567953	0.06732206550183276	0.01900727614083124	0.11585226133069149	0.11923199283717614	0.02590145893045112
ACOAD9m	749629336.0	0.0	749629336.0	1.0	0.06693488284567972	0.0673220655018328	0.019007276140831288	0.11585226133069147	0.1192319928371761	0.025901458930451118
ECOAH12m	749629336.0	0.0	749629336.0	1.0	0.06693488284567978	0.0673220655018328	0.019007276140831274	0.1158522613306914	0.11923199283717635	0.02590145893045114
3HBCOAHLm	749629336.0	0.0	749629336.0	1.0	0.06693488284567974	0.06732206550183276	0.019007276140831274	0.1158522613306914	0.11923199283717635	0.02590145893045114
HIBDm	749629336.0	0.0	749629336.0	1.0	0.06693488284567972	0.0673220655018328	0.01900727614083128	0.1158522613306914	0.11923199283717635	0.02590145893045114
r0643	3039850381.0	0.0	3039850381.0	1.0	0.0232493502278938	0.0198649407680084	0.017037561869767227	0.0433949184128851	0.03871238740212675	0.030808665894236305
MMSAD1m	4338734364.0	0.0	4338734364.0	1.0	0.020758504976267786	0.0176267334107302	0.01505773326482693	0.025466498620638486	0.0224570062429005	0.018365310008120153
MMTSADm	2632212895.0	0.0	2632212895.0	1.0	0.02292702764152246	0.01964386210969695	0.017184079694635607	0.046990844297171395	0.0429607159803133	0.031049484540061012
PCC	4335882999.0	0.0	4335882999.0	1.0	0.020759052100495015	0.01762706843835605	0.015057728927120826	0.025481459547738564	0.02247324544917315	0.018364265086846732
MMALH	3039850381.0	0.0	3039850381.0	1.0	0.02324935022789469	0.01986494076800955	0.017037561869767126	0.04339491841288504	0.038712387402126694	0.03080866589423629
MMEm	2513580155.0	0.0	2513580155.0	1.0	0.044008402328387784	0.04334970099614885	0.019042726727596215	0.06887637796062152	0.06636446197141671	0.029836442154231962
MMMm	748911933.0	0.0	748911933.0	1.0	0.06693542996991148	0.067322255208901	0.019007279373738275	0.11586722225779679	0.11924346399418576	0.025899873823146638
ILEtmi					0.0	0.0	0.0	0.0	0.0	0.0
LEUt5m	162986060.0	0.0	162986060.0	1.0	2.972568534627549e-07	2.4053567831240703e-07	2.421909661351126e-07	1.035783441482407e-05	1.0002084088637668e-05	6.500775784860013e-06
VALt5m	1768873124.0	0.0	1768873124.0	1.0	0.06686020883557833	0.0672443341174502	0.01900857241158085	0.0992752535852662	0.10105831997087505	0.02709136033481032
PGCD	2562158539.0	0.0	2562158539.0	1.0	1.4814931917200065	1.114942349199394	1.314438511153366	2.4315717513290758	2.402002777324756	1.0681741286458433
PSERT	2562158539.0	0.0	2562158539.0	1.0	1.4814931917199985	1.1149423491993977	1.3144385111533676	2.4315717513290704	2.402002777324732	1.0681741286458426
PSP_L	2562158539.0	0.0	2562158539.0	1.0	1.4814931917206262	1.114942349199293	1.3144385111534043	2.4315717513288884	2.402002777325306	1.0681741286457342
GHMT2r_f	7165253818.0	1.0	7165253818.0	0.0	47.42487349750337	47.70812061713528	20.328255766394243	31.697186267475253	31.198318611583844	16.43036097139417
SERD_L	1124301170.0	0.0	1124301170.0	1.0	2.457721342208378	2.0913483487624402	1.3321530186878232	5.207933730555161	5.276042476746743	1.803653761793304
ALATA_L_f	6622202898.0	1.0	6622202898.0	0.0	1.188642700543207	0.8958213915673575	1.0511064295895844	0.646402272725564	0.47738376282509987	0.5645693219260787
r1435	5559091937.0	1.0	5559091937.0	0.0	0.0002925665397040204	0.000262191923283	0.0002034120133074014	0.00026751875795847513	0.00020017845154379998	0.0002326453761235725
GLYtm_r	5559091937.0	1.0	5559091937.0	0.0	0.00029256653970003164	0.00026219192328639997	0.00020341201330811197	0.00026751875795846087	0.00020017845154379998	0.0002326453761235693
GHMT2rm	5559091937.0	1.0	5559091937.0	0.0	0.0002925665397000299	0.00026219192328639997	0.00020341201330811184	0.000267518757958461	0.00020017845154379998	0.00023264537612356932
MLTHFtm_r	4591775498.0	9.542316223354209e-220	4591775498.0	1.0	0.0005644418734614714	0.0005774299126509	0.0001985684997985889	0.000610343614555959	0.0005915523231406999	0.0002788368946080818
r0962	4591775498.0	9.542316223354209e-220	4591775498.0	1.0	0.0005644418734568835	0.00057742991264275	0.00019856849979962103	0.0006103436145559582	0.0005915523231406999	0.0002788368946080824
FORtm_r	4404659316.0	0.0	4404659316.0	1.0	0.0002718753337647546	0.0002344279365618	0.00018699979076963554	0.000342824856597441	0.00028126643658340003	0.00026255902490629864
r0514	4591775498.0	9.542316223354209e-220	4591775498.0	1.0	0.0005644418734614718	0.0005774299126509	0.00019856849979858984	0.0006103436145559558	0.0005915523231406999	0.0002788368946080822
DHFRim	4591775498.0	9.542316223354209e-220	4591775498.0	1.0	0.0005644418734614719	0.0005774299126509	0.0001985684997985897	0.0006103436145559583	0.0005915523231406999	0.0002788368946080821
FTHFLmi	4404659316.0	0.0	4404659316.0	1.0	0.0002718753337604179	0.00023442793656375	0.000186999790768307	0.0003428248565974688	0.0002812664365852	0.0002625590249058263
MTHFCm	4404659316.0	0.0	4404659316.0	1.0	0.00027187533376141107	0.00023442793656105	0.00018699979076905565	0.00034282485659746905	0.0002812664365852	0.00026255902490582614
MTHFDm	4404659316.0	0.0	4404659316.0	1.0	0.00027187533376141156	0.0002344279365611	0.00018699979076905378	0.0003428248565974698	0.0002812664365852	0.00026255902490582495
FOLR2	8619713924.0	1.0	8619713924.0	0.0	0.0008327190533660037	0.0008765252323649499	0.0003293792334833459	0.0003516426233115532	0.0003037668125021	0.000257612378264822
DHFR	8607280176.0	1.0	8607280176.0	0.0	0.0008328695914811503	0.0008766702365068501	0.0003293842082756213	0.0003544062914403807	0.00030650295866245004	0.0002576099605884364
FTHFLi	1821867069.0	0.0	1821867069.0	1.0	0.045733949731671636	0.043923765567135856	0.019468859980659017	0.07930024953120388	0.07801294782168419	0.030215699649682362
FTHFDH	9994618079.0	1.0	9994618079.0	0.0	10.91807524596822	11.100320342383302	0.7378789081762039	4.929086254766916	4.799302665774852	1.592388718920068
MTHFC_f	4591221027.0	2.4482517815901933e-220	4591221027.0	1.0	0.10499578688964148	0.10583948262233245	0.04564109881041608	0.11785809776510897	0.11190043234032715	0.0695260107443002
MTHFD	9234198409.0	1.0	9234198409.0	0.0	64.51597816282283	60.402771590172435	38.29142431134585	13.233712082583194	11.275910710470889	9.976622077342363
MTHFD2i_f	4236994289.0	0.0	4236994289.0	1.0	29.985992449623364	28.855946951524544	16.931655817359104	35.15987732716348	33.39364610297966	18.177586508626575
ACACT1r	86023135.0	0.0	86023135.0	1.0	1.0339025360588703e-07	9.359140427487084e-08	8.677709275216069e-08	8.730176533825213e-06	7.145325513270478e-06	6.688542189623587e-06
HMGCOAS	67119061.0	0.0	67119061.0	1.0	1.1259446200889636e-06	1.1004180664262884e-06	4.781866210047667e-07	1.0880458895664609e-05	9.490474174568865e-06	6.400562035374031e-06
HMGCOAR	0.0	0.0	0.0	1.0	1.6730688469995552e-06	1.671892342861011e-06	4.2994988295887206e-07	2.584138599454907e-05	2.6603553051582072e-05	3.8525826378800645e-06
MEVK1	0.0	0.0	0.0	1.0	1.6730688469955775e-06	1.6718923428519834e-06	4.2994988295955334e-07	2.5841385994549077e-05	2.6603553051582103e-05	3.852582637880065e-06
PMEVK	0.0	0.0	0.0	1.0	1.6730688470019961e-06	1.6718923428664012e-06	4.29949882958477e-07	2.5841385994549006e-05	2.6603553051582005e-05	3.852582637880072e-06
IPDDI	0.0	0.0	0.0	1.0	5.576896156679451e-07	5.57297447623544e-07	1.4331662765272132e-07	8.613795331516393e-06	8.867851017194026e-06	1.284194212626693e-06
DPMVD	0.0	0.0	0.0	1.0	1.6730688469908858e-06	1.671892342841531e-06	4.2994988296032446e-07	2.58413859945491e-05	2.660355305158206e-05	3.852582637880063e-06
DMATT	0.0	0.0	0.0	1.0	5.576896156645728e-07	5.57297447615953e-07	1.4331662765328918e-07	8.613795331516393e-06	8.86785101719401e-06	1.284194212626693e-06
GRTT	0.0	0.0	0.0	1.0	5.576896156667661e-07	5.572974476208764e-07	1.4331662765291895e-07	8.613795331516383e-06	8.867851017194033e-06	1.2841942126266956e-06
HMR_1465	0.0	0.0	0.0	1.0	2.7884480783338306e-07	2.78648723810438e-07	7.165831382645955e-08	4.306897665758195e-06	4.433925508597019e-06	6.420971063133476e-07
HMR_1467	0.0	0.0	0.0	1.0	2.788448078331095e-07	2.786487238098252e-07	7.165831382650752e-08	4.306897665758175e-06	4.433925508596984e-06	6.420971063133478e-07
SMO	0.0	0.0	0.0	1.0	2.78844807833407e-07	2.786487238105072e-07	7.165831382645293e-08	4.306897665758183e-06	4.433925508597006e-06	6.420971063133468e-07
LNSTLS	0.0	0.0	0.0	1.0	2.78844807833407e-07	2.786487238105071e-07	7.165831382645296e-08	4.306897665758183e-06	4.433925508596994e-06	6.420971063133454e-07
HMR_1477	0.0	0.0	0.0	1.0	2.7884480783163023e-07	2.786487238065256e-07	7.165831382675879e-08	4.306897665758175e-06	4.433925508597081e-06	6.420971063133402e-07
HMR_1478	0.0	0.0	0.0	1.0	2.7884480783620754e-07	2.786487238017855e-07	7.165831382639696e-08	4.306897665758162e-06	4.433925508596978e-06	6.420971063133473e-07
HMR_1479	0.0	0.0	0.0	1.0	2.7884480783312614e-07	2.786487238098823e-07	7.165831382650304e-08	4.306897665718082e-06	4.433925508391443e-06	6.420971063112208e-07
C14STR	0.0	0.0	0.0	1.0	2.7884480783312747e-07	2.786487238098936e-07	7.165831382650695e-08	4.3068976657581755e-06	4.433925508597003e-06	6.420971063133472e-07
HMR_1490	0.0	0.0	0.0	1.0	2.788448078316303e-07	2.7864872380652375e-07	7.165831382675849e-08	4.306897665758171e-06	4.433925508596994e-06	6.420971063133461e-07
HMR_1493	0.0	0.0	0.0	1.0	2.788448078316303e-07	2.786487238065236e-07	7.165831382675849e-08	4.3068976657581755e-06	4.4339255085970056e-06	6.42097106313346e-07
HMR_1494	0.0	0.0	0.0	1.0	2.788448078320942e-07	2.786487238075797e-07	7.165831382667848e-08	4.306897665758207e-06	4.433925508597062e-06	6.420971063133459e-07
C3STDH1	428242443.0	0.0	428242443.0	1.0	1.6851411044729957e-07	1.6557925091700074e-07	8.730836286221926e-08	2.104983392038355e-06	2.1551147311404322e-06	1.177733995902386e-06
HMR_1495	152129674.0	0.0	152129674.0	1.0	1.1033069738221328e-07	1.0214943541912936e-07	7.323270713540735e-08	2.2019142737198074e-06	2.098326902572625e-06	1.2239950049567018e-06
HMR_1500	0.0	0.0	0.0	1.0	2.788448078309805e-07	2.7864872380509084e-07	7.165831382686012e-08	4.3068976657582034e-06	4.4339255085970505e-06	6.420971063133462e-07
HMR_1502	0.0	0.0	0.0	1.0	2.788448078316177e-07	2.7864872380651036e-07	7.165831382675662e-08	4.306897665758168e-06	4.433925508597001e-06	6.420971063133452e-07
HMR_1503	0.0	0.0	0.0	1.0	2.788448078316179e-07	2.7864872380651036e-07	7.165831382675668e-08	4.306897665758168e-06	4.433925508597001e-06	6.420971063133452e-07
HMR_1504	0.0	0.0	0.0	1.0	2.7884480783088103e-07	2.786487238048503e-07	7.165831382688147e-08	4.30689766575817e-06	4.433925508597018e-06	6.420971063133471e-07
HMR_1505	0.0	0.0	0.0	1.0	2.7884480783050473e-07	2.7864872380400494e-07	7.165831382694421e-08	4.306897665758167e-06	4.433925508597e-06	6.420971063133465e-07
HMR_1509	0.0	0.0	0.0	1.0	2.788448078313054e-07	2.786487238057945e-07	7.165831382681124e-08	4.306897665758175e-06	4.4339255085970115e-06	6.420971063133475e-07
CHLSTI_1	0.0	0.0	0.0	1.0	2.788448078313053e-07	2.7864872380579446e-07	7.165831382681103e-08	4.306897665758192e-06	4.433925508597014e-06	6.420971063133476e-07
HMR_1516	0.0	0.0	0.0	1.0	2.7884480783027455e-07	2.786487238034733e-07	7.165831382698536e-08	4.306897665758177e-06	4.433925508597015e-06	6.420971063133475e-07
RE2410C	0.0	0.0	0.0	1.0	2.788448078302747e-07	2.786487238034743e-07	7.16583138269854e-08	4.30689766575819e-06	4.433925508597045e-06	6.420971063133468e-07
DSMSTOLR	0.0	0.0	0.0	1.0	2.788448078302162e-07	2.7864872380330815e-07	7.165831382699216e-08	4.3068976657581865e-06	4.4339255085970166e-06	6.420971063133487e-07
ACCOAC	2988852280.0	0.0	2988852280.0	1.0	2.287055704246637	1.6817522878091267	2.1376769081055924	3.6858420983183775	3.2338559927483654	2.3397125116072037
FASN	2988852280.0	0.0	2988852280.0	1.0	0.3267222434638068	0.2402503268298632	0.3053824154436533	0.5265488711883509	0.4619794275354725	0.33424464451531655
MCAT	2988852280.0	0.0	2988852280.0	1.0	2.287055704246621	1.6817522878091251	2.137676908105585	3.685842098318386	3.233855992748351	2.3397125116072033
AcetoacetylACPsynthesis	2988852280.0	0.0	2988852280.0	1.0	0.3267222434638013	0.24025032682986291	0.3053824154436524	0.5265488711883501	0.4619794275354684	0.33424464451531716
r0691	2988852280.0	0.0	2988852280.0	1.0	0.32672224346380074	0.24025032682986225	0.3053824154436524	0.5265488711883495	0.46197942753546567	0.3342446445153161
r0681	2988852280.0	0.0	2988852280.0	1.0	0.3267222434638067	0.24025032682986308	0.3053824154436533	0.5265488711883509	0.46197942753546944	0.33424464451531666
r0682	2988852280.0	0.0	2988852280.0	1.0	0.32672224346380074	0.24025032682986225	0.3053824154436524	0.5265488711883473	0.4619794275354568	0.33424464451531616
r0760	2988852280.0	0.0	2988852280.0	1.0	0.3267222434638068	0.2402503268298633	0.3053824154436532	0.5265488711883515	0.4619794275354704	0.33424464451531627
r0761	2988852280.0	0.0	2988852280.0	1.0	0.32672224346380074	0.24025032682986225	0.3053824154436524	0.5265488711883474	0.4619794275354563	0.3342446445153161
r0762	2988852280.0	0.0	2988852280.0	1.0	0.3267222434638067	0.24025032682986308	0.3053824154436533	0.526548871188348	0.4619794275354594	0.334244644515316
r0763	2988852280.0	0.0	2988852280.0	1.0	0.32672224346380074	0.24025032682986225	0.3053824154436524	0.5265488711883458	0.4619794275354546	0.33424464451531594
r0764	2988852280.0	0.0	2988852280.0	1.0	0.3267222434638068	0.2402503268298633	0.3053824154436532	0.5265488711883515	0.4619794275354704	0.33424464451531627
r0694	2988852280.0	0.0	2988852280.0	1.0	0.32672224346380085	0.24025032682986236	0.3053824154436525	0.5265488711883474	0.46197942753545695	0.3342446445153161
r0695	2988852280.0	0.0	2988852280.0	1.0	0.32672224346380097	0.24025032682986255	0.30538241544365263	0.5265488711883483	0.4619794275354604	0.334244644515316
r0765	2988852280.0	0.0	2988852280.0	1.0	0.32672224346380085	0.2402503268298623	0.3053824154436524	0.5265488711883467	0.4619794275354542	0.3342446445153168
r0766	2988852280.0	0.0	2988852280.0	1.0	0.3267222434638013	0.2402503268298625	0.30538241544365263	0.5265488711883467	0.4619794275354564	0.33424464451531616
r0692	2988852280.0	0.0	2988852280.0	1.0	0.326722243463801	0.2402503268298628	0.3053824154436525	0.5265488711883484	0.4619794275354603	0.334244644515316
r0693	2988852280.0	0.0	2988852280.0	1.0	0.32672224346380097	0.2402503268298628	0.3053824154436525	0.5265488711883483	0.46197942753545984	0.3342446445153164
r0767	2988852280.0	0.0	2988852280.0	1.0	0.326722243463801	0.2402503268298628	0.3053824154436525	0.526548871188347	0.46197942753545324	0.3342446445153158
r0768	2988852280.0	0.0	2988852280.0	1.0	0.32672224346380124	0.24025032682986286	0.3053824154436524	0.5265488711883473	0.4619794275354582	0.33424464451531566
r0769	2988852280.0	0.0	2988852280.0	1.0	0.326722243463801	0.24025032682986275	0.30538241544365263	0.526548871188348	0.4619794275354552	0.33424464451531594
r0770	2988852280.0	0.0	2988852280.0	1.0	0.32672224346380097	0.2402503268298628	0.3053824154436525	0.5265488711883483	0.46197942753545596	0.334244644515316
r0712	2988852280.0	0.0	2988852280.0	1.0	0.32672224346380097	0.2402503268298628	0.3053824154436526	0.5265488711883474	0.4619794275354561	0.33424464451531594
r0713	2988852280.0	0.0	2988852280.0	1.0	0.32672224346380124	0.24025032682986286	0.3053824154436524	0.5265488711883473	0.4619794275354582	0.33424464451531566
r0701	2988852280.0	0.0	2988852280.0	1.0	0.326722243463801	0.24025032682986275	0.30538241544365263	0.526548871188348	0.4619794275354552	0.33424464451531594
r0702	2988852280.0	0.0	2988852280.0	1.0	0.32672224346380097	0.2402503268298628	0.3053824154436525	0.5265488711883483	0.46197942753545607	0.33424464451531594
r0771	2988852280.0	0.0	2988852280.0	1.0	0.3267222434638033	0.2402503268299121	0.30538241544365136	0.5265488711883474	0.4619794275354552	0.3342446445153163
r0772	2988852280.0	0.0	2988852280.0	1.0	0.32672224346380374	0.2402503268299124	0.30538241544365147	0.5265488711883493	0.4619794275354605	0.3342446445153167
r0696	2988852280.0	0.0	2988852280.0	1.0	0.32672224346380246	0.24025032682991235	0.30538241544365163	0.5265488711883485	0.4619794275354596	0.33424464451531655
r0697	2988852280.0	0.0	2988852280.0	1.0	0.32672224346380235	0.24025032682991276	0.3053824154436516	0.5265488711883486	0.46197942753546006	0.33424464451531705
r0773	2988852280.0	0.0	2988852280.0	1.0	0.3267222434638027	0.24025032682991326	0.30538241544365174	0.5265488711883467	0.46197942753545507	0.33424464451531644
FA160ACPH	2988852280.0	0.0	2988852280.0	1.0	0.3267222434638027	0.2402503268299135	0.30538241544365163	0.5265488711883485	0.46197942753545995	0.33424464451531705
TMLYStd_r	1555611395.0	0.0	1555611395.0	1.0	1.016794258941321	1.0507994807454883	0.14419466596261088	2.8241601191096066	2.9430453777996197	1.4904412513342857
TMLYSOX	1555611395.0	0.0	1555611395.0	1.0	1.016794258941321	1.0507994807454883	0.14419466596261088	2.8241601191096066	2.9430453777996197	1.4904412513342857
GHMT3	1555611395.0	0.0	1555611395.0	1.0	1.0167942589413208	1.0507994807454861	0.14419466596261038	2.824160119109551	2.9430453777995886	1.4904412513342833
TMABADH	1555611395.0	0.0	1555611395.0	1.0	1.0167942589413217	1.0507994807454883	0.1441946659626107	2.824160119109552	2.9430453777995873	1.4904412513342862
BBHOX	1555611395.0	0.0	1555611395.0	1.0	1.0167942589413217	1.0507994807454883	0.1441946659626107	2.8241601191095413	2.9430453777995678	1.490441251334292
SUCFUMtm_r	1555611395.0	0.0	1555611395.0	1.0	2.0335885178826434	2.1015989614909767	0.2883893319252215	5.648320238219117	5.886090755599168	2.980882502668581
palmitateActivation	0.0	0.0	0.0	1.0	0.0	0.0	0.0	0.3792343030476899	0.301029482777342	0.3150428683423319
carnitineAcylTransferaseI	0.0	0.0	0.0	1.0	0.0	0.0	0.0	0.3792343030476909	0.30102948277734204	0.3150428683423319
CARN160t_m	0.0	0.0	0.0	1.0	0.0	0.0	0.0	0.3792343030476889	0.3010294827773655	0.31504286834233075
carnitineAcylTransferaseII	0.0	0.0	0.0	1.0	0.0	0.0	0.0	0.3792343030476931	0.3010294827773399	0.31504286834233214
betaOxidation	0.0	0.0	0.0	1.0	0.0	0.0	0.0	0.37923430304768874	0.3010294827773321	0.3150428683423377
Biomass	0.0	0.0	0.0	1.0	1.3668193119444143e-05	1.3658581628467333e-05	3.512490261607709e-06	0.00021111208596427192	0.00021733863578235002	3.1473805515090056e-05
GLCt1_r	0.0	0.0	0.0	1.0	0.10261580526714922	0.1045089677129542	0.013727884505764504	2.393429231100412	2.4569285284917672	0.5054567974863532
O2t_r	8601846218.0	1.0	8601846218.0	0.0	60.71896757234793	61.00726991000737	6.65335428935727	50.87398387339755	51.280521331301955	6.517487888311943
GLNt_r	355191196.0	0.0	355191196.0	1.0	0.20545963885231103	0.21125473720888324	0.022764145633138187	0.3565518321587285	0.36525105265529423	0.07390078359430713
r0963_r	8060927754.0	1.0	8060927754.0	0.0	0.0013971609268228864	0.00145055172939355	0.0004364143076062962	0.0009619862378675656	0.00101416078624985	0.00023350104015134967
THBPTt_r	680310503.0	0.0	680310503.0	1.0	1.6845873648620039e-06	1.652215327602406e-06	9.154997351920611e-07	1.584508219039106e-05	1.3865479669283975e-05	1.123150969280368e-05
ARGt5r_r	6100029281.0	1.0	6100029281.0	0.0	0.07793122235640498	0.08122254592158225	0.012803572989751646	0.07692349538776673	0.0781581215567458	0.004760569091952979
PHEtec_r	0.0	0.0	0.0	1.0	5.231018760791796e-06	5.123145730526842e-06	1.5366300675434419e-06	7.06214906872069e-05	6.894808041073026e-05	1.5151913464853278e-05
ILEtec_r	0.0	0.0	0.0	1.0	3.910169351224327e-06	3.907419715108641e-06	1.0048461890602031e-06	6.0394523328501395e-05	6.21758022473584e-05	9.003963334145805e-06
LEUtec_r	0.0	0.0	0.0	1.0	7.751461756851535e-06	7.73908426961311e-06	1.9759821766073636e-06	0.00013003210041503447	0.00013257634043485	2.05933841887077e-05
VALtec_r	746593708.0	0.0	746593708.0	1.0	0.06693970234625272	0.06732689890308405	0.019007368901817975	0.11592670092999079	0.11930564883596076	0.025900473459499546
METtec_r	6856475491.0	1.0	6856475491.0	0.0	0.0028569843064965425	0.00275354424060295	0.0016502247301633521	0.0018015584091185134	0.00192853401881465	0.0007706913682810993
r2526_r	3154220196.0	0.0	3154220196.0	1.0	0.07189155118201589	0.07422578173209005	0.010087194775607416	0.08780916339061505	0.0901285556166915	0.030141829856518136
GLYt4_r	2709447768.0	0.0	2709447768.0	1.0	0.03226127367985419	0.033435804432483104	0.014781416990397516	0.050056987644956925	0.0504232201416715	0.022807739424143006
r2532_r	10000000000.0	1.0	10000000000.0	0.0	0.010875601374922746	0.0110310284660784	0.0009700745231481099	0.0	0.0	0.0
PROPAT4te_r	10000000000.0	1.0	10000000000.0	0.0	4.674226648807058e-06	4.63246945426345e-06	1.485564324806249e-06	0.0	0.0	0.0
HDCAt	10000000000.0	1.0	10000000000.0	0.0	3.77908859622044e-05	3.66200537909543e-05	1.7982875069788375e-05	0.0	0.0	0.0
CRNt	1555611395.0	0.0	1555611395.0	1.0	1.0167942589413208	1.0507994807454861	0.14419466596261038	2.824160119109558	2.9430453777995673	1.4904412513342824
GTHRDt2_r	5051527513.0	0.9999671431302081	5051527513.0	3.285688052534355e-05	1.0690066594249836	0.8836539053366108	0.8479999198610146	0.9919536022524693	0.9088597378665736	0.6706415756165737
DmLact	0.0	0.0	0.0	1.0	0.07203139409566081	0.07405642998644754	0.007882333749398566	3.8884527517545147	3.9913435385298506	0.8224413900643446
UREAt	5537376908.0	1.0	5537376908.0	0.0	0.030860886104174656	0.028639322274045	0.019224248651552485	0.027176884512878273	0.0250419117439129	0.01840078891346438
DmBiomass	0.0	0.0	0.0	1.0	1.3668193119444254e-05	1.3658581628467449e-05	3.5124902616077287e-06	0.0002111120859642729	0.00021733863578235002	3.147380551508995e-05
NH4t	9177303784.0	1.0	9177303784.0	0.0	78.91122073386066	74.00377039617109	33.04353334478883	36.61577536633884	33.71574834172197	11.385131934450841
PTRCtex2_f	6045756677.0	1.0	6045756677.0	0.0	0.021006919465325073	0.017763441941361702	0.015682788727804705	0.015407466801743085	0.0121390776886184	0.012651515436167039
GUDACtr2	4773425915.0	2.957852125001947e-69	4773425915.0	1.0	0.025016701415348133	0.0224327608181819	0.017210533949664143	0.026794862016588022	0.02438328985417395	0.018658276692253617
CE2705t	680310503.0	0.0	680310503.0	1.0	1.6845873648620039e-06	1.652215327602406e-06	9.154997351920611e-07	1.584508219039106e-05	1.3865479669283975e-05	1.123150969280368e-05
Dm2oxobutyrate	9513138026.0	1.0	9513138026.0	0.0	0.049638877890090354	0.0513329284407785	0.010776790338328651	0.026980049387562086	0.02849781913569895	0.006500067254047819
H2Ot_f	4677286397.0	3.2765789985310207e-138	4677286397.0	1.0	122.7075787524257	114.07181098477251	60.77014634197948	125.31932079990696	121.2924747333862	49.15608442109982
PHLACHt_f	5969344189.0	1.0	5969344189.0	0.0	358.9780798302674	360.43757898635965	153.50090288169238	302.6442429912674	294.4543972691964	175.96512422137098
CO2t	9737810453.0	1.0	9737810453.0	0.0	105.370930362789	102.37733019227915	23.204401831856917	64.52677302324791	63.60256198584977	8.857135699851614
DmGSSG	4902436711.0	2.05917751798375e-14	4902436711.0	0.9999999999999795	0.5515630701174328	0.45933738716764794	0.4228802245120025	0.5316929978517525	0.4922497844792453	0.33732348334663453
GLUt4	750673295.0	0.0	750673295.0	1.0	0.0027420619957354807	0.0026873318949150503	0.0015307486115058917	0.030146467585502896	0.02356073729202575	0.0241772937801178
ALAPAT4te	10000000000.0	1.0	10000000000.0	0.0	0.008337667234956951	0.008984943025473448	0.003260769031660946	0.0	0.0	0.0
DmAla	6680333373.0	1.0	6680333373.0	0.0	1.1690819811221902	0.877247775113705	1.0506669043162868	0.6156476453586996	0.4481015256469236	0.5644687093639578
ASPte_r	1748064621.0	0.0	1748064621.0	1.0	50.450769343970016	51.36263825372758	23.700796157554905	98.26175309741653	102.60631978705294	41.22845406825405
DmAsp	1773348953.0	0.0	1773348953.0	1.0	51.59348478885069	52.46462086764518	23.695936998058635	98.85941912287738	103.19779909914878	41.2257029877955
DmPalm	6963803062.0	1.0	6963803062.0	0.0	0.3267563297364062	0.2402750516338401	0.3053815447393312	0.14725734853198316	0.11238991949769	0.13168081645253643
ATPM	4880377395.0	9.67159242287835e-21	4880377395.0	1.0	14.877689985629907	11.48891555085122	12.733860204334551	16.228451958830973	11.867343807679585	14.856937089595402
GACMTRc	4878256409.0	2.0466482059337724e-21	4878256409.0	1.0	0.02204872440224268	0.0186882720280572	0.015519124853487318	0.022875904731121718	0.0200297803376902	0.01629956418586035
CKc_cho	4878256409.0	2.0466482059337724e-21	4878256409.0	1.0	0.022048724402249503	0.01868827202806405	0.015519124853487318	0.02287590473112154	0.02002978033769015	0.016299564185860482
CRTNsyn_cho	4878256409.0	2.0466482059337724e-21	4878256409.0	1.0	0.022048724402249503	0.018688272028064	0.015519124853487309	0.02287590473112161	0.0200297803376902	0.016299564185860423
CRTNtr	4878256409.0	2.0466482059337724e-21	4878256409.0	1.0	0.02204872440224951	0.01868827202806405	0.015519124853487316	0.022875904731121617	0.0200297803376902	0.016299564185860423
NDPK1	6847162482.0	1.0	6847162482.0	0.0	16.307972918422298	14.267429240948342	12.076752312280133	9.198237053705375	6.987251125152296	8.077016172916649
NDPK5	0.0	0.0	0.0	1.0	1.3528777549649913e-07	1.351926409591117e-07	3.4766628609352826e-08	2.089587426874845e-06	2.1512178169743874e-06	3.115277269883577e-07
NDPK8	0.0	0.0	0.0	1.0	1.8018778989459107e-07	1.8006108161023805e-07	4.630515911861503e-08	2.7830906292676733e-06	2.8651752355196854e-06	4.1491917810543527e-07
NDPK7	0.0	0.0	0.0	1.0	1.2905507943489846e-07	1.2896432773848097e-07	3.3164933049914184e-08	1.993320315675136e-06	2.0521113990575345e-06	2.971756716734844e-07
DTMPK	0.0	0.0	0.0	1.0	1.789303161266595e-07	1.788044920983051e-07	4.598201001470283e-08	2.763668317358956e-06	2.845180081027607e-06	4.1202358799804123e-07
NDPK4	0.0	0.0	0.0	1.0	1.7893031612695926e-07	1.7880449209896815e-07	4.598201001465317e-08	2.763668317358956e-06	2.8451800810276018e-06	4.1202358799804076e-07
HIStiDF_r	6543777344.0	1.0	6543777344.0	0.0	0.10301760993690197	0.1080914404326236	0.030034360764248123	0.08343071921915388	0.0837441659996519	0.042492856530603786
PTRCOX1	6457053865.0	1.0	6457053865.0	0.0	0.02725392993944764	0.02593006030944995	0.016282725561859293	0.019233470110373827	0.0168993064127425	0.01392747694506347
ABUTD	6457053865.0	1.0	6457053865.0	0.0	0.027253929939451645	0.025930060309432852	0.01628272556186407	0.01923347011036884	0.01689930641273745	0.013927476945062899
r0465_1	5712603235.0	1.0	5712603235.0	0.0	8.685826163213749	7.215772685361961	6.396147396437954	7.38575338443187	5.604875460990766	6.25694638607097
ABUTH	5469331206.0	1.0	5469331206.0	1.1298134219019766e-289	7.859377581653453	6.378555347429597	6.346747560040042	6.992408180777289	5.201036127384435	6.2370020790654355
GLUDC	7414258901.0	1.0	7414258901.0	0.0	1.6493340874034887	1.4474996978517642	1.061408729119669	0.868971162653686	0.7287055282884174	0.623348345019915
HISDr	9991798239.0	1.0	9991798239.0	0.0	11.8605253664077	12.04007116860185	0.7638539127125017	7.6245385796409915	7.737352839445045	0.5041885425392079
URCN	9991798239.0	1.0	9991798239.0	0.0	11.86052536640771	12.040071168601855	0.7638539127125016	7.624538579640989	7.7373528394450375	0.5041885425392063
IZPN	9991798239.0	1.0	9991798239.0	0.0	11.8605253664077	12.040071168601852	0.763853912712503	7.624538579640989	7.737352839444975	0.5041885425392079
GluForTx	9991798239.0	1.0	9991798239.0	0.0	11.860525366407721	12.040071168601866	0.7638539127125011	7.624538579641004	7.737352839444984	0.5041885425392196
FTCD	9991798239.0	1.0	9991798239.0	0.0	11.860525366407707	12.04007116860187	0.7638539127125008	7.624538579641007	7.737352839444965	0.5041885425392184
CARPEPT1tc_r	9991055569.0	1.0	9991055569.0	0.0	12.583958065773222	12.587756588393791	1.0918865000154123	7.93447974991086	7.9783218664910605	0.6444578117317069
NBAHH_ir	6916767097.0	1.0	6916767097.0	0.0	18.69038749804457	17.39081320397547	5.42435852631675	15.567400228394524	13.449381595769776	7.029721610578368
r0283	4499884774.0	0.0	4499884774.0	1.0	6.106429432272046	4.687311846512213	5.349032396034138	7.632920478483573	5.503502773036708	6.98014662828234
ASP1DC	9419279180.0	1.0	9419279180.0	0.0	1.1025400341131377	0.8462247716519591	0.9448069967975179	0.07797968517147398	0.0673094861648861	0.05506505169876799
CSNt_r	8521543596.0	1.0	8521543596.0	0.0	23.35389939255343	20.970117568319175	16.199366805090243	6.1222365845103655	4.671266048943114	5.402176737110274
bAlaSynthesis	8521543596.0	1.0	8521543596.0	0.0	23.35389939255342	20.970117568319147	16.199366805090246	6.122236584510424	4.671266048943128	5.402176737110259
LYSt5r_r	8004216119.0	1.0	8004216119.0	0.0	0.019022174546589096	0.01817459086494	0.010727388472003782	0.008645773315305432	0.0094042463443586	0.0036670025074414703
LYStm	8037206077.0	1.0	8037206077.0	0.0	0.019014081418088455	0.0181668188342846	0.010727428941968598	0.008520770893636662	0.0092766279767747	0.003664489008699182
SACCD3m	8037206077.0	1.0	8037206077.0	0.0	0.019014081418088455	0.0181668188342846	0.010727428941968598	0.008520770893636662	0.0092766279767747	0.003664489008699182
r0525	8037206077.0	1.0	8037206077.0	0.0	0.019014081418088455	0.0181668188342846	0.010727428941968598	0.008520770893636662	0.0092766279767747	0.003664489008699182
AASAD3m	8037206077.0	1.0	8037206077.0	0.0	0.019014081418088462	0.0181668188342846	0.010727428941968596	0.008520770893636662	0.00927662797677475	0.003664489008699186
r0450	8037206077.0	1.0	8037206077.0	0.0	0.019014081418088455	0.0181668188342846	0.010727428941968598	0.00852077089363664	0.00927662797677475	0.003664489008699172
2OXOADOXm	7258773337.0	1.0	7258773337.0	0.0	0.019281396677612084	0.0184272291102512	0.010737386406808276	0.011426182338589476	0.01222252423090745	0.0036978278853100326
GLUTCOADHm	7258773337.0	1.0	7258773337.0	0.0	0.019281396677612087	0.01842722911025125	0.010737386406808281	0.011426182338589505	0.01222252423090745	0.0036978278853100352
3HBCDm	7258773337.0	1.0	7258773337.0	0.0	0.019281396677612084	0.0184272291102512	0.010737386406808276	0.011426182338589488	0.01222252423090745	0.0036978278853099923
HACD1m	7258773337.0	1.0	7258773337.0	0.0	0.019281396677612098	0.0184272291102512	0.010737386406808281	0.01142618233858946	0.01222252423090745	0.0036978278853100344
HMGCOASm	7162060927.0	1.0	7162060927.0	0.0	2.5226321736163625e-07	1.9498961388414628e-07	2.1496432236003956e-07	9.975850923450812e-08	1.0133276734687323e-07	6.00957574306724e-08
CYStec_r	10000000000.0	1.0	10000000000.0	0.0	0.08596457830783112	0.08719312870134036	0.007667810214327981	0.0	0.0	0.0
CYSTA	4193900959.0	0.0	4193900959.0	1.0	0.06830264728022876	0.06624428770278701	0.03309813994090023	0.0840352801902376	0.0765855438372572	0.04882486728432178
CYANt_r	4193900959.0	0.0	4193900959.0	1.0	0.06830264728022874	0.06624428770278695	0.033098139940900245	0.08403528019023782	0.07658554383725716	0.04882486728432175
MCPST	4193900959.0	0.0	4193900959.0	1.0	0.06830264728022872	0.06624428770278695	0.03309813994090025	0.08403528019023784	0.0765855438372572	0.04882486728432175
TCYNTt	4106597317.0	0.0	4106597317.0	1.0	0.035394751504921475	0.029635130653542	0.027070591526826462	0.050881847495588946	0.0398790435937654	0.044141465166841844
CYSO	2032050815.0	0.0	2032050815.0	1.0	0.09011847558460866	0.08662933988217794	0.04259866299099769	0.16182324259810746	0.16256318286269011	0.07041784717396962
3SALATAi	3581033487.0	0.0	3581033487.0	1.0	0.046509297548006506	0.0383554416245604	0.03619354821550409	0.07327536349041269	0.06249627473183575	0.0545239554083061
3SALAASPm	3010083580.0	0.0	3010083580.0	1.0	0.043609178036601415	0.03903522708058675	0.029913649731563564	0.08854787910769799	0.0722464615572634	0.06748081388968648
3SALATAim	3010083580.0	0.0	3010083580.0	1.0	0.04360917803659538	0.039035227080575205	0.029913649731565482	0.08854787910769807	0.07224646155726344	0.06748081388968648
3SPYRSP	3581033487.0	0.0	3581033487.0	1.0	0.04650929754800698	0.03835544162456425	0.03619354821550297	0.07327536349041446	0.06249627473183595	0.054523955408305645
3SPYRSPm	3010083580.0	0.0	3010083580.0	1.0	0.04360917803659539	0.0390352270805752	0.029913649731565482	0.08854787910769807	0.0722464615572634	0.06748081388968658
HMR_3951	3581033487.0	0.0	3581033487.0	1.0	0.046509297548007	0.0383554416245643	0.03619354821550295	0.07327536349041426	0.06249627473183515	0.054523955408305916
ExSulfitem	3010083580.0	0.0	3010083580.0	1.0	0.04360917803659545	0.03903522708057545	0.029913649731565486	0.08854787910769804	0.0722464615572634	0.06748081388968656
PHETHPTOX2	680310503.0	0.0	680310503.0	1.0	1.6845873648620051e-06	1.6522153276024054e-06	9.154997351920618e-07	1.5845082190391068e-05	1.3865479669284002e-05	1.1231509692803678e-05
TYRt_r	403598143.0	0.0	403598143.0	1.0	1.5203810651763045e-06	1.4001513731425225e-06	9.590065002114752e-07	2.001367804945789e-05	2.0214062036318075e-05	1.1486371511695005e-05
TYRTA	2714715062.0	0.0	2714715062.0	1.0	1.0225543664635335e-06	1.0191548132360291e-06	4.795895134848188e-07	2.1502823618395713e-06	1.97522480046209e-06	1.4246218073183972e-06
34HPPOR	2714715062.0	0.0	2714715062.0	1.0	1.02255436642903e-06	1.0191548130941085e-06	4.795895134888441e-07	2.1502823618395768e-06	1.975224800462095e-06	1.4246218073183947e-06
HGNTOR	2714715062.0	0.0	2714715062.0	1.0	1.0225543664290309e-06	1.0191548130941085e-06	4.795895134888442e-07	2.1502823618395636e-06	1.975224800462098e-06	1.4246218073184e-06
MACACI	2714715062.0	0.0	2714715062.0	1.0	1.0225543664290305e-06	1.0191548130941094e-06	4.795895134888443e-07	2.150282361839581e-06	1.975224800462098e-06	1.4246218073183953e-06
FUMAC	2714715062.0	0.0	2714715062.0	1.0	1.0225543664290542e-06	1.0191548130948012e-06	4.795895134887824e-07	2.15028236183958e-06	1.975224800462097e-06	1.4246218073183947e-06
AACOAT	2714715062.0	0.0	2714715062.0	1.0	1.022554366429057e-06	1.019154813094801e-06	4.795895134887851e-07	2.1502823618395886e-06	1.9752248004621186e-06	1.4246218073183875e-06
r2534_r	9445194700.0	1.0	9445194700.0	0.0	0.04678880609471143	0.0484489802754584	0.010659466568099202	0.025291768492865564	0.026683324149748548	0.006349361177668271
THRD_L	9449563861.0	1.0	9449563861.0	0.0	0.046784532187404596	0.04844548564042325	0.010659622193147167	0.025225755854704636	0.02662021338832905	0.006350332902924038
OBDHc	11690750.0	0.0	11690750.0	1.0	5.471242268050279e-07	4.6428788111123123e-07	3.6522698962589057e-07	1.4960927099881476e-05	1.5156676736492242e-05	6.713795755870978e-06
PPCOAtm	11690750.0	0.0	11690750.0	1.0	5.471242270021834e-07	4.642878813402367e-07	3.6522698981769155e-07	1.4960927099883777e-05	1.5156676736493133e-05	6.7137957558693395e-06
r1616_r	1692033.0	0.0	1692033.0	1.0	0.0009201933952281776	0.0008234750506	0.0005381212040299785	0.008863134375098135	0.009209201354094	0.002624152538866476
TRPO2	1705515.0	0.0	1705515.0	1.0	0.000920011526250554	0.000823304886191	0.0005381222535676106	0.008860325317682395	0.00920649535799945	0.002624143147990366
FKYNH	1705515.0	0.0	1705515.0	1.0	0.000920011526250554	0.000823304886191	0.0005381222535676114	0.008860325317682405	0.00920649535799945	0.002624143147990373
KYN	229604856.0	0.0	229604856.0	1.0	0.0006526962667260888	0.0005651027596586501	0.0004720353792386673	0.005954913872729514	0.00626243288563255	0.0025749908644876317
ANTHte	229604856.0	0.0	229604856.0	1.0	0.000652696266726081	0.0005651027596586501	0.00047203537923866227	0.005954913872729514	0.00626243288563255	0.0025749908644876317
KYN3OX	200436.0	0.0	200436.0	1.0	0.00026731525952442583	0.0002504944236973	0.00016569674656179492	0.002905411444952714	0.00301637995928425	0.0007727953762690483
HKYNH	200436.0	0.0	200436.0	1.0	0.0002673152595244261	0.0002504944236973	0.00016569674656179476	0.0029054114449527145	0.00301637995928425	0.0007727953762690465
3HAO	200436.0	0.0	200436.0	1.0	0.00026731525952442583	0.0002504944236973	0.00016569674656179462	0.002905411444952714	0.00301637995928425	0.0007727953762690479
PCLAD	200436.0	0.0	200436.0	1.0	0.00026731525952442583	0.0002504944236973	0.00016569674656179484	0.0029054114449527167	0.00301637995928425	0.0007727953762690459
AM6SAD	200436.0	0.0	200436.0	1.0	0.00026731525952442594	0.0002504944236973	0.00016569674656179468	0.002905411444952714	0.00301637995928425	0.0007727953762690469
AMCOXO	200436.0	0.0	200436.0	1.0	0.0002673152595244259	0.0002504944236973	0.00016569674656179476	0.0029054114449527167	0.00301637995928425	0.0007727953762690459
2OXOADPTm	200436.0	0.0	200436.0	1.0	0.00026731525952441906	0.0002504944236973	0.00016569674656179368	0.002905411444952715	0.00301637995928425	0.0007727953762690472
ExCystineGlu	22682948.0	0.0	22682948.0	1.0	0.005162906208941087	0.0051052424043179	0.0026336800064040715	0.11433873790444762	0.11574576055663949	0.03944404814918217
ExCystineSer	4935969157.0	3.5283744009891725e-07	4935969157.0	0.9999996471627006	0.06066486094717253	0.06181892667121685	0.012449152606790774	0.06257142415333224	0.06051866679677765	0.03382910069812843
CystinePyruvate	4347947842.0	0.0	4347947842.0	1.0	0.013966882615218598	0.0117921641917449	0.01068807666041118	0.019144415317571016	0.01451180300630035	0.01760545983719094
CystineReductaseNADPH	2510294528.0	0.0	2510294528.0	1.0	0.011733444254864599	0.0093946541242702	0.009579177576235649	0.028311526648977316	0.0245372900778452	0.021132445194003632
CystineReductaseNADH	2067230435.0	0.0	2067230435.0	1.0	0.015735691775578337	0.01288328710736295	0.01252381013264348	0.04525672243025209	0.04280402355524175	0.030969126397719163
CystineGSH	941593504.0	0.0	941593504.0	1.0	0.02439174851045213	0.02253221355255005	0.014931839347546823	0.0841974976609797	0.0833960050598674	0.041436871649687144
Ex3HB	9634576092.0	1.0	9634576092.0	0.0	7.475264246502821	7.657480871427022	2.0560843853483535	3.1665693070926104	3.3283019467603205	0.7451244990340761
Transport3HB_forward	9634576092.0	1.0	9634576092.0	0.0	7.4752642465028565	7.657480871427042	2.0560843853483455	3.1665693070926184	3.3283019467603263	0.7451244990340731
bBDH	9634576092.0	1.0	9634576092.0	0.0	7.475264246502858	7.657480871427043	2.056084385348347	3.1665693070926166	3.3283019467603325	0.7451244990340732
OCOAT1m	9634576092.0	1.0	9634576092.0	0.0	7.475264246502849	7.657480871427046	2.056084385348349	3.166569307092621	3.328301946760323	0.745124499034073
ACACT1m	9635759638.0	1.0	9635759638.0	0.0	7.494545390916981	7.676984748818834	2.0582254694802513	3.177995389672745	3.3394181451691947	0.7455157614566278
G3PD1ir	6937941071.0	1.0	6937941071.0	0.0	22.306032632112327	18.15641029713218	17.46592505933918	11.155039413441235	9.36552754894426	8.494688861561045
GLYC3Ptm	6937941071.0	1.0	6937941071.0	0.0	22.306032632112316	18.156410297132204	17.465925059339177	11.155039413441234	9.365527548944337	8.494688861561048
G3PDm	6937941071.0	1.0	6937941071.0	0.0	22.306032632112316	18.156410297132183	17.465925059339185	11.155039413441227	9.365527548944279	8.494688861561045
DHAPtm	6937941071.0	1.0	6937941071.0	0.0	22.306032632112313	18.156410297132215	17.465925059339177	11.155039413441235	9.36552754894435	8.49468886156105
CMPuptake_r	319772653.0	0.0	319772653.0	1.0	2.963357847663614e-07	2.755279912718924e-07	1.909512642896712e-07	5.004797307197957e-06	5.165375108269691e-06	2.883501791688115e-06
UMPuptake_r	223881521.0	0.0	223881521.0	1.0	7.759401210143526e-07	7.659216200527277e-07	3.400519126067065e-07	8.905915588845558e-06	8.552133462055002e-06	4.876571932856964e-06
Transport_ala_B_c_e	9427056815.0	1.0	9427056815.0	0.0	37.04039749243933	34.64038009494563	16.24336429873798	14.134696019592452	12.687493603699913	5.462063600142613
EX_ala_B	9427056815.0	1.0	9427056815.0	0.0	37.04039749243876	34.6403800949456	16.243364298737934	14.134696019592479	12.687493603699888	5.462063600142608
Transport_octanoyl_ACP_c_e					0.0	0.0	0.0	0.0	0.0	0.0
EX_octanoyl_ACP					0.0	0.0	0.0	0.0	0.0	0.0
TMDK1	8307500000.0	1.0	8307500000.0	0.0	2.8392200934211472e-08	2.7240637621844876e-08	3.000092817781738e-08	0.0	0.0	0.0
THYMDt1_r	8307500000.0	1.0	8307500000.0	0.0	2.8392200934211472e-08	2.7240637621844837e-08	3.00009281778174e-08	0.0	0.0	0.0
EX_thymd	8307500000.0	1.0	8307500000.0	0.0	2.839220093421146e-08	2.724063762184488e-08	3.0000928177817423e-08	0.0	0.0	0.0
Transport_HC00576_c_e	6852311761.0	1.0	6852311761.0	0.0	0.8264485815605553	0.6093924418007857	0.7706109358105533	0.39334520365460784	0.2849954855160267	0.3703792677911563
EX_HC00576	6852311761.0	1.0	6852311761.0	0.0	0.8264485815605553	0.6093924418007857	0.7706109358105533	0.3933452036546051	0.28499548551601883	0.37037926779115715
Transport_4abut_c_e	6545951003.0	1.0	6545951003.0	0.0	0.8501394357827153	0.6354235758451499	0.7901816163353199	0.49485942910945846	0.33698513812329184	0.5149382127759029
EX_4abut	6545951003.0	1.0	6545951003.0	0.0	0.8501394357827151	0.6354235758451496	0.7901816163353198	0.49485942910945785	0.3369851381232924	0.5149382127759029
EX_h_e_b	6082890798.0	1.0	6082890798.0	0.0	372.66733300559537	388.19534898895915	94.80082456981627	343.12974151275444	349.3342761539867	81.04260285411927
EX_h2o_e_b	8808447580.0	1.0	8808447580.0	0.0	236.22149958157425	230.73484245960856	69.46916017628693	134.04694886909294	129.25380977650116	52.62033925195399
EX_ala__L_e_b	10000000000.0	1.0	10000000000.0	0.0	0.033104055111463505	0.0342384168848869	0.008657678301046827	0.0	0.0	0.0
EX_hdca_e_b	10000000000.0	1.0	10000000000.0	0.0	9.784019362658094e-05	0.0001025651970799	3.235701008917555e-05	0.0	0.0	0.0
PGM_b	7800508253.0	1.0	7800508253.0	0.0	1.8070162156295717	1.4407321675765528	1.3255910332683118	0.7651398138841329	0.586308363335805	0.6663476007998977
ENO_b	670216507.0	0.0	670216507.0	1.0	1.854726906167586	1.49576320503797	1.3160117890079628	6.9669944501406516	7.347621105667381	2.657311163957083
TKT2_b	3168049189.0	0.0	3168049189.0	1.0	0.10923075859654091	0.10867723360501211	0.04817818336746326	0.14225593726000665	0.14998977365670985	0.053639890067929366
RPE_b	5917787456.0	1.0	5917787456.0	0.0	0.138925962678839	0.1359785684250392	0.05387105541328868	0.1169852081790392	0.122374406254211	0.05779102759210893
TKT1_b	3889087938.0	0.0	3889087938.0	1.0	0.10944917602346159	0.10661596927991734	0.04628114665282749	0.12945914220674623	0.1327189036491423	0.055421121868304314
TALA_b	9947842.0	0.0	9947842.0	1.0	0.16895428578280586	0.1656610638501445	0.07600488745686126	3.2788405701595353	3.300638508733802	1.2916677368640488
ACONTm_b	9787837390.0	1.0	9787837390.0	0.0	58.41693101562007	55.40557843933942	33.23322129904933	4.55128048003794	3.965027345956796	3.327550868934751
ICDHym_b	9869020579.0	1.0	9869020579.0	0.0	187.28347487637168	187.37340777950698	57.62287426318246	54.50103869151651	54.250216017781426	22.21804783171699
SUCOAS1m_b	7742329729.0	1.0	7742329729.0	0.0	7.4685542081213745	7.410462973194662	2.9398024722605913	4.52119301727429	4.4047968710024765	2.3862005502371817
FUMm_b	3784223156.0	0.0	3784223156.0	1.0	111.68074930638312	106.9823327409564	51.287503905034285	150.93506781215723	143.19261496685078	88.11720834867218
MDHm_b	3617223545.0	0.0	3617223545.0	1.0	319.6804074099779	323.33366953394466	104.28554974833911	390.3363856990922	377.0929512541149	141.599747664112
FUM_b	1814159326.0	0.0	1814159326.0	1.0	34.553486065756616	34.61074616539827	13.946613835598523	68.68498450120369	67.18373800463985	32.26016190514602
MDH_b	3081005621.0	0.0	3081005621.0	1.0	123.17379849992928	121.5162578399833	53.7913522120178	184.90423307272135	179.40303356715395	97.34496810990622
AKGMALtm_b	4424888919.0	0.0	4424888919.0	1.0	273.37080190858927	274.87405793757296	109.74795689927832	303.7872854250262	298.75495457602426	142.40434813085736
PYRt2m_b	1329916506.0	0.0	1329916506.0	1.0	16.44782599928348	16.35236468574284	7.966167033660832	66.09852804026455	63.36783127421008	41.21007299291436
FUMtm_b	1802436519.0	0.0	1802436519.0	1.0	88.11313300976545	86.39762779401528	26.02532286585144	178.7266732960202	186.30729748035372	81.67332639142643
CO2tm_b	1206858537.0	0.0	1206858537.0	1.0	105.47876360729589	100.9761354749452	57.35493001744675	205.7351453600486	212.3651521214119	59.068199164835875
r0801_b	1126313727.0	0.0	1126313727.0	1.0	7.749445890052555	7.609754042937764	3.844621107070177	15.524466774222013	16.020395218368225	4.816299372062161
H2Otm_b	8470937023.0	1.0	8470937023.0	0.0	246.68113147787042	248.81652250635983	33.29663443923005	202.4657012297016	204.44962625625885	28.42790158199732
NH4tm_b	4707673932.0	8.098219887432296e-114	4707673932.0	1.0	105.30455051507205	106.64385921396648	42.94636773804975	110.41025672680978	107.6828546095214	48.33158039466857
NDPK3_b	53323389.0	0.0	53323389.0	1.0	1.7898473202244005e-06	1.7452017147581613e-06	7.787024218457833e-07	9.450528309681373e-06	9.194216156710055e-06	3.4390270240345147e-06
GLUDym_b	7537355458.0	1.0	7537355458.0	0.0	73.69962852533652	73.02216938851052	38.07562860691633	42.34896941555444	43.323653365932614	17.964025699357776
ASPTA_b	3842196004.0	0.0	3842196004.0	1.0	45.58540322590286	42.795007355710126	25.065183863447473	60.40201156189659	55.641066243246044	35.57560482243456
r0074_b	10000000000.0	1.0	10000000000.0	0.0	9.118900883590505e-05	9.224897820105492e-05	2.988686028706484e-05	0.0	0.0	0.0
GLU5SAtmc_b	10000000000.0	1.0	10000000000.0	0.0	9.118900883590472e-05	9.224897820105492e-05	2.9886860287064684e-05	0.0	0.0	0.0
G5SADs_b	10000000000.0	1.0	10000000000.0	0.0	9.118900883590505e-05	9.224897820105492e-05	2.988686028706484e-05	0.0	0.0	0.0
GHMT2r_b	6937499899.0	1.0	6937499899.0	0.0	48.3930277822293	48.66132754086932	20.309740697884035	34.450430147454156	33.80549035440613	16.631934189481594
ALATA_L_b	2280189772.0	0.0	2280189772.0	1.0	0.02881148718838489	0.028288984384219	0.007365632081987728	0.03950820892495598	0.0406138338970045	0.01246800901500139
MTHFC_b	9994575542.0	1.0	9994575542.0	0.0	10.9773401674003	11.157170852223068	0.7420567065414663	4.967691740865217	4.829295757963189	1.598489022632075
MTHFD2i_b	8588766310.0	1.0	8588766310.0	0.0	93.51378962654769	90.35271916940644	40.34428649936968	45.61888447320318	43.778071213109655	20.719763861857256
PTRCtex2_b	10000000000.0	1.0	10000000000.0	0.0	0.0002449932578290061	0.00024553545664115	0.00013485178903895	0.0	0.0	0.0
H2Ot_b	559801996.0	0.0	559801996.0	1.0	19.751415375639432	13.96050596126355	17.703693378976343	96.22024570578546	93.08225670577403	45.398676896733285
PHLACHt_b	6531942522.0	1.0	6531942522.0	0.0	400.9953535038285	403.696801900207	153.8299852759647	307.99147007347295	299.5281865000063	175.64391088946607
