Rxn	statistic_less	pvalue_less	statistic_greater	pvalue_greater	mean_MDAMB231	std_MDAMB231	mean_MDAMB361	std_MDAMB361	result	meanRatio	meanRatio_log
EX_lac__L_e					1.0	0.0	1.0	0.0	0.0	1.0	0.0
EX_glc__D_e_r					1.0	0.0	1.0	0.0	0.0	1.0	0.0
EX_gluIN__L_e					1.0	0.0	1.0	0.0	0.0	1.0	0.0
EX_gluOUT__L_e					1.0	0.0	1.0	0.0	0.0	1.0	0.0
EX_gln__L_e_r					1.0	0.0	1.0	0.0	0.0	1.0	0.0
EX_asp__L_e					1.0	0.0	1.0	0.0	0.0	1.0	0.0
DM_asp__L_e					1.0	0.0	1.0	0.0	0.0	1.0	0.0
EX_co2_e					1.0	0.0	1.0	0.0	0.0	1.0	0.0
EX_h_e_f					1.0	0.0	1.0	0.0	0.0	1.0	0.0
EX_h_e_b					1.0	0.0	1.0	0.0	0.0	1.0	0.0
EX_h2o_e_f					1.0	0.0	1.0	0.0	0.0	1.0	0.0
EX_h2o_e_b					1.0	0.0	1.0	0.0	0.0	1.0	0.0
EX_ump_e_r					1.0	0.0	1.0	0.0	0.0	1.0	0.0
EX_pi_e_r					1.0	0.0	1.0	0.0	0.0	1.0	0.0
EX_nh4_e					1.0	0.0	1.0	0.0	0.0	1.0	0.0
EX_o2_e_r					1.0	0.0	1.0	0.0	0.0	1.0	0.0
EX_arg__L_e_r					1.0	0.0	1.0	0.0	0.0	1.0	0.0
EX_pro__L_e					1.0	0.0	1.0	0.0	0.0	1.0	0.0
EX_leu__L_e_r					1.0	0.0	1.0	0.0	0.0	1.0	0.0
EX_ile__L_e_r					1.0	0.0	1.0	0.0	0.0	1.0	0.0
EX_met__L_e_r					1.0	0.0	1.0	0.0	0.0	1.0	0.0
EX_gly_e_r					1.0	0.0	1.0	0.0	0.0	1.0	0.0
EX_phe__L_e_r					1.0	0.0	1.0	0.0	0.0	1.0	0.0
EX_ser__L_e_r					1.0	0.0	1.0	0.0	0.0	1.0	0.0
EX_ala__L_e_f					1.0	0.0	1.0	0.0	0.0	1.0	0.0
EX_ala__L_e_b					1.0	0.0	1.0	0.0	0.0	1.0	0.0
EX_ribflv_e					1.0	0.0	1.0	0.0	0.0	1.0	0.0
EX_asn__L_e					1.0	0.0	1.0	0.0	0.0	1.0	0.0
EX_fol_e_r					1.0	0.0	1.0	0.0	0.0	1.0	0.0
EX_urea_e					1.0	0.0	1.0	0.0	0.0	1.0	0.0
EX_pyr_e					1.0	0.0	1.0	0.0	0.0	1.0	0.0
PYRt2	15.812389373013744	0.9999532653081944	15.812389373013744	4.673469180556848e-05	80.23409666666667	6.962421034699228	2.3327066666666667	0.2599208115732346	1.0	34.39527901779335	5.104138653854862
EX_gudac_e					1.0	0.0	1.0	0.0	0.0	1.0	0.0
EX_hdca_e_f					1.0	0.0	1.0	0.0	0.0	1.0	0.0
EX_hdca_e_b					1.0	0.0	1.0	0.0	0.0	1.0	0.0
EX_ptrcIN_e					1.0	0.0	1.0	0.0	0.0	1.0	0.0
EX_ptrcOUT_e					1.0	0.0	1.0	0.0	0.0	1.0	0.0
EX_biomassx					1.0	0.0	1.0	0.0	0.0	1.0	0.0
EX_h2o2_e					1.0	0.0	1.0	0.0	0.0	1.0	0.0
EX_gthox_e					1.0	0.0	1.0	0.0	0.0	1.0	0.0
EX_2obut_e					1.0	0.0	1.0	0.0	0.0	1.0	0.0
EX_crn_e					1.0	0.0	1.0	0.0	0.0	1.0	0.0
EX_val__L_e_r					1.0	0.0	1.0	0.0	0.0	1.0	0.0
EX_spmd_e					1.0	0.0	1.0	0.0	0.0	1.0	0.0
EX_sprm_e					1.0	0.0	1.0	0.0	0.0	1.0	0.0
EX_5mthf_e					1.0	0.0	1.0	0.0	0.0	1.0	0.0
EX_tmlys_e_r					1.0	0.0	1.0	0.0	0.0	1.0	0.0
EX_thbpt_e_r					1.0	0.0	1.0	0.0	0.0	1.0	0.0
EX_CE2705_e					1.0	0.0	1.0	0.0	0.0	1.0	0.0
EX_crtn_e					1.0	0.0	1.0	0.0	0.0	1.0	0.0
EX_his__L_e_r					1.0	0.0	1.0	0.0	0.0	1.0	0.0
EX_lys__L_e_r					1.0	0.0	1.0	0.0	0.0	1.0	0.0
EX_carn_e_r					1.0	0.0	1.0	0.0	0.0	1.0	0.0
EX_csn_e_r					1.0	0.0	1.0	0.0	0.0	1.0	0.0
EX_cys__L_e					1.0	0.0	1.0	0.0	0.0	1.0	0.0
EX_cyan_e_r					1.0	0.0	1.0	0.0	0.0	1.0	0.0
EX_tcyntc					1.0	0.0	1.0	0.0	0.0	1.0	0.0
EX_tcynt_e					1.0	0.0	1.0	0.0	0.0	1.0	0.0
EX_so3_e					1.0	0.0	1.0	0.0	0.0	1.0	0.0
EX_thr__L_e_r					1.0	0.0	1.0	0.0	0.0	1.0	0.0
EX_trp__L_e_r					1.0	0.0	1.0	0.0	0.0	1.0	0.0
EX_anth_e					1.0	0.0	1.0	0.0	0.0	1.0	0.0
EX_tyr__L_e_r					1.0	0.0	1.0	0.0	0.0	1.0	0.0
EX_cystinex_r					1.0	0.0	1.0	0.0	0.0	1.0	0.0
EX_3hydroxybutanoatex_r					1.0	0.0	1.0	0.0	0.0	1.0	0.0
EX_gthrd_e_r					1.0	0.0	1.0	0.0	0.0	1.0	0.0
EX_cmp_e_r					1.0	0.0	1.0	0.0	0.0	1.0	0.0
HEX1	13.663315423335677	0.9999169107168858	13.663315423335677	8.308928311416575e-05	40.0418	1.3325147843832723	22.90956333333333	1.1699843401041266	1.0	1.7478203061923634	0.805556868653652
G6PP	-5.053990045073043	0.0036054326433091	-5.053990045073043	0.996394567356691	113.46303666666668	10.331001906657244	168.74265333333335	11.512691583538968	-1.0	0.6724028242138186	-0.5726023107197161
PGI	8.710696347644216	0.9995217185814032	8.710696347644216	0.0004782814185968	94.11592	4.307810102623681	62.39326666666667	2.822809318230488	1.0	1.5084307174171572	0.593048434678782
PFK	4.97973227999656	0.9962006086184638	4.97973227999656	0.003799391381536	156.09096	10.690021792918223	108.70725666666664	8.173477604358842	1.0	1.4358835351592754	0.5219387365828521
FBP	-267.4260155567321	5.864974884673205e-10	-267.4260155567321	0.9999999994135026	0.0745733333333333	0.0036654179691938	25.61529333333333	0.1350157700254149	-1.0	0.0029112816458084665	-8.424129867957916
FBA	12.803523411459825	0.9998927629754242	12.803523411459825	0.0001072370245758	169.46344	16.50260957110319	18.020153333333337	2.734760255577971	1.0	9.40410643934587	3.2332908680687114
TPI	18.9385758580056	0.9999771070116414	18.9385758580056	2.2892988358490987e-05	3670.557823333333	100.62031805652714	1688.8471433333334	108.50864866773354	1.0	2.1734103277627788	1.1199605730207718
GAPD	11.022416008241628	0.999807446567508	11.022416008241628	0.000192553432492	8344.776986666666	209.53649821595928	5155.342196666667	351.49917052855403	1.0	1.6186659717879093	0.6948053015365538
PGK	25.83388920811037	0.9999933313756296	25.83388920811037	6.66862437041562e-06	48.41243666666667	1.7297005178610796	14.978106666666667	0.5983857943018224	1.0	3.2322133727627347	1.6925224399417378
DPGM	45.51934625549813	0.999999303467886	45.51934625549813	6.965321139317747e-07	754.9779199999999	16.78251461983173	150.92255333333333	8.399339911589614	1.0	5.002419474924512	2.3226260389301965
DPGase	45.51934625549813	0.999999303467886	45.51934625549813	6.965321139317747e-07	754.9779199999999	16.78251461983173	150.92255333333333	8.399339911589614	1.0	5.002419474924512	2.3226260389301965
PGM_f	45.51934625549813	0.999999303467886	45.51934625549813	6.965321139317747e-07	754.9779199999999	16.78251461983173	150.92255333333333	8.399339911589614	1.0	5.002419474924512	2.3226260389301965
PGM_b	45.51934625549813	0.999999303467886	45.51934625549813	6.965321139317747e-07	754.9779199999999	16.78251461983173	150.92255333333333	8.399339911589614	1.0	5.002419474924512	2.3226260389301965
ENO_f	58.31676279247693	0.9999997411210396	58.31676279247693	2.588789604748323e-07	2252.304346666667	13.76976880190876	510.9323166666666	39.92118817964996	1.0	4.408224481396575	2.1401976925913537
ENO_b	58.31676279247693	0.9999997411210396	58.31676279247693	2.588789604748323e-07	2252.304346666667	13.76976880190876	510.9323166666666	39.92118817964996	1.0	4.408224481396575	2.1401976925913537
PYK	15.893768803606712	0.9999542028640088	15.893768803606712	4.5797135991156645e-05	1101.9377	40.29878932692891	549.8308366666666	28.09572515255937	1.0	2.004139503488864	1.0029829346742158
LDH_L	16.114821406566314	0.9999566337790312	16.114821406566314	4.3366220968838304e-05	1837.556196666667	137.4377232573135	265.4733933333333	12.0358714442684	1.0	6.921809276605725	2.7911491900607306
r0407	12.803523411459825	0.9998927629754242	12.803523411459825	0.0001072370245758	169.46344	16.50260957110319	18.020153333333337	2.734760255577971	1.0	9.40410643934587	3.2332908680687114
PRPPS	15.973143289836576	0.9999550948376138	15.973143289836576	4.490516238612548e-05	77.03104666666665	4.381306490453379	26.96447333333333	0.6733180808668535	1.0	2.8567606611267022	1.5143801726167818
G6PDH2r	-18.42027342917204	2.5553583592255383e-05	-18.42027342917204	0.9999744464164078	88.86101333333333	8.936052252758051	432.0868066666667	24.789670045915408	-1.0	0.2056554654349471	-2.2816986819300813
PGL	-2.9746342674269424	0.0204779142792219	-2.9746342674269424	0.979522085720778	55.62760333333333	5.868916295020365	70.16816999999999	3.6530197643137208	-1.0	0.7927754612003326	-0.33501578744934296
GND	0.414525856937306	0.6501224129680173	0.414525856937306	0.3498775870319827	88.99552666666666	2.040329052911698	87.66327333333334	4.061481628801106	0.0	1.0151973943326018	0.021760271387541233
RPI	18.91858251026437	0.9999770109780516	18.91858251026437	2.298902194839809e-05	6.88737	0.3399224265426842	1.8828466666666668	0.1562192871859581	1.0	3.6579558611605827	1.8710376668665836
TKT2_f	1.9407455133262936	0.9378645642123415	1.9407455133262936	0.0621354357876583	191.07192666666663	11.511794779489817	172.16420666666667	7.570424739050125	0.0	1.1098237570170892	0.15033059093093104
TKT2_b	1.9407455133262936	0.9378645642123415	1.9407455133262936	0.0621354357876583	191.07192666666663	11.511794779489817	172.16420666666667	7.570424739050125	0.0	1.1098237570170892	0.15033059093093104
RPE_f	24.99232301415791	0.999992391945813	24.99232301415791	7.608054187045579e-06	49.20446666666667	1.2338790952475391	16.219553333333334	1.4004627993472571	1.0	3.0336511527444445	1.6010551959536863
RPE_b	24.99232301415791	0.999992391945813	24.99232301415791	7.608054187045579e-06	49.20446666666667	1.2338790952475391	16.219553333333334	1.4004627993472571	1.0	3.0336511527444445	1.6010551959536863
TKT1_f	1.9407455133262936	0.9378645642123415	1.9407455133262936	0.0621354357876583	191.07192666666663	11.511794779489817	172.16420666666667	7.570424739050125	0.0	1.1098237570170892	0.15033059093093104
TKT1_b	1.9407455133262936	0.9378645642123415	1.9407455133262936	0.0621354357876583	191.07192666666663	11.511794779489817	172.16420666666667	7.570424739050125	0.0	1.1098237570170892	0.15033059093093104
TALA_f	10.023776455534216	0.9997215701650252	10.023776455534216	0.0002784298349747	104.86126	3.1529608321808653	80.17222333333332	1.480554999818949	1.0	1.3079500061263947	0.38730739764643524
TALA_b	10.023776455534216	0.9997215701650252	10.023776455534216	0.0002784298349747	104.86126	3.1529608321808653	80.17222333333332	1.480554999818949	1.0	1.3079500061263947	0.38730739764643524
r0408	4.97973227999656	0.9962006086184638	4.97973227999656	0.003799391381536	156.09096	10.690021792918223	108.70725666666664	8.173477604358842	1.0	1.4358835351592754	0.5219387365828521
PDHm	10.484530594842536	0.9997660973484628	10.484530594842536	0.0002339026515372	5.373006666666666	0.3298058743496778	2.7002399999999995	0.1456069135263387	1.0	1.9898255957495137	0.9926419869630868
PCm	3.434888618143756	0.9867914714377496	3.434888618143756	0.0132085285622504	3.8951533333333335	0.6410881670687392	2.278213333333333	0.1794395408549136	1.0	1.7097403813514687	0.7737772730804865
PEPCK_re	-2.5496732294158946	0.031663680674055	-2.5496732294158946	0.9683363193259448	0.0	0.0	0.3589233333333333	0.1990820784389081	-1.0	0.0	
CSm	11.602241979043391	0.9998423312782524	11.602241979043391	0.0001576687217474	106.06224333333334	1.9464970152273235	64.17082666666666	4.720642374679769	1.0	1.6528109242580018	0.7249216948436598
ACONTm_f	46.83969791098654	0.9999993786355594	46.83969791098654	6.213644405019885e-07	65.98984333333334	0.5796224992949148	15.568353333333334	1.407696500962556	1.0	4.238716961288563	2.083627634197115
ACONTm_b	46.83969791098654	0.9999993786355594	46.83969791098654	6.213644405019885e-07	65.98984333333334	0.5796224992949148	15.568353333333334	1.407696500962556	1.0	4.238716961288563	2.083627634197115
ICDHxm	20.975702936063293	0.9999847347774632	20.975702936063293	1.5265222536725918e-05	14.430926666666666	0.6962538997776282	3.4776933333333333	0.2461471713336466	1.0	4.149568487924946	2.052961318941849
ICDHym_f	-33.7245979720546	2.30564667542734e-06	-33.7245979720546	0.9999976943533246	10.574246666666667	0.8829725191017497	269.26517666666666	10.811999067857696	-1.0	0.039270754568300224	-4.670400870826027
ICDHym_b	-33.7245979720546	2.30564667542734e-06	-33.7245979720546	0.9999976943533246	10.574246666666667	0.8829725191017497	269.26517666666666	10.811999067857696	-1.0	0.039270754568300224	-4.670400870826027
AKGDm	12.500768878126973	0.9998822203543418	12.500768878126973	0.0001177796456581	25.699816666666663	1.9422091556495376	7.86356	0.5471863991365279	1.0	3.268216516013951	1.708503563726065
SUCOAS1m_f	7.390379013355704	0.9991062420776116	7.390379013355704	0.0008937579223885	2.8123066666666667	0.1605527772693106	1.5223566666666668	0.1874949859477728	1.0	1.8473375709152695	0.8854475194800392
SUCOAS1m_b	7.390379013355704	0.9991062420776116	7.390379013355704	0.0008937579223885	2.8123066666666667	0.1605527772693106	1.5223566666666668	0.1874949859477728	1.0	1.8473375709152695	0.8854475194800392
SUCD1m	11.401325974565562	0.9998312092794512	11.401325974565562	0.0001687907205489	17.728076666666666	0.9686992754662762	7.82373	0.7555829551192026	1.0	2.265936665333117	1.180107537289592
FUMm_f	4.296416897390007	0.993659234474046	4.296416897390007	0.0063407655259539	72.1151	6.163255469219713	47.10685	5.45672980216173	1.0	1.530883512695075	0.6143645101069447
FUMm_b	4.296416897390007	0.993659234474046	4.296416897390007	0.0063407655259539	72.1151	6.163255469219713	47.10685	5.45672980216173	1.0	1.530883512695075	0.6143645101069447
MDHm_f	12.873819179577044	0.9998950406533024	12.873819179577044	0.0001049593466975	222.46744666666663	7.540536020577204	125.50066666666667	7.523636876858302	1.0	1.7726395610116277	0.8258992162113079
MDHm_b	12.873819179577044	0.9998950406533024	12.873819179577044	0.0001049593466975	222.46744666666663	7.540536020577204	125.50066666666667	7.523636876858302	1.0	1.7726395610116277	0.8258992162113079
ME1m	17.137833391641582	0.9999659980734932	17.137833391641582	3.4001926506935946e-05	7.648283333333333	0.5268092136838743	1.2439133333333334	0.0420961806132363	1.0	6.1485660844539	2.6202499967850192
ME2m	29.451101058174974	0.9999960428324696	29.451101058174974	3.957167530406072e-06	2.3717200000000003	0.1043767525202171	0.1437433333333333	0.0234807897841807	1.0	16.499686942003112	4.044366746540013
ME2	10.5567470753257	0.999772250330791	10.5567470753257	0.0002277496692089	2.48081	0.1635912377441611	0.9481733333333334	0.1240677990276105	1.0	2.616409798489727	1.3875885224669728
ACITL	47.9667086662201	0.9999994349274122	47.9667086662201	5.65072587834307e-07	81.53460666666668	1.8704413400288404	14.385636666666665	0.6487934470658251	1.0	5.667778809928701	2.502783456907017
FUM_f	4.296416897390007	0.993659234474046	4.296416897390007	0.0063407655259539	72.1151	6.163255469219713	47.10685	5.45672980216173	1.0	1.530883512695075	0.6143645101069447
FUM_b	4.296416897390007	0.993659234474046	4.296416897390007	0.0063407655259539	72.1151	6.163255469219713	47.10685	5.45672980216173	1.0	1.530883512695075	0.6143645101069447
MDH_f	15.563519263599185	0.9999502457043016	15.563519263599185	4.975429569855698e-05	160.53465	8.207255914408917	52.49838	5.386422117181929	1.0	3.0578972151140666	1.612539914305856
MDH_b	15.563519263599185	0.9999502457043016	15.563519263599185	4.975429569855698e-05	160.53465	8.207255914408917	52.49838	5.386422117181929	1.0	3.0578972151140666	1.612539914305856
AKGMALtm_f	3.014896179642143	0.9803198687148316	3.014896179642143	0.0196801312851685	325.5234533333333	15.533101853491951	282.56275	12.838150846995063	1.0	1.1520395145267142	0.20419020153200995
AKGMALtm_b	3.014896179642143	0.9803198687148316	3.014896179642143	0.0196801312851685	325.5234533333333	15.533101853491951	282.56275	12.838150846995063	1.0	1.1520395145267142	0.20419020153200995
ACONT	36.704520012688775	0.9999983552608774	36.704520012688775	1.6447391225449447e-06	44.756953333333335	1.3004702743580463	7.070703333333333	0.6459065098672478	1.0	6.329915317240953	2.6621861991459173
ICDHyr	8.20566542570364	0.9993990410876054	8.20566542570364	0.0006009589123946	57.336270000000006	3.012099700651801	37.547263333333326	1.599733652004469	1.0	1.5270425833964467	0.6107402939607487
PPA	9.642971979224749	0.9996765811526	9.642971979224749	0.0003234188474	73.35074666666667	5.916106464358311	32.884006666666664	0.4700243436485215	1.0	2.230590311277965	1.157425560572919
Complex1ROS	-5.794302336217163	0.0022052133752406	-5.794302336217163	0.9977947866247594	0.1228366666666666	0.0164674412773272	0.6251733333333332	0.121494226291714	-1.0	0.1964841750554512	-2.347514973184099
FADH2ETC	12.824142840294511	0.99989343739614	12.824142840294511	0.00010656260386	5.818826666666666	0.2608030220087353	2.5555000000000003	0.2479700168703197	1.0	2.276981673514641	1.1871226798645467
CYOR_u10mi	-6.082001892796898	0.0018469457782408	-6.082001892796898	0.9981530542217592	13.46113	0.7186719969499296	22.684906666666667	2.020760935758828	-1.0	0.5933958732032106	-0.7529332013181972
CYOOm2i	-3.0860645288318804	0.0183572222368147	-3.0860645288318804	0.9816427777631852	50.47136666666666	6.541386639902038	70.81716666666667	6.643811504497164	-1.0	0.7126996043802938	-0.4886339713605533
ATPS4mi	-1.499525001926459	0.1040583844006907	-1.499525001926459	0.8959416155993093	8.625486666666667	0.8875404604611304	11.10087	2.159261429717733	0.0	0.7770099700894314	-0.36399498440586
GLUCYS	-2.159356243184918	0.0484795090310551	-2.159356243184918	0.9515204909689448	3.69043	0.1004234657172649	4.258399999999999	0.358164798475041	-1.0	0.8666236145031	-0.20652254595084743
GTHS	-8.119255821553395	0.0006256983016357	-8.119255821553395	0.9993743016983644	60.96936	1.7817953241791464	72.57228333333333	0.953752690877231	-1.0	0.8401190812746006	-0.25133426010531434
SPODMm	11.052710787371746	0.9998094935366284	11.052710787371746	0.0001905064633714	9.70935	0.7517371562365849	2.7734566666666667	0.4716734141566834	1.0	3.5008118629339804	1.80768953200197
GTHPi	-6.279013999658558	0.0016423620221534	-6.279013999658558	0.9983576379778466	2907.518063333333	146.14164479495557	3995.9574966666655	196.8248256331188	-1.0	0.7276148622098	-0.4587530832099601
GTHPm	-4.531319410651525	0.0052833576204351	-4.531319410651525	0.9947166423795648	2711.92939	144.87090714818447	3449.53514	178.90424477417395	-1.0	0.7861724203221191	-0.34708234135483784
GDR	2.5289746365587664	0.9676323816305936	2.5289746365587664	0.0323676183694064	14.768046666666663	0.2850675674681745	13.088676666666666	0.8947993632963512	1.0	1.1283070888500821	0.1741597763055451
GTHOr	2.5289746365587664	0.9676323816305936	2.5289746365587664	0.0323676183694064	14.768046666666663	0.2850675674681745	13.088676666666666	0.8947993632963512	1.0	1.1283070888500821	0.1741597763055451
GDRm	2.5289746365587664	0.9676323816305936	2.5289746365587664	0.0323676183694064	14.768046666666663	0.2850675674681745	13.088676666666666	0.8947993632963512	1.0	1.1283070888500821	0.1741597763055451
GTHOm	2.5289746365587664	0.9676323816305936	2.5289746365587664	0.0323676183694064	14.768046666666663	0.2850675674681745	13.088676666666666	0.8947993632963512	1.0	1.1283070888500821	0.1741597763055451
r0885	-7.143662956432571	0.0010156171286969	-7.143662956432571	0.998984382871303	5.3291466666666665	0.9091065387266528	24.02408	3.5875974545741145	-1.0	0.22182521314725334	-2.172504740139749
PYRt2m_f	2.82719518955618	0.976260014928322	2.82719518955618	0.0237399850716779	24.716346666666663	1.6693786756421958	21.32944	0.2888923973846777	1.0	1.1587902292168317	0.2126194251370298
PYRt2m_b	2.82719518955618	0.976260014928322	2.82719518955618	0.0237399850716779	24.716346666666663	1.6693786756421958	21.32944	0.2888923973846777	1.0	1.1587902292168317	0.2126194251370298
HMR_4964	-12.101883929270604	0.0001337193945464	-12.101883929270604	0.9998662806054536	402.95074666666665	57.59863960612978	1214.8961233333332	75.4002508053505	-1.0	0.33167506170081695	-1.5921575534069299
r2420	2.901355815165168	0.9779709897736056	2.901355815165168	0.0220290102263942	608.3372266666667	29.322900430087444	530.3994566666667	24.152826017880862	1.0	1.146941647508098	0.19779199380171206
ATPtm	22.364024914882936	0.9999881653725038	22.364024914882936	1.1834627496204254e-05	2037.45604	84.00655647838722	433.9773933333333	56.78377507520751	1.0	4.694843720661395	2.2310771350506564
FUMtm_f	-7.143662956432571	0.0010156171286969	-7.143662956432571	0.998984382871303	5.3291466666666665	0.9091065387266528	24.02408	3.5875974545741145	-1.0	0.22182521314725334	-2.172504740139749
FUMtm_b	-7.143662956432571	0.0010156171286969	-7.143662956432571	0.998984382871303	5.3291466666666665	0.9091065387266528	24.02408	3.5875974545741145	-1.0	0.22182521314725334	-2.172504740139749
CO2tm_f					1.0	0.0	1.0	0.0	0.0	1.0	0.0
CO2tm_b					1.0	0.0	1.0	0.0	0.0	1.0	0.0
O2tm					1.0	0.0	1.0	0.0	0.0	1.0	0.0
r0801_f	-3.622207010356069	0.0111567364698287	-3.622207010356069	0.9888432635301712	12.280316666666666	1.5356340397879815	17.092023333333334	1.082161088727347	-1.0	0.718482325185998	-0.47697542836501733
r0801_b	-3.622207010356069	0.0111567364698287	-3.622207010356069	0.9888432635301712	12.280316666666666	1.5356340397879815	17.092023333333334	1.082161088727347	-1.0	0.718482325185998	-0.47697542836501733
THD1m	66.22120469140415	0.9999998442338812	66.22120469140415	1.557661188791308e-07	10.755340000000002	0.0662323365132169	1.56706	0.184708253379936	1.0	6.863387489949334	2.778920807988692
H2Otm_f	-4.462182630447338	0.0055707710354664	-4.462182630447338	0.9944292289645336	0.0	0.0	0.1667433333333333	0.0528464885830227	-1.0	0.0	
H2Otm_b	-4.462182630447338	0.0055707710354664	-4.462182630447338	0.9944292289645336	0.0	0.0	0.1667433333333333	0.0528464885830227	-1.0	0.0	
NH4tm_f					1.0	0.0	1.0	0.0	0.0	1.0	0.0
NH4tm_b					1.0	0.0	1.0	0.0	0.0	1.0	0.0
HCO3E	7.881452896077381	0.9992994061349392	7.881452896077381	0.0007005938650607	28.90016	1.380277331770684	19.525816666666667	0.9613873753533944	1.0	1.4800999360675482	0.5656945896390475
HCO3Em	-14.29960904282786	6.946983246430826e-05	-14.29960904282786	0.9999305301675356	0.4007466666666666	0.0064961338929824	1.95326	0.1534041563974066	-1.0	0.205168112113424	-2.285121574813378
GLUN	13.881623039203902	0.9999219302516014	13.881623039203902	7.806974839862934e-05	13.581233333333332	1.1363552742674958	1.7534333333333334	0.4008316771691357	1.0	7.745508811284526	2.953360014406168
GLNS	-18.47637879182757	2.5247584945410937e-05	-18.47637879182757	0.9999747524150544	20.995986666666667	2.0277228584849123	1026.1141266666666	76.90673082745374	-1.0	0.02046164858374201	-5.610933802864837
GLUt2m	-3.786228663742883	0.0096658147040135	-3.786228663742883	0.9903341852959864	70.2238	10.034212023595408	97.94218333333332	2.550305064815233	-1.0	0.7169923888770433	-0.47997029058727586
GLNtm_1					1.0	0.0	1.0	0.0	0.0	1.0	0.0
GLUNm	13.79816798679149	0.9999200572045274	13.79816798679149	7.994279547264682e-05	13.622233333333334	1.110547878491613	2.020173333333333	0.4250991362285064	1.0	6.74310125203778	2.753412260830172
GLUPRT	7.7114964396	0.999239003333664	7.7114964396	0.0007609966663359	10.640123333333332	0.6249839960795438	5.628973333333334	0.6737574549907079	1.0	1.890242270348885	0.9185711549918436
PRAGSr	20.56603085393232	0.9999834916047592	20.56603085393232	1.6508395240859865e-05	63.069903333333336	3.677447610905631	8.618896666666666	0.7043777457365392	1.0	7.317630756295567	2.871376619899319
GARFT	20.56603085393232	0.9999834916047592	20.56603085393232	1.6508395240859865e-05	63.069903333333336	3.677447610905631	8.618896666666666	0.7043777457365392	1.0	7.317630756295567	2.871376619899319
PRFGS	18.10105410663324	0.999972614512962	18.10105410663324	2.738548703793804e-05	54.22656333333333	3.434239320968895	8.598283333333333	0.9562364099019776	1.0	6.306673231284539	2.656879184545954
PRAIS	20.56603085393232	0.9999834916047592	20.56603085393232	1.6508395240859865e-05	63.069903333333336	3.677447610905631	8.618896666666666	0.7043777457365392	1.0	7.317630756295567	2.871376619899319
AIRCr	7.194212515955722	0.999010945511489	7.194212515955722	0.000989054488511	182.07197	13.046810792856611	110.22200333333336	5.4100510927490815	1.0	1.6518659114675858	0.7240965822101133
PRASCSi	7.194212515955722	0.999010945511489	7.194212515955722	0.000989054488511	182.07197	13.046810792856611	110.22200333333336	5.4100510927490815	1.0	1.6518659114675858	0.7240965822101133
ADSL2r	27.32837678882937	0.9999946691177082	27.32837678882937	5.330882291834071e-06	2.356813333333333	0.0679939704843173	0.59309	0.0608865327200249	1.0	3.9737870025347473	1.990514545304701
AICART	15.92695632972992	0.999954578472882	15.92695632972992	4.542152711803311e-05	86.24381	6.200536384561154	16.043006666666667	0.6391382877141867	1.0	5.375788453619043	2.4264763667402494
IMPC	15.92695632972992	0.999954578472882	15.92695632972992	4.542152711803311e-05	86.24381	6.200536384561154	16.043006666666667	0.6391382877141867	1.0	5.375788453619043	2.4264763667402494
ADSS	1.8501693315769177	0.9310187953645938	1.8501693315769177	0.0689812046354062	19.08019333333333	2.3486708343988	15.707263333333335	1.0633364284907922	0.0	1.2147369613930197	0.2806439471005293
ADSL1r	27.32837678882937	0.9999946691177082	27.32837678882937	5.330882291834071e-06	2.356813333333333	0.0679939704843173	0.59309	0.0608865327200249	1.0	3.9737870025347473	1.990514545304701
IMPDH2	20.46513242107007	0.9999831662257126	20.46513242107007	1.6833774287464023e-05	742.3202666666666	26.97128678948455	319.07803	11.312323490656848	1.0	2.326453709980178	1.2181324817238175
GMPS	5.289470390692465	0.9969346581671998	5.289470390692465	0.0030653418328002	25.76496	3.2491621458257	12.943550000000002	1.0927073445651712	1.0	1.9905636398051536	0.9931769962037514
GMPS2	5.289470390692465	0.9969346581671998	5.289470390692465	0.0030653418328002	25.76496	3.2491621458257	12.943550000000002	1.0927073445651712	1.0	1.9905636398051536	0.9931769962037514
GK1	-25.68871777820066	6.819881484061224e-06	-25.68871777820066	0.999993180118516	104.59088333333334	10.413086198728768	419.2352966666666	13.84239157402683	-1.0	0.2494801467455957	-2.003003082255871
RNDR2	13.49684720470097	0.9999128107441996	13.49684720470097	8.718925580036713e-05	69.81535	6.491712159422965	7.457783333333331	0.7412106565762676	1.0	9.361407656877493	3.2267254814009405
ADK1	19.777879808291697	0.99998072312583	19.777879808291697	1.9276874170140426e-05	36.605426666666666	1.0328124151827152	18.05934333333333	0.8318235386720486	1.0	2.026952253524169	1.0193121053735346
RNDR1	13.49684720470097	0.9999128107441996	13.49684720470097	8.718925580036713e-05	69.81535	6.491712159422965	7.457783333333331	0.7412106565762676	1.0	9.361407656877493	3.2267254814009405
CBPS	10.939370091909732	0.999801693393204	10.939370091909732	0.0001983066067958	75.18029	6.858381839418589	19.57739666666667	2.1523938014736577	1.0	3.840157671627773	1.9411655472499645
ASPCT	10.939370091909732	0.999801693393204	10.939370091909732	0.0001983066067958	75.18029	6.858381839418589	19.57739666666667	2.1523938014736577	1.0	3.840157671627773	1.9411655472499645
DHORTS	10.939370091909732	0.999801693393204	10.939370091909732	0.0001983066067958	75.18029	6.858381839418589	19.57739666666667	2.1523938014736577	1.0	3.840157671627773	1.9411655472499645
DHORD9	-1.3908288941867977	0.1183262430064999	-1.3908288941867977	0.8816737569935	9.305356666666666	0.4618397535461364	9.993496666666667	0.5256407153391208	0.0	0.9311412188393184	-0.10292810833971709
ORPT	5.729573876251996	0.9977027470370856	5.729573876251996	0.0022972529629142	30.3569	2.907279870979055	17.90504	0.9969209254833936	1.0	1.6954388261629127	0.7616587308195131
OMPDC	5.729573876251996	0.9977027470370856	5.729573876251996	0.0022972529629142	30.3569	2.907279870979055	17.90504	0.9969209254833936	1.0	1.6954388261629127	0.7616587308195131
UMPK	12.186537181438036	0.9998698776704288	12.186537181438036	0.0001301223295712	38.21960666666667	2.4273056710178795	13.86648	1.4474452083585063	1.0	2.756258738098398	1.4627113244175478
RNDR4	13.49684720470097	0.9999128107441996	13.49684720470097	8.718925580036713e-05	69.81535	6.491712159422965	7.457783333333331	0.7412106565762676	1.0	9.361407656877493	3.2267254814009405
TMDS	1.6057089088833796	0.9081948163085508	1.6057089088833796	0.0918051836914492	35.41048333333333	3.5741630029638465	29.161976666666664	4.184715201829417	0.0	1.214268968735887	0.2800880236376859
URIDK2r	11.301043472050727	0.9998252930213648	11.301043472050727	0.0001747069786352	119.62205	5.912820178854303	60.62049	4.421995502605883	1.0	1.9732940132948449	0.9806059281450437
NDPK2	-21.359927879616595	1.4203740518972098e-05	-21.359927879616595	0.999985796259481	143.22001333333336	15.802079192891744	1307.3455633333333	75.4379947535442	-1.0	0.10955023472766137	-3.190335519367349
NDPK3_f	-21.359927879616595	1.4203740518972098e-05	-21.359927879616595	0.999985796259481	143.22001333333336	15.802079192891744	1307.3455633333333	75.4379947535442	-1.0	0.10955023472766137	-3.190335519367349
NDPK3_b	-21.359927879616595	1.4203740518972098e-05	-21.359927879616595	0.999985796259481	143.22001333333336	15.802079192891744	1307.3455633333333	75.4379947535442	-1.0	0.10955023472766137	-3.190335519367349
CYTK1_r	12.186537181438036	0.9998698776704288	12.186537181438036	0.0001301223295712	38.21960666666667	2.4273056710178795	13.86648	1.4474452083585063	1.0	2.756258738098398	1.4627113244175478
CTPS1	7.897834147888187	0.9993049094381624	7.897834147888187	0.0006950905618376	30.108923333333333	1.929122567495965	19.2575	0.2325906201892063	1.0	1.5634907611752997	0.644770694257543
RNDR3	13.49684720470097	0.9999128107441996	13.49684720470097	8.718925580036713e-05	69.81535	6.491712159422965	7.457783333333331	0.7412106565762676	1.0	9.361407656877493	3.2267254814009405
GDHm	4.086603432918338	0.9924915648216176	4.086603432918338	0.0075084351783825	95.15072666666669	6.645658467633004	70.15091666666666	5.53921626788684	1.0	1.356371822178613	0.43975271865215676
GLUDym_f	4.086603432918338	0.9924915648216176	4.086603432918338	0.0075084351783825	95.15072666666669	6.645658467633004	70.15091666666666	5.53921626788684	1.0	1.356371822178613	0.43975271865215676
GLUDym_b	4.086603432918338	0.9924915648216176	4.086603432918338	0.0075084351783825	95.15072666666669	6.645658467633004	70.15091666666666	5.53921626788684	1.0	1.356371822178613	0.43975271865215676
ASPTA_f	17.29214967824924	0.9999671826001616	17.29214967824924	3.2817399838484155e-05	32.36110333333333	1.2096403125539248	14.606333333333334	0.8032524992941026	1.0	2.2155528423743123	1.1476667364479747
ASPTA_b	17.29214967824924	0.9999671826001616	17.29214967824924	3.2817399838484155e-05	32.36110333333333	1.2096403125539248	14.606333333333334	0.8032524992941026	1.0	2.2155528423743123	1.1476667364479747
ASPTAm	15.238772028953768	0.9999459301414876	15.238772028953768	5.4069858512531946e-05	111.07462	4.859643613867172	56.17623	1.529886073405466	1.0	1.9772530125286087	0.9834974924960725
ASPGLUm	21.912528769505755	0.999987166493782	21.912528769505755	1.283350621813574e-05	7.967276666666667	0.3238969369345065	2.4613066666666668	0.1461656871118829	1.0	3.237010964365811	1.69466225223519
ASPT	4.296416897390007	0.993659234474046	4.296416897390007	0.0063407655259539	72.1151	6.163255469219713	47.10685	5.45672980216173	1.0	1.530883512695075	0.6143645101069447
CBPSam	23.34902412303196	0.9999900286455488	23.34902412303196	9.971354451316324e-06	1.3262266666666669	0.0793371751170632	0.0132033333333333	0.005502365148027	1.0	100.44635193133074	6.650281358164993
OCBTm					0.0	0.0	0.0	0.0	0.0		
ORNt4m	15.061559318882196	0.99994337801326	15.061559318882196	5.6621986739933725e-05	11.15072	0.6403719152700768	3.02807	0.4142532807353491	1.0	3.6824511982880184	1.880666406061019
ARGSS	-13.722725686834682	8.168440943201905e-05	-13.722725686834682	0.999918315590568	4.719919999999999	0.600669458021631	18.17737	1.250047638318904	-1.0	0.25965912560507926	-1.945309165691799
ARGSL	7.631824869854021	0.9992084754600892	7.631824869854021	0.0007915245399108	8.504593333333334	0.4210973937490261	3.8409366666666656	0.7546620953483455	1.0	2.214197752110814	1.1467840763422246
ARGN	-2.0249300424561527	0.0564311023825168	-2.0249300424561527	0.9435688976174832	0.1042866666666666	0.0609046694068324	0.2742633333333333	0.1018976847408985	0.0	0.3802428323144421	-1.3950070418932032
ORNDC	12.31182240280597	0.9998749831201242	12.31182240280597	0.0001250168798757	275.23858	27.318800694504635	36.5912	2.2650925151230927	1.0	7.521988346924944	2.9111140713547394
SPMS	8.297454688338934	0.9994240083749938	8.297454688338934	0.0005759916250061	230.19415	16.648362521679623	123.93990333333332	7.127484553624481	1.0	1.8573045791467055	0.8932104220545667
SPRMS	9.50871069954366	0.9996585930037568	9.50871069954366	0.0003414069962433	273.87308	15.598261512534012	158.00000333333332	7.327418448363809	1.0	1.7333738874815638	0.7935828763311009
ADMDC	14.740458960597556	0.9999383592009468	14.740458960597556	6.164079905318135e-05	90.99706	6.128582042941635	19.11405333333333	3.162676043230198	1.0	4.760741137062156	2.2511861851996757
MTAP	-17.990673655197913	2.805683850441398e-05	-17.990673655197913	0.9999719431614956	0.00745	0.0030824124751023	0.8097966666666666	0.0629956196008015	-1.0	0.009199840289126078	-6.764175468719152
ADPT	-10.454965858885735	0.0002364811333523	-10.454965858885735	0.9997635188666476	483.67488333333336	19.644060473768896	1704.6421166666669	163.9843604657071	-1.0	0.28373984111053924	-1.8173593551421863
MTRI					1.0	0.0	1.0	0.0	0.0	1.0	0.0
MDRPD	-2.180062968508805	0.0473689185734056	-2.180062968508805	0.9526310814265944	0.3904	0.146289344109542	1.2280633333333333	0.5233328954775238	-1.0	0.3178989140082352	-1.6533600068720258
DKMPPD					1.0	0.0	1.0	0.0	0.0	1.0	0.0
SPMDtex2					1.0	0.0	1.0	0.0	0.0	1.0	0.0
SPRMti					1.0	0.0	1.0	0.0	0.0	1.0	0.0
GLYAMDTRc	-5.159103892127297	0.0033510837813223	-5.159103892127297	0.9966489162186776	0.0719566666666666	0.0322193133936084	0.2643066666666666	0.0417378783467594	-1.0	0.2722468849316449	-1.8770125532707218
ARGDr					1.0	0.0	1.0	0.0	0.0	1.0	0.0
r0074_f	-55.52317727965525	3.1498177504322453e-07	-55.52317727965525	0.9999996850182248	0.92203	0.0263084587157818	22.26680333333333	0.5430291589674437	-1.0	0.04140827878152246	-4.593936954344658
r0074_b	-55.52317727965525	3.1498177504322453e-07	-55.52317727965525	0.9999996850182248	0.92203	0.0263084587157818	22.26680333333333	0.5430291589674437	-1.0	0.04140827878152246	-4.593936954344658
GLU5SAtmc_f					1.0	0.0	1.0	0.0	0.0	1.0	0.0
GLU5SAtmc_b					1.0	0.0	1.0	0.0	0.0	1.0	0.0
G5SADs_f	-55.52317727965525	3.1498177504322453e-07	-55.52317727965525	0.9999996850182248	0.92203	0.0263084587157818	22.26680333333333	0.5430291589674437	-1.0	0.04140827878152246	-4.593936954344658
G5SADs_b	-55.52317727965525	3.1498177504322453e-07	-55.52317727965525	0.9999996850182248	0.92203	0.0263084587157818	22.26680333333333	0.5430291589674437	-1.0	0.04140827878152246	-4.593936954344658
PRO1x	2.1850606856999564	0.9528948665121588	2.1850606856999564	0.0471051334878412	132.25738666666666	12.4103384292622	109.10531	8.397493871900114	1.0	1.2121993573609446	0.2776269828244699
P5CR	2.1850606856999564	0.9528948665121588	2.1850606856999564	0.0471051334878412	132.25738666666666	12.4103384292622	109.10531	8.397493871900114	1.0	1.2121993573609446	0.2776269828244699
PROD2					0.0	0.0	0.0	0.0	0.0		
EXRiboflavin					1.0	0.0	1.0	0.0	0.0	1.0	0.0
RBFK	26.69126173789297	0.9999941441260284	26.69126173789297	5.855873971668066e-06	51.265620000000006	2.2519452124922275	8.31679	0.3273060744929734	1.0	6.164111393939249	2.6238929335645134
FMNAT	-7.694930118892726	0.0007672228653935	-7.694930118892726	0.9992327771346065	33.23947666666667	1.5918560154807408	48.2999	2.264323867603748	-1.0	0.6881893475279797	-0.5391225340933443
TransportFAD					1.0	0.0	1.0	0.0	0.0	1.0	0.0
ASNS1	2.418852118466605	0.9635732789648344	2.418852118466605	0.0364267210351655	0.4255333333333334	0.1655661886443673	0.1275066666666666	0.0543067622144997	1.0	3.3373418383352527	1.738699466925681
ASNN	-28.65263853159505	4.415138344788805e-06	-28.65263853159505	0.9999955848616552	0.13294	0.0316386925562145	3.65447	0.1709089946921069	-1.0	0.03637736799043364	-4.780815026238719
METS	14.907703749197482	0.9999410394567044	14.907703749197482	5.896054329569773e-05	7.261516666666666	0.2344611821934614	3.1145666666666667	0.3158964683070845	1.0	2.331469332277363	1.2212394528550101
METAT	22.97039854366077	0.99998935906717	22.97039854366077	1.064093283007735e-05	80.67893333333333	3.926472101495469	12.002113333333334	1.568625045282935	1.0	6.7220606148806015	2.74890355192788
HMR_3915					1.0	0.0	1.0	0.0	0.0	1.0	0.0
AHCi	-2.180062968508805	0.0473689185734056	-2.180062968508805	0.9526310814265944	0.3904	0.146289344109542	1.2280633333333333	0.5233328954775238	-1.0	0.3178989140082352	-1.6533600068720258
ADNK1	4.652636049986617	0.9951787797457068	4.652636049986617	0.0048212202542932	1.4999433333333334	0.1591263641121594	0.9276933333333334	0.0702441287384378	1.0	1.6168525518490307	0.6931881188762167
CYSTS	-13.224903692894072	9.44442961095926e-05	-13.224903692894072	0.9999055557038904	0.0	0.0	0.52658	0.0563101701885784	-1.0	0.0	
CYSTGL	10.082979302736796	0.999727848436782	10.082979302736796	0.0002721515632179	2.093383333333333	0.1586902039264624	0.8438233333333334	0.0743878181484635	1.0	2.480831295650353	1.3108236307547163
MTHFR3	-4.966675837753842	0.0038347964537834	-4.966675837753842	0.9961652035462166	6.555343333333333	0.983009300916776	10.373846666666669	0.4646242800610213	-1.0	0.6319105674076538	-0.6622077027622733
MetSynthesis					1.0	0.0	1.0	0.0	0.0	1.0	0.0
UNK3					1.0	0.0	1.0	0.0	0.0	1.0	0.0
5MTHFt	-22.0428396695997	1.253475006437622e-05	-22.0428396695997	0.9999874652499356	0.8553666666666667	0.0817197056338854	20.25159333333333	1.241727344316062	-1.0	0.04223700587838522	-4.565348622064797
ILETA	46.92438923627807	0.9999993831025512	46.92438923627807	6.168974489004669e-07	11.691433333333334	0.3521221239223056	0.0073599999999999	0.0031458014347168	1.0	1588.5099637681378	10.633458423900649
3MOPt2im					1.0	0.0	1.0	0.0	0.0	1.0	0.0
ILETAm	-4.424165903836286	0.0057368820851583	-4.424165903836286	0.9942631179148416	26.37213	2.2185396818778496	34.44029	1.3151157899845427	-1.0	0.765734841373287	-0.38508319263485413
LEUTA	46.92438923627807	0.9999993831025512	46.92438923627807	6.168974489004669e-07	11.691433333333334	0.3521221239223056	0.0073599999999999	0.0031458014347168	1.0	1588.5099637681378	10.633458423900649
4MOPt2im					1.0	0.0	1.0	0.0	0.0	1.0	0.0
LEUTAm	-4.424165903836286	0.0057368820851583	-4.424165903836286	0.9942631179148416	26.37213	2.2185396818778496	34.44029	1.3151157899845427	-1.0	0.765734841373287	-0.38508319263485413
OIVD1m	-0.1937888421409865	0.4278921952183711	-0.1937888421409865	0.5721078047816289	0.0569466666666666	0.04380235483269	0.06818	0.0692940877708913	0.0	0.8352400508457992	-0.2597372022189626
ACOAD8m	-6.176867630191367	0.001744747006802	-6.176867630191367	0.998255252993198	22.18744333333333	0.3572475203863881	30.55691	1.882620087555284	-1.0	0.7261023229552115	-0.46175522653115936
MCCCrm	-5.116565786900334	0.0034512906623317	-5.116565786900334	0.9965487093376684	3.50695	0.1462176877125335	4.191590000000001	0.1201241768615572	-1.0	0.8366634141220871	-0.2572807450380047
MGCHrm	13.56178873971946	0.9999144395349894	13.56178873971946	8.556046501054243e-05	0.9496133333333332	0.0311089979837916	0.4434666666666667	0.0426382811827848	1.0	2.141340950090198	1.0985145238142455
HMGCOAtm					1.0	0.0	1.0	0.0	0.0	1.0	0.0
VALTA	46.92438923627807	0.9999993831025512	46.92438923627807	6.168974489004669e-07	11.691433333333334	0.3521221239223056	0.0073599999999999	0.0031458014347168	1.0	1588.5099637681378	10.633458423900649
3MOBt2im					1.0	0.0	1.0	0.0	0.0	1.0	0.0
VALTAim	-4.424165903836286	0.0057368820851583	-4.424165903836286	0.9942631179148416	26.37213	2.2185396818778496	34.44029	1.3151157899845427	-1.0	0.765734841373287	-0.38508319263485413
OIVD2m	-0.1937888421409865	0.4278921952183711	-0.1937888421409865	0.5721078047816289	0.0569466666666666	0.04380235483269	0.06818	0.0692940877708913	0.0	0.8352400508457992	-0.2597372022189626
ACOAD9m	8.373509415411721	0.9994437290035204	8.373509415411721	0.0005562709964795	48.056933333333326	3.377290948599025	24.61045	2.0675552210924537	1.0	1.9527043728714155	0.9654735508245912
ECOAH12m	6.314807065915676	0.9983917578064216	6.314807065915676	0.0016082421935783	210.32085	9.907954006981804	152.53068666666667	8.326676934489255	1.0	1.3788756518196579	0.46349235925077314
3HBCOAHLm					1.0	0.0	1.0	0.0	0.0	1.0	0.0
HIBDm	23.4319036441048	0.9999901681319828	23.4319036441048	9.83186801734854e-06	7.1782233333333325	0.1174969679987058	4.678043333333334	0.0946792875389801	1.0	1.5344499445280892	0.6177215842475743
r0643	12.317550541277194	0.9998752105311772	12.317550541277194	0.0001247894688228	254.60501666666664	9.469147882892573	151.26054	7.14982926742078	1.0	1.683221656267171	0.751225171522952
MMSAD1m	-4.49687392568735	0.0054242479579828	-4.49687392568735	0.9945757520420172	5.994293333333334	0.0665907943254087	7.9334	0.606179428882241	-1.0	0.7555768438920683	-0.40434960665232933
MMTSADm					1.0	0.0	1.0	0.0	0.0	1.0	0.0
PCC					1.0	0.0	1.0	0.0	0.0	1.0	0.0
MMALH					1.0	0.0	1.0	0.0	0.0	1.0	0.0
MMEm	-19.8202398828548	1.9113984017134856e-05	-19.8202398828548	0.9999808860159828	1.9234866666666663	0.1364524047261739	8.61377	0.4574473893975855	-1.0	0.2233036947430296	-2.1629209729551526
MMMm	7.059000652848013	0.9989378925522004	7.059000652848013	0.0010621074477994	11.80826	0.8723288135024929	6.72343	0.5261190424862673	1.0	1.7562851104272672	0.8125270669751196
ILEtmi					1.0	0.0	1.0	0.0	0.0	1.0	0.0
LEUt5m					1.0	0.0	1.0	0.0	0.0	1.0	0.0
VALt5m					1.0	0.0	1.0	0.0	0.0	1.0	0.0
PGCD	-16.794238943999773	3.683695670081548e-05	-16.794238943999773	0.9999631630432992	4.252056666666667	0.3847739538424548	22.622163333333333	1.4982969964225683	-1.0	0.18795977219390603	-2.4115041705722
PSERT	24.179830354462734	0.9999913229449874	24.179830354462734	8.677055012697885e-06	53.57004666666666	2.593314618287226	7.75958	0.6734515932616583	1.0	6.9037301847093095	2.787376081436278
PSP_L	32.98247839825527	0.9999974804018196	32.98247839825527	2.519598180292885e-06	12.248833333333332	0.135433647304583	5.966206666666667	0.2328644599093833	1.0	2.053035373676853	1.0377584852100414
GHMT2r_f	3.318474579686941	0.9852897885573388	3.318474579686941	0.014710211442661	17.77935	0.5968318532607533	15.76138	0.6191664312606112	1.0	1.1280325707520535	0.17380872463747835
GHMT2r_b	3.318474579686941	0.9852897885573388	3.318474579686941	0.014710211442661	17.77935	0.5968318532607533	15.76138	0.6191664312606112	1.0	1.1280325707520535	0.17380872463747835
SERD_L	-0.7012377248445815	0.2609025627078272	-0.7012377248445815	0.7390974372921728	10.135736666666666	0.6770136858455835	10.968213333333331	1.5363327439573615	0.0	0.9241009778560108	-0.11387758924984982
ALATA_L_f	-6.718725176049738	0.0012776453126745	-6.718725176049738	0.9987223546873256	11.384949999999998	0.7882705070384574	16.404633333333333	0.7035634105671568	-1.0	0.6940081968712091	-0.5269753924359755
ALATA_L_b	-6.718725176049738	0.0012776453126745	-6.718725176049738	0.9987223546873256	11.384949999999998	0.7882705070384574	16.404633333333333	0.7035634105671568	-1.0	0.6940081968712091	-0.5269753924359755
r1435					1.0	0.0	1.0	0.0	0.0	1.0	0.0
GLYtm_r					1.0	0.0	1.0	0.0	0.0	1.0	0.0
GHMT2rm	13.689122454654903	0.999917524643206	13.689122454654903	8.247535679388609e-05	751.1217066666667	47.99503571422802	261.64768	15.92230646913526	1.0	2.8707371174346616	1.521421224401655
MLTHFtm_r					1.0	0.0	1.0	0.0	0.0	1.0	0.0
r0962	16.71300845541674	0.9999624501814156	16.71300845541674	3.754981858458682e-05	46.52138666666667	3.2537625738041926	7.353593333333333	0.630471937643188	1.0	6.3263474818206795	2.661372799695288
FORtm_r					1.0	0.0	1.0	0.0	0.0	1.0	0.0
r0514	7.739660205734776	0.9992494455540004	7.739660205734776	0.0007505544459997	35.69065666666666	4.028609874190129	13.338333333333331	0.672061083401072	1.0	2.675795826565038	1.4199680370407186
DHFRim	7.739660205734776	0.9992494455540004	7.739660205734776	0.0007505544459997	35.69065666666666	4.028609874190129	13.338333333333331	0.672061083401072	1.0	2.675795826565038	1.4199680370407186
FTHFLmi	16.244491577634264	0.9999579850550896	16.244491577634264	4.201494491042684e-05	29.077373333333338	1.7740314817261715	7.894629999999999	0.5036076274905563	1.0	3.6831838013096676	1.8809533936051523
MTHFCm	-3.6005820738169465	0.011373175030729	-3.6005820738169465	0.988626824969271	28.82698	0.7726740251015741	40.245763333333336	4.41793719914874	-1.0	0.7162736549743661	-0.48141721515299246
MTHFDm	2.030366460573455	0.943917043360364	2.030366460573455	0.0560829566396362	53.78257666666667	2.200526696442368	47.30989333333334	3.934918746813232	0.0	1.1368145831090437	0.1849969667694684
FOLR2	7.739660205734776	0.9992494455540004	7.739660205734776	0.0007505544459997	35.69065666666666	4.028609874190129	13.338333333333331	0.672061083401072	1.0	2.675795826565038	1.4199680370407186
DHFR	7.739660205734776	0.9992494455540004	7.739660205734776	0.0007505544459997	35.69065666666666	4.028609874190129	13.338333333333331	0.672061083401072	1.0	2.675795826565038	1.4199680370407186
FTHFLi	14.998564291073638	0.9999424347427744	14.998564291073638	5.756525722556635e-05	24.955593333333336	1.6158158609885664	7.064130000000001	0.4848266131996743	1.0	3.5327199999622505	1.8207794071187384
FTHFDH	9.027733705008185	0.9995830434982258	9.027733705008185	0.0004169565017741	1.26108	0.1571694323545983	0.2491033333333333	0.0207119809664733	1.0	5.0624774190095145	2.3398435678119043
MTHFC_f	14.998564291073638	0.9999424347427744	14.998564291073638	5.756525722556635e-05	24.955593333333336	1.6158158609885664	7.064130000000001	0.4848266131996743	1.0	3.5327199999622505	1.8207794071187384
MTHFC_b	14.998564291073638	0.9999424347427744	14.998564291073638	5.756525722556635e-05	24.955593333333336	1.6158158609885664	7.064130000000001	0.4848266131996743	1.0	3.5327199999622505	1.8207794071187384
MTHFD	17.016431830235764	0.999965028531644	17.016431830235764	3.4971468356039947e-05	31.510936666666662	1.094511578904287	17.437976666666668	0.4122796418559726	1.0	1.8070294088018235	0.8536199857748962
MTHFD2i_f	-3.6003462179822576	0.0113755631132091	-3.6003462179822576	0.9886244368867908	29.25710666666667	0.7785813207080917	40.65549666666666	4.409064113999201	-1.0	0.7196347127805353	-0.4746633158181601
MTHFD2i_b	-3.6003462179822576	0.0113755631132091	-3.6003462179822576	0.9886244368867908	29.25710666666667	0.7785813207080917	40.65549666666666	4.409064113999201	-1.0	0.7196347127805353	-0.4746633158181601
ACACT1r	12.057507004511828	0.9998643455056976	12.057507004511828	0.0001356544943024	39.92897	2.3550120031541235	15.10471	1.712137275979937	1.0	2.643478093919049	1.4024373713849034
HMGCOAS	0.7034429450506431	0.739715772548369	0.7034429450506431	0.260284227451631	33.66494	1.8084311577349748	30.846353333333337	5.37021287691238	0.0	1.091375036660195	0.1261469500157693
HMGCOAR	9.256908960469726	0.9996213806237628	9.256908960469726	0.0003786193762372	41.42709666666666	2.1995259328217887	22.414910000000003	1.896993026713594	1.0	1.848193754365583	0.8861160088155288
MEVK1	-15.316681478428915	5.2993288347684114e-05	-15.316681478428915	0.9999470067116524	12.603676666666669	0.8656566108002771	42.33616666666666	2.605192069238317	-1.0	0.29770472055019953	-1.748045997058914
PMEVK	-2.692594625893269	0.0272555710342531	-2.692594625893269	0.9727444289657468	16.34098	0.4939026244109252	17.671120000000002	0.4940960603634352	-1.0	0.9247280308209098	-0.11289897388490652
IPDDI	3.369182244681835	0.9859675145021236	3.369182244681835	0.0140324854978765	73.80409333333333	8.411328748270924	50.79752666666667	4.744178556233125	1.0	1.4529072215983216	0.5389425796303712
DPMVD	-6.637567315321082	0.0013368069875427	-6.637567315321082	0.9986631930124572	29.38508	2.627912222316416	81.35238333333332	10.755882071977588	-1.0	0.36120736475042836	-1.469100786286197
DMATT	-21.57736091332701	1.364378146602196e-05	-21.57736091332701	0.999986356218534	2.564686666666667	0.094489151523101	11.762	0.5953545337583868	-1.0	0.2180485178257666	-2.1972789110841418
GRTT	-21.57736091332701	1.364378146602196e-05	-21.57736091332701	0.999986356218534	2.564686666666667	0.094489151523101	11.762	0.5953545337583868	-1.0	0.2180485178257666	-2.1972789110841418
HMR_1465					1.0	0.0	1.0	0.0	0.0	1.0	0.0
HMR_1467					1.0	0.0	1.0	0.0	0.0	1.0	0.0
SMO	-10.388162322186597	0.0002424386955852	-10.388162322186597	0.9997575613044148	10.492703333333331	1.1075930520527637	31.043756666666667	2.5691817868773352	-1.0	0.33799721618743084	-1.5649167306554275
LNSTLS	2.858019288846652	0.976989292951886	2.858019288846652	0.0230107070481139	25.70873	2.8857389876540576	19.106753333333334	1.5311941957468644	1.0	1.3455310565583616	0.42817569058862515
HMR_1477	9.849269304453822	0.9997019881470772	9.849269304453822	0.0002980118529228	2.5475233333333334	0.3399686540779245	0.1283566666666666	0.0712642950961809	1.0	19.847222582907015	4.31086522587169
HMR_1478	9.849269304453822	0.9997019881470772	9.849269304453822	0.0002980118529228	2.5475233333333334	0.3399686540779245	0.1283566666666666	0.0712642950961809	1.0	19.847222582907015	4.31086522587169
HMR_1479	9.849269304453822	0.9997019881470772	9.849269304453822	0.0002980118529228	2.5475233333333334	0.3399686540779245	0.1283566666666666	0.0712642950961809	1.0	19.847222582907015	4.31086522587169
C14STR	-12.083334380384876	0.0001345240602479	-12.083334380384876	0.9998654759397522	88.13767333333334	6.177791507620037	260.6775166666667	19.225597793439057	-1.0	0.3381099929919797	-1.56443543852912
HMR_1490	6.445718900903652	0.9985093529431796	6.445718900903652	0.0014906470568202	52.19532333333333	3.877393709235912	30.53758666666667	2.7468656055260907	1.0	1.7092157249710627	0.7733344951444234
HMR_1493	6.445718900903652	0.9985093529431796	6.445718900903652	0.0014906470568202	52.19532333333333	3.877393709235912	30.53758666666667	2.7468656055260907	1.0	1.7092157249710627	0.7733344951444234
HMR_1494	6.445718900903652	0.9985093529431796	6.445718900903652	0.0014906470568202	52.19532333333333	3.877393709235912	30.53758666666667	2.7468656055260907	1.0	1.7092157249710627	0.7733344951444234
C3STDH1	1.587691729087021	0.9062252826846584	1.587691729087021	0.0937747173153415	10.63288	1.097613014408995	9.376876666666666	0.2165295346033779	0.0	1.133946875700971	0.18135305301555896
HMR_1495	3.1354843841673787	0.9825001629847914	3.1354843841673787	0.0174998370152086	12.49888	1.391385599561339	9.376876666666666	0.2165295346033779	1.0	1.332947040290246	0.4146194614258073
HMR_1500	34.3548636550527	0.9999978584944468	34.3548636550527	2.1415055530878795e-06	9.710583333333334	0.2347403848699424	3.7332866666666655	0.0737552937459784	1.0	2.601081620663116	1.379111671052671
HMR_1502	6.445718900903652	0.9985093529431796	6.445718900903652	0.0014906470568202	52.19532333333333	3.877393709235912	30.53758666666667	2.7468656055260907	1.0	1.7092157249710627	0.7733344951444234
HMR_1503	6.445718900903652	0.9985093529431796	6.445718900903652	0.0014906470568202	52.19532333333333	3.877393709235912	30.53758666666667	2.7468656055260907	1.0	1.7092157249710627	0.7733344951444234
HMR_1504	6.445718900903652	0.9985093529431796	6.445718900903652	0.0014906470568202	52.19532333333333	3.877393709235912	30.53758666666667	2.7468656055260907	1.0	1.7092157249710627	0.7733344951444234
HMR_1505	1.587691729087021	0.9062252826846584	1.587691729087021	0.0937747173153415	10.63288	1.097613014408995	9.376876666666666	0.2165295346033779	0.0	1.133946875700971	0.18135305301555896
HMR_1509	34.3548636550527	0.9999978584944468	34.3548636550527	2.1415055530878795e-06	9.710583333333334	0.2347403848699424	3.7332866666666655	0.0737552937459784	1.0	2.601081620663116	1.379111671052671
CHLSTI_1	-8.77731881892656	0.0004645121273801	-8.77731881892656	0.9995354878726198	42.38049	1.153277481528186	208.6410833333333	26.76329638412196	-1.0	0.20312629383874145	-2.2995510924002436
HMR_1516	-4.48238265065302	0.005484878973724	-4.48238265065302	0.994515121026276	11.298836666666668	0.5524318010598436	15.138113333333331	1.0780038089089583	-1.0	0.7463834110547464	-0.4220111733480274
RE2410C					1.0	0.0	1.0	0.0	0.0	1.0	0.0
DSMSTOLR					1.0	0.0	1.0	0.0	0.0	1.0	0.0
ACCOAC	18.169272690702904	0.9999730194230833	18.169272690702904	2.698057691682793e-05	7.661743333333334	0.4867024943661395	1.3814233333333332	0.0455737382954505	1.0	5.546267497050144	2.4715171993851714
FASN	-2.44392375304702	0.0354539345789173	-2.44392375304702	0.9645460654210828	460.3711533333333	89.51301825676917	666.22373	78.59342551872939	-1.0	0.6910158443820866	-0.5332093041733995
MCAT	-2.44392375304702	0.0354539345789173	-2.44392375304702	0.9645460654210828	460.3711533333333	89.51301825676917	666.22373	78.59342551872939	-1.0	0.6910158443820866	-0.5332093041733995
AcetoacetylACPsynthesis	-2.44392375304702	0.0354539345789173	-2.44392375304702	0.9645460654210828	460.3711533333333	89.51301825676917	666.22373	78.59342551872939	-1.0	0.6910158443820866	-0.5332093041733995
r0691	-2.44392375304702	0.0354539345789173	-2.44392375304702	0.9645460654210828	460.3711533333333	89.51301825676917	666.22373	78.59342551872939	-1.0	0.6910158443820866	-0.5332093041733995
r0681	-2.44392375304702	0.0354539345789173	-2.44392375304702	0.9645460654210828	460.3711533333333	89.51301825676917	666.22373	78.59342551872939	-1.0	0.6910158443820866	-0.5332093041733995
r0682	-2.44392375304702	0.0354539345789173	-2.44392375304702	0.9645460654210828	460.3711533333333	89.51301825676917	666.22373	78.59342551872939	-1.0	0.6910158443820866	-0.5332093041733995
r0760	-2.44392375304702	0.0354539345789173	-2.44392375304702	0.9645460654210828	460.3711533333333	89.51301825676917	666.22373	78.59342551872939	-1.0	0.6910158443820866	-0.5332093041733995
r0761	-2.44392375304702	0.0354539345789173	-2.44392375304702	0.9645460654210828	460.3711533333333	89.51301825676917	666.22373	78.59342551872939	-1.0	0.6910158443820866	-0.5332093041733995
r0762	-2.44392375304702	0.0354539345789173	-2.44392375304702	0.9645460654210828	460.3711533333333	89.51301825676917	666.22373	78.59342551872939	-1.0	0.6910158443820866	-0.5332093041733995
r0763	-2.44392375304702	0.0354539345789173	-2.44392375304702	0.9645460654210828	460.3711533333333	89.51301825676917	666.22373	78.59342551872939	-1.0	0.6910158443820866	-0.5332093041733995
r0764	-2.44392375304702	0.0354539345789173	-2.44392375304702	0.9645460654210828	460.3711533333333	89.51301825676917	666.22373	78.59342551872939	-1.0	0.6910158443820866	-0.5332093041733995
r0694	-2.44392375304702	0.0354539345789173	-2.44392375304702	0.9645460654210828	460.3711533333333	89.51301825676917	666.22373	78.59342551872939	-1.0	0.6910158443820866	-0.5332093041733995
r0695	-2.44392375304702	0.0354539345789173	-2.44392375304702	0.9645460654210828	460.3711533333333	89.51301825676917	666.22373	78.59342551872939	-1.0	0.6910158443820866	-0.5332093041733995
r0765	-2.44392375304702	0.0354539345789173	-2.44392375304702	0.9645460654210828	460.3711533333333	89.51301825676917	666.22373	78.59342551872939	-1.0	0.6910158443820866	-0.5332093041733995
r0766	-2.44392375304702	0.0354539345789173	-2.44392375304702	0.9645460654210828	460.3711533333333	89.51301825676917	666.22373	78.59342551872939	-1.0	0.6910158443820866	-0.5332093041733995
r0692	-2.44392375304702	0.0354539345789173	-2.44392375304702	0.9645460654210828	460.3711533333333	89.51301825676917	666.22373	78.59342551872939	-1.0	0.6910158443820866	-0.5332093041733995
r0693	-2.44392375304702	0.0354539345789173	-2.44392375304702	0.9645460654210828	460.3711533333333	89.51301825676917	666.22373	78.59342551872939	-1.0	0.6910158443820866	-0.5332093041733995
r0767	-2.44392375304702	0.0354539345789173	-2.44392375304702	0.9645460654210828	460.3711533333333	89.51301825676917	666.22373	78.59342551872939	-1.0	0.6910158443820866	-0.5332093041733995
r0768	-2.44392375304702	0.0354539345789173	-2.44392375304702	0.9645460654210828	460.3711533333333	89.51301825676917	666.22373	78.59342551872939	-1.0	0.6910158443820866	-0.5332093041733995
r0769	-2.44392375304702	0.0354539345789173	-2.44392375304702	0.9645460654210828	460.3711533333333	89.51301825676917	666.22373	78.59342551872939	-1.0	0.6910158443820866	-0.5332093041733995
r0770	-2.44392375304702	0.0354539345789173	-2.44392375304702	0.9645460654210828	460.3711533333333	89.51301825676917	666.22373	78.59342551872939	-1.0	0.6910158443820866	-0.5332093041733995
r0712	-2.44392375304702	0.0354539345789173	-2.44392375304702	0.9645460654210828	460.3711533333333	89.51301825676917	666.22373	78.59342551872939	-1.0	0.6910158443820866	-0.5332093041733995
r0713	-2.44392375304702	0.0354539345789173	-2.44392375304702	0.9645460654210828	460.3711533333333	89.51301825676917	666.22373	78.59342551872939	-1.0	0.6910158443820866	-0.5332093041733995
r0701	-2.44392375304702	0.0354539345789173	-2.44392375304702	0.9645460654210828	460.3711533333333	89.51301825676917	666.22373	78.59342551872939	-1.0	0.6910158443820866	-0.5332093041733995
r0702	-2.44392375304702	0.0354539345789173	-2.44392375304702	0.9645460654210828	460.3711533333333	89.51301825676917	666.22373	78.59342551872939	-1.0	0.6910158443820866	-0.5332093041733995
r0771	-2.44392375304702	0.0354539345789173	-2.44392375304702	0.9645460654210828	460.3711533333333	89.51301825676917	666.22373	78.59342551872939	-1.0	0.6910158443820866	-0.5332093041733995
r0772	-2.44392375304702	0.0354539345789173	-2.44392375304702	0.9645460654210828	460.3711533333333	89.51301825676917	666.22373	78.59342551872939	-1.0	0.6910158443820866	-0.5332093041733995
r0696	-2.44392375304702	0.0354539345789173	-2.44392375304702	0.9645460654210828	460.3711533333333	89.51301825676917	666.22373	78.59342551872939	-1.0	0.6910158443820866	-0.5332093041733995
r0697	-2.44392375304702	0.0354539345789173	-2.44392375304702	0.9645460654210828	460.3711533333333	89.51301825676917	666.22373	78.59342551872939	-1.0	0.6910158443820866	-0.5332093041733995
r0773	-2.44392375304702	0.0354539345789173	-2.44392375304702	0.9645460654210828	460.3711533333333	89.51301825676917	666.22373	78.59342551872939	-1.0	0.6910158443820866	-0.5332093041733995
FA160ACPH	-2.443898978824544	0.0354548811409738	-2.443898978824544	0.9645451188590262	460.39658666666656	89.5192309498491	666.2589966666666	78.59680425069263	-1.0	0.6910174406200262	-0.5332059715697863
TMLYStd_r					1.0	0.0	1.0	0.0	0.0	1.0	0.0
TMLYSOX	-21.405216155751543	1.4084777408063989e-05	-21.405216155751543	0.999985915222592	0.0	0.0	0.1779233333333333	0.0117551530071803	-1.0	0.0	
GHMT3	3.318474579686941	0.9852897885573388	3.318474579686941	0.014710211442661	17.77935	0.5968318532607533	15.76138	0.6191664312606112	1.0	1.1280325707520535	0.17380872463747835
TMABADH	12.111667791782304	0.9998667026096756	12.111667791782304	0.0001332973903245	30.87373666666667	1.5982567029805408	14.685703333333333	1.0091523294770164	1.0	2.1022988117014485	1.0719677423359875
BBHOX	-1.0	0.1869504831500295	-1.0	0.8130495168499705	0.0	0.0	0.0014333333333333	0.0020270394394014	0.0	0.0	
SUCFUMtm_r	-7.143662956432571	0.0010156171286969	-7.143662956432571	0.998984382871303	5.3291466666666665	0.9091065387266528	24.02408	3.5875974545741145	-1.0	0.22182521314725334	-2.172504740139749
palmitateActivation	8.986813464901601	0.9995756998737196	8.986813464901601	0.0004243001262802	52.02025	2.5083920121198484	27.49047	2.93404861112877	1.0	1.8923012229328928	0.9201417600521822
carnitineAcylTransferaseI	-23.33429748783786	9.99639732659052e-06	-23.33429748783786	0.9999900036026734	11.217723333333334	0.9904712120781476	32.91405666666666	0.8648926866123664	-1.0	0.3408186188332706	-1.552923943112636
CARN160t_m	30.03416195515964	0.9999963402088756	30.03416195515964	3.6597911245501696e-06	4.011933333333333	0.1662965155644847	0.3866799999999999	0.0385297088837518	1.0	10.375331885107412	3.375085580873718
carnitineAcylTransferaseII	1.4780086508983463	0.8932617814979673	1.4780086508983463	0.1067382185020326	5.647329999999999	0.953913866027746	4.381959999999999	0.7456347465079668	0.0	1.2887680398725685	0.36599262224132845
betaOxidation	4.493659247431192	0.9945623723040836	4.493659247431192	0.0054376276959163	0.0607433333333333	0.0191167244986047	0.0	0.0	1.0	inf	inf
Biomass					1.0	0.0	1.0	0.0	0.0	1.0	0.0
GLCt1_r	-13.6164225440246	8.421946226737005e-05	-13.6164225440246	0.9999157805377326	188.47947	6.748816082430065	389.4987266666667	19.757172512010808	-1.0	0.48390266025516654	-1.0472112244339924
O2t_r					1.0	0.0	1.0	0.0	0.0	1.0	0.0
GLNt_r	14.730540664233004	0.9999381955286896	14.730540664233004	6.180447131031871e-05	413.61873	12.791338176550026	151.02412333333334	21.724476757883547	1.0	2.738759350961967	1.4535225050259686
r0963_r	-22.0428396695997	1.253475006437622e-05	-22.0428396695997	0.9999874652499356	0.8553666666666667	0.0817197056338854	20.25159333333333	1.241727344316062	-1.0	0.04223700587838522	-4.565348622064797
THBPTt_r					1.0	0.0	1.0	0.0	0.0	1.0	0.0
ARGt5r_r	5.2832697504241946	0.9969217582468612	5.2832697504241946	0.0030782417531388	26.30053666666667	1.5707746048650295	16.64186666666667	2.053537336862637	1.0	1.580383811110933	0.6602749730495844
PHEtec_r	-1.8040436088580485	0.0727760178147204	-1.8040436088580485	0.9272239821852796	7.758333333333333	0.926522674100436	9.212956666666663	0.6647075915685695	0.0	0.8421111282769522	-0.24791746535449014
ILEtec_r	-1.6827971137958866	0.0838518295206585	-1.6827971137958866	0.9161481704793416	7.632890000000001	0.930563666423027	8.98133	0.6467167771134442	0.0	0.8498618801447002	-0.2346997018978556
LEUtec_r	-1.6827971137958866	0.0838518295206585	-1.6827971137958866	0.9161481704793416	7.632890000000001	0.930563666423027	8.98133	0.6467167771134442	0.0	0.8498618801447002	-0.2346997018978556
VALtec_r	-1.6827971137958866	0.0838518295206585	-1.6827971137958866	0.9161481704793416	7.632890000000001	0.930563666423027	8.98133	0.6467167771134442	0.0	0.8498618801447002	-0.2346997018978556
METtec_r	-1.6827971137958866	0.0838518295206585	-1.6827971137958866	0.9161481704793416	7.632890000000001	0.930563666423027	8.98133	0.6467167771134442	0.0	0.8498618801447002	-0.2346997018978556
r2526_r	15.104509077397172	0.9999440101026128	15.104509077397172	5.598989738707756e-05	418.08861666666667	12.71496249700678	145.06929333333332	22.17580781726088	1.0	2.881992508959167	1.5270665855815342
GLYt4_r	14.490228419110814	0.9999340590279788	14.490228419110814	6.594097202125222e-05	416.1011066666667	12.66059537349208	151.15945	22.54618255406592	1.0	2.752729694813435	1.460862950980306
r2532_r	14.71967683179591	0.9999380156311718	14.71967683179591	6.198436882828026e-05	412.97631666666666	12.71040662601668	151.0302366666667	21.72130794114439	1.0	2.73439495150982	1.4512216384935455
PROPAT4te_r	22.008151107271768	0.9999873865770856	22.008151107271768	1.2613422914555289e-05	5.112299999999999	0.1109248613551834	1.8807233333333333	0.1755476319660532	1.0	2.7182626542624555	1.4426848643812862
HDCAt	15.805515277223636	0.9999531850218034	15.805515277223636	4.681497819665207e-05	156.22626	4.847416849395157	94.47728666666666	2.651171207527385	1.0	1.6535853802744689	0.7255975387364473
CRNt	-7.56576180093314	0.0008179930628736	-7.56576180093314	0.9991820069371264	5.786490000000001	0.4158942116291916	15.959546666666668	1.8555390379856973	-1.0	0.36257232870440764	-1.4636592711959961
GTHRDt2_r					1.0	0.0	1.0	0.0	0.0	1.0	0.0
DmLact	14.755242401949245	0.9999386021568188	14.755242401949245	6.139784318134573e-05	80.82488666666666	7.164061724661199	5.379556666666666	0.981946415385732	1.0	15.02445120942432	3.909240390189777
UREAt	-13.213928946947696	9.47525743880319e-05	-13.213928946947696	0.999905247425612	0.0079666666666666	0.0030617242781732	0.33464	0.0348277159744936	-1.0	0.023806677822933896	-5.392489880497092
DmBiomass					1.0	0.0	1.0	0.0	0.0	1.0	0.0
NH4t					1.0	0.0	1.0	0.0	0.0	1.0	0.0
PTRCtex2_f					1.0	0.0	1.0	0.0	0.0	1.0	0.0
PTRCtex2_b					1.0	0.0	1.0	0.0	0.0	1.0	0.0
GUDACtr2					1.0	0.0	1.0	0.0	0.0	1.0	0.0
CE2705t	-6.285616637732715	0.0016360015709869	-6.285616637732715	0.998363998429013	79.65179333333333	5.59274968319003	116.04908	5.9818468844998005	-1.0	0.686362988257497	-0.5429563364803094
Dm2oxobutyrate					1.0	0.0	1.0	0.0	0.0	1.0	0.0
H2Ot_f	-2.180062968508805	0.0473689185734056	-2.180062968508805	0.9526310814265944	0.3904	0.146289344109542	1.2280633333333333	0.5233328954775238	-1.0	0.3178989140082352	-1.6533600068720258
H2Ot_b	-2.180062968508805	0.0473689185734056	-2.180062968508805	0.9526310814265944	0.3904	0.146289344109542	1.2280633333333333	0.5233328954775238	-1.0	0.3178989140082352	-1.6533600068720258
PHLACHt_f					1.0	0.0	1.0	0.0	0.0	1.0	0.0
PHLACHt_b					1.0	0.0	1.0	0.0	0.0	1.0	0.0
CO2t					1.0	0.0	1.0	0.0	0.0	1.0	0.0
DmH2O2					1.0	0.0	1.0	0.0	0.0	1.0	0.0
DmGSSG					1.0	0.0	1.0	0.0	0.0	1.0	0.0
GLUt4	-34.526440984867534	2.0993706023842942e-06	-34.526440984867534	0.9999979006293976	0.0	0.0	7.837146666666666	0.321011919854838	-1.0	0.0	
ALAPAT4te	15.251694930095145	0.999946110586228	15.251694930095145	5.388941377195701e-05	444.56576666666666	12.957166805528464	164.17460666666668	22.540497520070165	1.0	2.707883854226583	1.4371658605802629
DmAla	15.251694930095145	0.999946110586228	15.251694930095145	5.388941377195701e-05	444.56576666666666	12.957166805528464	164.17460666666668	22.540497520070165	1.0	2.707883854226583	1.4371658605802629
ASPte_r	17.00921234050254	0.9999649697957028	17.00921234050254	3.503020429727545e-05	1.6810200000000002	0.0629955617484279	0.7671866666666666	0.0424791684894555	1.0	2.1911486122456076	1.1316873368515468
DmAsp	17.00921234050254	0.9999649697957028	17.00921234050254	3.503020429727545e-05	1.6810200000000002	0.0629955617484279	0.7671866666666666	0.0424791684894555	1.0	2.1911486122456076	1.1316873368515468
DmPalm	15.805515277223636	0.9999531850218034	15.805515277223636	4.681497819665207e-05	156.22626	4.847416849395157	94.47728666666666	2.651171207527385	1.0	1.6535853802744689	0.7255975387364473
ATPM					1.0	0.0	1.0	0.0	0.0	1.0	0.0
GACMTRc	-2.559241701869644	0.0313441996032495	-2.559241701869644	0.9686558003967504	102.96663	13.27369948245276	135.60473	12.21018941115439	-1.0	0.7593144427926666	-0.3972306451962194
CKc_cho	-15.544296050684387	4.999751920521988e-05	-15.544296050684387	0.9999500024807948	47.51824	6.947157106428499	236.6283533333333	15.740219461588064	-1.0	0.20081380498414772	-2.316069643837841
CRTNsyn_cho					1.0	0.0	1.0	0.0	0.0	1.0	0.0
CRTNtr					1.0	0.0	1.0	0.0	0.0	1.0	0.0
NDPK1	-21.359927879616595	1.4203740518972098e-05	-21.359927879616595	0.999985796259481	143.22001333333336	15.802079192891744	1307.3455633333333	75.4379947535442	-1.0	0.10955023472766137	-3.190335519367349
NDPK5	-21.359927879616595	1.4203740518972098e-05	-21.359927879616595	0.999985796259481	143.22001333333336	15.802079192891744	1307.3455633333333	75.4379947535442	-1.0	0.10955023472766137	-3.190335519367349
NDPK8	-21.359927879616595	1.4203740518972098e-05	-21.359927879616595	0.999985796259481	143.22001333333336	15.802079192891744	1307.3455633333333	75.4379947535442	-1.0	0.10955023472766137	-3.190335519367349
NDPK7	-21.359927879616595	1.4203740518972098e-05	-21.359927879616595	0.999985796259481	143.22001333333336	15.802079192891744	1307.3455633333333	75.4379947535442	-1.0	0.10955023472766137	-3.190335519367349
DTMPK					1.0	0.0	1.0	0.0	0.0	1.0	0.0
NDPK4	-21.359927879616595	1.4203740518972098e-05	-21.359927879616595	0.999985796259481	143.22001333333336	15.802079192891744	1307.3455633333333	75.4379947535442	-1.0	0.10955023472766137	-3.190335519367349
HIStiDF_r	41.49108286000632	0.9999989916246724	41.49108286000632	1.0083753275591717e-06	1.63473	0.0555951292830586	0.0018466666666666	0.0026115810451823	1.0	885.2328519855915	9.789913181940804
PTRCOX1	1.8074910981769168	0.9275152040276776	1.8074910981769168	0.0724847959723222	7.11076	1.6144201964172769	4.830513333333333	0.7593956439754505	0.0	1.472050589516366	0.5578272529100324
ABUTD					1.0	0.0	1.0	0.0	0.0	1.0	0.0
r0465_1	-3.893805451135132	0.0088168384017949	-3.893805451135132	0.9911831615982052	0.1794333333333333	0.1010178513377159	0.8291666666666666	0.2132654066858685	-1.0	0.21640201005025123	-2.2082141951863052
ABUTH	-2.180062968508805	0.0473689185734056	-2.180062968508805	0.9526310814265944	0.3904	0.146289344109542	1.2280633333333333	0.5233328954775238	-1.0	0.3178989140082352	-1.6533600068720258
GLUDC					1.0	0.0	1.0	0.0	0.0	1.0	0.0
HISDr	-14.917868298996533	5.880237448639375e-05	-14.917868298996533	0.9999411976255136	0.0458733333333333	0.0213793924661628	0.9163333333333332	0.0797019691656917	-1.0	0.05006184066933427	-4.320144852889494
URCN	-2.180062968508805	0.0473689185734056	-2.180062968508805	0.9526310814265944	0.3904	0.146289344109542	1.2280633333333333	0.5233328954775238	-1.0	0.3178989140082352	-1.6533600068720258
IZPN	6.907433902453649	0.9988479160470194	6.907433902453649	0.0011520839529806	1.5100266666666666	0.1053507061622696	0.7107366666666667	0.1252234095083219	1.0	2.124593731386683	1.0871869928975155
GluForTx					1.0	0.0	1.0	0.0	0.0	1.0	0.0
FTCD	-6.429139247216442	0.0015049410002592	-6.429139247216442	0.9984950589997408	0.0522466666666666	0.0218990552815006	0.4022633333333333	0.0738128973975566	-1.0	0.1298817524175704	-2.944729339589571
CARPEPT1tc_r	-14.14408554290487	7.252473250229048e-05	-14.14408554290487	0.9999274752674976	0.0	0.0	0.5416366666666667	0.054156199604067	-1.0	0.0	
NBAHH_ir	-2.180062968508805	0.0473689185734056	-2.180062968508805	0.9526310814265944	0.3904	0.146289344109542	1.2280633333333333	0.5233328954775238	-1.0	0.3178989140082352	-1.6533600068720258
r0283	-3.893805451135132	0.0088168384017949	-3.893805451135132	0.9911831615982052	0.1794333333333333	0.1010178513377159	0.8291666666666666	0.2132654066858685	-1.0	0.21640201005025123	-2.2082141951863052
ASP1DC	1.597400411567269	0.907291952377012	1.597400411567269	0.0927080476229878	1.36674	0.0711558533549184	1.26297	0.0581112249627098	0.0	1.0821634718164328	0.11391844940962659
CSNt_r	-40.5929010992236	1.1004386800629636e-06	-40.5929010992236	0.99999889956132	18.37699333333333	1.822302919647433	79.29572	1.0879131450626005	-1.0	0.2317526511308975	-2.1093422522543697
bAlaSynthesis					1.0	0.0	1.0	0.0	0.0	1.0	0.0
LYSt5r_r	14.780585772041626	0.9999390158880914	14.780585772041626	6.09841119085648e-05	26.17352	1.5518358914739236	9.155596666666668	0.4930630903061213	1.0	2.858745415827623	1.515382147189442
LYStm	15.061559318882196	0.99994337801326	15.061559318882196	5.6621986739933725e-05	11.15072	0.6403719152700768	3.02807	0.4142532807353491	1.0	3.6824511982880184	1.880666406061019
SACCD3m	18.715731125413665	0.9999760076238216	18.715731125413665	2.399237617839029e-05	5.450036666666667	0.3606682420483155	0.5048066666666666	0.0977335375168399	1.0	10.796285046420413	3.432463067729953
r0525	18.715731125413665	0.9999760076238216	18.715731125413665	2.399237617839029e-05	5.450036666666667	0.3606682420483155	0.5048066666666666	0.0977335375168399	1.0	10.796285046420413	3.432463067729953
AASAD3m					1.0	0.0	1.0	0.0	0.0	1.0	0.0
r0450	-16.518768698469636	3.93254629256551e-05	-16.518768698469636	0.9999606745370744	4.400243333333333	0.1835226616948314	13.420783333333333	0.7501481872418425	-1.0	0.3278678467600624	-1.6088136679788363
2OXOADOXm	10.484530594842536	0.9997660973484628	10.484530594842536	0.0002339026515372	5.373006666666666	0.3298058743496778	2.7002399999999995	0.1456069135263387	1.0	1.9898255957495137	0.9926419869630868
GLUTCOADHm	-7.864356240057458	0.000706395102749	-7.864356240057458	0.9992936048972508	7.654683333333334	0.2301974263298545	9.24728	0.170376909233617	-1.0	0.8277767444408879	-0.2726863768230076
3HBCDm	-9.434679423740718	0.0003518572529764	-9.434679423740718	0.9996481427470236	4.546013333333334	0.5161723604464781	9.600873333333332	0.5546842130037193	-1.0	0.47349998021013373	-1.0785637294909407
HACD1m					1.0	0.0	1.0	0.0	0.0	1.0	0.0
HMGCOASm	-28.012433517197923	4.831001575433789e-06	-28.012433517197923	0.9999951689984246	0.0063733333333333	0.0090132544375245	53.25988666666666	2.6884996452461905	-1.0	0.00011966479337858088	-13.028713620661708
CYStec_r	-7.503110908741743	0.0008441121698258	-7.503110908741743	0.9991558878301742	3.789396666666667	0.6022946884669961	8.422826666666667	0.6324072083361764	-1.0	0.4498960760599767	-1.1523363109299494
CYSTA	17.29214967824924	0.9999671826001616	17.29214967824924	3.2817399838484155e-05	32.36110333333333	1.2096403125539248	14.606333333333334	0.8032524992941026	1.0	2.2155528423743123	1.1476667364479747
CYANt_r					1.0	0.0	1.0	0.0	0.0	1.0	0.0
MCPST	-1.86488230882575	0.0678159028515143	-1.86488230882575	0.9321840971484856	59.99776666666666	8.176677539695175	71.10431666666666	2.020152039250731	0.0	0.8437992161282284	-0.24502834756290578
TCYNTt					1.0	0.0	1.0	0.0	0.0	1.0	0.0
CYSO	-1.226519141188385	0.1436322441954454	-1.226519141188385	0.8563677558045545	0.0890466666666666	0.0675622262971123	0.1786799999999999	0.0782084074764343	0.0	0.4983583314678008	-1.0047446475082917
3SALATAi	17.29214967824924	0.9999671826001616	17.29214967824924	3.2817399838484155e-05	32.36110333333333	1.2096403125539248	14.606333333333334	0.8032524992941026	1.0	2.2155528423743123	1.1476667364479747
3SALAASPm	21.912528769505755	0.999987166493782	21.912528769505755	1.283350621813574e-05	7.967276666666667	0.3238969369345065	2.4613066666666668	0.1461656871118829	1.0	3.237010964365811	1.69466225223519
3SALATAim	15.238772028953768	0.9999459301414876	15.238772028953768	5.4069858512531946e-05	111.07462	4.859643613867172	56.17623	1.529886073405466	1.0	1.9772530125286087	0.9834974924960725
3SPYRSP					1.0	0.0	1.0	0.0	0.0	1.0	0.0
3SPYRSPm					1.0	0.0	1.0	0.0	0.0	1.0	0.0
HMR_3951					1.0	0.0	1.0	0.0	0.0	1.0	0.0
ExSulfitem					1.0	0.0	1.0	0.0	0.0	1.0	0.0
PHETHPTOX2					1.0	0.0	1.0	0.0	0.0	1.0	0.0
TYRt_r	-6.914189509131769	0.0011478779007094	-6.914189509131769	0.9988521220992904	0.1254433333333333	0.0118996928064924	0.2316266666666666	0.0181684090907511	-1.0	0.5415755238314529	-0.8847655562050929
TYRTA	-24.84106512916823	7.794046109540082e-06	-24.84106512916823	0.9999922059538904	32.36110333333333	1.2096403125539248	144.06376	6.243178324448751	-1.0	0.2246304228997864	-2.1543747620093874
34HPPOR	-3.163150488469654	0.017040436589266	-3.163150488469654	0.982959563410734	0.0384833333333333	0.020447781189057	0.1776	0.0587404613533125	-1.0	0.21668543543543523	-2.2063259092971483
HGNTOR	-16.508409851732	3.942306866051834e-05	-16.508409851732	0.9999605769313396	0.0	0.0	7.665023333333333	0.6566338036954503	-1.0	0.0	
MACACI	8.31940571870458	0.9994297878191652	8.31940571870458	0.0005702121808348	32.015746666666665	1.3713117905211138	23.01225	0.679661935425742	1.0	1.3912479947274456	0.47637960814308045
FUMAC	9.7531003199391	0.9996904648200864	9.7531003199391	0.0003095351799136	13.994736666666668	0.1398032563601034	9.34102	0.6601546464781318	1.0	1.4982021949066235	0.5832323406886131
AACOAT	3.859454972366305	0.9909221609095868	3.859454972366305	0.0090778390904131	7.42323	0.3473894892864012	6.416946666666667	0.1236239160608586	1.0	1.156816533720087	0.21016007716784818
r2534_r	13.20355907546836	0.999904954985937	13.20355907546836	9.50450140630028e-05	3.843493333333333	0.3455724496477627	0.5585066666666667	0.0661674221619337	1.0	6.881732238349884	2.7827717592763013
THRD_L					1.0	0.0	1.0	0.0	0.0	1.0	0.0
OBDHc					1.0	0.0	1.0	0.0	0.0	1.0	0.0
PPCOAtm					1.0	0.0	1.0	0.0	0.0	1.0	0.0
r1616_r	-8.779671941901158	0.0004640348367913	-8.779671941901158	0.9995359651632084	66.64075000000001	8.299771618629036	209.27247666666668	21.423303275977045	-1.0	0.318440107659961	-1.6509060395396178
TRPO2					1.0	0.0	1.0	0.0	0.0	1.0	0.0
FKYNH					1.0	0.0	1.0	0.0	0.0	1.0	0.0
KYN	12.534010974396605	0.9998834391603584	12.534010974396605	0.0001165608396417	4.4649833333333335	0.4337637172726903	0.6120166666666668	0.0289776584438579	1.0	7.295525720977096	2.8670119435603665
ANTHte					1.0	0.0	1.0	0.0	0.0	1.0	0.0
KYN3OX	-15.141298110266524	5.545545434542707e-05	-15.141298110266524	0.9999445445456544	0.00791	0.0079300819667895	0.8628433333333333	0.0794569503288136	-1.0	0.009167365261364559	-6.769277127781832
HKYNH	12.534010974396605	0.9998834391603584	12.534010974396605	0.0001165608396417	4.4649833333333335	0.4337637172726903	0.6120166666666668	0.0289776584438579	1.0	7.295525720977096	2.8670119435603665
3HAO	-1.0	0.1869504831500295	-1.0	0.8130495168499705	0.0	0.0	0.0115533333333333	0.0163388806906171	0.0	0.0	
PCLAD	1.421382600003084	0.8858716499505738	1.421382600003084	0.1141283500494261	0.01921	0.0052063230787187	0.00895	0.0087808086188004	0.0	2.146368715083799	1.1018979315139086
AM6SAD					1.0	0.0	1.0	0.0	0.0	1.0	0.0
AMCOXO					1.0	0.0	1.0	0.0	0.0	1.0	0.0
2OXOADPTm	11.141012568289533	0.999815307527776	11.141012568289533	0.000184692472224	0.0972266666666666	0.0109990009647341	0.0092133333333333	0.0019596144745558	1.0	10.552821997105674	3.39955694565088
ExCystineGlu					1.0	0.0	1.0	0.0	0.0	1.0	0.0
ExCystineSer					1.0	0.0	1.0	0.0	0.0	1.0	0.0
CystinePyruvate					1.0	0.0	1.0	0.0	0.0	1.0	0.0
CystineReductaseNADPH	5.572140407919101	0.9974584630341654	5.572140407919101	0.0025415369658345	27.71297	0.5890099313820327	21.241766666666667	1.5331449172280565	1.0	1.3046452507873638	0.3836575734578297
CystineReductaseNADH					1.0	0.0	1.0	0.0	0.0	1.0	0.0
CystineGSH					1.0	0.0	1.0	0.0	0.0	1.0	0.0
Ex3HB					1.0	0.0	1.0	0.0	0.0	1.0	0.0
Transport3HB_forward					1.0	0.0	1.0	0.0	0.0	1.0	0.0
bBDH					1.0	0.0	1.0	0.0	0.0	1.0	0.0
OCOAT1m	3.20055110797697	0.9835582345955916	3.20055110797697	0.0164417654044083	4.613286666666667	0.3803570440461902	3.2495	0.4674054929787054	1.0	1.4196912345489052	0.5055771953482554
ACACT1m	11.72019902661194	0.999848437334616	11.72019902661194	0.000151562665384	73.83629666666667	4.28660336235528	35.724	1.6655486625333586	1.0	2.066854122345389	1.0474365675753154
G3PD1ir	-3.094935606025146	0.0181997456360853	-3.094935606025146	0.9818002543639146	0.1875266666666666	0.0762945281276594	1.00212	0.3643209599606735	-1.0	0.18712995117018583	-2.4178876066107455
GLYC3Ptm					1.0	0.0	1.0	0.0	0.0	1.0	0.0
G3PDm					1.0	0.0	1.0	0.0	0.0	1.0	0.0
DHAPtm					1.0	0.0	1.0	0.0	0.0	1.0	0.0
CMPuptake_r					1.0	0.0	1.0	0.0	0.0	1.0	0.0
UMPuptake_r					1.0	0.0	1.0	0.0	0.0	1.0	0.0
Transport_ala_B_c_e					1.0	0.0	1.0	0.0	0.0	1.0	0.0
EX_ala_B					1.0	0.0	1.0	0.0	0.0	1.0	0.0
Transport_octanoyl_ACP_c_e					1.0	0.0	1.0	0.0	0.0	1.0	0.0
EX_octanoyl_ACP					1.0	0.0	1.0	0.0	0.0	1.0	0.0
TMDK1	-8.217232511027744	0.0005977397971882	-8.217232511027744	0.9994022602028116	138.83324000000002	8.422058159693899	281.84441	23.12691683866371	-1.0	0.49258823334477353	-1.0215459288813737
THYMDt1_r	-6.285616637732715	0.0016360015709869	-6.285616637732715	0.998363998429013	79.65179333333333	5.59274968319003	116.04908	5.9818468844998005	-1.0	0.686362988257497	-0.5429563364803094
EX_thymd					1.0	0.0	1.0	0.0	0.0	1.0	0.0
Transport_HC00576_c_e					1.0	0.0	1.0	0.0	0.0	1.0	0.0
EX_HC00576					1.0	0.0	1.0	0.0	0.0	1.0	0.0
Transport_4abut_c_e					1.0	0.0	1.0	0.0	0.0	1.0	0.0
EX_4abut					1.0	0.0	1.0	0.0	0.0	1.0	0.0
