Rxn	statistic_less	pvalue_less	statistic_greater	pvalue_greater	mean_MDAMB231	std_MDAMB231	mean_SKBR3	std_SKBR3	result	meanRatio	meanRatio_log
EX_lac__L_e					1.0	0.0	1.0	0.0	0.0	1.0	0.0
EX_glc__D_e_r					1.0	0.0	1.0	0.0	0.0	1.0	0.0
EX_gluIN__L_e					1.0	0.0	1.0	0.0	0.0	1.0	0.0
EX_gluOUT__L_e					1.0	0.0	1.0	0.0	0.0	1.0	0.0
EX_gln__L_e_r					1.0	0.0	1.0	0.0	0.0	1.0	0.0
EX_asp__L_e					1.0	0.0	1.0	0.0	0.0	1.0	0.0
DM_asp__L_e					1.0	0.0	1.0	0.0	0.0	1.0	0.0
EX_co2_e					1.0	0.0	1.0	0.0	0.0	1.0	0.0
EX_h_e_f					1.0	0.0	1.0	0.0	0.0	1.0	0.0
EX_h_e_b					1.0	0.0	1.0	0.0	0.0	1.0	0.0
EX_h2o_e_f					1.0	0.0	1.0	0.0	0.0	1.0	0.0
EX_h2o_e_b					1.0	0.0	1.0	0.0	0.0	1.0	0.0
EX_ump_e_r					1.0	0.0	1.0	0.0	0.0	1.0	0.0
EX_pi_e_r					1.0	0.0	1.0	0.0	0.0	1.0	0.0
EX_nh4_e					1.0	0.0	1.0	0.0	0.0	1.0	0.0
EX_o2_e_r					1.0	0.0	1.0	0.0	0.0	1.0	0.0
EX_arg__L_e_r					1.0	0.0	1.0	0.0	0.0	1.0	0.0
EX_pro__L_e					1.0	0.0	1.0	0.0	0.0	1.0	0.0
EX_leu__L_e_r					1.0	0.0	1.0	0.0	0.0	1.0	0.0
EX_ile__L_e_r					1.0	0.0	1.0	0.0	0.0	1.0	0.0
EX_met__L_e_r					1.0	0.0	1.0	0.0	0.0	1.0	0.0
EX_gly_e_r					1.0	0.0	1.0	0.0	0.0	1.0	0.0
EX_phe__L_e_r					1.0	0.0	1.0	0.0	0.0	1.0	0.0
EX_ser__L_e_r					1.0	0.0	1.0	0.0	0.0	1.0	0.0
EX_ala__L_e_f					1.0	0.0	1.0	0.0	0.0	1.0	0.0
EX_ala__L_e_b					1.0	0.0	1.0	0.0	0.0	1.0	0.0
EX_ribflv_e					1.0	0.0	1.0	0.0	0.0	1.0	0.0
EX_asn__L_e					1.0	0.0	1.0	0.0	0.0	1.0	0.0
EX_fol_e_r					1.0	0.0	1.0	0.0	0.0	1.0	0.0
EX_urea_e					1.0	0.0	1.0	0.0	0.0	1.0	0.0
EX_pyr_e					1.0	0.0	1.0	0.0	0.0	1.0	0.0
PYRt2	7.495698191959398	0.9991527297187964	7.495698191959398	0.0008472702812036	80.23409666666667	6.962421034699228	28.81798	6.754841651768505	1.0	2.7841679627325258	1.477246248432272
EX_gudac_e					1.0	0.0	1.0	0.0	0.0	1.0	0.0
EX_hdca_e_f					1.0	0.0	1.0	0.0	0.0	1.0	0.0
EX_hdca_e_b					1.0	0.0	1.0	0.0	0.0	1.0	0.0
EX_ptrcIN_e					1.0	0.0	1.0	0.0	0.0	1.0	0.0
EX_ptrcOUT_e					1.0	0.0	1.0	0.0	0.0	1.0	0.0
EX_biomassx					1.0	0.0	1.0	0.0	0.0	1.0	0.0
EX_gthox_e					1.0	0.0	1.0	0.0	0.0	1.0	0.0
EX_2obut_e					1.0	0.0	1.0	0.0	0.0	1.0	0.0
EX_crn_e					1.0	0.0	1.0	0.0	0.0	1.0	0.0
EX_val__L_e_r					1.0	0.0	1.0	0.0	0.0	1.0	0.0
EX_spmd_e					1.0	0.0	1.0	0.0	0.0	1.0	0.0
EX_sprm_e					1.0	0.0	1.0	0.0	0.0	1.0	0.0
EX_5mthf_e					1.0	0.0	1.0	0.0	0.0	1.0	0.0
EX_tmlys_e_r					1.0	0.0	1.0	0.0	0.0	1.0	0.0
EX_thbpt_e_r					1.0	0.0	1.0	0.0	0.0	1.0	0.0
EX_CE2705_e					1.0	0.0	1.0	0.0	0.0	1.0	0.0
EX_crtn_e					1.0	0.0	1.0	0.0	0.0	1.0	0.0
EX_his__L_e_r					1.0	0.0	1.0	0.0	0.0	1.0	0.0
EX_lys__L_e_r					1.0	0.0	1.0	0.0	0.0	1.0	0.0
EX_carn_e_r					1.0	0.0	1.0	0.0	0.0	1.0	0.0
EX_csn_e_r					1.0	0.0	1.0	0.0	0.0	1.0	0.0
EX_cys__L_e					1.0	0.0	1.0	0.0	0.0	1.0	0.0
EX_cyan_e_r					1.0	0.0	1.0	0.0	0.0	1.0	0.0
EX_tcyntc					1.0	0.0	1.0	0.0	0.0	1.0	0.0
EX_tcynt_e					1.0	0.0	1.0	0.0	0.0	1.0	0.0
EX_so3_e					1.0	0.0	1.0	0.0	0.0	1.0	0.0
EX_thr__L_e_r					1.0	0.0	1.0	0.0	0.0	1.0	0.0
EX_trp__L_e_r					1.0	0.0	1.0	0.0	0.0	1.0	0.0
EX_anth_e					1.0	0.0	1.0	0.0	0.0	1.0	0.0
EX_tyr__L_e_r					1.0	0.0	1.0	0.0	0.0	1.0	0.0
EX_cystinex_r					1.0	0.0	1.0	0.0	0.0	1.0	0.0
EX_3hydroxybutanoatex_r					1.0	0.0	1.0	0.0	0.0	1.0	0.0
EX_gthrd_e_r					1.0	0.0	1.0	0.0	0.0	1.0	0.0
EX_cmp_e_r					1.0	0.0	1.0	0.0	0.0	1.0	0.0
HEX1	-3.1775950919374534	0.0168062274711377	-3.1775950919374534	0.9831937725288624	40.0418	1.3325147843832723	47.61937	3.098042834575834	-1.0	0.8408721072958336	-0.2500417048717718
G6PP	0.1676223112395461	0.5624931130453624	0.1676223112395461	0.4375068869546376	113.46303666666668	10.331001906657244	110.47779333333337	22.96988980041674	0.0	1.0270212070974865	0.03846597236544515
PGI	-4.404204288616152	0.0058265024082452	-4.404204288616152	0.9941734975917548	94.11592	4.307810102623681	145.31741	15.866683136944529	-1.0	0.6476575656007082	-0.6266968728112465
PFK	6.520924626524568	0.998572131021424	6.520924626524568	0.0014278689785759	156.09096	10.690021792918223	83.20861000000001	11.643032756651795	1.0	1.8758991407259415	0.9075822622423341
FBP	-3.155089590021726	0.0171728083625107	-3.155089590021726	0.9828271916374892	0.0745733333333333	0.0036654179691938	9.7992	4.358891773497785	-1.0	0.007610145045854079	-7.037860333569245
FBA	6.174739619972351	0.9982530378362736	6.174739619972351	0.0017469621637262	169.46344	16.50260957110319	85.80837666666666	9.73436043643455	1.0	1.9749055579771875	0.9817836637729083
TPI	14.870817295527408	0.9999404610008994	14.870817295527408	5.953899910053589e-05	3670.557823333333	100.62031805652714	2114.56979	108.49864973085543	1.0	1.7358414182836372	0.7956351531360547
GAPD	3.5831484034179173	0.9884486838062944	3.5831484034179173	0.0115513161937055	8344.776986666666	209.53649821595928	6733.50629	600.4322801669891	1.0	1.2392914816251943	0.30951554957553573
PGK	25.42305746725814	0.999992892059454	25.42305746725814	7.107940546090477e-06	48.41243666666667	1.7297005178610796	13.098503333333332	0.931162526677749	1.0	3.6960281212789967	1.8859757335600882
DPGM	47.50749501696751	0.9999994127933194	47.50749501696751	5.87206680672683e-07	754.9779199999999	16.78251461983173	98.14218666666666	10.03296504207782	1.0	7.692695115549358	2.9434891311705305
DPGase	47.50749501696751	0.9999994127933194	47.50749501696751	5.87206680672683e-07	754.9779199999999	16.78251461983173	98.14218666666666	10.03296504207782	1.0	7.692695115549358	2.9434891311705305
PGM_f	47.50749501696751	0.9999994127933194	47.50749501696751	5.87206680672683e-07	754.9779199999999	16.78251461983173	98.14218666666666	10.03296504207782	1.0	7.692695115549358	2.9434891311705305
PGM_b	47.50749501696751	0.9999994127933194	47.50749501696751	5.87206680672683e-07	754.9779199999999	16.78251461983173	98.14218666666666	10.03296504207782	1.0	7.692695115549358	2.9434891311705305
ENO_f	123.20795171546813	0.9999999869870548	123.20795171546813	1.3012945163714149e-08	2252.304346666667	13.76976880190876	1029.90787	2.694843006534266	1.0	2.1868988598627435	1.1288864998791286
ENO_b	123.20795171546813	0.9999999869870548	123.20795171546813	1.3012945163714149e-08	2252.304346666667	13.76976880190876	1029.90787	2.694843006534266	1.0	2.1868988598627435	1.1288864998791286
PYK	22.23843145068961	0.9999878975642446	22.23843145068961	1.2102435755451955e-05	1101.9377	40.29878932692891	369.66841	23.335104252059104	1.0	2.98088143371515	1.575738992439773
LDH_L	2.96478796438487	0.9793212661231502	2.96478796438487	0.0206787338768498	1837.556196666667	137.4377232573135	1430.2387633333335	137.33228271687727	1.0	1.2847898153620407	0.36153236164710345
r0407	6.174739619972351	0.9982530378362736	6.174739619972351	0.0017469621637262	169.46344	16.50260957110319	85.80837666666666	9.73436043643455	1.0	1.9749055579771875	0.9817836637729083
PRPPS	15.464892246941716	0.9999489819717132	15.464892246941716	5.1018028286875885e-05	77.03104666666665	4.381306490453379	23.747116666666667	2.132317159028855	1.0	3.2438063006947506	1.6976876736333633
G6PDH2r	-14.200476170269193	7.139808593109561e-05	-14.200476170269193	0.9999286019140688	88.86101333333333	8.936052252758051	208.31254666666663	7.852620742123121	-1.0	0.4265754259897036	-1.229127237094359
PGL	-1.9173437906095248	0.0638306728410673	-1.9173437906095248	0.9361693271589326	55.62760333333333	5.868916295020365	66.52174666666667	5.488501648242038	0.0	0.836231850797263	-0.25802510040252896
GND	4.176411097235623	0.9930206534986138	4.176411097235623	0.0069793465013861	88.99552666666666	2.040329052911698	67.94484666666666	6.829921440647924	1.0	1.3098201119398116	0.3893686885316121
RPI	5.975964209735413	0.9980299697972318	5.975964209735413	0.0019700302027681	6.88737	0.3399224265426842	4.071886666666667	0.5730517530051037	1.0	1.6914444246156162	0.7582557756251724
TKT2_f	-9.47807702638105	0.0003456838898545	-9.47807702638105	0.9996543161101455	191.07192666666663	11.511794779489817	312.54658666666666	13.999924958233004	-1.0	0.6113390285411957	-0.709955421641186
TKT2_b	-9.47807702638105	0.0003456838898545	-9.47807702638105	0.9996543161101455	191.07192666666663	11.511794779489817	312.54658666666666	13.999924958233004	-1.0	0.6113390285411957	-0.709955421641186
RPE_f	11.589164535016767	0.9998416356273924	11.589164535016767	0.0001583643726075	49.20446666666667	1.2338790952475391	22.61764	3.00057168316306	1.0	2.175490752645575	1.1213408844303963
RPE_b	11.589164535016767	0.9998416356273924	11.589164535016767	0.0001583643726075	49.20446666666667	1.2338790952475391	22.61764	3.00057168316306	1.0	2.175490752645575	1.1213408844303963
TKT1_f	-9.47807702638105	0.0003456838898545	-9.47807702638105	0.9996543161101455	191.07192666666663	11.511794779489817	312.54658666666666	13.999924958233004	-1.0	0.6113390285411957	-0.709955421641186
TKT1_b	-9.47807702638105	0.0003456838898545	-9.47807702638105	0.9996543161101455	191.07192666666663	11.511794779489817	312.54658666666666	13.999924958233004	-1.0	0.6113390285411957	-0.709955421641186
TALA_f	-2.8773624982197115	0.022566364714159	-2.8773624982197115	0.9774336352858408	104.86126	3.1529608321808653	150.79038333333332	22.35272781890737	-1.0	0.6954107926643863	-0.5240626372515576
TALA_b	-2.8773624982197115	0.022566364714159	-2.8773624982197115	0.9774336352858408	104.86126	3.1529608321808653	150.79038333333332	22.35272781890737	-1.0	0.6954107926643863	-0.5240626372515576
r0408	6.520924626524568	0.998572131021424	6.520924626524568	0.0014278689785759	156.09096	10.690021792918223	83.20861000000001	11.643032756651795	1.0	1.8758991407259415	0.9075822622423341
PDHm	0.3070386624672159	0.6129327234585429	0.3070386624672159	0.3870672765414572	5.373006666666666	0.3298058743496778	5.1707600000000005	0.8712072296914591	0.0	1.0391135281209465	0.055353284183932545
PCm	0.2882997959738608	0.6062803050032965	0.2882997959738608	0.3937196949967034	3.8951533333333335	0.6410881670687392	3.73588	0.446569309514212	0.0	1.0426334179184913	0.06023200626337271
PEPCK_re	-5.713589604884015	0.002320702431933	-5.713589604884015	0.9976792975680668	0.0	0.0	0.8956733333333333	0.2216948473816105	-1.0	0.0	
CSm	9.073055907246372	0.9995909940944808	9.073055907246372	0.0004090059055191	106.06224333333334	1.9464970152273235	62.56732333333334	6.494093675919854	1.0	1.6951699015199466	0.7614298773712069
ACONTm_f	81.66901357966576	0.999999932631318	81.66901357966576	6.736868191907673e-08	65.98984333333334	0.5796224992949148	5.524743333333333	0.8719669890285731	1.0	11.944417930727402	3.5782646457168696
ACONTm_b	81.66901357966576	0.999999932631318	81.66901357966576	6.736868191907673e-08	65.98984333333334	0.5796224992949148	5.524743333333333	0.8719669890285731	1.0	11.944417930727402	3.5782646457168696
ICDHxm	21.54957656904692	0.999986286219974	21.54957656904692	1.3713780025903724e-05	14.430926666666666	0.6962538997776282	3.419033333333333	0.1935927950335159	1.0	4.220762203741798	2.0775035506539483
ICDHym_f	-5.237668538061899	0.0031751768263659	-5.237668538061899	0.996824823173634	10.574246666666667	0.8829725191017497	94.42838666666668	22.62408337098225	-1.0	0.11198165128028591	-3.158665735600629
ICDHym_b	-5.237668538061899	0.0031751768263659	-5.237668538061899	0.996824823173634	10.574246666666667	0.8829725191017497	94.42838666666668	22.62408337098225	-1.0	0.11198165128028591	-3.158665735600629
AKGDm	10.823941065623162	0.9997933372269416	10.823941065623162	0.0002066627730584	25.699816666666663	1.9422091556495376	9.33438	0.8943764313009748	1.0	2.7532430291745853	1.4611319624616264
SUCOAS1m_f	7.444918543875668	0.9991306984469376	7.444918543875668	0.0008693015530622	2.8123066666666667	0.1605527772693106	1.1470066666666667	0.2725633295625481	1.0	2.45186601647186	1.2938801443415284
SUCOAS1m_b	7.444918543875668	0.9991306984469376	7.444918543875668	0.0008693015530622	2.8123066666666667	0.1605527772693106	1.1470066666666667	0.2725633295625481	1.0	2.45186601647186	1.2938801443415284
SUCD1m	-0.3107159852621481	0.3857671951081556	-0.3107159852621481	0.6142328048918444	17.728076666666666	0.9686992754662762	18.411526666666667	2.956023863518169	0.0	0.9628792325387465	-0.05457323300064351
FUMm_f	-0.7501937044666452	0.247427443462634	-0.7501937044666452	0.752572556537366	72.1151	6.163255469219713	77.67360333333333	8.47427954402549	0.0	0.9284376790210283	-0.10712302175933071
FUMm_b	-0.7501937044666452	0.247427443462634	-0.7501937044666452	0.752572556537366	72.1151	6.163255469219713	77.67360333333333	8.47427954402549	0.0	0.9284376790210283	-0.10712302175933071
MDHm_f	2.11738823400958	0.9491796899712746	2.11738823400958	0.0508203100287255	222.46744666666663	7.540536020577204	159.29001333333335	41.51728970997853	0.0	1.3966189217470084	0.48193842396514364
MDHm_b	2.11738823400958	0.9491796899712746	2.11738823400958	0.0508203100287255	222.46744666666663	7.540536020577204	159.29001333333335	41.51728970997853	0.0	1.3966189217470084	0.48193842396514364
ME1m	13.214597193288531	0.999905266232303	13.214597193288531	9.473376769705274e-05	7.648283333333333	0.5268092136838743	2.384703333333333	0.1994559136473242	1.0	3.2072263356308475	1.6813261691116823
ME2m	29.8306085026922	0.9999962396682872	29.8306085026922	3.760331712901716e-06	2.3717200000000003	0.1043767525202171	0.0288133333333333	0.0379824848523046	1.0	82.31328088847766	6.363053316860498
ME2	6.343096632451722	0.9984181097576892	6.343096632451722	0.0015818902423107	2.48081	0.1635912377441611	1.3385166666666664	0.1951890245092917	1.0	1.853402398177087	0.8901761435501551
ACITL	2.115705652247988	0.9490832632945976	2.115705652247988	0.0509167367054022	81.53460666666668	1.8704413400288404	71.74485	6.27081249295496	0.0	1.136452395770103	0.1845372531616619
FUM_f	-0.7501937044666452	0.247427443462634	-0.7501937044666452	0.752572556537366	72.1151	6.163255469219713	77.67360333333333	8.47427954402549	0.0	0.9284376790210283	-0.10712302175933071
FUM_b	-0.7501937044666452	0.247427443462634	-0.7501937044666452	0.752572556537366	72.1151	6.163255469219713	77.67360333333333	8.47427954402549	0.0	0.9284376790210283	-0.10712302175933071
MDH_f	4.910807171734884	0.9960090897499292	4.910807171734884	0.0039909102500708	160.53465	8.207255914408917	109.0522	12.347004519391197	1.0	1.4720899715915865	0.5578658491138785
MDH_b	4.910807171734884	0.9960090897499292	4.910807171734884	0.0039909102500708	160.53465	8.207255914408917	109.0522	12.347004519391197	1.0	1.4720899715915865	0.5578658491138785
AKGMALtm_f	-2.270729300428984	0.0428293074895879	-2.270729300428984	0.957170692510412	325.5234533333333	15.533101853491951	355.67994666666664	10.557831775139984	-1.0	0.9152145246985341	-0.12781814663440533
AKGMALtm_b	-2.270729300428984	0.0428293074895879	-2.270729300428984	0.957170692510412	325.5234533333333	15.533101853491951	355.67994666666664	10.557831775139984	-1.0	0.9152145246985341	-0.12781814663440533
ACONT	47.55964172691252	0.9999994153606764	47.55964172691252	5.846393235435805e-07	44.756953333333335	1.3004702743580463	0.6552933333333334	0.1688691182214465	1.0	68.30063889962764	6.093827168761635
ICDHyr	11.61588943728285	0.9998430532024056	11.61588943728285	0.0001569467975942	57.336270000000006	3.012099700651801	18.21964333333333	3.6888353002841177	1.0	3.1469479918468957	1.653953336080069
PPA	-4.713187858545463	0.0046089549198647	-4.713187858545463	0.9953910450801352	73.35074666666667	5.916106464358311	161.15845000000002	25.674296665151324	-1.0	0.4551467618773118	-1.135596278164223
Complex1ROS	-2.5122143557468504	0.0329507458372987	-2.5122143557468504	0.9670492541627012	0.1228366666666666	0.0164674412773272	0.2823566666666666	0.0882765881886144	-1.0	0.43504078765627385	-1.2007774263608115
FADH2ETC	12.842238273316118	0.999894024916452	12.842238273316118	0.000105975083548	5.818826666666666	0.2608030220087353	2.67759	0.2272488118047411	1.0	2.1731582007202994	1.1197932030911903
CYOR_u10mi	-9.231875413470137	0.0003825880895497	-9.231875413470137	0.9996174119104504	13.46113	0.7186719969499296	40.990476666666666	4.155480939869925	-1.0	0.3283965226719735	-1.6064892441128744
CYOOm2i	-4.184126280514802	0.006936023990253	-4.184126280514802	0.9930639760097468	50.47136666666666	6.541386639902038	110.64236	19.256786918410526	-1.0	0.456166758072285	-1.1323667769344306
ATPS4mi	-3.337170148380092	0.0144559219544973	-3.337170148380092	0.9855440780455026	8.625486666666667	0.8875404604611304	55.029203333333335	19.644755480796626	-1.0	0.15674380409286923	-2.6735196788530913
GLUCYS	4.005212503259711	0.9919698306350198	4.005212503259711	0.0080301693649802	3.69043	0.1004234657172649	2.3872066666666667	0.449067684158586	1.0	1.5459197779273406	0.6284654557509398
GTHS	10.073278771260314	0.9997268318617022	10.073278771260314	0.0002731681382977	60.96936	1.7817953241791464	46.39675666666667	1.0054114631775837	1.0	1.3140866814900207	0.39406044372050164
SPODMm	5.257290848677164	0.9968669849632832	5.257290848677164	0.0031330150367167	9.70935	0.7517371562365849	5.281216666666666	0.924000431830106	1.0	1.8384684084791072	0.8785043860478113
GTHPi	5.160838335039795	0.9966529261815816	5.160838335039795	0.0033470738184182	2907.518063333333	146.14164479495557	2041.61197	186.93731624498847	1.0	1.4241286326967084	0.5100794618747756
GTHPm	5.196615165363347	0.996734349436216	5.196615165363347	0.0032656505637841	2711.92939	144.87090714818447	1673.23915	242.72419270962217	1.0	1.6207661588601963	0.6966759565010293
GDR	-1.4972711036042246	0.10433587633853	-1.4972711036042246	0.89566412366147	14.768046666666663	0.2850675674681745	18.25948	3.285410259688533	0.0	0.8087879099879439	-0.3061666633373381
GTHOr	-1.4972711036042246	0.10433587633853	-1.4972711036042246	0.89566412366147	14.768046666666663	0.2850675674681745	18.25948	3.285410259688533	0.0	0.8087879099879439	-0.3061666633373381
GDRm	-1.4972711036042246	0.10433587633853	-1.4972711036042246	0.89566412366147	14.768046666666663	0.2850675674681745	18.25948	3.285410259688533	0.0	0.8087879099879439	-0.3061666633373381
GTHOm	-1.4972711036042246	0.10433587633853	-1.4972711036042246	0.89566412366147	14.768046666666663	0.2850675674681745	18.25948	3.285410259688533	0.0	0.8087879099879439	-0.3061666633373381
r0885	-17.293612972057442	3.280641611791866e-05	-17.293612972057442	0.999967193583882	5.3291466666666665	0.9091065387266528	98.73829	7.584394991524816	-1.0	0.053972442369284154	-4.2116332159285434
PYRt2m_f	-8.076401476614137	0.0006384350658481	-8.076401476614137	0.9993615649341518	24.716346666666663	1.6693786756421958	109.67295333333334	14.782313472480848	-1.0	0.2253641022280607	-2.1496703649231903
PYRt2m_b	-8.076401476614137	0.0006384350658481	-8.076401476614137	0.9993615649341518	24.716346666666663	1.6693786756421958	109.67295333333334	14.782313472480848	-1.0	0.2253641022280607	-2.1496703649231903
HMR_4964	-2.9686136225376853	0.0206004357343982	-2.9686136225376853	0.9793995642656016	402.95074666666665	57.59863960612978	676.97581	117.14826566299853	-1.0	0.5952217800317956	-0.7485007771629106
r2420	4.951190500607566	0.9961226895756866	4.951190500607566	0.0038773104243133	608.3372266666667	29.322900430087444	391.41373	54.58222064458779	1.0	1.5542051288458039	0.6361769277084868
ATPtm	8.813953959368808	0.999542850235775	8.813953959368808	0.0004571497642249	2037.45604	84.00655647838722	1088.1770966666666	127.05221560059503	1.0	1.8723570329142107	0.9048555633942699
FUMtm_f	-17.293612972057442	3.280641611791866e-05	-17.293612972057442	0.999967193583882	5.3291466666666665	0.9091065387266528	98.73829	7.584394991524816	-1.0	0.053972442369284154	-4.2116332159285434
FUMtm_b	-17.293612972057442	3.280641611791866e-05	-17.293612972057442	0.999967193583882	5.3291466666666665	0.9091065387266528	98.73829	7.584394991524816	-1.0	0.053972442369284154	-4.2116332159285434
CO2tm_f					1.0	0.0	1.0	0.0	0.0	1.0	0.0
CO2tm_b					1.0	0.0	1.0	0.0	0.0	1.0	0.0
O2tm					1.0	0.0	1.0	0.0	0.0	1.0	0.0
r0801_f	-1.7750661940803574	0.0752737966485547	-1.7750661940803574	0.9247262033514452	12.280316666666666	1.5356340397879815	23.47272	8.783880639182208	0.0	0.523173993753884	-0.9346372666178783
r0801_b	-1.7750661940803574	0.0752737966485547	-1.7750661940803574	0.9247262033514452	12.280316666666666	1.5356340397879815	23.47272	8.783880639182208	0.0	0.523173993753884	-0.9346372666178783
THD1m	78.50403283300638	0.999999921098777	78.50403283300638	7.890122301621724e-08	10.755340000000002	0.0662323365132169	0.3675366666666666	0.1750184326165548	1.0	29.263311597028878	4.871021136895193
H2Otm_f	-1.975273731981973	0.0597229909751327	-1.975273731981973	0.9402770090248672	0.0	0.0	0.0424133333333333	0.0303661767249169	0.0	0.0	
H2Otm_b	-1.975273731981973	0.0597229909751327	-1.975273731981973	0.9402770090248672	0.0	0.0	0.0424133333333333	0.0303661767249169	0.0	0.0	
NH4tm_f					1.0	0.0	1.0	0.0	0.0	1.0	0.0
NH4tm_b					1.0	0.0	1.0	0.0	0.0	1.0	0.0
HCO3E	6.641885239510536	0.9986664245604364	6.641885239510536	0.0013335754395634	28.90016	1.380277331770684	16.852446666666665	2.1622438326937647	1.0	1.7148940193451634	0.7781194204274663
HCO3Em	8.03662882397108	0.9993494558251148	8.03662882397108	0.0006505441748851	0.4007466666666666	0.0064961338929824	0.24128	0.0272992393056412	1.0	1.6609195402298849	0.7319821866519504
GLUN	11.095016132591054	0.9998123069820022	11.095016132591054	0.0001876930179978	13.581233333333332	1.1363552742674958	3.75809	0.5257760489029526	1.0	3.613865908834895	1.8535429765268416
GLNS	-4.434435926446798	0.0056914236676432	-4.434435926446798	0.9943085763323568	20.995986666666667	2.0277228584849123	356.25101333333333	106.89903748657868	-1.0	0.058935935283982915	-4.0847086262224845
GLUt2m	-1.723503045172964	0.0799466132169785	-1.723503045172964	0.9200533867830216	70.2238	10.034212023595408	106.46234666666663	27.9912185652588	0.0	0.6596116110409491	-0.6003113003512763
GLNtm_1					1.0	0.0	1.0	0.0	0.0	1.0	0.0
GLUNm	11.269598544450728	0.9998233849677192	11.269598544450728	0.0001766150322807	13.622233333333334	1.110547878491613	3.873653333333333	0.5130781988698756	1.0	3.5166371797166502	1.8141964961730996
GLUPRT	6.149415617959042	0.9982264095953824	6.149415617959042	0.0017735904046176	10.640123333333332	0.6249839960795438	6.405283333333333	0.7469222034604553	1.0	1.661147958586271	0.7321805799902211
PRAGSr	16.66656299744489	0.999962034850426	16.66656299744489	3.796514957406196e-05	63.069903333333336	3.677447610905631	17.341826666666666	1.2378112682293516	1.0	3.6368662047904223	1.862695852041569
GARFT	16.66656299744489	0.999962034850426	16.66656299744489	3.796514957406196e-05	63.069903333333336	3.677447610905631	17.341826666666666	1.2378112682293516	1.0	3.6368662047904223	1.862695852041569
PRFGS	8.951821879211371	0.9995692926423762	8.951821879211371	0.0004307073576239	54.22656333333333	3.434239320968895	21.00678333333333	3.9684162600239183	1.0	2.581383473750939	1.3681444748624083
PRAIS	16.66656299744489	0.999962034850426	16.66656299744489	3.796514957406196e-05	63.069903333333336	3.677447610905631	17.341826666666666	1.2378112682293516	1.0	3.6368662047904223	1.862695852041569
AIRCr	3.512601712814318	0.9876930210632588	3.512601712814318	0.0123069789367412	182.07197	13.046810792856611	141.06354000000002	10.118107080569304	1.0	1.2907089245030996	0.36816368652956083
PRASCSi	3.512601712814318	0.9876930210632588	3.512601712814318	0.0123069789367412	182.07197	13.046810792856611	141.06354000000002	10.118107080569304	1.0	1.2907089245030996	0.36816368652956083
ADSL2r	5.054072750994807	0.9963947765620425	5.054072750994807	0.0036052234379576	2.356813333333333	0.0679939704843173	1.5962500000000002	0.2016641584417023	1.0	1.4764688070999736	0.5621508774217178
AICART	14.628893665102549	0.9999364865222036	14.628893665102549	6.35134777965034e-05	86.24381	6.200536384561154	20.70601333333333	1.3017607375994855	1.0	4.16515765790421	2.058371104947795
IMPC	14.628893665102549	0.9999364865222036	14.628893665102549	6.35134777965034e-05	86.24381	6.200536384561154	20.70601333333333	1.3017607375994855	1.0	4.16515765790421	2.058371104947795
ADSS	6.559004708279161	0.9986026766756276	6.559004708279161	0.0013973233243721	19.08019333333333	2.3486708343988	8.064100000000002	0.3541704072900504	1.0	2.3660660623421492	1.2424903553695286
ADSL1r	5.054072750994807	0.9963947765620425	5.054072750994807	0.0036052234379576	2.356813333333333	0.0679939704843173	1.5962500000000002	0.2016641584417023	1.0	1.4764688070999736	0.5621508774217178
IMPDH2	5.131669203911472	0.9965847016977926	5.131669203911472	0.0034152983022074	742.3202666666666	26.97128678948455	562.84782	41.458913017945854	1.0	1.3188649583233114	0.3992968512223822
GMPS	0.2972314404706713	0.6094567538798739	0.2972314404706713	0.3905432461201261	25.76496	3.2491621458257	24.93334	2.2581606030277523	0.0	1.033353734397397	0.04733419757520981
GMPS2	0.2972314404706713	0.6094567538798739	0.2972314404706713	0.3905432461201261	25.76496	3.2491621458257	24.93334	2.2581606030277523	0.0	1.033353734397397	0.04733419757520981
GK1	-4.299788477603213	0.0063238677653119	-4.299788477603213	0.993676132234688	104.59088333333334	10.413086198728768	204.6620533333333	31.22307109195841	-1.0	0.5110418938433402	-0.9684865306078183
RNDR2	12.47622160861067	0.9998813101458696	12.47622160861067	0.0001186898541305	69.81535	6.491712159422965	10.058383333333332	1.9337847602449336	1.0	6.941011063739535	2.795145828567245
ADK1	0.2271820139213842	0.5842894619058081	0.2271820139213842	0.4157105380941918	36.605426666666666	1.0328124151827152	36.33220333333333	1.3513303206429177	0.0	1.0075201421402005	0.010808681110868152
RNDR1	12.47622160861067	0.9998813101458696	12.47622160861067	0.0001186898541305	69.81535	6.491712159422965	10.058383333333332	1.9337847602449336	1.0	6.941011063739535	2.795145828567245
CBPS	8.976496252242953	0.9995738230703102	8.976496252242953	0.0004261769296898	75.18029	6.858381839418589	20.18209	5.295346328787192	1.0	3.7250993331215945	1.8972788968476026
ASPCT	8.976496252242953	0.9995738230703102	8.976496252242953	0.0004261769296898	75.18029	6.858381839418589	20.18209	5.295346328787192	1.0	3.7250993331215945	1.8972788968476026
DHORTS	8.976496252242953	0.9995738230703102	8.976496252242953	0.0004261769296898	75.18029	6.858381839418589	20.18209	5.295346328787192	1.0	3.7250993331215945	1.8972788968476026
DHORD9	-9.290520066752752	0.0003733707849332	-9.290520066752752	0.9996266292150668	9.305356666666666	0.4618397535461364	13.813253333333334	0.5075141397263943	-1.0	0.6736542393102662	-0.5699197931313986
ORPT	5.174185604635444	0.9966835894153936	5.174185604635444	0.0033164105846064	30.3569	2.907279870979055	17.597763333333333	1.925944862092948	1.0	1.7250430878621128	0.7866323977566859
OMPDC	5.174185604635444	0.9966835894153936	5.174185604635444	0.0033164105846064	30.3569	2.907279870979055	17.597763333333333	1.925944862092948	1.0	1.7250430878621128	0.7866323977566859
UMPK	3.619540504220454	0.9888168423108148	3.619540504220454	0.0111831576891852	38.21960666666667	2.4273056710178795	25.24871333333333	4.448842623104975	1.0	1.5137249238046984	0.5981030605952381
RNDR4	12.47622160861067	0.9998813101458696	12.47622160861067	0.0001186898541305	69.81535	6.491712159422965	10.058383333333332	1.9337847602449336	1.0	6.941011063739535	2.795145828567245
TMDS	7.26211012545653	0.99904528875631	7.26211012545653	0.0009547112436899	35.41048333333333	3.5741630029638465	14.164636666666668	2.0840669649563144	1.0	2.499921753493618	1.321882939842024
URIDK2r	14.729892400072762	0.9999381848121548	14.729892400072762	6.181518784510422e-05	119.62205	5.912820178854303	37.585366666666665	5.203366353495484	1.0	3.1826761478979853	1.6702403635111738
NDPK2	-6.916967965079782	0.0011461535255617	-6.916967965079782	0.9988538464744384	143.22001333333336	15.802079192891744	469.45688	64.80213093265837	-1.0	0.3050759706265959	-1.7127595446760995
NDPK3_f	-6.916967965079782	0.0011461535255617	-6.916967965079782	0.9988538464744384	143.22001333333336	15.802079192891744	469.45688	64.80213093265837	-1.0	0.3050759706265959	-1.7127595446760995
NDPK3_b	-6.916967965079782	0.0011461535255617	-6.916967965079782	0.9988538464744384	143.22001333333336	15.802079192891744	469.45688	64.80213093265837	-1.0	0.3050759706265959	-1.7127595446760995
CYTK1_r	3.619540504220454	0.9888168423108148	3.619540504220454	0.0111831576891852	38.21960666666667	2.4273056710178795	25.24871333333333	4.448842623104975	1.0	1.5137249238046984	0.5981030605952381
CTPS1	3.1124359478136823	0.9821062871318592	3.1124359478136823	0.0178937128681408	30.108923333333333	1.929122567495965	25.827736666666667	0.2500828984334762	1.0	1.1657592657815803	0.22126989666816615
RNDR3	12.47622160861067	0.9998813101458696	12.47622160861067	0.0001186898541305	69.81535	6.491712159422965	10.058383333333332	1.9337847602449336	1.0	6.941011063739535	2.795145828567245
GDHm	11.84352090398106	0.9998545097830808	11.84352090398106	0.0001454902169193	95.15072666666669	6.645658467633004	31.73535	3.629765399205115	1.0	2.9982567284327	1.584123920637061
GLUDym_f	11.84352090398106	0.9998545097830808	11.84352090398106	0.0001454902169193	95.15072666666669	6.645658467633004	31.73535	3.629765399205115	1.0	2.9982567284327	1.584123920637061
GLUDym_b	11.84352090398106	0.9998545097830808	11.84352090398106	0.0001454902169193	95.15072666666669	6.645658467633004	31.73535	3.629765399205115	1.0	2.9982567284327	1.584123920637061
ASPTA_f	4.411586203686399	0.9942068357706836	4.411586203686399	0.0057931642293162	32.36110333333333	1.2096403125539248	23.68499333333333	2.504457799422638	1.0	1.3663125371367355	0.450287530628923
ASPTA_b	4.411586203686399	0.9942068357706836	4.411586203686399	0.0057931642293162	32.36110333333333	1.2096403125539248	23.68499333333333	2.504457799422638	1.0	1.3663125371367355	0.450287530628923
ASPTAm	-3.7418249784453512	0.0100445906067175	-3.7418249784453512	0.9899554093932824	111.07462	4.859643613867172	134.01264999999998	7.179267147910477	-1.0	0.8288368299559782	-0.2708399832549129
ASPGLUm	8.19765232856456	0.9993967984570086	8.19765232856456	0.0006032015429914	7.967276666666667	0.3238969369345065	4.364313333333333	0.5305013443484905	1.0	1.8255510221539246	0.8683319910843733
ASPT	-0.7501937044666452	0.247427443462634	-0.7501937044666452	0.752572556537366	72.1151	6.163255469219713	77.67360333333333	8.47427954402549	0.0	0.9284376790210283	-0.10712302175933071
CBPSam	-5.727851726317084	0.0022997654123281	-5.727851726317084	0.9977002345876718	1.3262266666666669	0.0793371751170632	13.616013333333331	3.0333259238920496	-1.0	0.09740198060910636	-3.3599050808563926
OCBTm					0.0	0.0	0.0	0.0	0.0		
ORNt4m	17.711109817505857	0.999970148642441	17.711109817505857	2.985135755887609e-05	11.15072	0.6403719152700768	3.11287	0.0429987627728984	1.0	3.5821348144959475	1.8408196345167112
ARGSS	-11.124010094583854	0.0001857946196848	-11.124010094583854	0.9998142053803152	4.719919999999999	0.600669458021631	65.43996	7.696032499883731	-1.0	0.07212596095718884	-3.7933375544022505
ARGSL	-0.2176495573424596	0.4191770211923031	-0.2176495573424596	0.5808229788076968	8.504593333333334	0.4210973937490261	8.601516666666667	0.468288139669964	0.0	0.9887318321768835	-0.016348814398388898
ARGN	-1.0742023911981853	0.1716066949219432	-1.0742023911981853	0.8283933050780568	0.1042866666666666	0.0609046694068324	0.1829933333333333	0.0838305920028932	0.0	0.5698932565849391	-0.8112363731835128
ORNDC	8.457021266230294	0.9994644294906858	8.457021266230294	0.0005355705093141	275.23858	27.318800694504635	111.08134	2.6904666049342927	1.0	2.4778111247127557	1.3090662198330458
SPMS	-5.796425161309057	0.0022022721838859	-5.796425161309057	0.997797727816114	230.19415	16.648362521679623	540.0183699999999	73.73487869909238	-1.0	0.42627096185635327	-1.2301573145390974
SPRMS	-5.586613386197881	0.0025177924294823	-5.586613386197881	0.9974822075705176	273.87308	15.598261512534012	570.49806	73.45062664108637	-1.0	0.48005961667950287	-1.0587145154137458
ADMDC	10.178734780331814	0.99973763539121	10.178734780331814	0.0002623646087898	90.99706	6.128582042941635	36.918053333333326	4.346854494016973	1.0	2.4648390633814574	1.301493451860289
MTAP	-8.163163892793191	0.0006129729153804	-8.163163892793191	0.9993870270846196	0.00745	0.0030824124751023	3.131686666666667	0.5412443354797247	-1.0	0.0023789097674735446	-8.71548373357464
ADPT	-9.37326742595484	0.000360828807956	-9.37326742595484	0.999639171192044	483.67488333333336	19.644060473768896	775.4159566666667	39.39057285191669	-1.0	0.6237618392746771	-0.6809328011897431
MTRI					1.0	0.0	1.0	0.0	0.0	1.0	0.0
MDRPD	-16.425693955747153	4.021339281288437e-05	-16.425693955747153	0.9999597866071872	0.3904	0.146289344109542	2.38121	0.0893239993879957	-1.0	0.16395026058180506	-2.6086699001415723
DKMPPD					1.0	0.0	1.0	0.0	0.0	1.0	0.0
SPMDtex2					1.0	0.0	1.0	0.0	0.0	1.0	0.0
SPRMti					1.0	0.0	1.0	0.0	0.0	1.0	0.0
GLYAMDTRc	0.8881476990265827	0.7876787003028365	0.8881476990265827	0.2123212996971634	0.0719566666666666	0.0322193133936084	0.04536	0.0274857793534523	0.0	1.5863462669018211	0.6657077161973287
ARGDr					1.0	0.0	1.0	0.0	0.0	1.0	0.0
r0074_f	-6.7606266296314095	0.0012483633650675	-6.7606266296314095	0.9987516366349324	0.92203	0.0263084587157818	21.04892	4.210137115518528	-1.0	0.043804147671234445	-4.512788709413622
r0074_b	-6.7606266296314095	0.0012483633650675	-6.7606266296314095	0.9987516366349324	0.92203	0.0263084587157818	21.04892	4.210137115518528	-1.0	0.043804147671234445	-4.512788709413622
GLU5SAtmc_f					1.0	0.0	1.0	0.0	0.0	1.0	0.0
GLU5SAtmc_b					1.0	0.0	1.0	0.0	0.0	1.0	0.0
G5SADs_f	-6.7606266296314095	0.0012483633650675	-6.7606266296314095	0.9987516366349324	0.92203	0.0263084587157818	21.04892	4.210137115518528	-1.0	0.043804147671234445	-4.512788709413622
G5SADs_b	-6.7606266296314095	0.0012483633650675	-6.7606266296314095	0.9987516366349324	0.92203	0.0263084587157818	21.04892	4.210137115518528	-1.0	0.043804147671234445	-4.512788709413622
PRO1x	4.351605785167507	0.9939291115966924	4.351605785167507	0.0060708884033074	132.25738666666666	12.4103384292622	81.88203666666668	10.677237967577984	1.0	1.6152185760238578	0.6917294077727326
P5CR	4.351605785167507	0.9939291115966924	4.351605785167507	0.0060708884033074	132.25738666666666	12.4103384292622	81.88203666666668	10.677237967577984	1.0	1.6152185760238578	0.6917294077727326
PROD2					0.0	0.0	0.0	0.0	0.0		
EXRiboflavin					1.0	0.0	1.0	0.0	0.0	1.0	0.0
RBFK	11.236798747649036	0.999821367009547	11.236798747649036	0.000178632990453	51.265620000000006	2.2519452124922275	23.92574	2.601608955857893	1.0	2.142697362756596	1.0994280963594463
FMNAT	-17.494856011828105	3.13385509332062e-05	-17.494856011828105	0.9999686614490668	33.23947666666667	1.5918560154807408	92.38609	4.508393826770981	-1.0	0.35978875896432755	-1.4747779823384337
TransportFAD					1.0	0.0	1.0	0.0	0.0	1.0	0.0
ASNS1	1.4033661791886154	0.8834145700905262	1.4033661791886154	0.1165854299094738	0.4255333333333334	0.1655661886443673	0.2424966666666666	0.0813029959814246	0.0	1.7548007532749597	0.8113072307687416
ASNN	-7.1155157746186335	0.0010307896250888	-7.1155157746186335	0.9989692103749112	0.13294	0.0316386925562145	2.03485	0.3766795064773235	-1.0	0.06533159692360616	-3.9360752852934375
METS	21.65748035420771	0.999986555585508	21.65748035420771	1.3444414491856292e-05	7.261516666666666	0.2344611821934614	2.441073333333333	0.2100200797278413	1.0	2.9747228678095152	1.5727552698120895
METAT	15.76914460237241	0.9999527573549988	15.76914460237241	4.724264500111934e-05	80.67893333333333	3.926472101495469	19.567556666666665	3.823598703719952	1.0	4.123096956237255	2.0437283871629197
HMR_3915					1.0	0.0	1.0	0.0	0.0	1.0	0.0
AHCi	-16.425693955747153	4.021339281288437e-05	-16.425693955747153	0.9999597866071872	0.3904	0.146289344109542	2.38121	0.0893239993879957	-1.0	0.16395026058180506	-2.6086699001415723
ADNK1	-3.115200634603148	0.0178459210262709	-3.115200634603148	0.982154078973729	1.4999433333333334	0.1591263641121594	2.9345733333333333	0.6315430854836606	-1.0	0.5111282503305421	-0.9682427628225013
CYSTS	-4.942633363561597	0.0039010497479077	-4.942633363561597	0.9960989502520922	0.0	0.0	0.1431133333333333	0.040948377528569	-1.0	0.0	
CYSTGL	-1.0747756300346665	0.1714926581578862	-1.0747756300346665	0.8285073418421138	2.093383333333333	0.1586902039264624	2.34971	0.2976162308521944	0.0	0.8909113606927379	-0.16664619383640644
MTHFR3	3.510292078546528	0.98766730278533	3.510292078546528	0.0123326972146701	6.555343333333333	0.983009300916776	4.06078	0.2090902237472298	1.0	1.6143064468730965	0.6909144741660171
MetSynthesis					1.0	0.0	1.0	0.0	0.0	1.0	0.0
UNK3					1.0	0.0	1.0	0.0	0.0	1.0	0.0
5MTHFt	-3.327863020348201	0.0145818577919885	-3.327863020348201	0.9854181422080116	0.8553666666666667	0.0817197056338854	2.8286333333333338	0.8345709242612172	-1.0	0.302395738813797	-1.7254902848109075
ILETA	23.15517856522885	0.9999896926294428	23.15517856522885	1.03073705569967e-05	11.691433333333334	0.3521221239223056	0.4689166666666666	0.588057261629814	1.0	24.932859427759023	4.639976442846518
3MOPt2im					1.0	0.0	1.0	0.0	0.0	1.0	0.0
ILETAm	-3.1916545843991537	0.016581895314666	-3.1916545843991537	0.983418104685334	26.37213	2.2185396818778496	35.34732666666667	3.30056055740368	-1.0	0.7460855597000358	-0.422587009343935
LEUTA	23.15517856522885	0.9999896926294428	23.15517856522885	1.03073705569967e-05	11.691433333333334	0.3521221239223056	0.4689166666666666	0.588057261629814	1.0	24.932859427759023	4.639976442846518
4MOPt2im					1.0	0.0	1.0	0.0	0.0	1.0	0.0
LEUTAm	-3.1916545843991537	0.016581895314666	-3.1916545843991537	0.983418104685334	26.37213	2.2185396818778496	35.34732666666667	3.30056055740368	-1.0	0.7460855597000358	-0.422587009343935
OIVD1m	1.3310809423376158	0.8730186238679788	1.3310809423376158	0.1269813761320211	0.0569466666666666	0.04380235483269	0.0142499999999999	0.0117975166878457	0.0	3.9962573099415435	1.9986494779815276
ACOAD8m	-7.098329348534328	0.0010401914455756	-7.098329348534328	0.9989598085544245	22.18744333333333	0.3572475203863881	44.16136	4.363304445608472	-1.0	0.5024175734926037	-0.9930411673870717
MCCCrm	-1.3844340089652951	0.1192240819391702	-1.3844340089652951	0.8807759180608298	3.50695	0.1462176877125335	4.61974	1.1272831649885786	0.0	0.759122807777061	-0.3975947970741307
MGCHrm	0.592508490661282	0.7073087707995922	0.592508490661282	0.2926912292004077	0.9496133333333332	0.0311089979837916	0.8870533333333332	0.1460431726883831	0.0	1.0705256354371777	0.09831934376196708
HMGCOAtm					1.0	0.0	1.0	0.0	0.0	1.0	0.0
VALTA	23.15517856522885	0.9999896926294428	23.15517856522885	1.03073705569967e-05	11.691433333333334	0.3521221239223056	0.4689166666666666	0.588057261629814	1.0	24.932859427759023	4.639976442846518
3MOBt2im					1.0	0.0	1.0	0.0	0.0	1.0	0.0
VALTAim	-3.1916545843991537	0.016581895314666	-3.1916545843991537	0.983418104685334	26.37213	2.2185396818778496	35.34732666666667	3.30056055740368	-1.0	0.7460855597000358	-0.422587009343935
OIVD2m	1.3310809423376158	0.8730186238679788	1.3310809423376158	0.1269813761320211	0.0569466666666666	0.04380235483269	0.0142499999999999	0.0117975166878457	0.0	3.9962573099415435	1.9986494779815276
ACOAD9m	6.9702408129422295	0.9988862994156956	6.9702408129422295	0.0011137005843044	48.056933333333326	3.377290948599025	28.90717	1.9209070206719192	1.0	1.6624572150554109	0.733317211939144
ECOAH12m	-1.9649151522345831	0.0604358336131226	-1.9649151522345831	0.9395641663868776	210.32085	9.907954006981804	254.65992666666665	30.33522863478075	0.0	0.8258890699960673	-0.27598007706093547
3HBCOAHLm					1.0	0.0	1.0	0.0	0.0	1.0	0.0
HIBDm	0.4758043876451747	0.6704827441363255	0.4758043876451747	0.3295172558636745	7.1782233333333325	0.1174969679987058	6.69028	1.4455262430224731	0.0	1.0729331707093475	0.10156021841614579
r0643	9.9406090483265	0.9997124436118434	9.9406090483265	0.0002875563881565	254.60501666666664	9.469147882892573	129.49495	15.07108752424545	1.0	1.9661385765751225	0.9753650087039644
MMSAD1m	1.5563467398244435	0.9026942410629976	1.5563467398244435	0.0973057589370022	5.994293333333334	0.0665907943254087	4.480503333333334	1.3739305180232204	0.0	1.3378615944190795	0.4199288728004143
MMTSADm					1.0	0.0	1.0	0.0	0.0	1.0	0.0
PCC					1.0	0.0	1.0	0.0	0.0	1.0	0.0
MMALH					1.0	0.0	1.0	0.0	0.0	1.0	0.0
MMEm	-4.203920894992884	0.0068263476965109	-4.203920894992884	0.9931736523034892	1.9234866666666663	0.1364524047261739	6.20029	1.4322461297556368	-1.0	0.3102252744092077	-1.6886118657040967
MMMm	8.30527621775785	0.999426075971904	8.30527621775785	0.0005739240280957	11.80826	0.8723288135024929	4.68933	0.8417128271962275	1.0	2.5181123955874294	1.3323426789813617
ILEtmi					1.0	0.0	1.0	0.0	0.0	1.0	0.0
LEUt5m					1.0	0.0	1.0	0.0	0.0	1.0	0.0
VALt5m					1.0	0.0	1.0	0.0	0.0	1.0	0.0
PGCD	-1.1342992153739395	0.1600181915627758	-1.1342992153739395	0.8399818084372241	4.252056666666667	0.3847739538424548	4.939163333333333	0.7653924697100757	0.0	0.8608860205068471	-0.21610585440189026
PSERT	15.164547099536655	0.9999448790124722	15.164547099536655	5.512098752786142e-05	53.57004666666666	2.593314618287226	23.251583333333333	1.126548711813604	1.0	2.303931130138091	1.2040975919133623
PSP_L	71.34399173978842	0.9999998843560212	71.34399173978842	1.1564397881704365e-07	12.248833333333332	0.135433647304583	3.62735	0.1042314926817547	1.0	3.3767994081997417	1.7556564815690507
GHMT2r_f	12.682704935796083	0.9998887026328352	12.682704935796083	0.0001112973671648	17.77935	0.5968318532607533	10.781836666666669	0.502611614956209	1.0	1.6490093988315533	0.7215996217038392
GHMT2r_b	12.682704935796083	0.9998887026328352	12.682704935796083	0.0001112973671648	17.77935	0.5968318532607533	10.781836666666669	0.502611614956209	1.0	1.6490093988315533	0.7215996217038392
SERD_L	3.4038434595037232	0.9864095285985924	3.4038434595037232	0.0135904714014076	10.135736666666666	0.6770136858455835	6.459733333333333	1.3690380353209897	1.0	1.5690642544583884	0.6499044330519533
ALATA_L_f	-7.558549078822929	0.0008209486737647	-7.558549078822929	0.9991790513262352	11.384949999999998	0.7882705070384574	25.26673666666667	2.4747911069062427	-1.0	0.45059044031672196	-1.1501113890680348
ALATA_L_b	-7.558549078822929	0.0008209486737647	-7.558549078822929	0.9991790513262352	11.384949999999998	0.7882705070384574	25.26673666666667	2.4747911069062427	-1.0	0.45059044031672196	-1.1501113890680348
r1435					1.0	0.0	1.0	0.0	0.0	1.0	0.0
GLYtm_r					1.0	0.0	1.0	0.0	0.0	1.0	0.0
GHMT2rm	12.07590901748207	0.9998651521448324	12.07590901748207	0.0001348478551675	751.1217066666667	47.99503571422802	277.7466933333333	27.744341664808378	1.0	2.704340770549588	1.4352769552465623
MLTHFtm_r					1.0	0.0	1.0	0.0	0.0	1.0	0.0
r0962	12.980587961585227	0.999898386112892	12.980587961585227	0.0001016138871079	46.52138666666667	3.2537625738041926	15.600716666666663	0.8726652826574206	1.0	2.982003177204467	1.5762817947557237
FORtm_r					1.0	0.0	1.0	0.0	0.0	1.0	0.0
r0514	7.333072074131279	0.9990796224239212	7.333072074131279	0.0009203775760787	35.69065666666666	4.028609874190129	13.756266666666669	1.2901068674424698	1.0	2.594501657426433	1.3754574575032301
DHFRim	7.333072074131279	0.9990796224239212	7.333072074131279	0.0009203775760787	35.69065666666666	4.028609874190129	13.756266666666669	1.2901068674424698	1.0	2.594501657426433	1.3754574575032301
FTHFLmi	4.11061684188438	0.9926376348846664	4.11061684188438	0.0073623651153334	29.077373333333338	1.7740314817261715	19.192826666666665	2.901272642150145	1.0	1.5150125533011642	0.5993297478304405
MTHFCm	-10.375339203523296	0.0002436035137512	-10.375339203523296	0.9997563964862488	28.82698	0.7726740251015741	47.91413666666667	2.484293730906679	-1.0	0.6016383056329722	-0.73303167017997
MTHFDm	-3.34318875814664	0.0143751687775668	-3.34318875814664	0.9856248312224332	53.78257666666667	2.200526696442368	66.29366	4.81318086137085	-1.0	0.8112778305899337	-0.3017320297997576
FOLR2	7.333072074131279	0.9990796224239212	7.333072074131279	0.0009203775760787	35.69065666666666	4.028609874190129	13.756266666666669	1.2901068674424698	1.0	2.594501657426433	1.3754574575032301
DHFR	7.333072074131279	0.9990796224239212	7.333072074131279	0.0009203775760787	35.69065666666666	4.028609874190129	13.756266666666669	1.2901068674424698	1.0	2.594501657426433	1.3754574575032301
FTHFLi	2.856375185005446	0.9769510582791447	2.856375185005446	0.0230489417208551	24.955593333333336	1.6158158609885664	18.379526666666667	2.826618959821473	1.0	1.3577930371075935	0.44126359217957595
FTHFDH	-3.46930262826694	0.0127999322147939	-3.46930262826694	0.987200067785206	1.26108	0.1571694323545983	2.089296666666667	0.2987960118356483	-1.0	0.6035906820317523	-0.7283575605442126
MTHFC_f	2.856375185005446	0.9769510582791447	2.856375185005446	0.0230489417208551	24.955593333333336	1.6158158609885664	18.379526666666667	2.826618959821473	1.0	1.3577930371075935	0.44126359217957595
MTHFC_b	2.856375185005446	0.9769510582791447	2.856375185005446	0.0230489417208551	24.955593333333336	1.6158158609885664	18.379526666666667	2.826618959821473	1.0	1.3577930371075935	0.44126359217957595
MTHFD	4.519705755906362	0.9946696408134488	4.519705755906362	0.005330359186551	31.510936666666662	1.094511578904287	22.440303333333333	2.618664411748011	1.0	1.4042117077740035	0.48976046180362853
MTHFD2i_f	-10.37417624153493	0.0002437094976804	-10.37417624153493	0.9997562905023196	29.25710666666667	0.7785813207080917	48.28363333333333	2.474091022743955	-1.0	0.6059425243474498	-0.722747139095724
MTHFD2i_b	-10.37417624153493	0.0002437094976804	-10.37417624153493	0.9997562905023196	29.25710666666667	0.7785813207080917	48.28363333333333	2.474091022743955	-1.0	0.6059425243474498	-0.722747139095724
ACACT1r	13.923052031050409	0.9999228397672032	13.923052031050409	7.716023279693379e-05	39.92897	2.3550120031541235	13.219896666666664	1.3468237552190052	1.0	3.020369296885579	1.594724956905573
HMGCOAS	14.194126295533872	0.999928476142573	14.194126295533872	7.15238574270631e-05	33.66494	1.8084311577349748	11.096076666666669	1.3363635333828727	1.0	3.033949837525155	1.601197232667359
HMGCOAR	12.07039651300609	0.9998649111357822	12.07039651300609	0.0001350888642177	41.42709666666666	2.1995259328217887	16.586033333333333	1.9060276536002545	1.0	2.497709719623538	1.3206058186616367
MEVK1	-6.697209219253854	0.0012930101061661	-6.697209219253854	0.9987069898938338	12.603676666666669	0.8656566108002771	34.85680333333333	4.618649544418322	-1.0	0.36158440996836494	-1.4675956188659933
PMEVK	-3.441501539605188	0.0131288249289555	-3.441501539605188	0.9868711750710444	16.34098	0.4939026244109252	24.77162333333333	3.429010333807053	-1.0	0.6596652863686635	-0.6001939070590775
IPDDI	-1.100516144386486	0.1664418846636358	-1.100516144386486	0.8335581153363643	73.80409333333333	8.411328748270924	83.19012666666667	8.644587675632014	0.0	0.8871737102776378	-0.1727114803052732
DPMVD	-0.6716236115621619	0.2693091209024287	-0.6716236115621619	0.7306908790975712	29.38508	2.627912222316416	32.27788	5.495232415909874	0.0	0.9103782528468412	-0.13546199998973757
DMATT	-5.716779868321594	0.0023159988581619	-5.716779868321594	0.997684001141838	2.564686666666667	0.094489151523101	16.95703333333333	3.5591160031702	-1.0	0.15124618889703587	-2.725029305086039
GRTT	-5.716779868321594	0.0023159988581619	-5.716779868321594	0.997684001141838	2.564686666666667	0.094489151523101	16.95703333333333	3.5591160031702	-1.0	0.15124618889703587	-2.725029305086039
HMR_1465	26.54669032203548	0.999994016125772	26.54669032203548	5.9838742280304e-06	53.87884	1.6031095409235143	19.01258	0.9381080153514662	1.0	2.8338521126538323	1.502764471767599
HMR_1467	26.54669032203548	0.999994016125772	26.54669032203548	5.9838742280304e-06	53.87884	1.6031095409235143	19.01258	0.9381080153514662	1.0	2.8338521126538323	1.502764471767599
SMO	-10.357204928908258	0.000245262677698	-10.357204928908258	0.999754737322302	10.492703333333331	1.1075930520527637	94.49092	11.41584256522779	-1.0	0.11104456738629839	-3.170789280989971
LNSTLS	3.991122677413157	0.9918751389313816	3.991122677413157	0.0081248610686183	25.70873	2.8857389876540576	15.79989	2.000076863239677	1.0	1.6271461383591912	0.7023438291407805
HMR_1477	9.677862613250534	0.9996810619000268	9.677862613250534	0.0003189380999732	2.5475233333333334	0.3399686540779245	0.2065799999999999	0.0379390809939654	1.0	12.331897247232716	3.6243228685623934
HMR_1478	9.677862613250534	0.9996810619000268	9.677862613250534	0.0003189380999732	2.5475233333333334	0.3399686540779245	0.2065799999999999	0.0379390809939654	1.0	12.331897247232716	3.6243228685623934
HMR_1479	9.677862613250534	0.9996810619000268	9.677862613250534	0.0003189380999732	2.5475233333333334	0.3399686540779245	0.2065799999999999	0.0379390809939654	1.0	12.331897247232716	3.6243228685623934
C14STR	-0.1097791537955779	0.4589358507261825	-0.1097791537955779	0.5410641492738175	88.13767333333334	6.177791507620037	89.07240333333333	10.33600932618688	0.0	0.9895059528538601	-0.01521970835544413
HMR_1490	2.9291616330680945	0.9785751789617188	2.9291616330680945	0.0214248210382811	52.19532333333333	3.877393709235912	37.71102333333334	5.819719759217126	1.0	1.384086633554627	0.46893424780697956
HMR_1493	2.9291616330680945	0.9785751789617188	2.9291616330680945	0.0214248210382811	52.19532333333333	3.877393709235912	37.71102333333334	5.819719759217126	1.0	1.384086633554627	0.46893424780697956
HMR_1494	2.9291616330680945	0.9785751789617188	2.9291616330680945	0.0214248210382811	52.19532333333333	3.877393709235912	37.71102333333334	5.819719759217126	1.0	1.384086633554627	0.46893424780697956
C3STDH1	3.484233844748536	0.9873726643753358	3.484233844748536	0.0126273356246642	10.63288	1.097613014408995	7.692369999999999	0.4687643407939645	1.0	1.3822632036680504	0.467032352681237
HMR_1495	2.0735547479238443	0.9466003533416102	2.0735547479238443	0.0533996466583897	12.49888	1.391385599561339	9.87765	1.1225258582619226	0.0	1.265369799496844	0.3395590686625106
HMR_1500	27.0254914801708	0.9999944272045038	27.0254914801708	5.572795496153001e-06	9.710583333333334	0.2347403848699424	2.4723666666666664	0.2972573771816083	1.0	3.927646923999947	1.9736652443448002
HMR_1502	2.9291616330680945	0.9785751789617188	2.9291616330680945	0.0214248210382811	52.19532333333333	3.877393709235912	37.71102333333334	5.819719759217126	1.0	1.384086633554627	0.46893424780697956
HMR_1503	2.9291616330680945	0.9785751789617188	2.9291616330680945	0.0214248210382811	52.19532333333333	3.877393709235912	37.71102333333334	5.819719759217126	1.0	1.384086633554627	0.46893424780697956
HMR_1504	2.9291616330680945	0.9785751789617188	2.9291616330680945	0.0214248210382811	52.19532333333333	3.877393709235912	37.71102333333334	5.819719759217126	1.0	1.384086633554627	0.46893424780697956
HMR_1505	3.484233844748536	0.9873726643753358	3.484233844748536	0.0126273356246642	10.63288	1.097613014408995	7.692369999999999	0.4687643407939645	1.0	1.3822632036680504	0.467032352681237
HMR_1509	27.0254914801708	0.9999944272045038	27.0254914801708	5.572795496153001e-06	9.710583333333334	0.2347403848699424	2.4723666666666664	0.2972573771816083	1.0	3.927646923999947	1.9736652443448002
CHLSTI_1	-10.093009456674798	0.0002711053808424	-10.093009456674798	0.9997288946191576	42.38049	1.153277481528186	189.55276	20.589228213667138	-1.0	0.22358149783733036	-2.161127289902897
HMR_1516	3.2605708519083514	0.9844679602557376	3.2605708519083514	0.0155320397442623	11.298836666666668	0.5524318010598436	7.46162	1.5699652734376008	1.0	1.5142605314484883	0.5986134451469713
RE2410C					1.0	0.0	1.0	0.0	0.0	1.0	0.0
DSMSTOLR					1.0	0.0	1.0	0.0	0.0	1.0	0.0
ACCOAC	17.94639193063556	0.9999716680698502	17.94639193063556	2.833193014984173e-05	7.661743333333334	0.4867024943661395	1.4645466666666664	0.0401064968413957	1.0	5.231477772416494	2.387218532283208
FASN	-4.467742034062566	0.005546970532941	-4.467742034062566	0.9944530294670588	460.3711533333333	89.51301825676917	1888.0455	442.9604224536907	-1.0	0.24383477693378328	-2.036024189881619
MCAT	-4.467742034062566	0.005546970532941	-4.467742034062566	0.9944530294670588	460.3711533333333	89.51301825676917	1888.0455	442.9604224536907	-1.0	0.24383477693378328	-2.036024189881619
AcetoacetylACPsynthesis	-4.467742034062566	0.005546970532941	-4.467742034062566	0.9944530294670588	460.3711533333333	89.51301825676917	1888.0455	442.9604224536907	-1.0	0.24383477693378328	-2.036024189881619
r0691	-4.467742034062566	0.005546970532941	-4.467742034062566	0.9944530294670588	460.3711533333333	89.51301825676917	1888.0455	442.9604224536907	-1.0	0.24383477693378328	-2.036024189881619
r0681	-4.467742034062566	0.005546970532941	-4.467742034062566	0.9944530294670588	460.3711533333333	89.51301825676917	1888.0455	442.9604224536907	-1.0	0.24383477693378328	-2.036024189881619
r0682	-4.467742034062566	0.005546970532941	-4.467742034062566	0.9944530294670588	460.3711533333333	89.51301825676917	1888.0455	442.9604224536907	-1.0	0.24383477693378328	-2.036024189881619
r0760	-4.467742034062566	0.005546970532941	-4.467742034062566	0.9944530294670588	460.3711533333333	89.51301825676917	1888.0455	442.9604224536907	-1.0	0.24383477693378328	-2.036024189881619
r0761	-4.467742034062566	0.005546970532941	-4.467742034062566	0.9944530294670588	460.3711533333333	89.51301825676917	1888.0455	442.9604224536907	-1.0	0.24383477693378328	-2.036024189881619
r0762	-4.467742034062566	0.005546970532941	-4.467742034062566	0.9944530294670588	460.3711533333333	89.51301825676917	1888.0455	442.9604224536907	-1.0	0.24383477693378328	-2.036024189881619
r0763	-4.467742034062566	0.005546970532941	-4.467742034062566	0.9944530294670588	460.3711533333333	89.51301825676917	1888.0455	442.9604224536907	-1.0	0.24383477693378328	-2.036024189881619
r0764	-4.467742034062566	0.005546970532941	-4.467742034062566	0.9944530294670588	460.3711533333333	89.51301825676917	1888.0455	442.9604224536907	-1.0	0.24383477693378328	-2.036024189881619
r0694	-4.467742034062566	0.005546970532941	-4.467742034062566	0.9944530294670588	460.3711533333333	89.51301825676917	1888.0455	442.9604224536907	-1.0	0.24383477693378328	-2.036024189881619
r0695	-4.467742034062566	0.005546970532941	-4.467742034062566	0.9944530294670588	460.3711533333333	89.51301825676917	1888.0455	442.9604224536907	-1.0	0.24383477693378328	-2.036024189881619
r0765	-4.467742034062566	0.005546970532941	-4.467742034062566	0.9944530294670588	460.3711533333333	89.51301825676917	1888.0455	442.9604224536907	-1.0	0.24383477693378328	-2.036024189881619
r0766	-4.467742034062566	0.005546970532941	-4.467742034062566	0.9944530294670588	460.3711533333333	89.51301825676917	1888.0455	442.9604224536907	-1.0	0.24383477693378328	-2.036024189881619
r0692	-4.467742034062566	0.005546970532941	-4.467742034062566	0.9944530294670588	460.3711533333333	89.51301825676917	1888.0455	442.9604224536907	-1.0	0.24383477693378328	-2.036024189881619
r0693	-4.467742034062566	0.005546970532941	-4.467742034062566	0.9944530294670588	460.3711533333333	89.51301825676917	1888.0455	442.9604224536907	-1.0	0.24383477693378328	-2.036024189881619
r0767	-4.467742034062566	0.005546970532941	-4.467742034062566	0.9944530294670588	460.3711533333333	89.51301825676917	1888.0455	442.9604224536907	-1.0	0.24383477693378328	-2.036024189881619
r0768	-4.467742034062566	0.005546970532941	-4.467742034062566	0.9944530294670588	460.3711533333333	89.51301825676917	1888.0455	442.9604224536907	-1.0	0.24383477693378328	-2.036024189881619
r0769	-4.467742034062566	0.005546970532941	-4.467742034062566	0.9944530294670588	460.3711533333333	89.51301825676917	1888.0455	442.9604224536907	-1.0	0.24383477693378328	-2.036024189881619
r0770	-4.467742034062566	0.005546970532941	-4.467742034062566	0.9944530294670588	460.3711533333333	89.51301825676917	1888.0455	442.9604224536907	-1.0	0.24383477693378328	-2.036024189881619
r0712	-4.467742034062566	0.005546970532941	-4.467742034062566	0.9944530294670588	460.3711533333333	89.51301825676917	1888.0455	442.9604224536907	-1.0	0.24383477693378328	-2.036024189881619
r0713	-4.467742034062566	0.005546970532941	-4.467742034062566	0.9944530294670588	460.3711533333333	89.51301825676917	1888.0455	442.9604224536907	-1.0	0.24383477693378328	-2.036024189881619
r0701	-4.467742034062566	0.005546970532941	-4.467742034062566	0.9944530294670588	460.3711533333333	89.51301825676917	1888.0455	442.9604224536907	-1.0	0.24383477693378328	-2.036024189881619
r0702	-4.467742034062566	0.005546970532941	-4.467742034062566	0.9944530294670588	460.3711533333333	89.51301825676917	1888.0455	442.9604224536907	-1.0	0.24383477693378328	-2.036024189881619
r0771	-4.467742034062566	0.005546970532941	-4.467742034062566	0.9944530294670588	460.3711533333333	89.51301825676917	1888.0455	442.9604224536907	-1.0	0.24383477693378328	-2.036024189881619
r0772	-4.467742034062566	0.005546970532941	-4.467742034062566	0.9944530294670588	460.3711533333333	89.51301825676917	1888.0455	442.9604224536907	-1.0	0.24383477693378328	-2.036024189881619
r0696	-4.467742034062566	0.005546970532941	-4.467742034062566	0.9944530294670588	460.3711533333333	89.51301825676917	1888.0455	442.9604224536907	-1.0	0.24383477693378328	-2.036024189881619
r0697	-4.467742034062566	0.005546970532941	-4.467742034062566	0.9944530294670588	460.3711533333333	89.51301825676917	1888.0455	442.9604224536907	-1.0	0.24383477693378328	-2.036024189881619
r0773	-4.467742034062566	0.005546970532941	-4.467742034062566	0.9944530294670588	460.3711533333333	89.51301825676917	1888.0455	442.9604224536907	-1.0	0.24383477693378328	-2.036024189881619
FA160ACPH	-4.469224527607831	0.0055406446030124	-4.469224527607831	0.9944593553969876	460.39658666666656	89.5192309498491	1888.315106666667	442.8850576551104	-1.0	0.24381343190087482	-2.036150487374715
TMLYStd_r					1.0	0.0	1.0	0.0	0.0	1.0	0.0
TMLYSOX	-1.1331074605160532	0.1602408799267284	-1.1331074605160532	0.8397591200732716	0.0	0.0	0.0176366666666666	0.0220120456922012	0.0	0.0	
GHMT3	12.682704935796083	0.9998887026328352	12.682704935796083	0.0001112973671648	17.77935	0.5968318532607533	10.781836666666669	0.502611614956209	1.0	1.6490093988315533	0.7215996217038392
TMABADH	14.979164751884648	0.999942140321448	14.979164751884648	5.7859678552009966e-05	30.87373666666667	1.5982567029805408	11.958366666666668	0.7967405705888347	1.0	2.5817686919339597	1.3683597512460985
BBHOX	-11.518067457328902	0.0001622138852428	-11.518067457328902	0.999837786114757	0.0	0.0	0.1122099999999999	0.0137773896898747	-1.0	0.0	
SUCFUMtm_r	-17.293612972057442	3.280641611791866e-05	-17.293612972057442	0.999967193583882	5.3291466666666665	0.9091065387266528	98.73829	7.584394991524816	-1.0	0.053972442369284154	-4.2116332159285434
palmitateActivation	12.698476568504658	0.9998892434029464	12.698476568504658	0.0001107565970535	52.02025	2.5083920121198484	15.866769999999995	3.149541248795873	1.0	3.278565832869577	1.7130648641469501
carnitineAcylTransferaseI	-5.582461899113437	0.0025245755212542	-5.582461899113437	0.9974754244787456	11.217723333333334	0.9904712120781476	19.21137	1.7662855314095351	-1.0	0.5839106390295609	-0.7761804971747515
CARN160t_m	21.29859776461795	0.9999856331513252	21.29859776461795	1.4366848674831262e-05	4.011933333333333	0.1662965155644847	0.1387199999999999	0.1961797053723957	1.0	28.921088043060383	4.854049923967539
carnitineAcylTransferaseII	3.40594951779906	0.98643584977265	3.40594951779906	0.01356415022735	5.647329999999999	0.953913866027746	3.2308966666666663	0.3110556816534442	1.0	1.7479141497355224	0.8056343274057822
betaOxidation	4.115910295065756	0.9926693723213698	4.115910295065756	0.0073306276786301	0.0607433333333333	0.0191167244986047	0.0033866666666666	0.0047894699312368	1.0	17.93602362204759	4.16478817819845
Biomass					1.0	0.0	1.0	0.0	0.0	1.0	0.0
GLCt1_r	-11.49712994453609	0.0001633696634048	-11.49712994453609	0.9998366303365952	188.47947	6.748816082430065	395.82868	24.5960635157024	-1.0	0.47616425873941215	-1.0704687600299847
O2t_r					1.0	0.0	1.0	0.0	0.0	1.0	0.0
GLNt_r	24.52376666265541	0.999991796981525	24.52376666265541	8.203018474976395e-06	413.61873	12.791338176550026	141.24992	9.114953283581148	1.0	2.928275853182784	1.550051466625061
r0963_r	-3.327863020348201	0.0145818577919885	-3.327863020348201	0.9854181422080116	0.8553666666666667	0.0817197056338854	2.8286333333333338	0.8345709242612172	-1.0	0.302395738813797	-1.7254902848109075
THBPTt_r					1.0	0.0	1.0	0.0	0.0	1.0	0.0
ARGt5r_r	14.831973391699016	0.9999398441820716	14.831973391699016	6.01558179284367e-05	26.30053666666667	1.5707746048650295	9.370786666666667	0.3720482811261048	1.0	2.8066519495339417	1.4888501675859311
PHEtec_r	-0.5364434777275514	0.3100482644447394	-0.5364434777275514	0.6899517355552605	7.758333333333333	0.926522674100436	8.40553	1.4327033252096075	0.0	0.9230034671618961	-0.11559202767949964
ILEtec_r	-0.4465696732188878	0.3391481937652816	-0.4465696732188878	0.6608518062347184	7.632890000000001	0.930563666423027	8.17599	1.4464230573613888	0.0	0.9335737935100215	-0.09916403138257132
LEUtec_r	-0.4465696732188878	0.3391481937652816	-0.4465696732188878	0.6608518062347184	7.632890000000001	0.930563666423027	8.17599	1.4464230573613888	0.0	0.9335737935100215	-0.09916403138257132
VALtec_r	-0.4465696732188878	0.3391481937652816	-0.4465696732188878	0.6608518062347184	7.632890000000001	0.930563666423027	8.17599	1.4464230573613888	0.0	0.9335737935100215	-0.09916403138257132
METtec_r	-0.4465696732188878	0.3391481937652816	-0.4465696732188878	0.6608518062347184	7.632890000000001	0.930563666423027	8.17599	1.4464230573613888	0.0	0.9335737935100215	-0.09916403138257132
r2526_r	24.72251235625193	0.9999920561947742	24.72251235625193	7.943805225921246e-06	418.08861666666667	12.71496249700678	142.67161333333334	9.302888633022652	1.0	2.9304260805536555	1.551110446084713
GLYt4_r	22.986980618708408	0.99998938954613	22.986980618708408	1.0610453869897874e-05	416.1011066666667	12.66059537349208	149.21363999999997	10.455187383938505	1.0	2.7886264732008867	1.4795547033335934
r2532_r	24.57210211881836	0.9999918609831776	24.57210211881836	8.139016822206798e-06	412.97631666666666	12.71040662601668	141.25364000000002	9.111100945827932	1.0	2.923650793470997	1.5477710032829024
PROPAT4te_r	8.809610701960066	0.9995419849897744	8.809610701960066	0.0004580150102256	5.112299999999999	0.1109248613551834	2.9117	0.3353969780225616	1.0	1.755778411237421	0.8121107804193805
HDCAt	-1.992835487295803	0.0585353394153241	-1.992835487295803	0.941464660584676	156.22626	4.847416849395157	170.69413666666665	9.05075477213672	0.0	0.915240927724895	-0.12777652692151104
CRNt	-5.446432723474419	0.0027597452679273	-5.446432723474419	0.9972402547320728	5.786490000000001	0.4158942116291916	12.514273333333334	1.6966989324043973	-1.0	0.4623912108893259	-1.1128141194685222
GTHRDt2_r					1.0	0.0	1.0	0.0	0.0	1.0	0.0
DmLact	6.612111251817625	0.9986439443242322	6.612111251817625	0.0013560556757678	80.82488666666666	7.164061724661199	31.59982666666666	7.715100418276413	1.0	2.5577636079860353	1.3548829345301316
UREAt	-1.4136410541059032	0.1151777553348229	-1.4136410541059032	0.884822244665177	0.0079666666666666	0.0030617242781732	0.27642	0.2685446007649381	0.0	0.028820876444058317	-5.116741981178425
DmBiomass					1.0	0.0	1.0	0.0	0.0	1.0	0.0
NH4t					1.0	0.0	1.0	0.0	0.0	1.0	0.0
PTRCtex2_f					1.0	0.0	1.0	0.0	0.0	1.0	0.0
PTRCtex2_b					1.0	0.0	1.0	0.0	0.0	1.0	0.0
GUDACtr2					1.0	0.0	1.0	0.0	0.0	1.0	0.0
CE2705t	5.985167742570623	0.9980410443229144	5.985167742570623	0.0019589556770856	79.65179333333333	5.59274968319003	51.54805	3.580196878729809	1.0	1.5451950817408868	0.6277889906818834
Dm2oxobutyrate					1.0	0.0	1.0	0.0	0.0	1.0	0.0
H2Ot_f	-16.425693955747153	4.021339281288437e-05	-16.425693955747153	0.9999597866071872	0.3904	0.146289344109542	2.38121	0.0893239993879957	-1.0	0.16395026058180506	-2.6086699001415723
H2Ot_b	-16.425693955747153	4.021339281288437e-05	-16.425693955747153	0.9999597866071872	0.3904	0.146289344109542	2.38121	0.0893239993879957	-1.0	0.16395026058180506	-2.6086699001415723
PHLACHt_f					1.0	0.0	1.0	0.0	0.0	1.0	0.0
PHLACHt_b					1.0	0.0	1.0	0.0	0.0	1.0	0.0
CO2t					1.0	0.0	1.0	0.0	0.0	1.0	0.0
DmGSSG					1.0	0.0	1.0	0.0	0.0	1.0	0.0
GLUt4	-3.8606368134726825	0.0090687066156073	-3.8606368134726825	0.9909312933843928	0.0	0.0	1.4623166666666665	0.5356701918365648	-1.0	0.0	
ALAPAT4te	25.618490105228474	0.9999931054095984	25.618490105228474	6.894590401407648e-06	444.56576666666666	12.957166805528464	155.85428666666667	9.280191886429694	1.0	2.852444909760369	1.5121990235225429
DmAla	25.618490105228474	0.9999931054095984	25.618490105228474	6.894590401407648e-06	444.56576666666666	12.957166805528464	155.85428666666667	9.280191886429694	1.0	2.852444909760369	1.5121990235225429
ASPte_r	1.970766372338343	0.9399679615737968	1.970766372338343	0.0600320384262031	1.6810200000000002	0.0629955617484279	1.3375200000000005	0.238308454319187	0.0	1.256818589628566	0.3297764248333861
DmAsp	1.970766372338343	0.9399679615737968	1.970766372338343	0.0600320384262031	1.6810200000000002	0.0629955617484279	1.3375200000000005	0.238308454319187	0.0	1.256818589628566	0.3297764248333861
DmPalm	-1.992835487295803	0.0585353394153241	-1.992835487295803	0.941464660584676	156.22626	4.847416849395157	170.69413666666665	9.05075477213672	0.0	0.915240927724895	-0.12777652692151104
ATPM					1.0	0.0	1.0	0.0	0.0	1.0	0.0
GACMTRc	3.945544178511612	0.9915594966216396	3.945544178511612	0.0084405033783602	102.96663	13.27369948245276	49.92483333333333	13.611119076554855	1.0	2.062433124463777	1.0443473399312178
CKc_cho	-18.85896532339076	2.3278379268872167e-05	-18.85896532339076	0.9999767216207311	47.51824	6.947157106428499	250.1881033333333	13.517250985813984	-1.0	0.1899300540948983	-2.396459882591203
CRTNsyn_cho					1.0	0.0	1.0	0.0	0.0	1.0	0.0
CRTNtr					1.0	0.0	1.0	0.0	0.0	1.0	0.0
NDPK1	-6.916967965079782	0.0011461535255617	-6.916967965079782	0.9988538464744384	143.22001333333336	15.802079192891744	469.45688	64.80213093265837	-1.0	0.3050759706265959	-1.7127595446760995
NDPK5	-6.916967965079782	0.0011461535255617	-6.916967965079782	0.9988538464744384	143.22001333333336	15.802079192891744	469.45688	64.80213093265837	-1.0	0.3050759706265959	-1.7127595446760995
NDPK8	-6.916967965079782	0.0011461535255617	-6.916967965079782	0.9988538464744384	143.22001333333336	15.802079192891744	469.45688	64.80213093265837	-1.0	0.3050759706265959	-1.7127595446760995
NDPK7	-6.916967965079782	0.0011461535255617	-6.916967965079782	0.9988538464744384	143.22001333333336	15.802079192891744	469.45688	64.80213093265837	-1.0	0.3050759706265959	-1.7127595446760995
DTMPK					1.0	0.0	1.0	0.0	0.0	1.0	0.0
NDPK4	-6.916967965079782	0.0011461535255617	-6.916967965079782	0.9988538464744384	143.22001333333336	15.802079192891744	469.45688	64.80213093265837	-1.0	0.3050759706265959	-1.7127595446760995
HIStiDF_r	41.023271468036974	0.9999989449291232	41.023271468036974	1.0550708766416843e-06	1.63473	0.0555951292830586	0.01258	0.0060291956345768	1.0	129.94674085850556	7.021776640389494
PTRCOX1	1.5710799392548416	0.9043706982321336	1.5710799392548416	0.0956293017678664	7.11076	1.6144201964172769	4.276653333333333	1.9753281217616028	0.0	1.6626926350510838	0.7335214970247259
ABUTD					1.0	0.0	1.0	0.0	0.0	1.0	0.0
r0465_1	-5.356687769468698	0.0029296543378847	-5.356687769468698	0.9970703456621152	0.1794333333333333	0.1010178513377159	1.4904799999999998	0.3310589549712658	-1.0	0.12038627377310218	-3.054257186912424
ABUTH	-16.425693955747153	4.021339281288437e-05	-16.425693955747153	0.9999597866071872	0.3904	0.146289344109542	2.38121	0.0893239993879957	-1.0	0.16395026058180506	-2.6086699001415723
GLUDC					1.0	0.0	1.0	0.0	0.0	1.0	0.0
HISDr	0.0288297642698618	0.510809289977388	0.0288297642698618	0.489190710022612	0.0458733333333333	0.0213793924661628	0.0451566666666666	0.027907318434816	0.0	1.015870672473611	0.02271674851071211
URCN	-16.425693955747153	4.021339281288437e-05	-16.425693955747153	0.9999597866071872	0.3904	0.146289344109542	2.38121	0.0893239993879957	-1.0	0.16395026058180506	-2.6086699001415723
IZPN	19.51943882210897	0.999979690890724	19.51943882210897	2.0309109275852163e-05	1.5100266666666666	0.1053507061622696	0.0428966666666666	0.0141433478670677	1.0	35.201491957417105	5.137564671305402
GluForTx					1.0	0.0	1.0	0.0	0.0	1.0	0.0
FTCD	-0.9486629296790547	0.198255327738279	-0.9486629296790547	0.801744672261721	0.0522466666666666	0.0218990552815006	0.0905633333333333	0.0527557076427649	0.0	0.5769075048768812	-0.7935880636287427
CARPEPT1tc_r	-6.357904567586364	0.0015683083026318	-6.357904567586364	0.9984316916973682	0.0	0.0	4.107043333333333	0.9135457007117316	-1.0	0.0	
NBAHH_ir	-16.425693955747153	4.021339281288437e-05	-16.425693955747153	0.9999597866071872	0.3904	0.146289344109542	2.38121	0.0893239993879957	-1.0	0.16395026058180506	-2.6086699001415723
r0283	-5.356687769468698	0.0029296543378847	-5.356687769468698	0.9970703456621152	0.1794333333333333	0.1010178513377159	1.4904799999999998	0.3310589549712658	-1.0	0.12038627377310218	-3.054257186912424
ASP1DC	27.06790684429529	0.999994461895258	27.06790684429529	5.538104742126222e-06	1.36674	0.0711558533549184	0.0027666666666666	0.0039126575225655	1.0	494.0024096385661	8.948374268761057
CSNt_r	-6.525892742885698	0.0014238375341116	-6.525892742885698	0.9985761624658884	18.37699333333333	1.822302919647433	40.16108	4.3548873327867685	-1.0	0.457582150015222	-1.127897320277176
bAlaSynthesis					1.0	0.0	1.0	0.0	0.0	1.0	0.0
LYSt5r_r	14.86303330805753	0.9999403380294382	14.86303330805753	5.966197056177637e-05	26.17352	1.5518358914739236	9.334063333333331	0.3988402876117487	1.0	2.8040863946712746	1.4875307998633982
LYStm	17.711109817505857	0.999970148642441	17.711109817505857	2.985135755887609e-05	11.15072	0.6403719152700768	3.11287	0.0429987627728984	1.0	3.5821348144959475	1.8408196345167112
SACCD3m	20.710342186222324	0.9999839434620964	20.710342186222324	1.6056537903524416e-05	5.450036666666667	0.3606682420483155	0.0940266666666666	0.0606802946231769	1.0	57.96267016449238	5.857052151899868
r0525	20.710342186222324	0.9999839434620964	20.710342186222324	1.6056537903524416e-05	5.450036666666667	0.3606682420483155	0.0940266666666666	0.0606802946231769	1.0	57.96267016449238	5.857052151899868
AASAD3m					1.0	0.0	1.0	0.0	0.0	1.0	0.0
r0450	10.571262089329124	0.9997734626641152	10.571262089329124	0.0002265373358849	4.400243333333333	0.1835226616948314	0.7980166666666667	0.4455889006197927	1.0	5.51397422777302	2.4630925242304125
2OXOADOXm	0.3070386624672159	0.6129327234585429	0.3070386624672159	0.3870672765414572	5.373006666666666	0.3298058743496778	5.1707600000000005	0.8712072296914591	0.0	1.0391135281209465	0.055353284183932545
GLUTCOADHm	1.959649011478488	0.9391982143718078	1.959649011478488	0.0608017856281921	7.654683333333334	0.2301974263298545	7.139036666666667	0.2923802429865754	0.0	1.072229166306752	0.10061328430367691
3HBCDm	-4.030702524462615	0.0078622110328914	-4.030702524462615	0.9921377889671084	4.546013333333334	0.5161723604464781	9.687689999999998	1.7285888063002914	-1.0	0.4692566889870892	-1.0915507848877433
HACD1m					1.0	0.0	1.0	0.0	0.0	1.0	0.0
HMGCOASm	-1.0072201485282997	0.1854061776401055	-1.0072201485282997	0.8145938223598944	0.0063733333333333	0.0090132544375245	0.0207066666666666	0.0179938995835316	0.0	0.30779137153895625	-1.6999753064065555
CYStec_r	-3.807442036369246	0.009490904542333	-3.807442036369246	0.9905090954576669	3.789396666666667	0.6022946884669961	8.016913333333333	1.4501399938013644	-1.0	0.4726752690353811	-1.0810787118353675
CYSTA	4.411586203686399	0.9942068357706836	4.411586203686399	0.0057931642293162	32.36110333333333	1.2096403125539248	23.68499333333333	2.504457799422638	1.0	1.3663125371367355	0.450287530628923
CYANt_r					1.0	0.0	1.0	0.0	0.0	1.0	0.0
MCPST	1.905363717685268	0.9352821167210754	1.905363717685268	0.0647178832789246	59.99776666666666	8.176677539695175	45.47201	7.027155306727372	0.0	1.319443909927594	0.39993002244192477
TCYNTt					1.0	0.0	1.0	0.0	0.0	1.0	0.0
CYSO	-0.5351357523279604	0.3104606431391404	-0.5351357523279604	0.6895393568608595	0.0890466666666666	0.0675622262971123	0.1368433333333333	0.1067256433831886	0.0	0.6507198012325527	-0.6198916396570834
3SALATAi	4.411586203686399	0.9942068357706836	4.411586203686399	0.0057931642293162	32.36110333333333	1.2096403125539248	23.68499333333333	2.504457799422638	1.0	1.3663125371367355	0.450287530628923
3SALAASPm	8.19765232856456	0.9993967984570086	8.19765232856456	0.0006032015429914	7.967276666666667	0.3238969369345065	4.364313333333333	0.5305013443484905	1.0	1.8255510221539246	0.8683319910843733
3SALATAim	-3.7418249784453512	0.0100445906067175	-3.7418249784453512	0.9899554093932824	111.07462	4.859643613867172	134.01264999999998	7.179267147910477	-1.0	0.8288368299559782	-0.2708399832549129
3SPYRSP					1.0	0.0	1.0	0.0	0.0	1.0	0.0
3SPYRSPm					1.0	0.0	1.0	0.0	0.0	1.0	0.0
HMR_3951					1.0	0.0	1.0	0.0	0.0	1.0	0.0
ExSulfitem					1.0	0.0	1.0	0.0	0.0	1.0	0.0
PHETHPTOX2					1.0	0.0	1.0	0.0	0.0	1.0	0.0
TYRt_r	-7.346946996110332	0.0009138436823892	-7.346946996110332	0.9990861563176108	0.1254433333333333	0.0118996928064924	0.22954	0.0161214536151882	-1.0	0.5464987946908307	-0.8717097808666303
TYRTA	4.398194710605743	0.9941461856086672	4.398194710605743	0.0058538143913329	32.36110333333333	1.2096403125539248	23.70988333333333	2.504974339859703	1.0	1.3648782188580995	0.4487722325463298
34HPPOR	-2.091313018021199	0.0523376392761137	-2.091313018021199	0.9476623607238864	0.0384833333333333	0.020447781189057	0.07303	0.0112982919063015	0.0	0.5269523939933356	-0.9242554632943787
HGNTOR	-4.708635138921095	0.0046245146609269	-4.708635138921095	0.995375485339073	0.0	0.0	0.1039066666666666	0.0312078156165335	-1.0	0.0	
MACACI	-3.0465500077689533	0.0190783889837573	-3.0465500077689533	0.9809216110162426	32.015746666666665	1.3713117905211138	41.90113333333333	4.379121778944063	-1.0	0.7640782985981287	-0.3882076094912389
FUMAC	10.075875584734376	0.999727104458454	10.075875584734376	0.0002728955415459	13.994736666666668	0.1398032563601034	9.677816666666669	0.5895580842367353	1.0	1.446063419951814	0.5321308259014689
AACOAT	3.2961883983943685	0.9849797140349248	3.2961883983943685	0.0150202859650753	7.42323	0.3473894892864012	6.301793333333333	0.3329007589190644	1.0	1.1779551640855672	0.2362846276383074
r2534_r	13.71559321223059	0.999918148500155	13.71559321223059	8.185149984498887e-05	3.843493333333333	0.3455724496477627	0.15908	0.1578078859457494	1.0	24.160757690051124	4.594593793695174
THRD_L					1.0	0.0	1.0	0.0	0.0	1.0	0.0
OBDHc					1.0	0.0	1.0	0.0	0.0	1.0	0.0
PPCOAtm					1.0	0.0	1.0	0.0	0.0	1.0	0.0
r1616_r	-6.757591684652557	0.0012504563049843	-6.757591684652557	0.9987495436950156	66.64075000000001	8.299771618629036	155.22215666666668	16.57635607216965	-1.0	0.4293249844679606	-1.2198579623550814
TRPO2					1.0	0.0	1.0	0.0	0.0	1.0	0.0
FKYNH					1.0	0.0	1.0	0.0	0.0	1.0	0.0
KYN	9.472225586732868	0.999653491618899	9.472225586732868	0.000346508381101	4.4649833333333335	0.4337637172726903	1.4568266666666665	0.1164420898510881	1.0	3.0648693049733673	1.6158255544749596
ANTHte					1.0	0.0	1.0	0.0	0.0	1.0	0.0
KYN3OX	-11.142821018995154	0.0001845757223113	-11.142821018995154	0.9998154242776884	0.00791	0.0079300819667895	0.6240033333333334	0.0777895632816868	-1.0	0.012676214336461877	-6.301732230847875
HKYNH	9.472225586732868	0.999653491618899	9.472225586732868	0.000346508381101	4.4649833333333335	0.4337637172726903	1.4568266666666665	0.1164420898510881	1.0	3.0648693049733673	1.6158255544749596
3HAO	-13.855320935742151	7.865411038796298e-05	-13.855320935742151	0.999921345889612	0.0	0.0	0.8057866666666667	0.0822467005754976	-1.0	0.0	
PCLAD	4.105417077417955	0.992606297880782	4.105417077417955	0.0073937021192179	0.01921	0.0052063230787187	0.0020033333333333	0.0028331411699541	1.0	9.589018302828778	3.2613831236755217
AM6SAD					1.0	0.0	1.0	0.0	0.0	1.0	0.0
AMCOXO					1.0	0.0	1.0	0.0	0.0	1.0	0.0
2OXOADPTm	11.646207114585833	0.9998446422932676	11.646207114585833	0.0001553577067324	0.0972266666666666	0.0109990009647341	0.0050766666666666	0.0020580627352493	1.0	19.15167432698645	4.25939861955186
ExCystineGlu					1.0	0.0	1.0	0.0	0.0	1.0	0.0
ExCystineSer					1.0	0.0	1.0	0.0	0.0	1.0	0.0
CystinePyruvate					1.0	0.0	1.0	0.0	0.0	1.0	0.0
CystineReductaseNADPH	-2.008763973458144	0.0574804575950403	-2.008763973458144	0.9425195424049596	27.71297	0.5890099313820327	32.27350666666667	3.1562274140322795	0.0	0.8586910088894377	-0.21978900908582108
CystineReductaseNADH					1.0	0.0	1.0	0.0	0.0	1.0	0.0
CystineGSH					1.0	0.0	1.0	0.0	0.0	1.0	0.0
Ex3HB					1.0	0.0	1.0	0.0	0.0	1.0	0.0
Transport3HB_forward					1.0	0.0	1.0	0.0	0.0	1.0	0.0
bBDH					1.0	0.0	1.0	0.0	0.0	1.0	0.0
OCOAT1m	5.022529980057268	0.9963139039440756	5.022529980057268	0.0036860960559244	4.613286666666667	0.3803570440461902	1.24955	0.8674121387206891	1.0	3.6919584383711475	1.8843863121675077
ACACT1m	2.9359399063800584	0.9787195193221264	2.9359399063800584	0.0212804806778736	73.83629666666667	4.28660336235528	51.93627	9.638829854389313	1.0	1.421671149404196	0.5075877898585222
G3PD1ir	-4.658373548407922	0.0048006053090855	-4.658373548407922	0.9951993946909146	0.1875266666666666	0.0762945281276594	1.15012	0.282093994382487	-1.0	0.16304965278985376	-2.616616725980619
GLYC3Ptm					1.0	0.0	1.0	0.0	0.0	1.0	0.0
G3PDm					1.0	0.0	1.0	0.0	0.0	1.0	0.0
DHAPtm					1.0	0.0	1.0	0.0	0.0	1.0	0.0
CMPuptake_r					1.0	0.0	1.0	0.0	0.0	1.0	0.0
UMPuptake_r					1.0	0.0	1.0	0.0	0.0	1.0	0.0
Transport_ala_B_c_e					1.0	0.0	1.0	0.0	0.0	1.0	0.0
EX_ala_B					1.0	0.0	1.0	0.0	0.0	1.0	0.0
Transport_octanoyl_ACP_c_e					1.0	0.0	1.0	0.0	0.0	1.0	0.0
EX_octanoyl_ACP					1.0	0.0	1.0	0.0	0.0	1.0	0.0
TMDK1	-11.616812244902867	0.0001568981314143	-11.616812244902867	0.9998431018685856	138.83324000000002	8.422058159693899	445.46114333333327	36.36592461977955	-1.0	0.3116618409433587	-1.681946568900173
THYMDt1_r	5.985167742570623	0.9980410443229144	5.985167742570623	0.0019589556770856	79.65179333333333	5.59274968319003	51.54805	3.580196878729809	1.0	1.5451950817408868	0.6277889906818834
EX_thymd					1.0	0.0	1.0	0.0	0.0	1.0	0.0
Transport_HC00576_c_e					1.0	0.0	1.0	0.0	0.0	1.0	0.0
EX_HC00576					1.0	0.0	1.0	0.0	0.0	1.0	0.0
Transport_4abut_c_e					1.0	0.0	1.0	0.0	0.0	1.0	0.0
EX_4abut					1.0	0.0	1.0	0.0	0.0	1.0	0.0
