Rxn	statistic_less	pvalue_less	statistic_greater	pvalue_greater	mean_MCF102A	std_MCF102A	mean_SKBR3	std_SKBR3	result	meanRatio	meanRatio_log
EX_lac__L_e					1.0	0.0	1.0	0.0	0.0	1.0	0.0
EX_glc__D_e_r					1.0	0.0	1.0	0.0	0.0	1.0	0.0
EX_gluIN__L_e					1.0	0.0	1.0	0.0	0.0	1.0	0.0
EX_gluOUT__L_e					1.0	0.0	1.0	0.0	0.0	1.0	0.0
EX_gln__L_e_r					1.0	0.0	1.0	0.0	0.0	1.0	0.0
EX_asp__L_e					1.0	0.0	1.0	0.0	0.0	1.0	0.0
DM_asp__L_e					1.0	0.0	1.0	0.0	0.0	1.0	0.0
EX_co2_e					1.0	0.0	1.0	0.0	0.0	1.0	0.0
EX_h_e_f					1.0	0.0	1.0	0.0	0.0	1.0	0.0
EX_h_e_b					1.0	0.0	1.0	0.0	0.0	1.0	0.0
EX_h2o_e_f					1.0	0.0	1.0	0.0	0.0	1.0	0.0
EX_h2o_e_b					1.0	0.0	1.0	0.0	0.0	1.0	0.0
EX_ump_e_r					1.0	0.0	1.0	0.0	0.0	1.0	0.0
EX_pi_e_r					1.0	0.0	1.0	0.0	0.0	1.0	0.0
EX_nh4_e					1.0	0.0	1.0	0.0	0.0	1.0	0.0
EX_o2_e_r					1.0	0.0	1.0	0.0	0.0	1.0	0.0
EX_arg__L_e_r					1.0	0.0	1.0	0.0	0.0	1.0	0.0
EX_pro__L_e					1.0	0.0	1.0	0.0	0.0	1.0	0.0
EX_leu__L_e_r					1.0	0.0	1.0	0.0	0.0	1.0	0.0
EX_ile__L_e_r					1.0	0.0	1.0	0.0	0.0	1.0	0.0
EX_met__L_e_r					1.0	0.0	1.0	0.0	0.0	1.0	0.0
EX_gly_e_r					1.0	0.0	1.0	0.0	0.0	1.0	0.0
EX_phe__L_e_r					1.0	0.0	1.0	0.0	0.0	1.0	0.0
EX_ser__L_e_r					1.0	0.0	1.0	0.0	0.0	1.0	0.0
EX_ala__L_e_f					1.0	0.0	1.0	0.0	0.0	1.0	0.0
EX_ala__L_e_b					1.0	0.0	1.0	0.0	0.0	1.0	0.0
EX_ribflv_e					1.0	0.0	1.0	0.0	0.0	1.0	0.0
EX_asn__L_e					1.0	0.0	1.0	0.0	0.0	1.0	0.0
EX_fol_e_r					1.0	0.0	1.0	0.0	0.0	1.0	0.0
EX_urea_e					1.0	0.0	1.0	0.0	0.0	1.0	0.0
EX_pyr_e					1.0	0.0	1.0	0.0	0.0	1.0	0.0
PYRt2	3.434902381621228	0.9867916379205216	3.434902381621228	0.0132083620794783	95.06304666666666	26.424635480501053	28.81798	6.754841651768505	1.0	3.2987408092679176	1.7219154260162444
EX_gudac_e					1.0	0.0	1.0	0.0	0.0	1.0	0.0
EX_hdca_e_f					1.0	0.0	1.0	0.0	0.0	1.0	0.0
EX_hdca_e_b					1.0	0.0	1.0	0.0	0.0	1.0	0.0
EX_ptrcIN_e					1.0	0.0	1.0	0.0	0.0	1.0	0.0
EX_ptrcOUT_e					1.0	0.0	1.0	0.0	0.0	1.0	0.0
EX_biomassx					1.0	0.0	1.0	0.0	0.0	1.0	0.0
EX_h2o2_e					1.0	0.0	1.0	0.0	0.0	1.0	0.0
EX_gthox_e					1.0	0.0	1.0	0.0	0.0	1.0	0.0
EX_2obut_e					1.0	0.0	1.0	0.0	0.0	1.0	0.0
EX_crn_e					1.0	0.0	1.0	0.0	0.0	1.0	0.0
EX_val__L_e_r					1.0	0.0	1.0	0.0	0.0	1.0	0.0
EX_spmd_e					1.0	0.0	1.0	0.0	0.0	1.0	0.0
EX_sprm_e					1.0	0.0	1.0	0.0	0.0	1.0	0.0
EX_5mthf_e					1.0	0.0	1.0	0.0	0.0	1.0	0.0
EX_tmlys_e_r					1.0	0.0	1.0	0.0	0.0	1.0	0.0
EX_thbpt_e_r					1.0	0.0	1.0	0.0	0.0	1.0	0.0
EX_CE2705_e					1.0	0.0	1.0	0.0	0.0	1.0	0.0
EX_crtn_e					1.0	0.0	1.0	0.0	0.0	1.0	0.0
EX_his__L_e_r					1.0	0.0	1.0	0.0	0.0	1.0	0.0
EX_lys__L_e_r					1.0	0.0	1.0	0.0	0.0	1.0	0.0
EX_carn_e_r					1.0	0.0	1.0	0.0	0.0	1.0	0.0
EX_csn_e_r					1.0	0.0	1.0	0.0	0.0	1.0	0.0
EX_cys__L_e					1.0	0.0	1.0	0.0	0.0	1.0	0.0
EX_cyan_e_r					1.0	0.0	1.0	0.0	0.0	1.0	0.0
EX_tcyntc					1.0	0.0	1.0	0.0	0.0	1.0	0.0
EX_tcynt_e					1.0	0.0	1.0	0.0	0.0	1.0	0.0
EX_so3_e					1.0	0.0	1.0	0.0	0.0	1.0	0.0
EX_thr__L_e_r					1.0	0.0	1.0	0.0	0.0	1.0	0.0
EX_trp__L_e_r					1.0	0.0	1.0	0.0	0.0	1.0	0.0
EX_anth_e					1.0	0.0	1.0	0.0	0.0	1.0	0.0
EX_tyr__L_e_r					1.0	0.0	1.0	0.0	0.0	1.0	0.0
EX_cystinex_r					1.0	0.0	1.0	0.0	0.0	1.0	0.0
EX_3hydroxybutanoatex_r					1.0	0.0	1.0	0.0	0.0	1.0	0.0
EX_gthrd_e_r					1.0	0.0	1.0	0.0	0.0	1.0	0.0
EX_cmp_e_r					1.0	0.0	1.0	0.0	0.0	1.0	0.0
HEX1	-3.601658615066248	0.0113622824452906	-3.601658615066248	0.9886377175547092	33.32140999999999	4.6820055847040605	47.61937	3.098042834575834	-1.0	0.6997448727272114	-0.5150990841761687
G6PP	0.7939659218264209	0.7641710326549606	0.7939659218264209	0.2358289673450394	123.85077333333334	6.306777953579431	110.47779333333337	22.96988980041674	0.0	1.1210467696404023	0.1648464680815658
PGI	-3.430865703580164	0.0132572966086659	-3.430865703580164	0.986742703391334	85.43209999999999	18.91013593551	145.31741	15.866683136944529	-1.0	0.587899963259736	-0.7663574071510785
PFK	0.911854011956878	0.7932851006904337	0.911854011956878	0.2067148993095663	103.33859	28.96771942048712	83.20861000000001	11.643032756651795	0.0	1.2419218395788607	0.31257438032149626
FBP	-3.165439262238137	0.0170030707380811	-3.165439262238137	0.9829969292619188	0.0424433333333333	0.0301673381140744	9.7992	4.358891773497785	-1.0	0.004331305956948863	-7.8509821988457364
FBA	-3.891533841041156	0.008833818105162	-3.891533841041156	0.991166181894838	45.24776	11.068472326932325	85.80837666666666	9.73436043643455	-1.0	0.5273116886451606	-0.9232721183412304
TPI	-0.805485115443998	0.2328476305999901	-0.805485115443998	0.7671523694000099	1764.7924633333332	604.4537048416506	2114.56979	108.49864973085543	0.0	0.8345870028405793	-0.26086564143612223
GAPD	-1.3009342822236494	0.1315807050865792	-1.3009342822236494	0.8684192949134208	4453.822003333334	2404.350128827296	6733.50629	600.4322801669891	0.0	0.6614417231551043	-0.5963140425690483
PGK	1.5647801699807624	0.9036575272172596	1.5647801699807624	0.0963424727827404	27.848076666666667	13.297774811108646	13.098503333333332	0.931162526677749	0.0	2.12605027902679	1.0881757156107323
DPGM	1.344469182620425	0.875010575123163	1.344469182620425	0.1249894248768369	309.97781333333336	222.59861805649385	98.14218666666666	10.03296504207782	0.0	3.1584563566547805	1.659219637289483
DPGase	1.344469182620425	0.875010575123163	1.344469182620425	0.1249894248768369	309.97781333333336	222.59861805649385	98.14218666666666	10.03296504207782	0.0	3.1584563566547805	1.659219637289483
PGM_f	1.344469182620425	0.875010575123163	1.344469182620425	0.1249894248768369	309.97781333333336	222.59861805649385	98.14218666666666	10.03296504207782	0.0	3.1584563566547805	1.659219637289483
PGM_b	1.344469182620425	0.875010575123163	1.344469182620425	0.1249894248768369	309.97781333333336	222.59861805649385	98.14218666666666	10.03296504207782	0.0	3.1584563566547805	1.659219637289483
ENO_f	-0.110429564597424	0.4586937849494283	-0.110429564597424	0.5413062150505717	1000.50093	376.5896277476224	1029.90787	2.694843006534266	0.0	0.9714470188483947	-0.04179277918892159
ENO_b	-0.110429564597424	0.4586937849494283	-0.110429564597424	0.5413062150505717	1000.50093	376.5896277476224	1029.90787	2.694843006534266	0.0	0.9714470188483947	-0.04179277918892159
PYK	3.1985531009695976	0.9835268857213942	3.1985531009695976	0.0164731142786057	770.7759733333332	175.80445106659468	369.66841	23.335104252059104	1.0	2.0850469027995473	1.0600798372312012
LDH_L	-0.79561504409688	0.2354003349988318	-0.79561504409688	0.7645996650011682	1240.7522266666667	307.54452869634497	1430.2387633333335	137.33228271687727	0.0	0.8675140532304921	-0.20504096617430734
r0407	-3.891533841041156	0.008833818105162	-3.891533841041156	0.991166181894838	45.24776	11.068472326932325	85.80837666666666	9.73436043643455	-1.0	0.5273116886451606	-0.9232721183412304
PRPPS	1.1400803767003829	0.841058027923695	1.1400803767003829	0.158941972076305	33.29793	11.653843270829867	23.747116666666667	2.132317159028855	0.0	1.4021883358470888	0.48768013889508816
G6PDH2r	-13.708396254808992	8.202053262977651e-05	-13.708396254808992	0.9999179794673702	54.52883666666667	13.785244152190009	208.31254666666663	7.852620742123121	-1.0	0.2617645338181263	-1.9336584534897079
PGL	0.0371304649466678	0.5139199265275038	0.0371304649466678	0.486080073472496	66.84778333333333	11.13923906698698	66.52174666666667	5.488501648242038	0.0	1.0049012042377719	0.007053671391821549
GND	-0.1463259749473489	0.4453711593453382	-0.1463259749473489	0.5546288406546618	65.40235666666666	23.60444045408453	67.94484666666666	6.829921440647924	0.0	0.9625800906951295	-0.05502151092848474
RPI	-0.2475032100380858	0.4083520499695893	-0.2475032100380858	0.5916479500304106	3.83033	1.255651899559216	4.071886666666667	0.5730517530051037	0.0	0.9406769671061571	-0.08822871514783871
TKT2_f	0.986835937863302	0.8102050541237795	0.986835937863302	0.1897949458762204	360.3257066666667	67.02471702112156	312.54658666666666	13.999924958233004	0.0	1.152870394489244	0.20523033455304474
TKT2_b	0.986835937863302	0.8102050541237795	0.986835937863302	0.1897949458762204	360.3257066666667	67.02471702112156	312.54658666666666	13.999924958233004	0.0	1.152870394489244	0.20523033455304474
RPE_f	2.262299109347244	0.95676982452558	2.262299109347244	0.04323017547442	36.5147	8.152718785301012	22.61764	3.00057168316306	1.0	1.6144345740758097	0.6910289760593898
RPE_b	2.262299109347244	0.95676982452558	2.262299109347244	0.04323017547442	36.5147	8.152718785301012	22.61764	3.00057168316306	1.0	1.6144345740758097	0.6910289760593898
TKT1_f	0.986835937863302	0.8102050541237795	0.986835937863302	0.1897949458762204	360.3257066666667	67.02471702112156	312.54658666666666	13.999924958233004	0.0	1.152870394489244	0.20523033455304474
TKT1_b	0.986835937863302	0.8102050541237795	0.986835937863302	0.1897949458762204	360.3257066666667	67.02471702112156	312.54658666666666	13.999924958233004	0.0	1.152870394489244	0.20523033455304474
TALA_f	-5.109888876279385	0.0034673495659055	-5.109888876279385	0.9965326504340944	63.35532333333334	9.269566964773611	150.79038333333332	22.35272781890737	-1.0	0.42015493251503777	-1.251006673771249
TALA_b	-5.109888876279385	0.0034673495659055	-5.109888876279385	0.9965326504340944	63.35532333333334	9.269566964773611	150.79038333333332	22.35272781890737	-1.0	0.42015493251503777	-1.251006673771249
r0408	0.911854011956878	0.7932851006904337	0.911854011956878	0.2067148993095663	103.33859	28.96771942048712	83.20861000000001	11.643032756651795	0.0	1.2419218395788607	0.31257438032149626
PDHm	-3.039706482619261	0.0192066373974725	-3.039706482619261	0.9807933626025276	2.7978400000000003	0.6780849576564872	5.1707600000000005	0.8712072296914591	-1.0	0.5410887374389839	-0.8860628824156896
PCm	8.641021297687631	0.999506773080698	8.641021297687631	0.0004932269193019	8.51182	0.6415158548833116	3.73588	0.446569309514212	1.0	2.278397593070441	1.1880195273354999
PEPCK_re	-5.713589604884015	0.002320702431933	-5.713589604884015	0.9976792975680668	0.0	0.0	0.8956733333333333	0.2216948473816105	-1.0	0.0	
CSm	-0.5578779375953996	0.303337483966984	-0.5578779375953996	0.696662516033016	51.53575333333333	27.200402482866973	62.56732333333334	6.494093675919854	0.0	0.8236848020295151	-0.27983572537212553
ACONTm_f	1.58605415454736	0.9060441199407494	1.58605415454736	0.0939558800592506	10.886616666666669	4.700753812303819	5.524743333333333	0.8719669890285731	0.0	1.9705198974552667	0.9785763172580907
ACONTm_b	1.58605415454736	0.9060441199407494	1.58605415454736	0.0939558800592506	10.886616666666669	4.700753812303819	5.524743333333333	0.8719669890285731	0.0	1.9705198974552667	0.9785763172580907
ICDHxm	0.7849912201232254	0.7618277400016038	0.7849912201232254	0.2381722599983961	5.68516	4.07798435904308	3.419033333333333	0.1935927950335159	0.0	1.6627974768696805	0.7336124639298899
ICDHym_f	-4.407961789822967	0.0058095038672848	-4.407961789822967	0.994190496132715	23.215823333333333	3.1854907258310385	94.42838666666668	22.62408337098225	-1.0	0.2458564013730899	-2.024112175730536
ICDHym_b	-4.407961789822967	0.0058095038672848	-4.407961789822967	0.994190496132715	23.215823333333333	3.1854907258310385	94.42838666666668	22.62408337098225	-1.0	0.2458564013730899	-2.024112175730536
AKGDm	0.1043828103130156	0.5390549532621834	0.1043828103130156	0.4609450467378165	9.47343	1.6580579828823845	9.33438	0.8943764313009748	0.0	1.0148965437447373	0.021332669840443172
SUCOAS1m_f	1.3665631225062165	0.878230979533024	1.3665631225062165	0.1217690204669759	1.84856	0.6729100846819481	1.1470066666666667	0.2725633295625481	0.0	1.6116384095413567	0.6885280941896876
SUCOAS1m_b	1.3665631225062165	0.878230979533024	1.3665631225062165	0.1217690204669759	1.84856	0.6729100846819481	1.1470066666666667	0.2725633295625481	0.0	1.6116384095413567	0.6885280941896876
SUCD1m	-0.1228492738412009	0.4540757972264394	-0.1228492738412009	0.5459242027735606	17.951523333333334	4.393606675775862	18.411526666666667	2.956023863518169	0.0	0.9750154703810547	-0.0365029848815638
FUMm_f	-1.084874593368601	0.1694947827921475	-1.084874593368601	0.8305052172078525	68.87960333333334	7.720184833073766	77.67360333333333	8.47427954402549	0.0	0.8867826440050569	-0.17334756064613246
FUMm_b	-1.084874593368601	0.1694947827921475	-1.084874593368601	0.8305052172078525	68.87960333333334	7.720184833073766	77.67360333333333	8.47427954402549	0.0	0.8867826440050569	-0.17334756064613246
MDHm_f	-1.086050709382362	0.1692634813944893	-1.086050709382362	0.8307365186055107	98.15833666666668	67.91909751960604	159.29001333333335	41.51728970997853	0.0	0.6162240470233288	-0.6984731128600016
MDHm_b	-1.086050709382362	0.1692634813944893	-1.086050709382362	0.8307365186055107	98.15833666666668	67.91909751960604	159.29001333333335	41.51728970997853	0.0	0.6162240470233288	-0.6984731128600016
ME1m	2.9317306861676884	0.9786300198561784	2.9317306861676884	0.0213699801438216	5.34101	1.4120513093604874	2.384703333333333	0.1994559136473242	1.0	2.2396957832630475	1.1633027850580382
ME2m	0.898924587481853	0.7902427847593112	0.898924587481853	0.2097572152406888	0.0545166666666666	0.0138743944812817	0.0288133333333333	0.0379824848523046	0.0	1.8920638593243868	0.9199607821106334
ME2	3.1496179974283782	0.9827366503906352	3.1496179974283782	0.0172633496093649	3.7649	1.0718455919891945	1.3385166666666664	0.1951890245092917	1.0	2.8127404714173654	1.4919764428508706
ACITL	-2.7191356761946945	0.0265170897347645	-2.7191356761946945	0.9734829102652354	46.98083	11.250031775815865	71.74485	6.27081249295496	-1.0	0.6548320889931473	-0.6108030743933088
FUM_f	-1.084874593368601	0.1694947827921475	-1.084874593368601	0.8305052172078525	68.87960333333334	7.720184833073766	77.67360333333333	8.47427954402549	0.0	0.8867826440050569	-0.17334756064613246
FUM_b	-1.084874593368601	0.1694947827921475	-1.084874593368601	0.8305052172078525	68.87960333333334	7.720184833073766	77.67360333333333	8.47427954402549	0.0	0.8867826440050569	-0.17334756064613246
MDH_f	0.859441664246451	0.7807230613728819	0.859441664246451	0.219276938627118	121.82471	17.008061378275883	109.0522	12.347004519391197	0.0	1.1171229007759587	0.15978791329330577
MDH_b	0.859441664246451	0.7807230613728819	0.859441664246451	0.219276938627118	121.82471	17.008061378275883	109.0522	12.347004519391197	0.0	1.1171229007759587	0.15978791329330577
AKGMALtm_f	-29.86288343473548	3.744162160383717e-06	-29.86288343473548	0.9999962558378396	66.32329333333334	8.735291968027683	355.67994666666664	10.557831775139984	-1.0	0.18646902631114506	-2.4229920853097093
AKGMALtm_b	-29.86288343473548	3.744162160383717e-06	-29.86288343473548	0.9999962558378396	66.32329333333334	8.735291968027683	355.67994666666664	10.557831775139984	-1.0	0.18646902631114506	-2.4229920853097093
ACONT	5.528647497530464	0.9973854395179782	5.528647497530464	0.0026145604820217	5.097563333333333	1.1237031324845344	0.6552933333333334	0.1688691182214465	1.0	7.779055690072638	2.9595950351684417
ICDHyr	5.54028657331538	0.997405230172139	5.54028657331538	0.002594769827861	82.18729	15.906242188180924	18.21964333333333	3.6888353002841177	1.0	4.510916514465249	2.173420585706674
PPA	-1.2527827305686638	0.1392629456724411	-1.2527827305686638	0.8607370543275589	125.85272666666668	30.483811773080845	161.15845000000002	25.674296665151324	0.0	0.7809253977477859	-0.35674336142413
Complex1ROS	-0.2301065064258589	0.4146488829889818	-0.2301065064258589	0.5853511170110183	0.2633399999999999	0.0765959428864653	0.2823566666666666	0.0882765881886144	0.0	0.9326501941988264	-0.10059201887345368
FADH2ETC	2.9999798624038654	0.980028619379822	2.9999798624038654	0.0199713806201778	4.65811	0.905553609567098	2.67759	0.2272488118047411	1.0	1.7396651466430633	0.7988096406903474
CYOR_u10mi	-7.661013262444467	0.0007801676593205	-7.661013262444467	0.9992198323406796	15.126473333333331	2.3510582736338583	40.990476666666666	4.155480939869925	-1.0	0.3690240895791811	-1.4382130976205423
CYOOm2i	-0.4735441513286869	0.3302563285074211	-0.4735441513286869	0.6697436714925789	101.23583666666666	20.45336766933721	110.64236	19.256786918410526	0.0	0.9149826220867546	-0.12818375178285799
ATPS4mi	-1.547340507394384	0.0983453988961127	-1.547340507394384	0.9016546011038872	31.60823666666667	8.502766440045	55.029203333333335	19.644755480796626	0.0	0.574390228315741	-0.7998968890417474
GLUCYS	1.6267069606943103	0.9104362079847804	1.6267069606943103	0.0895637920152196	3.9288	1.2627442000922702	2.3872066666666667	0.449067684158586	0.0	1.6457728837888632	0.718765257971611
GTHS	-5.103920457648029	0.0034817816593388	-5.103920457648029	0.9965182183406612	36.23929999999999	2.628758125503371	46.39675666666667	1.0054114631775837	-1.0	0.7810739931749537	-0.35646886978505976
SPODMm	1.889039416483284	0.9340516250575762	1.889039416483284	0.0659483749424237	8.173463333333332	1.9582027384029688	5.281216666666666	0.924000431830106	0.0	1.5476477958046284	0.6300771891441813
GTHPi	35.59942655198151	0.9999981419041636	35.59942655198151	1.858095836324895e-06	6749.106586666666	5.166847461036713	2041.61197	186.93731624498847	1.0	3.3057734211201093	1.7249878451902652
GTHPm	21.45528921893353	0.9999860453103157	21.45528921893353	1.3954689684352496e-05	6476.364129999999	203.2672446140056	1673.23915	242.72419270962217	1.0	3.8705549831295776	1.9525404433731914
GDR	-2.447456703878373	0.0353192429903146	-2.447456703878373	0.9646807570096854	11.82044	1.746270746247557	18.25948	3.285410259688533	-1.0	0.6473590704664097	-0.6273619414221271
GTHOr	-2.447456703878373	0.0353192429903146	-2.447456703878373	0.9646807570096854	11.82044	1.746270746247557	18.25948	3.285410259688533	-1.0	0.6473590704664097	-0.6273619414221271
GDRm	-2.447456703878373	0.0353192429903146	-2.447456703878373	0.9646807570096854	11.82044	1.746270746247557	18.25948	3.285410259688533	-1.0	0.6473590704664097	-0.6273619414221271
GTHOm	-2.447456703878373	0.0353192429903146	-2.447456703878373	0.9646807570096854	11.82044	1.746270746247557	18.25948	3.285410259688533	-1.0	0.6473590704664097	-0.6273619414221271
r0885	-13.33904973507467	9.131084205906154e-05	-13.33904973507467	0.999908689157941	14.531996666666666	4.709455362950394	98.73829	7.584394991524816	-1.0	0.14717691248923456	-2.7643767200255063
PYRt2m_f	0.2819689541684938	0.6040227142574423	0.2819689541684938	0.3959772857425577	113.87540666666666	15.024616860921578	109.67295333333334	14.782313472480848	0.0	1.0383180465703394	0.05424842243228558
PYRt2m_b	0.2819689541684938	0.6040227142574423	0.2819689541684938	0.3959772857425577	113.87540666666666	15.024616860921578	109.67295333333334	14.782313472480848	0.0	1.0383180465703394	0.05424842243228558
HMR_4964	3.109103765858785	0.9820484852562794	3.109103765858785	0.0179515147437205	958.4784166666668	51.68920543971912	676.97581	117.14826566299853	1.0	1.415823730343728	0.5016416614741207
r2420	2.5446547095033587	0.9681672669262632	2.5446547095033587	0.0318327330737368	565.1561666666666	79.65168564066609	391.41373	54.58222064458779	1.0	1.443884369275106	0.5299552113712569
ATPtm	1.3612326250106492	0.8774615564610966	1.3612326250106492	0.1225384435389034	1429.28418	330.8252376796282	1088.1770966666666	127.05221560059503	0.0	1.3134665160461674	0.39337942258811825
FUMtm_f	-13.33904973507467	9.131084205906154e-05	-13.33904973507467	0.999908689157941	14.531996666666666	4.709455362950394	98.73829	7.584394991524816	-1.0	0.14717691248923456	-2.7643767200255063
FUMtm_b	-13.33904973507467	9.131084205906154e-05	-13.33904973507467	0.999908689157941	14.531996666666666	4.709455362950394	98.73829	7.584394991524816	-1.0	0.14717691248923456	-2.7643767200255063
CO2tm_f					1.0	0.0	1.0	0.0	0.0	1.0	0.0
CO2tm_b					1.0	0.0	1.0	0.0	0.0	1.0	0.0
O2tm					1.0	0.0	1.0	0.0	0.0	1.0	0.0
r0801_f	-0.6869245832018263	0.2649417728741726	-0.6869245832018263	0.7350582271258275	19.101740000000003	1.9549684153117832	23.47272	8.783880639182208	0.0	0.8137846828147741	-0.2972809688565828
r0801_b	-0.6869245832018263	0.2649417728741726	-0.6869245832018263	0.7350582271258275	19.101740000000003	1.9549684153117832	23.47272	8.783880639182208	0.0	0.8137846828147741	-0.2972809688565828
THD1m	6.551114104053295	0.998596413877614	6.551114104053295	0.001403586122386	3.96753	0.7571799221233131	0.3675366666666666	0.1750184326165548	1.0	10.794922955532783	3.432281041622729
H2Otm_f	-0.0568201297939799	0.4787067708583699	-0.0568201297939799	0.52129322914163	0.0407166666666666	0.0293457235196014	0.0424133333333333	0.0303661767249169	0.0	0.9599968563344852	-0.05889841338489593
H2Otm_b	-0.0568201297939799	0.4787067708583699	-0.0568201297939799	0.52129322914163	0.0407166666666666	0.0293457235196014	0.0424133333333333	0.0303661767249169	0.0	0.9599968563344852	-0.05889841338489593
NH4tm_f					1.0	0.0	1.0	0.0	0.0	1.0	0.0
NH4tm_b					1.0	0.0	1.0	0.0	0.0	1.0	0.0
HCO3E	21.12150070372392	0.9999851488561398	21.12150070372392	1.4851143860309792e-05	258.6990633333333	16.048099077885283	16.852446666666665	2.1622438326937647	1.0	15.350831155278343	3.9402448658662412
HCO3Em	4.027346255227228	0.9921159171154008	4.027346255227228	0.0078840828845991	0.4374	0.0632262809281077	0.24128	0.0272992393056412	1.0	1.8128315649867375	0.8582448866667914
GLUN	2.104159598272396	0.9484160823701973	2.104159598272396	0.0515839176298028	10.03258	4.184203837553806	3.75809	0.5257760489029526	0.0	2.669595459395597	1.4166211378146853
GLNS	3.6267141650544863	0.9888877538238112	3.6267141650544863	0.0111122461761887	987.2912666666668	221.6372223591632	356.25101333333333	106.89903748657868	1.0	2.771336023521393	1.4705816476930498
GLUt2m	-3.535785895622188	0.0120523212944284	-3.535785895622188	0.9879476787055717	35.36752	5.009223115141376	106.46234666666663	27.9912185652588	-1.0	0.33220684220624613	-1.589846307212105
GLNtm_1					1.0	0.0	1.0	0.0	0.0	1.0	0.0
GLUNm	2.137394132762878	0.9503108234487944	2.137394132762878	0.0496891765512055	10.344476666666669	4.250586403288636	3.873653333333333	0.5130781988698756	1.0	2.6704704258512213	1.4170939071792945
GLUPRT	-0.9113960946860962	0.2068220172314883	-0.9113960946860962	0.7931779827685117	5.1331	1.8272847711472529	6.405283333333333	0.7469222034604553	0.0	0.8013853147271653	-0.31943202205951754
PRAGSr	1.161675949064083	0.8450194450198774	1.161675949064083	0.1549805549801226	26.306933333333333	10.843617866543536	17.341826666666666	1.2378112682293516	0.0	1.5169643797616092	0.6011872096821002
GARFT	1.161675949064083	0.8450194450198774	1.161675949064083	0.1549805549801226	26.306933333333333	10.843617866543536	17.341826666666666	1.2378112682293516	0.0	1.5169643797616092	0.6011872096821002
PRFGS	-0.7616111144518207	0.2443610477262563	-0.7616111144518207	0.7556389522737437	18.667136666666664	1.767957724161474	21.00678333333333	3.9684162600239183	0.0	0.8886242301097979	-0.17035461504894386
PRAIS	1.161675949064083	0.8450194450198774	1.161675949064083	0.1549805549801226	26.306933333333333	10.843617866543536	17.341826666666666	1.2378112682293516	0.0	1.5169643797616092	0.6011872096821002
AIRCr	-1.863513962569196	0.0679233797747324	-1.863513962569196	0.9320766202252676	105.58597000000002	24.950239211359616	141.06354000000002	10.118107080569304	0.0	0.7484993641872308	-0.41792700410042194
PRASCSi	-1.863513962569196	0.0679233797747324	-1.863513962569196	0.9320766202252676	105.58597000000002	24.950239211359616	141.06354000000002	10.118107080569304	0.0	0.7484993641872308	-0.41792700410042194
ADSL2r	0.902830130655424	0.7911656609882807	0.902830130655424	0.2088343390117193	2.022253333333333	0.6360994815453179	1.5962500000000002	0.2016641584417023	0.0	1.2668775776559642	0.3412771190786121
AICART	1.767640990132819	0.9240715726944704	1.767640990132819	0.0759284273055296	36.59657333333333	12.646532577146283	20.70601333333333	1.3017607375994855	0.0	1.767436963561632	0.8216587615813448
IMPC	1.767640990132819	0.9240715726944704	1.767640990132819	0.0759284273055296	36.59657333333333	12.646532577146283	20.70601333333333	1.3017607375994855	0.0	1.767436963561632	0.8216587615813448
ADSS	21.2384367203342	0.9999854708746312	21.2384367203342	1.452912536878644e-05	26.784386666666663	1.1951636638924763	8.064100000000002	0.3541704072900504	1.0	3.3214353327298345	1.731806825884884
ADSL1r	0.902830130655424	0.7911656609882807	0.902830130655424	0.2088343390117193	2.022253333333333	0.6360994815453179	1.5962500000000002	0.2016641584417023	0.0	1.2668775776559642	0.3412771190786121
IMPDH2	-1.178246351196834	0.1520032520716866	-1.178246351196834	0.8479967479283134	510.8497766666666	46.65165314800061	562.84782	41.458913017945854	0.0	0.9076161593140161	-0.13984579972169062
GMPS	-4.929522989005011	0.003937765056756	-4.929522989005011	0.996062234943244	11.227150000000002	3.219050252615928	24.93334	2.2581606030277523	-1.0	0.45028664430838394	-1.1510844075158673
GMPS2	-4.929522989005011	0.003937765056756	-4.929522989005011	0.996062234943244	11.227150000000002	3.219050252615928	24.93334	2.2581606030277523	-1.0	0.45028664430838394	-1.1510844075158673
GK1	0.3627189339892656	0.6324157609298448	0.3627189339892656	0.3675842390701552	217.26895666666667	37.962777162912566	204.6620533333333	31.22307109195841	0.0	1.061598636034402	0.08623842221517859
RNDR2	-0.906401041288838	0.2079934879724388	-0.906401041288838	0.7920065120275612	6.668783333333333	4.922404583211565	10.058383333333332	1.9337847602449336	0.0	0.6630074746935807	-0.592902959628574
ADK1	6.03856605211083	0.9981038112133224	6.03856605211083	0.0018961887866774	57.36313333333334	4.736376745778946	36.33220333333333	1.3513303206429177	1.0	1.5788509385750622	0.6588749708626126
RNDR1	-0.906401041288838	0.2079934879724388	-0.906401041288838	0.7920065120275612	6.668783333333333	4.922404583211565	10.058383333333332	1.9337847602449336	0.0	0.6630074746935807	-0.592902959628574
CBPS	1.6209340964604977	0.9098257191851942	1.6209340964604977	0.0901742808148058	29.73268	6.433607736260168	20.18209	5.295346328787192	0.0	1.4732210588695225	0.5589739250148843
ASPCT	1.6209340964604977	0.9098257191851942	1.6209340964604977	0.0901742808148058	29.73268	6.433607736260168	20.18209	5.295346328787192	0.0	1.4732210588695225	0.5589739250148843
DHORTS	1.6209340964604977	0.9098257191851942	1.6209340964604977	0.0901742808148058	29.73268	6.433607736260168	20.18209	5.295346328787192	0.0	1.4732210588695225	0.5589739250148843
DHORD9	-6.228520437211738	0.0016920224886576	-6.228520437211738	0.9983079775113424	7.4979	1.3411125278911786	13.813253333333334	0.5075141397263943	-1.0	0.5428047845836944	-0.8814946573569282
ORPT	-1.0185135392236102	0.1830130154158691	-1.0185135392236102	0.8169869845841309	12.330666666666666	7.05525290905688	17.597763333333333	1.925944862092948	0.0	0.7006951072759435	-0.513141272486845
OMPDC	-1.0185135392236102	0.1830130154158691	-1.0185135392236102	0.8169869845841309	12.330666666666666	7.05525290905688	17.597763333333333	1.925944862092948	0.0	0.7006951072759435	-0.513141272486845
UMPK	2.635158562753338	0.9710636137677022	2.635158562753338	0.0289363862322978	42.78416333333333	8.292791554715187	25.24871333333333	4.448842623104975	1.0	1.6945086574708625	0.7608670077622278
RNDR4	-0.906401041288838	0.2079934879724388	-0.906401041288838	0.7920065120275612	6.668783333333333	4.922404583211565	10.058383333333332	1.9337847602449336	0.0	0.6630074746935807	-0.592902959628574
TMDS	0.6650776047034184	0.728806949410508	0.6650776047034184	0.271193050589492	16.846026666666667	5.307145441241354	14.164636666666668	2.0840669649563144	0.0	1.189301714057379	0.2501147589493318
URIDK2r	0.769117104367646	0.7576390699118869	0.769117104367646	0.2423609300881131	47.48305333333333	17.439663299565797	37.585366666666665	5.203366353495484	0.0	1.2633388348834342	0.3372416302940227
NDPK2	-1.4237110036536649	0.1138145939236321	-1.4237110036536649	0.8861854060763679	348.4374833333333	101.2503326585621	469.45688	64.80213093265837	0.0	0.7422140311019264	-0.4300928203274971
NDPK3_f	-1.4237110036536649	0.1138145939236321	-1.4237110036536649	0.8861854060763679	348.4374833333333	101.2503326585621	469.45688	64.80213093265837	0.0	0.7422140311019264	-0.4300928203274971
NDPK3_b	-1.4237110036536649	0.1138145939236321	-1.4237110036536649	0.8861854060763679	348.4374833333333	101.2503326585621	469.45688	64.80213093265837	0.0	0.7422140311019264	-0.4300928203274971
CYTK1_r	2.635158562753338	0.9710636137677022	2.635158562753338	0.0289363862322978	42.78416333333333	8.292791554715187	25.24871333333333	4.448842623104975	1.0	1.6945086574708625	0.7608670077622278
CTPS1	0.6850597676860088	0.7345286781338372	0.6850597676860088	0.2654713218661628	30.11805	8.853242238144547	25.827736666666667	0.2500828984334762	0.0	1.1661126326593851	0.22170714251041557
RNDR3	-0.906401041288838	0.2079934879724388	-0.906401041288838	0.7920065120275612	6.668783333333333	4.922404583211565	10.058383333333332	1.9337847602449336	0.0	0.6630074746935807	-0.592902959628574
GDHm	3.117681469380895	0.982196836347093	3.117681469380895	0.017803163652907	57.27625333333333	11.002342292246482	31.73535	3.629765399205115	1.0	1.804809253193468	0.8518463695149622
GLUDym_f	3.117681469380895	0.982196836347093	3.117681469380895	0.017803163652907	57.27625333333333	11.002342292246482	31.73535	3.629765399205115	1.0	1.804809253193468	0.8518463695149622
GLUDym_b	3.117681469380895	0.982196836347093	3.117681469380895	0.017803163652907	57.27625333333333	11.002342292246482	31.73535	3.629765399205115	1.0	1.804809253193468	0.8518463695149622
ASPTA_f	2.291390149534199	0.9581356112150976	2.291390149534199	0.0418643887849023	33.93216	5.807392268072362	23.68499333333333	2.504457799422638	1.0	1.4326438484677642	0.5186800039399156
ASPTA_b	2.291390149534199	0.9581356112150976	2.291390149534199	0.0418643887849023	33.93216	5.807392268072362	23.68499333333333	2.504457799422638	1.0	1.4326438484677642	0.5186800039399156
ASPTAm	-1.816369920192396	0.0717404939621969	-1.816369920192396	0.9282595060378032	110.61321666666667	16.744464542935443	134.01264999999998	7.179267147910477	0.0	0.8253938465261801	-0.2768454120782231
ASPGLUm	-1.4386652514886429	0.1118199416715261	-1.4386652514886429	0.8881800583284739	3.46383	0.7085968800853321	4.364313333333333	0.5305013443484905	0.0	0.7936712457247954	-0.33338655651098076
ASPT	-1.084874593368601	0.1694947827921475	-1.084874593368601	0.8305052172078525	68.87960333333334	7.720184833073766	77.67360333333333	8.47427954402549	0.0	0.8867826440050569	-0.17334756064613246
CBPSam	-6.343630961882113	0.0015813976414707	-6.343630961882113	0.9984186023585292	0.0096366666666666	0.0046044061023714	13.616013333333331	3.0333259238920496	-1.0	0.000707745096215138	-10.464482531448962
OCBTm					0.0	0.0	0.0	0.0	0.0		
ORNt4m	-3.8075467279751134	0.0094900507759004	-3.8075467279751134	0.9905099492240996	1.1230566666666666	0.7378121808126752	3.11287	0.0429987627728984	-1.0	0.36077853128035114	-1.470814603680148
ARGSS	1.7640351232464104	0.923751485539474	1.7640351232464104	0.076248514460526	83.06081333333333	11.846062960745888	65.43996	7.696032499883731	0.0	1.2692674832523327	0.3439961322973749
ARGSL	-2.364962257098026	0.0386219038953654	-2.364962257098026	0.9613780961046344	5.013896666666667	2.0936124362344515	8.601516666666667	0.468288139669964	-1.0	0.5829084405657141	-0.7786588027400589
ARGN	-0.7811659366676051	0.2391764971904616	-0.7811659366676051	0.7608235028095384	0.1174399999999999	0.084003911020063	0.1829933333333333	0.0838305920028932	0.0	0.6417720135524059	-0.6398672170618167
ORNDC	0.5188549194849408	0.6843772988269354	0.5188549194849408	0.3156227011730645	135.32763	66.03195515129978	111.08134	2.6904666049342927	0.0	1.218275094628855	0.28483994017744924
SPMS	-2.433652244148121	0.0358488583544469	-2.433652244148121	0.964151141645553	405.4768333333333	25.99546282845569	540.0183699999999	73.73487869909238	-1.0	0.7508574816322144	-0.4133889954759311
SPRMS	-1.8984884099309072	0.0652330749110012	-1.8984884099309072	0.9347669250889988	464.37997	29.219043329250194	570.49806	73.45062664108637	0.0	0.8139904454714535	-0.2969162344890229
ADMDC	0.7641438042397923	0.7563152373130079	0.7641438042397923	0.2436847626869921	45.85030333333333	15.949322492102567	36.918053333333326	4.346854494016973	0.0	1.241948022539289	0.31260479578548095
MTAP	-8.135815795414462	0.0006208608510425	-8.135815795414462	0.9993791391489576	0.0165333333333333	0.0164279037683516	3.131686666666667	0.5412443354797247	-1.0	0.005279370222223157	-7.565418444371085
ADPT	2.750564981948417	0.974327693305086	2.750564981948417	0.0256723066949139	896.7930266666666	48.40405380606212	775.4159566666667	39.39057285191669	1.0	1.1565315608435138	0.20980463653280856
MTRI					1.0	0.0	1.0	0.0	0.0	1.0	0.0
MDRPD	-9.542542127491089	0.000336759678798	-9.542542127491089	0.999663240321202	0.6429033333333334	0.2416373197353606	2.38121	0.0893239993879957	-1.0	0.26999018706176	-1.8890211221838695
DKMPPD					1.0	0.0	1.0	0.0	0.0	1.0	0.0
SPMDtex2					1.0	0.0	1.0	0.0	0.0	1.0	0.0
SPRMti					1.0	0.0	1.0	0.0	0.0	1.0	0.0
GLYAMDTRc	0.4028710535238738	0.6461767829826062	0.4028710535238738	0.3538232170173939	0.0572633333333333	0.0314721308814993	0.04536	0.0274857793534523	0.0	1.2624191651969423	0.3361910126540495
ARGDr					1.0	0.0	1.0	0.0	0.0	1.0	0.0
r0074_f	-6.396060817670517	0.0015339665579699	-6.396060817670517	0.99846603344203	2.00201	0.1033062924834042	21.04892	4.210137115518528	-1.0	0.09511224328849176	-3.3942251263472505
r0074_b	-6.396060817670517	0.0015339665579699	-6.396060817670517	0.99846603344203	2.00201	0.1033062924834042	21.04892	4.210137115518528	-1.0	0.09511224328849176	-3.3942251263472505
GLU5SAtmc_f					1.0	0.0	1.0	0.0	0.0	1.0	0.0
GLU5SAtmc_b					1.0	0.0	1.0	0.0	0.0	1.0	0.0
G5SADs_f	-6.396060817670517	0.0015339665579699	-6.396060817670517	0.99846603344203	2.00201	0.1033062924834042	21.04892	4.210137115518528	-1.0	0.09511224328849176	-3.3942251263472505
G5SADs_b	-6.396060817670517	0.0015339665579699	-6.396060817670517	0.99846603344203	2.00201	0.1033062924834042	21.04892	4.210137115518528	-1.0	0.09511224328849176	-3.3942251263472505
PRO1x	3.383638949310898	0.9861539134324148	3.383638949310898	0.0138460865675851	151.65198666666666	27.135745586506776	81.88203666666668	10.677237967577984	1.0	1.8520788299883924	0.8891455053006327
P5CR	3.383638949310898	0.9861539134324148	3.383638949310898	0.0138460865675851	151.65198666666666	27.135745586506776	81.88203666666668	10.677237967577984	1.0	1.8520788299883924	0.8891455053006327
PROD2					0.0	0.0	0.0	0.0	0.0		
EXRiboflavin					1.0	0.0	1.0	0.0	0.0	1.0	0.0
RBFK	0.3168192357326659	0.6163865416599159	0.3168192357326659	0.3836134583400842	25.741253333333333	7.675121836172301	23.92574	2.601608955857893	0.0	1.075881177900175	0.10551875306182754
FMNAT	-2.7536343972751864	0.0255914858235842	-2.7536343972751864	0.9744085141764156	74.68006999999999	7.897188985763647	92.38609	4.508393826770981	-1.0	0.8083475553516768	-0.30695237050818924
TransportFAD					1.0	0.0	1.0	0.0	0.0	1.0	0.0
ASNS1	6.948444515092112	0.998873160241329	6.948444515092112	0.001126839758671	0.8845066666666668	0.1022934277241483	0.2424966666666666	0.0813029959814246	1.0	3.647500309282603	1.8669081004736552
ASNN	-7.555278876850371	0.0008222930765737	-7.555278876850371	0.9991777069234262	0.02212	0.0071408869663835	2.03485	0.3766795064773235	-1.0	0.010870580141042337	-6.523427253616422
METS	-0.78922070668242	0.2370657049304741	-0.78922070668242	0.7629342950695259	2.056823333333333	0.6557298054500462	2.441073333333333	0.2100200797278413	0.0	0.8425897351165197	-0.24709775457074382
METAT	1.870251070034045	0.9326040202403256	1.870251070034045	0.0673959797596745	38.93566666666666	14.137500200158758	19.567556666666665	3.823598703719952	0.0	1.9898072779313105	0.9926287058256952
HMR_3915					1.0	0.0	1.0	0.0	0.0	1.0	0.0
AHCi	-9.542542127491089	0.000336759678798	-9.542542127491089	0.999663240321202	0.6429033333333334	0.2416373197353606	2.38121	0.0893239993879957	-1.0	0.26999018706176	-1.8890211221838695
ADNK1	-0.6165812071540479	0.2854364743392333	-0.6165812071540479	0.7145635256607665	2.5843133333333337	0.4965436943736394	2.9345733333333333	0.6315430854836606	0.0	0.8806436370079922	-0.18336976147417725
CYSTS	2.797258149773993	0.9755259043908516	2.797258149773993	0.0244740956091482	0.4067033333333333	0.1268164196344026	0.1431133333333333	0.040948377528569	1.0	2.841826990264127	1.5068187263310038
CYSTGL	12.123335807267129	0.9998672037180694	12.123335807267129	0.0001327962819306	10.223406666666667	0.8689287843597361	2.34971	0.2976162308521944	1.0	4.350922737983269	2.1213213982808643
MTHFR3	0.3406466190661831	0.6247455361787163	0.3406466190661831	0.3752544638212837	4.18156	0.4557502157980839	4.06078	0.2090902237472298	0.0	1.0297430542900625	0.04228439513059132
MetSynthesis					1.0	0.0	1.0	0.0	0.0	1.0	0.0
UNK3					1.0	0.0	1.0	0.0	0.0	1.0	0.0
5MTHFt	-3.0696101359531296	0.0186535707855771	-3.0696101359531296	0.9813464292144228	0.8226966666666667	0.3969512124794291	2.8286333333333338	0.8345709242612172	-1.0	0.2908459915860427	-1.7816726736810597
ILETA	6.3331684837052125	0.998408922523096	6.3331684837052125	0.0015910774769039	6.7067033333333335	1.2626953668596752	0.4689166666666666	0.588057261629814	1.0	14.302548427225878	3.8382003241115097
3MOPt2im					1.0	0.0	1.0	0.0	0.0	1.0	0.0
ILETAm	-5.540835075369926	0.0025938417076834	-5.540835075369926	0.9974061582923164	19.552376666666667	2.314874945180024	35.34732666666667	3.30056055740368	-1.0	0.5531500826370839	-0.8542571241929682
LEUTA	6.3331684837052125	0.998408922523096	6.3331684837052125	0.0015910774769039	6.7067033333333335	1.2626953668596752	0.4689166666666666	0.588057261629814	1.0	14.302548427225878	3.8382003241115097
4MOPt2im					1.0	0.0	1.0	0.0	0.0	1.0	0.0
LEUTAm	-5.540835075369926	0.0025938417076834	-5.540835075369926	0.9974061582923164	19.552376666666667	2.314874945180024	35.34732666666667	3.30056055740368	-1.0	0.5531500826370839	-0.8542571241929682
OIVD1m	-0.4682674044859918	0.3319854092283058	-0.4682674044859918	0.6680145907716942	0.00971	0.0069869068024889	0.0142499999999999	0.0117975166878457	0.0	0.6814035087719346	-0.553418718520264
ACOAD8m	-7.824501463268515	0.0007201510191606	-7.824501463268515	0.9992798489808392	17.931096666666665	1.8541104336281824	44.16136	4.363304445608472	-1.0	0.4060358799336493	-1.3003208760601985
MCCCrm	-3.008016813776168	0.0198138326384492	-3.008016813776168	0.9801861673615508	2.00584	0.4893645803147861	4.61974	1.1272831649885786	-1.0	0.4341889370397468	-1.2036051277579494
MGCHrm	5.627734914696846	0.9975482049040716	5.627734914696846	0.0024517950959284	1.572463333333333	0.0913110436304879	0.8870533333333332	0.1460431726883831	1.0	1.7726818379954605	0.8259336236954584
HMGCOAtm					1.0	0.0	1.0	0.0	0.0	1.0	0.0
VALTA	6.3331684837052125	0.998408922523096	6.3331684837052125	0.0015910774769039	6.7067033333333335	1.2626953668596752	0.4689166666666666	0.588057261629814	1.0	14.302548427225878	3.8382003241115097
3MOBt2im					1.0	0.0	1.0	0.0	0.0	1.0	0.0
VALTAim	-5.540835075369926	0.0025938417076834	-5.540835075369926	0.9974061582923164	19.552376666666667	2.314874945180024	35.34732666666667	3.30056055740368	-1.0	0.5531500826370839	-0.8542571241929682
OIVD2m	-0.4682674044859918	0.3319854092283058	-0.4682674044859918	0.6680145907716942	0.00971	0.0069869068024889	0.0142499999999999	0.0117975166878457	0.0	0.6814035087719346	-0.553418718520264
ACOAD9m	1.1036540885357495	0.8341645385403818	1.1036540885357495	0.1658354614596183	32.222166666666666	3.78866848285193	28.90717	1.9209070206719192	0.0	1.1146773159277323	0.1566261297981827
ECOAH12m	-2.736224962619565	0.0260538289392595	-2.736224962619565	0.9739461710607406	171.85999333333334	30.185877889176734	254.65992666666665	30.33522863478075	-1.0	0.6748607666030114	-0.567338210577592
3HBCOAHLm					1.0	0.0	1.0	0.0	0.0	1.0	0.0
HIBDm	-3.290920674633331	0.0150947028507213	-3.290920674633331	0.9849052971492788	3.06852	0.57688001271206	6.69028	1.4455262430224731	-1.0	0.458653449481935	-1.1245236047544322
r0643	1.542552098022557	0.9010972168336592	1.542552098022557	0.0989027831663408	197.20815666666667	60.222358443441	129.49495	15.07108752424545	0.0	1.5229022959325185	0.6068233865427414
MMSAD1m	-3.231700399269091	0.0159620109604213	-3.231700399269091	0.9840379890395788	1.2603633333333333	0.3131002602291405	4.480503333333334	1.3739305180232204	-1.0	0.2812994968571239	-1.8298211226911356
MMTSADm					1.0	0.0	1.0	0.0	0.0	1.0	0.0
PCC					1.0	0.0	1.0	0.0	0.0	1.0	0.0
MMALH					1.0	0.0	1.0	0.0	0.0	1.0	0.0
MMEm	-2.3259998003497167	0.0403023178428834	-2.3259998003497167	0.9596976821571166	3.674416666666666	0.5542198524252105	6.20029	1.4322461297556368	-1.0	0.592620130133698	-0.7548204622587554
MMMm	0.679550041489867	0.7329596665804337	0.679550041489867	0.2670403334195663	5.367103333333333	1.1318458567706509	4.68933	0.8417128271962275	0.0	1.144535217895378	0.19476185599215853
ILEtmi					1.0	0.0	1.0	0.0	0.0	1.0	0.0
LEUt5m					1.0	0.0	1.0	0.0	0.0	1.0	0.0
VALt5m					1.0	0.0	1.0	0.0	0.0	1.0	0.0
PGCD	22.415158819200727	0.9999882722861172	22.415158819200727	1.1727713882621069e-05	24.58638333333333	0.975054356991901	4.939163333333333	0.7653924697100757	1.0	4.977843750864687	2.315520946391575
PSERT	4.829183053814741	0.9957668482782376	4.829183053814741	0.0042331517217622	163.89647	41.17207592663017	23.251583333333333	1.126548711813604	1.0	7.048830509750232	2.817383915987833
PSP_L	5.021856809062298	0.9963121540330756	5.021856809062298	0.0036878459669244	15.01315	3.204679728407608	3.62735	0.1042314926817547	1.0	4.138875487614926	2.0492388477219943
GHMT2r_f	2.882961961567971	0.9775603939468154	2.882961961567971	0.0224396060531846	18.126396666666665	3.567583481203425	10.781836666666669	0.502611614956209	1.0	1.6811974830509702	0.7494892017211296
GHMT2r_b	2.882961961567971	0.9775603939468154	2.882961961567971	0.0224396060531846	18.126396666666665	3.567583481203425	10.781836666666669	0.502611614956209	1.0	1.6811974830509702	0.7494892017211296
SERD_L	-2.814567505532602	0.0240464777140102	-2.814567505532602	0.97595352228599	3.1078166666666664	0.9809699777034748	6.459733333333333	1.3690380353209897	-1.0	0.4811060312087186	-1.0555732095383792
ALATA_L_f	0.8633939533298166	0.7816915996700148	0.8633939533298166	0.2183084003299852	26.888566666666662	0.965634566915571	25.26673666666667	2.4747911069062427	0.0	1.0641883445969342	0.08975350776498227
ALATA_L_b	0.8633939533298166	0.7816915996700148	0.8633939533298166	0.2183084003299852	26.888566666666662	0.965634566915571	25.26673666666667	2.4747911069062427	0.0	1.0641883445969342	0.08975350776498227
r1435					1.0	0.0	1.0	0.0	0.0	1.0	0.0
GLYtm_r					1.0	0.0	1.0	0.0	0.0	1.0	0.0
GHMT2rm	1.3316356495772008	0.8731017681575438	1.3316356495772008	0.1268982318424562	342.98444	63.48564035445232	277.7466933333333	27.744341664808378	0.0	1.234882172254604	0.3043733919204153
MLTHFtm_r					1.0	0.0	1.0	0.0	0.0	1.0	0.0
r0962	2.399514343799364	0.9628022473414348	2.399514343799364	0.037197752658565	30.61949333333333	8.808568276041736	15.600716666666663	0.8726652826574206	1.0	1.962697867512497	0.972838105259926
FORtm_r					1.0	0.0	1.0	0.0	0.0	1.0	0.0
r0514	0.9261188776789796	0.7965988471984884	0.9261188776789796	0.2034011528015115	16.737196666666666	4.365331253481483	13.756266666666669	1.2901068674424698	0.0	1.2166961481797385	0.2829689213405948
DHFRim	0.9261188776789796	0.7965988471984884	0.9261188776789796	0.2034011528015115	16.737196666666666	4.365331253481483	13.756266666666669	1.2901068674424698	0.0	1.2166961481797385	0.2829689213405948
FTHFLmi	0.4842109490310751	0.6732233288208346	0.4842109490310751	0.3267766711791654	20.40265666666667	2.016982636817238	19.192826666666665	2.901272642150145	0.0	1.0630355299410477	0.0881898170130702
MTHFCm	2.02226109878476	0.9433971119602584	2.02226109878476	0.0566028880397414	97.6712	34.70745854052795	47.91413666666667	2.484293730906679	0.0	2.0384631091130303	1.027481848030152
MTHFDm	1.997614264722332	0.9417833487875974	1.997614264722332	0.0582166512124026	115.53102333333334	34.52375033419006	66.29366	4.81318086137085	0.0	1.7427160204057723	0.8013374981320185
FOLR2	0.9261188776789796	0.7965988471984884	0.9261188776789796	0.2034011528015115	16.737196666666666	4.365331253481483	13.756266666666669	1.2901068674424698	0.0	1.2166961481797385	0.2829689213405948
DHFR	0.9261188776789796	0.7965988471984884	0.9261188776789796	0.2034011528015115	16.737196666666666	4.365331253481483	13.756266666666669	1.2901068674424698	0.0	1.2166961481797385	0.2829689213405948
FTHFLi	-0.2448749941310301	0.4093012641023707	-0.2448749941310301	0.5906987358976293	17.859826666666667	1.0092582603190436	18.379526666666667	2.826618959821473	0.0	0.9717239725796348	-0.04138153408585657
FTHFDH	7.052372650876388	0.9989341431891732	7.052372650876388	0.0010658568108267	7.860030000000001	1.1179656206103417	2.089296666666667	0.2987960118356483	1.0	3.7620459197592813	1.9115174585912191
MTHFC_f	-0.2448749941310301	0.4093012641023707	-0.2448749941310301	0.5906987358976293	17.859826666666667	1.0092582603190436	18.379526666666667	2.826618959821473	0.0	0.9717239725796348	-0.04138153408585657
MTHFC_b	-0.2448749941310301	0.4093012641023707	-0.2448749941310301	0.5906987358976293	17.859826666666667	1.0092582603190436	18.379526666666667	2.826618959821473	0.0	0.9717239725796348	-0.04138153408585657
MTHFD	-0.1885064342061707	0.4298285732181359	-0.1885064342061707	0.570171426781864	22.041386666666668	1.4488521034329984	22.440303333333333	2.618664411748011	0.0	0.9822232052418781	-0.025877187960010827
MTHFD2i_f	2.040356910913649	0.944550691902988	2.040356910913649	0.0554493080970118	98.76144	34.89962524832132	48.28363333333333	2.474091022743955	0.0	2.0454434180250174	1.0324136292994126
MTHFD2i_b	2.040356910913649	0.944550691902988	2.040356910913649	0.0554493080970118	98.76144	34.89962524832132	48.28363333333333	2.474091022743955	0.0	2.0454434180250174	1.0324136292994126
ACACT1r	1.4219999618819474	0.8859549245075113	1.4219999618819474	0.1140450754924886	27.972446666666663	14.60982199837797	13.219896666666664	1.3468237552190052	0.0	2.1159353489651584	1.0812955475123034
HMGCOAS	1.1608277709067716	0.8448655986883221	1.1608277709067716	0.1551344013116779	23.18535333333333	14.66737407174925	11.096076666666669	1.3363635333828727	0.0	2.0895091147832128	1.063164051947644
HMGCOAR	2.954321053486448	0.9791052608795704	2.954321053486448	0.0208947391204295	43.01354666666666	12.506261249673656	16.586033333333333	1.9060276536002545	1.0	2.5933594731310077	1.3748221962254328
MEVK1	-1.6771897102980833	0.0844053126921901	-1.6771897102980833	0.91559468730781	29.100203333333337	1.4930819249756158	34.85680333333333	4.618649544418322	0.0	0.8348500307113649	-0.2604110342837572
PMEVK	-0.5460494554424965	0.3070294751480343	-0.5460494554424965	0.6929705248519658	21.0869	8.905727763108416	24.77162333333333	3.429010333807053	0.0	0.8512522460175199	-0.23234139522630937
IPDDI	-0.470502450713525	0.3312524097516477	-0.470502450713525	0.6687475902483522	77.59015666666666	14.442692068106815	83.19012666666667	8.644587675632014	0.0	0.9326846799688326	-0.10053867461868864
DPMVD	5.232678703605068	0.9968139913860968	5.232678703605068	0.0031860086139031	84.43490333333334	12.98101715953552	32.27788	5.495232415909874	1.0	2.6158751235624313	1.3872936712192774
DMATT	-2.2338087129698048	0.0446163965851443	-2.2338087129698048	0.9553836034148556	10.29079	2.268080179314655	16.95703333333333	3.5591160031702	-1.0	0.6068744336175157	-0.7205300507902721
GRTT	-2.2338087129698048	0.0446163965851443	-2.2338087129698048	0.9553836034148556	10.29079	2.268080179314655	16.95703333333333	3.5591160031702	-1.0	0.6068744336175157	-0.7205300507902721
HMR_1465					1.0	0.0	1.0	0.0	0.0	1.0	0.0
HMR_1467					1.0	0.0	1.0	0.0	0.0	1.0	0.0
SMO	3.3642931477863134	0.9859038046641924	3.3642931477863134	0.0140961953358077	143.84948333333332	17.32549530839322	94.49092	11.41584256522779	1.0	1.5223630305783171	0.6063124324044672
LNSTLS	3.401814303622865	0.9863841112185928	3.401814303622865	0.0136158887814072	22.30006	1.8171318442167776	15.79989	2.000076863239677	1.0	1.4114060287761496	0.49713307754303504
HMR_1477	0.5644108712217276	0.6986895754696851	0.5644108712217276	0.3013104245303148	0.41988	0.5331059024871763	0.2065799999999999	0.0379390809939654	0.0	2.032529770548941	1.0232764836699346
HMR_1478	0.5644108712217276	0.6986895754696851	0.5644108712217276	0.3013104245303148	0.41988	0.5331059024871763	0.2065799999999999	0.0379390809939654	0.0	2.032529770548941	1.0232764836699346
HMR_1479	0.5644108712217276	0.6986895754696851	0.5644108712217276	0.3013104245303148	0.41988	0.5331059024871763	0.2065799999999999	0.0379390809939654	0.0	2.032529770548941	1.0232764836699346
C14STR	-4.51357226042354	0.0053553864960344	-4.51357226042354	0.9946446135039656	54.90204333333333	2.791822892774939	89.07240333333333	10.33600932618688	-1.0	0.6163754572544187	-0.6981186769059486
HMR_1490	4.289785488091329	0.99362583958603	4.289785488091329	0.0063741604139701	96.38867	18.44806867714884	37.71102333333334	5.819719759217126	1.0	2.5559812882298694	1.3538772746742709
HMR_1493	4.289785488091329	0.99362583958603	4.289785488091329	0.0063741604139701	96.38867	18.44806867714884	37.71102333333334	5.819719759217126	1.0	2.5559812882298694	1.3538772746742709
HMR_1494	4.289785488091329	0.99362583958603	4.289785488091329	0.0063741604139701	96.38867	18.44806867714884	37.71102333333334	5.819719759217126	1.0	2.5559812882298694	1.3538772746742709
C3STDH1	1.669689020072759	0.914848328179972	1.669689020072759	0.0851516718200279	12.61676	4.144494254317005	7.692369999999999	0.4687643407939645	0.0	1.6401655146593315	0.7138414094344535
HMR_1495	0.903462331837364	0.7913147322927649	0.903462331837364	0.208685267707235	12.646383333333333	4.1860777461273	9.87765	1.1225258582619226	0.0	1.2803028385631536	0.35648510086379553
HMR_1500	6.353862048209744	0.9984279981532156	6.353862048209744	0.0015720018467842	7.117993333333334	0.9903529142123476	2.4723666666666664	0.2972573771816083	1.0	2.8790201021962765	1.5255778622732235
HMR_1502	4.289785488091329	0.99362583958603	4.289785488091329	0.0063741604139701	96.38867	18.44806867714884	37.71102333333334	5.819719759217126	1.0	2.5559812882298694	1.3538772746742709
HMR_1503	4.289785488091329	0.99362583958603	4.289785488091329	0.0063741604139701	96.38867	18.44806867714884	37.71102333333334	5.819719759217126	1.0	2.5559812882298694	1.3538772746742709
HMR_1504	4.289785488091329	0.99362583958603	4.289785488091329	0.0063741604139701	96.38867	18.44806867714884	37.71102333333334	5.819719759217126	1.0	2.5559812882298694	1.3538772746742709
HMR_1505	1.669689020072759	0.914848328179972	1.669689020072759	0.0851516718200279	12.61676	4.144494254317005	7.692369999999999	0.4687643407939645	0.0	1.6401655146593315	0.7138414094344535
HMR_1509	6.353862048209744	0.9984279981532156	6.353862048209744	0.0015720018467842	7.117993333333334	0.9903529142123476	2.4723666666666664	0.2972573771816083	1.0	2.8790201021962765	1.5255778622732235
CHLSTI_1	1.678462166962117	0.9157206215184724	1.678462166962117	0.0842793784815275	225.70307000000005	22.446238439484684	189.55276	20.589228213667138	0.0	1.190713709470651	0.25182657896473626
HMR_1516	3.918844112352319	0.9913677482796314	3.918844112352319	0.0086322517203686	40.093336666666666	11.670853960421615	7.46162	1.5699652734376008	1.0	5.373275061805167	2.4258016925295016
RE2410C					1.0	0.0	1.0	0.0	0.0	1.0	0.0
DSMSTOLR					1.0	0.0	1.0	0.0	0.0	1.0	0.0
ACCOAC	3.6716294113617054	0.989319743906426	3.6716294113617054	0.0106802560935741	5.250006666666667	1.457506359284774	1.4645466666666664	0.0401064968413957	1.0	3.584731566537086	1.8418650904403833
FASN	-4.421262402915642	0.0057498135194976	-4.421262402915642	0.9942501864805022	492.5312933333333	55.13215385480743	1888.0455	442.9604224536907	-1.0	0.26086833888978483	-1.9386062373493635
MCAT	-4.421262402915642	0.0057498135194976	-4.421262402915642	0.9942501864805022	492.5312933333333	55.13215385480743	1888.0455	442.9604224536907	-1.0	0.26086833888978483	-1.9386062373493635
AcetoacetylACPsynthesis	-4.421262402915642	0.0057498135194976	-4.421262402915642	0.9942501864805022	492.5312933333333	55.13215385480743	1888.0455	442.9604224536907	-1.0	0.26086833888978483	-1.9386062373493635
r0691	-4.421262402915642	0.0057498135194976	-4.421262402915642	0.9942501864805022	492.5312933333333	55.13215385480743	1888.0455	442.9604224536907	-1.0	0.26086833888978483	-1.9386062373493635
r0681	-4.421262402915642	0.0057498135194976	-4.421262402915642	0.9942501864805022	492.5312933333333	55.13215385480743	1888.0455	442.9604224536907	-1.0	0.26086833888978483	-1.9386062373493635
r0682	-4.421262402915642	0.0057498135194976	-4.421262402915642	0.9942501864805022	492.5312933333333	55.13215385480743	1888.0455	442.9604224536907	-1.0	0.26086833888978483	-1.9386062373493635
r0760	-4.421262402915642	0.0057498135194976	-4.421262402915642	0.9942501864805022	492.5312933333333	55.13215385480743	1888.0455	442.9604224536907	-1.0	0.26086833888978483	-1.9386062373493635
r0761	-4.421262402915642	0.0057498135194976	-4.421262402915642	0.9942501864805022	492.5312933333333	55.13215385480743	1888.0455	442.9604224536907	-1.0	0.26086833888978483	-1.9386062373493635
r0762	-4.421262402915642	0.0057498135194976	-4.421262402915642	0.9942501864805022	492.5312933333333	55.13215385480743	1888.0455	442.9604224536907	-1.0	0.26086833888978483	-1.9386062373493635
r0763	-4.421262402915642	0.0057498135194976	-4.421262402915642	0.9942501864805022	492.5312933333333	55.13215385480743	1888.0455	442.9604224536907	-1.0	0.26086833888978483	-1.9386062373493635
r0764	-4.421262402915642	0.0057498135194976	-4.421262402915642	0.9942501864805022	492.5312933333333	55.13215385480743	1888.0455	442.9604224536907	-1.0	0.26086833888978483	-1.9386062373493635
r0694	-4.421262402915642	0.0057498135194976	-4.421262402915642	0.9942501864805022	492.5312933333333	55.13215385480743	1888.0455	442.9604224536907	-1.0	0.26086833888978483	-1.9386062373493635
r0695	-4.421262402915642	0.0057498135194976	-4.421262402915642	0.9942501864805022	492.5312933333333	55.13215385480743	1888.0455	442.9604224536907	-1.0	0.26086833888978483	-1.9386062373493635
r0765	-4.421262402915642	0.0057498135194976	-4.421262402915642	0.9942501864805022	492.5312933333333	55.13215385480743	1888.0455	442.9604224536907	-1.0	0.26086833888978483	-1.9386062373493635
r0766	-4.421262402915642	0.0057498135194976	-4.421262402915642	0.9942501864805022	492.5312933333333	55.13215385480743	1888.0455	442.9604224536907	-1.0	0.26086833888978483	-1.9386062373493635
r0692	-4.421262402915642	0.0057498135194976	-4.421262402915642	0.9942501864805022	492.5312933333333	55.13215385480743	1888.0455	442.9604224536907	-1.0	0.26086833888978483	-1.9386062373493635
r0693	-4.421262402915642	0.0057498135194976	-4.421262402915642	0.9942501864805022	492.5312933333333	55.13215385480743	1888.0455	442.9604224536907	-1.0	0.26086833888978483	-1.9386062373493635
r0767	-4.421262402915642	0.0057498135194976	-4.421262402915642	0.9942501864805022	492.5312933333333	55.13215385480743	1888.0455	442.9604224536907	-1.0	0.26086833888978483	-1.9386062373493635
r0768	-4.421262402915642	0.0057498135194976	-4.421262402915642	0.9942501864805022	492.5312933333333	55.13215385480743	1888.0455	442.9604224536907	-1.0	0.26086833888978483	-1.9386062373493635
r0769	-4.421262402915642	0.0057498135194976	-4.421262402915642	0.9942501864805022	492.5312933333333	55.13215385480743	1888.0455	442.9604224536907	-1.0	0.26086833888978483	-1.9386062373493635
r0770	-4.421262402915642	0.0057498135194976	-4.421262402915642	0.9942501864805022	492.5312933333333	55.13215385480743	1888.0455	442.9604224536907	-1.0	0.26086833888978483	-1.9386062373493635
r0712	-4.421262402915642	0.0057498135194976	-4.421262402915642	0.9942501864805022	492.5312933333333	55.13215385480743	1888.0455	442.9604224536907	-1.0	0.26086833888978483	-1.9386062373493635
r0713	-4.421262402915642	0.0057498135194976	-4.421262402915642	0.9942501864805022	492.5312933333333	55.13215385480743	1888.0455	442.9604224536907	-1.0	0.26086833888978483	-1.9386062373493635
r0701	-4.421262402915642	0.0057498135194976	-4.421262402915642	0.9942501864805022	492.5312933333333	55.13215385480743	1888.0455	442.9604224536907	-1.0	0.26086833888978483	-1.9386062373493635
r0702	-4.421262402915642	0.0057498135194976	-4.421262402915642	0.9942501864805022	492.5312933333333	55.13215385480743	1888.0455	442.9604224536907	-1.0	0.26086833888978483	-1.9386062373493635
r0771	-4.421262402915642	0.0057498135194976	-4.421262402915642	0.9942501864805022	492.5312933333333	55.13215385480743	1888.0455	442.9604224536907	-1.0	0.26086833888978483	-1.9386062373493635
r0772	-4.421262402915642	0.0057498135194976	-4.421262402915642	0.9942501864805022	492.5312933333333	55.13215385480743	1888.0455	442.9604224536907	-1.0	0.26086833888978483	-1.9386062373493635
r0696	-4.421262402915642	0.0057498135194976	-4.421262402915642	0.9942501864805022	492.5312933333333	55.13215385480743	1888.0455	442.9604224536907	-1.0	0.26086833888978483	-1.9386062373493635
r0697	-4.421262402915642	0.0057498135194976	-4.421262402915642	0.9942501864805022	492.5312933333333	55.13215385480743	1888.0455	442.9604224536907	-1.0	0.26086833888978483	-1.9386062373493635
r0773	-4.421262402915642	0.0057498135194976	-4.421262402915642	0.9942501864805022	492.5312933333333	55.13215385480743	1888.0455	442.9604224536907	-1.0	0.26086833888978483	-1.9386062373493635
FA160ACPH	-4.422648276211971	0.0057436368058762	-4.422648276211971	0.9942563631941236	492.5826633333333	55.17015652373984	1888.315106666667	442.8850576551104	-1.0	0.26085829721653864	-1.938661772456041
TMLYStd_r					1.0	0.0	1.0	0.0	0.0	1.0	0.0
TMLYSOX	6.563660431035123	0.9986063558000312	6.563660431035123	0.0013936441999687	0.44087	0.0884937568419377	0.0176366666666666	0.0220120456922012	1.0	24.997353997354093	4.64370348669771
GHMT3	2.882961961567971	0.9775603939468154	2.882961961567971	0.0224396060531846	18.126396666666665	3.567583481203425	10.781836666666669	0.502611614956209	1.0	1.6811974830509702	0.7494892017211296
TMABADH	0.2736868357924025	0.6010618436721361	0.2736868357924025	0.3989381563278639	12.912586666666668	4.865914270421222	11.958366666666668	0.7967405705888347	0.0	1.07979517827128	0.11075767968861626
BBHOX	1.6003211747159671	0.9076103878928746	1.6003211747159671	0.0923896121071254	0.2233733333333333	0.0972647885356714	0.1122099999999999	0.0137773896898747	0.0	1.9906722514333262	0.9932557121912824
SUCFUMtm_r	-13.33904973507467	9.131084205906154e-05	-13.33904973507467	0.999908689157941	14.531996666666666	4.709455362950394	98.73829	7.584394991524816	-1.0	0.14717691248923456	-2.7643767200255063
palmitateActivation	5.609493157020976	0.9975191928429238	5.609493157020976	0.0024808071570762	50.66996333333333	8.189506567978045	15.866769999999995	3.149541248795873	1.0	3.1934642862620017	1.6751223163886741
carnitineAcylTransferaseI	-2.5996683091816672	0.0300345485887691	-2.5996683091816672	0.9699654514112308	15.54304	0.9287127297860556	19.21137	1.7662855314095351	-1.0	0.8090542215365172	-0.3056917018482758
CARN160t_m	3.2713749941914725	0.9846253412962348	3.2713749941914725	0.0153746587037652	1.66111	0.6282089074503798	0.1387199999999999	0.1961797053723957	1.0	11.974553056516733	3.58189990406968
carnitineAcylTransferaseII	1.292991487519877	0.8671808375841887	1.292991487519877	0.1328191624158112	4.918843333333333	1.819804359381036	3.2308966666666663	0.3110556816534442	0.0	1.5224390752206045	0.6063844956943132
betaOxidation	1.6178226410744334	0.9094948862166364	1.6178226410744334	0.0905051137833636	0.0340266666666666	0.0263521363249526	0.0033866666666666	0.0047894699312368	0.0	10.047244094488368	3.3287279269927295
Biomass					1.0	0.0	1.0	0.0	0.0	1.0	0.0
GLCt1_r	-11.198857993431796	0.000181003133034	-11.198857993431796	0.999818996866966	135.28830666666667	21.85281031747684	395.82868	24.5960635157024	-1.0	0.34178500321570093	-1.548838998812445
O2t_r					1.0	0.0	1.0	0.0	0.0	1.0	0.0
GLNt_r	4.610957013706763	0.9950257560342896	4.610957013706763	0.0049742439657104	598.2577733333333	139.87090196389462	141.24992	9.114953283581148	1.0	4.235455661379017	2.082517186806403
r0963_r	-3.0696101359531296	0.0186535707855771	-3.0696101359531296	0.9813464292144228	0.8226966666666667	0.3969512124794291	2.8286333333333338	0.8345709242612172	-1.0	0.2908459915860427	-1.7816726736810597
THBPTt_r					1.0	0.0	1.0	0.0	0.0	1.0	0.0
ARGt5r_r	-1.4451252574364395	0.1109691492528451	-1.4451252574364395	0.8890308507471548	7.947776666666666	1.3419519596551217	9.370786666666667	0.3720482811261048	0.0	0.8481440192143241	-0.23761883226327513
PHEtec_r	-3.5038160575004897	0.0124051507479227	-3.5038160575004897	0.9875948492520772	4.4953233333333324	0.6619719511849089	8.40553	1.4327033252096075	-1.0	0.5348054594217535	-0.9029139020056697
ILEtec_r	-3.272287742014924	0.0153614494487672	-3.272287742014924	0.9846385505512328	4.4953233333333324	0.6619719511849089	8.17599	1.4464230573613888	-1.0	0.5498200625653079	-0.8629685441016212
LEUtec_r	-3.272287742014924	0.0153614494487672	-3.272287742014924	0.9846385505512328	4.4953233333333324	0.6619719511849089	8.17599	1.4464230573613888	-1.0	0.5498200625653079	-0.8629685441016212
VALtec_r	-3.272287742014924	0.0153614494487672	-3.272287742014924	0.9846385505512328	4.4953233333333324	0.6619719511849089	8.17599	1.4464230573613888	-1.0	0.5498200625653079	-0.8629685441016212
METtec_r	-3.272287742014924	0.0153614494487672	-3.272287742014924	0.9846385505512328	4.4953233333333324	0.6619719511849089	8.17599	1.4464230573613888	-1.0	0.5498200625653079	-0.8629685441016212
r2526_r	4.604222140580361	0.995000479156752	4.604222140580361	0.004999520843248	599.21179	139.92004554132572	142.67161333333334	9.302888633022652	1.0	4.199937016202521	2.07036769286911
GLYt4_r	4.651910581977454	0.9951761654780722	4.651910581977454	0.0048238345219277	608.0701333333333	139.10324429064102	149.21363999999997	10.455187383938505	1.0	4.07516453142845	2.0268583081496163
r2532_r	4.610927720074519	0.9950256464275722	4.610927720074519	0.0049743535724277	598.2577733333333	139.87090196389462	141.25364000000002	9.111100945827932	1.0	4.235344118093758	2.082479192060054
PROPAT4te_r	-3.540453419018132	0.0120018138376892	-3.540453419018132	0.9879981861623108	1.390186666666667	0.506833976849312	2.9117	0.3353969780225616	-1.0	0.4774484550835137	-1.0665831054235155
HDCAt	-1.4319713197850097	0.1127084409043488	-1.4319713197850097	0.887291559095651	143.52920666666668	25.255269533785533	170.69413666666665	9.05075477213672	0.0	0.8408561036103546	-0.25006916286115144
CRNt	5.103089771492291	0.9965162038740036	5.103089771492291	0.0034837961259962	20.49512	1.4187782988425863	12.514273333333334	1.6966989324043973	1.0	1.6377395198336193	0.7117059166080959
GTHRDt2_r					1.0	0.0	1.0	0.0	0.0	1.0	0.0
DmLact	3.274260043758115	0.9846670478742452	3.274260043758115	0.0153329521257548	95.28143	26.40107529242828	31.59982666666666	7.715100418276413	1.0	3.0152516659374085	1.592278420714893
UREAt	-1.4556871067139698	0.1095921157862933	-1.4556871067139698	0.8904078842137066	0.0	0.0	0.27642	0.2685446007649381	0.0	0.0	
DmBiomass					1.0	0.0	1.0	0.0	0.0	1.0	0.0
NH4t					1.0	0.0	1.0	0.0	0.0	1.0	0.0
PTRCtex2_f					1.0	0.0	1.0	0.0	0.0	1.0	0.0
PTRCtex2_b					1.0	0.0	1.0	0.0	0.0	1.0	0.0
GUDACtr2					1.0	0.0	1.0	0.0	0.0	1.0	0.0
CE2705t	-6.913576223661361	0.0011482589509984	-6.913576223661361	0.9988517410490017	19.48818333333333	5.4945480032564	51.54805	3.580196878729809	-1.0	0.3780585945216808	-1.4033182427832458
Dm2oxobutyrate					1.0	0.0	1.0	0.0	0.0	1.0	0.0
H2Ot_f	-9.542542127491089	0.000336759678798	-9.542542127491089	0.999663240321202	0.6429033333333334	0.2416373197353606	2.38121	0.0893239993879957	-1.0	0.26999018706176	-1.8890211221838695
H2Ot_b	-9.542542127491089	0.000336759678798	-9.542542127491089	0.999663240321202	0.6429033333333334	0.2416373197353606	2.38121	0.0893239993879957	-1.0	0.26999018706176	-1.8890211221838695
PHLACHt_f					1.0	0.0	1.0	0.0	0.0	1.0	0.0
PHLACHt_b					1.0	0.0	1.0	0.0	0.0	1.0	0.0
CO2t					1.0	0.0	1.0	0.0	0.0	1.0	0.0
DmH2O2					1.0	0.0	1.0	0.0	0.0	1.0	0.0
DmGSSG					1.0	0.0	1.0	0.0	0.0	1.0	0.0
GLUt4	-2.746782689535416	0.025772304931914	-2.746782689535416	0.974227695068086	0.3858933333333333	0.1421456286895786	1.4623166666666665	0.5356701918365648	-1.0	0.26389176990847857	-1.9219817373924646
ALAPAT4te	4.530115136732659	0.9947117919766948	4.530115136732659	0.0052882080233052	611.1154233333333	141.82033847731813	155.85428666666667	9.280191886429694	1.0	3.9210690729370588	1.9712470563676443
DmAla	4.530115136732659	0.9947117919766948	4.530115136732659	0.0052882080233052	611.1154233333333	141.82033847731813	155.85428666666667	9.280191886429694	1.0	3.9210690729370588	1.9712470563676443
ASPte_r	10.100322655701078	0.9997296542658698	10.100322655701078	0.0002703457341302	8.314973333333333	0.9474489529726068	1.3375200000000005	0.238308454319187	1.0	6.2167095320692995	2.6361511723395767
DmAsp	10.100322655701078	0.9997296542658698	10.100322655701078	0.0002703457341302	8.314973333333333	0.9474489529726068	1.3375200000000005	0.238308454319187	1.0	6.2167095320692995	2.6361511723395767
DmPalm	-1.4319713197850097	0.1127084409043488	-1.4319713197850097	0.887291559095651	143.52920666666668	25.255269533785533	170.69413666666665	9.05075477213672	0.0	0.8408561036103546	-0.25006916286115144
ATPM					1.0	0.0	1.0	0.0	0.0	1.0	0.0
GACMTRc	-2.278442319998548	0.0424661949317988	-2.278442319998548	0.9575338050682012	25.02328	7.323407138251976	49.92483333333333	13.611119076554855	-1.0	0.5012190993794003	-0.996486704060504
CKc_cho	-25.03816371513096	7.55278380401493e-06	-25.03816371513096	0.999992447216196	9.947526666666668	1.1878761148743116	250.1881033333333	13.517250985813984	-1.0	0.03976019056914658	-4.652531518073121
CRTNsyn_cho					1.0	0.0	1.0	0.0	0.0	1.0	0.0
CRTNtr					1.0	0.0	1.0	0.0	0.0	1.0	0.0
NDPK1	-1.4237110036536649	0.1138145939236321	-1.4237110036536649	0.8861854060763679	348.4374833333333	101.2503326585621	469.45688	64.80213093265837	0.0	0.7422140311019264	-0.4300928203274971
NDPK5	-1.4237110036536649	0.1138145939236321	-1.4237110036536649	0.8861854060763679	348.4374833333333	101.2503326585621	469.45688	64.80213093265837	0.0	0.7422140311019264	-0.4300928203274971
NDPK8	-1.4237110036536649	0.1138145939236321	-1.4237110036536649	0.8861854060763679	348.4374833333333	101.2503326585621	469.45688	64.80213093265837	0.0	0.7422140311019264	-0.4300928203274971
NDPK7	-1.4237110036536649	0.1138145939236321	-1.4237110036536649	0.8861854060763679	348.4374833333333	101.2503326585621	469.45688	64.80213093265837	0.0	0.7422140311019264	-0.4300928203274971
DTMPK					1.0	0.0	1.0	0.0	0.0	1.0	0.0
NDPK4	-1.4237110036536649	0.1138145939236321	-1.4237110036536649	0.8861854060763679	348.4374833333333	101.2503326585621	469.45688	64.80213093265837	0.0	0.7422140311019264	-0.4300928203274971
HIStiDF_r	3.0502714305394125	0.980990929459546	3.0502714305394125	0.0190090705404539	0.0463066666666666	0.0144277726008633	0.01258	0.0060291956345768	1.0	3.6809750927397937	1.8800879877816445
PTRCOX1	4.504619041669248	0.9946078243428572	4.504619041669248	0.0053921756571428	14.063493333333334	2.3534362672531044	4.276653333333333	1.9753281217616028	1.0	3.28843425856355	1.7174008286143203
ABUTD					1.0	0.0	1.0	0.0	0.0	1.0	0.0
r0465_1	-5.321333396767556	0.0030000856368681	-5.321333396767556	0.996999914363132	0.21817	0.0688029597231592	1.4904799999999998	0.3310589549712658	-1.0	0.14637566421555473	-2.7722523775626637
ABUTH	-9.542542127491089	0.000336759678798	-9.542542127491089	0.999663240321202	0.6429033333333334	0.2416373197353606	2.38121	0.0893239993879957	-1.0	0.26999018706176	-1.8890211221838695
GLUDC					1.0	0.0	1.0	0.0	0.0	1.0	0.0
HISDr	2.720090626338836	0.9735090470822654	2.720090626338836	0.0264909529177346	0.4227433333333333	0.1943189030662968	0.0451566666666666	0.027907318434816	1.0	9.361703698235784	3.2267711038823155
URCN	-9.542542127491089	0.000336759678798	-9.542542127491089	0.999663240321202	0.6429033333333334	0.2416373197353606	2.38121	0.0893239993879957	-1.0	0.26999018706176	-1.8890211221838695
IZPN	1.8497652711986128	0.9309864903681077	1.8497652711986128	0.0690135096318923	0.1773	0.1017782927085469	0.0428966666666666	0.0141433478670677	0.0	4.133188281917794	2.0472550852711384
GluForTx					1.0	0.0	1.0	0.0	0.0	1.0	0.0
FTCD	-1.3440611847083015	0.1250496739658829	-1.3440611847083015	0.874950326034117	0.0324466666666666	0.0309218556292399	0.0905633333333333	0.0527557076427649	0.0	0.3582759762965138	-1.480856786029919
CARPEPT1tc_r	-6.347729142109813	0.0015776257760872	-6.347729142109813	0.9984223742239128	0.0065033333333333	0.0053277283047175	4.107043333333333	0.9135457007117316	-1.0	0.001583458660041725	-9.302705081793187
NBAHH_ir	-9.542542127491089	0.000336759678798	-9.542542127491089	0.999663240321202	0.6429033333333334	0.2416373197353606	2.38121	0.0893239993879957	-1.0	0.26999018706176	-1.8890211221838695
r0283	-5.321333396767556	0.0030000856368681	-5.321333396767556	0.996999914363132	0.21817	0.0688029597231592	1.4904799999999998	0.3310589549712658	-1.0	0.14637566421555473	-2.7722523775626637
ASP1DC	2.2752284891187013	0.95738292658606	2.2752284891187013	0.04261707341394	0.0460233333333333	0.0266008299786971	0.0027666666666666	0.0039126575225655	1.0	16.63493975903653	4.0561447366118015
CSNt_r	-6.485199330993375	0.0014572763982877	-6.485199330993375	0.9985427236017124	15.135176666666666	3.289008016503186	40.16108	4.3548873327867685	-1.0	0.37686179422133737	-1.4078925510956997
bAlaSynthesis					1.0	0.0	1.0	0.0	0.0	1.0	0.0
LYSt5r_r	-1.973563055255784	0.05984007869897	-1.973563055255784	0.94015992130103	7.592363333333334	1.1826215221372482	9.334063333333331	0.3988402876117487	0.0	0.8134038801965134	-0.2979562219543983
LYStm	-3.8075467279751134	0.0094900507759004	-3.8075467279751134	0.9905099492240996	1.1230566666666666	0.7378121808126752	3.11287	0.0429987627728984	-1.0	0.36077853128035114	-1.470814603680148
SACCD3m	1.716067938920181	0.9193546533784857	1.716067938920181	0.0806453466215143	0.2241933333333333	0.0884582497879963	0.0940266666666666	0.0606802946231769	0.0	2.3843590470788443	1.253601499406258
r0525	1.716067938920181	0.9193546533784857	1.716067938920181	0.0806453466215143	0.2241933333333333	0.0884582497879963	0.0940266666666666	0.0606802946231769	0.0	2.3843590470788443	1.253601499406258
AASAD3m					1.0	0.0	1.0	0.0	0.0	1.0	0.0
r0450	5.381474420921386	0.9971185214450892	5.381474420921386	0.0028814785549107	3.08591	0.4036617062178015	0.7980166666666667	0.4455889006197927	1.0	3.8669743739687976	1.9512052038645697
2OXOADOXm	-3.039706482619261	0.0192066373974725	-3.039706482619261	0.9807933626025276	2.7978400000000003	0.6780849576564872	5.1707600000000005	0.8712072296914591	-1.0	0.5410887374389839	-0.8860628824156896
GLUTCOADHm	-4.819520087527765	0.0042629991219101	-4.819520087527765	0.9957370008780898	4.65555	0.6675154130555087	7.139036666666667	0.2923802429865754	-1.0	0.6521258003530822	-0.6167777960156523
3HBCDm	1.137803027458094	0.8406348749096438	1.137803027458094	0.1593651250903561	12.7618	3.4075457653957733	9.687689999999998	1.7285888063002914	0.0	1.3173212602797986	0.39760722417642563
HACD1m					1.0	0.0	1.0	0.0	0.0	1.0	0.0
HMGCOASm	-0.137351426369605	0.4486946544910941	-0.137351426369605	0.5513053455089059	0.0184866666666666	0.0140960806215376	0.0207066666666666	0.0179938995835316	0.0	0.8927881519639405	-0.16361021334782305
CYStec_r	-3.204131064078408	0.0163857713258095	-3.204131064078408	0.9836142286741903	4.357076666666667	0.7116509932231919	8.016913333333333	1.4501399938013644	-1.0	0.5434855642695402	-0.8796863791073298
CYSTA	2.291390149534199	0.9581356112150976	2.291390149534199	0.0418643887849023	33.93216	5.807392268072362	23.68499333333333	2.504457799422638	1.0	1.4326438484677642	0.5186800039399156
CYANt_r					1.0	0.0	1.0	0.0	0.0	1.0	0.0
MCPST	4.120576535464858	0.992697212645344	4.120576535464858	0.007302787354656	67.83467	3.086305250306041	45.47201	7.027155306727372	1.0	1.4917895646134844	0.5770440399494516
TCYNTt					1.0	0.0	1.0	0.0	0.0	1.0	0.0
CYSO	-1.5070613708595475	0.1031359662805341	-1.5070613708595475	0.8968640337194659	0.02188	0.0157436907998093	0.1368433333333333	0.1067256433831886	0.0	0.15989087277421873	-2.6448405086594904
3SALATAi	2.291390149534199	0.9581356112150976	2.291390149534199	0.0418643887849023	33.93216	5.807392268072362	23.68499333333333	2.504457799422638	1.0	1.4326438484677642	0.5186800039399156
3SALAASPm	-1.4386652514886429	0.1118199416715261	-1.4386652514886429	0.8881800583284739	3.46383	0.7085968800853321	4.364313333333333	0.5305013443484905	0.0	0.7936712457247954	-0.33338655651098076
3SALATAim	-1.816369920192396	0.0717404939621969	-1.816369920192396	0.9282595060378032	110.61321666666667	16.744464542935443	134.01264999999998	7.179267147910477	0.0	0.8253938465261801	-0.2768454120782231
3SPYRSP					1.0	0.0	1.0	0.0	0.0	1.0	0.0
3SPYRSPm					1.0	0.0	1.0	0.0	0.0	1.0	0.0
HMR_3951					1.0	0.0	1.0	0.0	0.0	1.0	0.0
ExSulfitem					1.0	0.0	1.0	0.0	0.0	1.0	0.0
PHETHPTOX2					1.0	0.0	1.0	0.0	0.0	1.0	0.0
TYRt_r	-20.13581336122768	1.7953005268420895e-05	-20.13581336122768	0.9999820469947316	0.0	0.0	0.22954	0.0161214536151882	-1.0	0.0	
TYRTA	2.3254149327807365	0.959671836358164	2.3254149327807365	0.0403281636418361	34.010376666666666	5.741651445431201	23.70988333333333	2.504974339859703	1.0	1.4344388029464508	0.520486420132396
34HPPOR	2.1915050313632314	0.9532325923358648	2.1915050313632314	0.0467674076641352	0.1225899999999999	0.029919700310442	0.07303	0.0112982919063015	1.0	1.6786252225112954	0.7472801635814889
HGNTOR	-0.5620248553478091	0.3020497667108095	-0.5620248553478091	0.6979502332891905	0.0801299999999999	0.051044686958259	0.1039066666666666	0.0312078156165335	0.0	0.7711728474271777	-0.37487383892604614
MACACI	-7.794567069713496	0.000730701249406	-7.794567069713496	0.999269298750594	16.11492666666667	1.646827321636634	41.90113333333333	4.379121778944063	-1.0	0.3845940523486239	-1.3785916429570655
FUMAC	0.5821947526997524	0.7041637290184741	0.5821947526997524	0.2958362709815257	10.564756666666668	2.072238635957634	9.677816666666669	0.5895580842367353	0.0	1.0916467040603166	0.12650602405121197
AACOAT	6.471097267194914	0.998530910480118	6.471097267194914	0.0014690895198819	10.986103333333332	0.968084196900708	6.301793333333333	0.3329007589190644	1.0	1.7433296765259412	0.8018454195578922
r2534_r	-0.1753456667041933	0.4346631905934062	-0.1753456667041933	0.5653368094065937	0.1382533333333333	0.057546781163	0.15908	0.1578078859457494	0.0	0.8690805464755678	-0.20243820252456043
THRD_L					1.0	0.0	1.0	0.0	0.0	1.0	0.0
OBDHc					1.0	0.0	1.0	0.0	0.0	1.0	0.0
PPCOAtm					1.0	0.0	1.0	0.0	0.0	1.0	0.0
r1616_r	27.03440211930108	0.9999944345148208	27.03440211930108	5.565485179135283e-06	549.4031699999999	12.264547962777344	155.22215666666668	16.57635607216965	1.0	3.53946357786937	1.8235307297466061
TRPO2					1.0	0.0	1.0	0.0	0.0	1.0	0.0
FKYNH					1.0	0.0	1.0	0.0	0.0	1.0	0.0
KYN	9.53133771038996	0.9996617099495247	9.53133771038996	0.0003382900504752	11.53196	1.4903574061501716	1.4568266666666665	0.1164420898510881	1.0	7.915807874649925	2.984736597017377
ANTHte					1.0	0.0	1.0	0.0	0.0	1.0	0.0
KYN3OX	-4.937089682994998	0.0039165236114706	-4.937089682994998	0.9960834763885292	0.2113366666666666	0.0890038764449179	0.6240033333333334	0.0777895632816868	-1.0	0.33867874637421796	-1.5620106408648642
HKYNH	9.53133771038996	0.9996617099495247	9.53133771038996	0.0003382900504752	11.53196	1.4903574061501716	1.4568266666666665	0.1164420898510881	1.0	7.915807874649925	2.984736597017377
3HAO	-13.61594975979256	8.423095415266372e-05	-13.61594975979256	0.9999157690458472	0.0105466666666666	0.0076010584058332	0.8057866666666667	0.0822467005754976	-1.0	0.013088658702055053	-6.2555389292403705
PCLAD	0.1082995934886001	0.5405134158433306	0.1082995934886001	0.4594865841566694	0.0023366666666666	0.0033045456907451	0.0020033333333333	0.0028331411699541	0.0	1.1663893510815166	0.22204945329942025
AM6SAD					1.0	0.0	1.0	0.0	0.0	1.0	0.0
AMCOXO					1.0	0.0	1.0	0.0	0.0	1.0	0.0
2OXOADPTm	4.787757250359894	0.9956370703137328	4.787757250359894	0.0043629296862672	0.0382533333333333	0.0095812188971735	0.0050766666666666	0.0020580627352493	1.0	7.535128036769626	2.9136320262813897
ExCystineGlu					1.0	0.0	1.0	0.0	0.0	1.0	0.0
ExCystineSer					1.0	0.0	1.0	0.0	0.0	1.0	0.0
CystinePyruvate					1.0	0.0	1.0	0.0	0.0	1.0	0.0
CystineReductaseNADPH	-6.2817423563952985	0.0016397300625909	-6.2817423563952985	0.9983602699374092	14.51515	2.453946686313024	32.27350666666667	3.1562274140322795	-1.0	0.44975434959448674	-1.152790860974691
CystineReductaseNADH					1.0	0.0	1.0	0.0	0.0	1.0	0.0
CystineGSH					1.0	0.0	1.0	0.0	0.0	1.0	0.0
Ex3HB					1.0	0.0	1.0	0.0	0.0	1.0	0.0
Transport3HB_forward					1.0	0.0	1.0	0.0	0.0	1.0	0.0
bBDH					1.0	0.0	1.0	0.0	0.0	1.0	0.0
OCOAT1m	5.207248997541388	0.99675808314969	5.207248997541388	0.0032419168503099	7.486816666666667	1.4550146996126496	1.24955	0.8674121387206891	1.0	5.9916103130460305	2.582943795739592
ACACT1m	0.5960652060790259	0.7083882504769121	0.5960652060790259	0.291611749523088	60.69224666666667	18.40280827508008	51.93627	9.638829854389313	0.0	1.1685907876454484	0.2247698212391513
G3PD1ir	-0.2976647787413605	0.3903893935265454	-0.2976647787413605	0.6096106064734546	1.031826666666667	0.4860902273126758	1.15012	0.282093994382487	0.0	0.8971469643747321	-0.15658375811801742
GLYC3Ptm					1.0	0.0	1.0	0.0	0.0	1.0	0.0
G3PDm					1.0	0.0	1.0	0.0	0.0	1.0	0.0
DHAPtm					1.0	0.0	1.0	0.0	0.0	1.0	0.0
CMPuptake_r					1.0	0.0	1.0	0.0	0.0	1.0	0.0
UMPuptake_r					1.0	0.0	1.0	0.0	0.0	1.0	0.0
Transport_ala_B_c_e					1.0	0.0	1.0	0.0	0.0	1.0	0.0
EX_ala_B					1.0	0.0	1.0	0.0	0.0	1.0	0.0
Transport_octanoyl_ACP_c_e					1.0	0.0	1.0	0.0	0.0	1.0	0.0
EX_octanoyl_ACP					1.0	0.0	1.0	0.0	0.0	1.0	0.0
TMDK1	-13.83705009601736	7.906324865000187e-05	-13.83705009601736	0.99992093675135	63.780826666666655	14.11618488984974	445.46114333333327	36.36592461977955	-1.0	0.14317932690919402	-2.8041048922198004
THYMDt1_r	-6.913576223661361	0.0011482589509984	-6.913576223661361	0.9988517410490017	19.48818333333333	5.4945480032564	51.54805	3.580196878729809	-1.0	0.3780585945216808	-1.4033182427832458
EX_thymd					1.0	0.0	1.0	0.0	0.0	1.0	0.0
Transport_HC00576_c_e					1.0	0.0	1.0	0.0	0.0	1.0	0.0
EX_HC00576					1.0	0.0	1.0	0.0	0.0	1.0	0.0
Transport_4abut_c_e					1.0	0.0	1.0	0.0	0.0	1.0	0.0
EX_4abut					1.0	0.0	1.0	0.0	0.0	1.0	0.0
