HGNC	Cellule361_Rep1	Cellule361_Rep2	Cellule361_Rep3	MDA-MB-231_Rep1	MDA-MB-231_Rep2	MDA-MB-231_Rep3	MCF-7_Rep1	MCF-7_Rep2	MCF-7_Rep3	SK-BR-3_Rep1	SK-BR-3_Rep2	SK-BR-3_Rep3	MCF102A_Rep1	MCF102A_Rep2	MCF102A_Rep3
HGNC:11830	251.3535953	281.0912047	308.1060562	134.6038387	142.1716865	122.1107602	176.1627482	168.2427692	209.4422374	427.1497807	411.0208516	494.9977824	76.57713485	56.65412818	43.88030126
HGNC:11831	1.813642114	1.472086508	1.696644224	6.110176608	5.906621432	5.596625516	0.791601537	0.559108507	0.658042165	1.070998406	1.098608431	1.045404863	5.73001056	4.304155866	4.196748818
HGNC:4925	0.041081463	0.060878012	0.071805854	0.0	0.0	0.0	0.0	0.0	0.0	0.0	0.0	0.0	0.019359812	0.048181979	0.024336805
HGNC:4195	0.0	0.006951463	0.008199278	0.011742654	0.0	0.007364573	0.0	0.007831141	0.0	0.017020269	0.066429544	0.02124354	0.033159515	0.057768316	0.058357763
HGNC:4922	13.03979925	12.45622679	13.61999186	24.21331095	22.68049729	20.62983189	20.35029609	12.98287041	14.03882331	26.38092073	23.51727382	26.73445148	25.64258358	18.76711495	17.68788702
HGNC:4923	10.43025695	8.739405509	10.21140775	17.50230689	17.21792475	17.84903331	26.97388393	23.92737383	17.20402204	23.06652236	19.61089312	23.36500804	13.36432471	9.588651263	12.1686535
HGNC:23302	0.016051128	0.007928643	0.01870373	0.013393339	0.0	0.0	0.0	0.008931978	0.0	0.019412839	0.058930404	0.0	0.839621894	0.913032044	0.751190874
HGNC:4056	0.0	0.0	0.0	0.0	0.0	0.0	0.0	0.0	0.0	0.0	0.0	0.0	0.0	0.0	0.0
HGNC:28906	0.0	0.0	0.0	0.0	0.0	0.0	0.0	0.0	0.0	0.0	0.0	0.0	0.0	0.0	0.0
HGNC:24861	161.3055388	185.004335	159.9180785	123.0883388	118.1692888	99.13148044	94.94540949	117.8264245	106.568321	100.7332962	142.1867231	88.51336146	114.9477821	128.7667093	127.8378287
HGNC:4458	58.96463576	62.33676998	65.87839473	94.54722102	99.16299778	88.63753981	133.9684695	115.5083432	116.2677406	155.3738227	122.9174189	157.6609865	112.1234448	70.64798377	73.52488204
HGNC:8877	17.58183898	14.28240506	17.14602072	44.81700795	41.00494579	43.03679525	15.82540693	13.99289341	11.43763594	14.93936347	15.0782835	17.1664304	30.2748312	18.77743254	16.68229325
HGNC:8876	85.55162599	81.65272799	97.619719	55.36913072	50.24665828	41.54571974	71.86031404	50.4028173	49.95586956	45.12096705	60.02674591	67.90993103	45.66681351	45.92058961	35.53596084
HGNC:8878	4.117815281	3.569417645	4.600199392	68.53332218	65.7227132	57.99658767	36.90054413	28.66816333	29.54094801	8.193299677	9.614353486	11.57645948	67.29534396	26.74006166	23.12244444
HGNC:3606	25.46342819	25.46885265	25.73038509	0.04263067	0.021544682	0.064167438	24.32493633	23.61986615	24.74714519	11.14702228	3.85866578	14.24201062	0.067414311	0.059920796	0.0
HGNC:3607	0.064879524	0.042730669	0.075601487	0.0270683	0.056999056	0.011317513	0.117640233	0.036103538	0.11060423	0.039233871	0.045371405	0.065292057	0.0	0.0	0.0
HGNC:417	0.0995052	0.02457588	0.115949388	0.0	0.078677091	0.0	0.024603255	0.0	0.028272135	0.0	0.0	0.0	0.093784485	0.0	0.206315323
HGNC:418	9.230282202	6.681109968	7.347936256	178.8215174	158.68229	143.6673741	46.18716356	35.70037864	29.08201259	70.62817105	66.53021141	80.84165154	47.46029423	33.97751391	35.84010364
HGNC:414	12.05160695	7.977063642	10.53243789	9.704107435	12.83239111	4.603969518	19.01132706	11.33375365	20.95603965	16.47050439	6.763392147	16.19119569	13.34652019	3.533651365	1.285094682
HGNC:12009	1559.735869	1681.577295	1825.228256	3811.53833	3616.80212	3583.333021	3009.72217	2511.651351	2585.884207	2221.862404	1965.927925	2155.919051	2619.441302	1352.565935	1322.370145
HGNC:24864	0.0	0.0	0.0	0.0	0.033585634	0.033343172	0.063015746	0.0	0.036206382	0.0	0.0	0.0	0.0	0.0	0.0
HGNC:4141	4808.161184	5020.831245	5637.034161	8601.602391	8344.34964	8088.311992	7957.914279	6146.99911	6894.944159	6872.090836	5938.697558	7389.730473	7849.243098	2598.993684	2913.229229
HGNC:8896	13.67938336	13.43018071	15.24241604	48.54739885	46.22974426	50.46017462	44.44756845	34.93314158	29.02268544	12.63021299	12.02666264	14.39853648	46.49175794	16.3917511	20.66072219
HGNC:8898	1.144429906	0.904487314	0.533423167	0.0	0.0	0.0	0.452747412	0.254736568	0.260130943	0.0	0.240096053	0.0	0.0	0.0	0.0
HGNC:8889	0.0	0.0	0.0	0.0	0.0	0.0	0.0	0.0	0.0	0.0	0.0	0.0	0.0	0.0	0.0
HGNC:1093	3.596608317	3.825621528	3.76251128	4.688576315	4.76082932	6.001281082	4.636772163	4.616662313	3.930864954	7.587958484	6.219626941	5.978497427	6.324801149	5.579404897	7.828243195
HGNC:8888	153.1222697	135.2196114	153.2410411	770.561987	729.3922579	749.5288288	459.2182737	350.6860599	316.0266953	79.80886581	89.27069324	105.5609258	617.0374552	121.8632227	171.3003092
HGNC:3353	84.66192134	73.81505614	85.99958795	146.5325466	122.9155268	114.8500449	21.10274152	22.3049837	16.54170418	1.05987683	9.232554357	0.690190961	1.831468544	5.809331365	4.51431358
HGNC:3350	374.0066158	380.1857753	455.7192144	2113.83248	2107.868869	2118.120388	1010.313204	753.491257	856.6419956	1012.343726	999.5133979	1014.678658	1528.295842	727.7279029	719.9130778
HGNC:3354	27.68963348	25.19997709	25.51916492	11.41232669	11.67665512	9.704209443	2.655583932	5.929923532	4.577383777	13.09111006	24.33684245	14.77726334	2.926107069	5.215763229	5.268982966
HGNC:9021	541.4406903	520.3917247	587.6600985	1154.505875	1094.717411	1056.589813	511.7865907	338.2682966	393.3537681	356.2959633	402.4127216	350.193242	1015.022102	688.5872652	608.5486434
HGNC:9020	0.0	0.0	0.0	0.0	0.0	0.0	0.0	0.0	0.0	0.037777653	0.065531076	0.0	0.05887985	0.0	0.111024899
HGNC:30866	3.283505034	2.426553072	2.929385156	6.844182688	7.092257062	8.584853451	6.50761532	4.739231302	4.292950113	3.327426831	2.441969179	3.627076686	2.236426716	1.466699244	2.71258652
HGNC:28335	0.01595088	0.063032993	0.0	0.279503508	0.487667594	0.233726145	0.0	0.0	0.018128316	0.0	0.0	0.0	0.015033838	0.0	0.0
HGNC:21481	0.0	0.0	0.0	0.373850584	0.0	0.0	0.0	0.0	0.0	0.0	0.469981288	0.0	0.422279464	1.313691772	1.061676961
HGNC:6535	229.2388973	243.2055437	256.607911	1647.022209	1636.688438	1913.862267	1287.309587	1348.021063	899.1963054	1441.439435	1216.38799	1544.891677	1580.277866	927.4024562	1035.519798
HGNC:6544	0.0	0.0	0.0	0.015921942	0.010058286	0.0	0.0	0.0	0.0	0.242317907	0.420337209	0.393658172	0.026976723	0.0	0.022607908
HGNC:6541	17.59555469	21.05907088	19.99477197	91.44501051	90.59285877	109.1357827	0.143897596	0.12058382	0.09850987	28.86975462	24.80243811	23.40222599	87.76601599	38.95716513	43.05540247
HGNC:9465	19.18936806	19.1970195	18.56884052	18.31311657	19.84100377	19.72192144	32.28554767	35.68856379	23.50061624	0.362848447	3.280224306	0.174185652	23.57832359	14.73788064	21.81970971
HGNC:9463	0.0	0.0	0.0	1.161337685	0.0	1.092524223	0.344129569	0.0	1.977233818	0.0	0.0	0.0	0.0	0.0	0.0
HGNC:9462	7.248687278	7.343492207	9.34600906	53.2317879	55.50981898	62.22163019	28.84245182	21.27019354	23.87551606	25.22494583	17.47795807	24.72119103	25.5723629	6.730393469	7.455118354
HGNC:4057	420.8420253	408.9523241	466.466066	99.79720932	88.87737063	77.90845912	380.7571877	341.8627401	340.6848892	203.2980827	202.2385944	219.4009669	73.8467019	47.142473	42.59734414
HGNC:4795	7.084685619	6.107583799	7.421487064	22.99718916	19.37781708	15.53581816	7.068477635	5.472053336	5.399308956	2.923070549	3.612466189	2.995949394	2.189944557	2.700794779	2.310496881
HGNC:8903	60.03051388	69.19627576	60.66396379	37.18294299	39.98369785	31.80534804	43.33467631	65.4995489	57.38235471	60.96956493	70.54849709	58.51569007	49.10443525	74.08995844	70.14772244
HGNC:8891	86.08360014	83.6706475	93.23556595	86.98259228	88.21161011	91.79237838	98.67879073	80.15817452	96.13486411	65.91111752	60.78431566	77.1390953	98.78110597	49.09837816	48.32758157
HGNC:10297	2.002119242	1.984259852	1.662161234	6.703761655	7.363927351	6.59441764	10.80538524	10.83508581	9.414303434	4.873821823	3.569628843	3.77221046	5.576639325	2.678258856	3.236094049
HGNC:25313	0.0	0.0	0.0	0.0	0.0	0.299133736	0.0	0.0	0.0	0.0	0.149901718	0.0	0.0	0.0	0.0
HGNC:11834	161.7915891	175.0540826	179.6469539	198.090676	200.275646	174.5411949	174.7584499	168.3761746	173.2755978	318.3919229	293.0805172	326.0059516	454.903961	318.0379299	307.9655651
HGNC:11835	0.0	0.0	0.0	0.009125274	0.0	0.0	0.0	0.0	0.024857957	0.0	0.011471717	0.0	0.030922108	0.012826299	0.025914347
HGNC:10293	16.04097339	13.73555491	15.68503805	44.65371408	45.21132019	47.06165738	53.99400804	60.22324285	44.86548837	20.23899718	18.94760764	25.58069532	42.5793421	23.60156158	38.0793662
HGNC:45241	1.424465993	0.52772376	1.244904489	2.822922941	5.068356065	2.795425829	3.169869553	3.765197833	3.844930739	2.368853923	0.0	0.716761693	2.349499497	1.879504368	1.054823413
HGNC:11559	79.77061885	82.15265682	78.59338957	102.847392	109.3134777	102.4229111	122.8363263	128.2563066	149.7522212	171.6222838	119.7834	160.9654733	76.45707835	57.18560562	56.42327685
HGNC:2898	9.090576705	7.81338263	10.18087601	30.96245191	31.79194934	35.65260083	64.09509261	49.54047238	48.26311283	20.79612099	15.85071015	29.14933755	39.75280818	9.985198376	18.15675063
HGNC:8807	0.0	0.0	0.0	0.0	0.0	0.0	0.0	0.0	0.0	0.0	0.0	0.0	0.0	0.0	0.0
HGNC:8808	46.76859446	52.46055467	58.47133288	171.5961274	182.9055157	180.1828793	58.84295153	66.2832895	66.99482808	121.6708768	83.55388919	99.15721316	86.49511343	61.49431682	79.07720488
HGNC:8806	79.80024347	95.41155525	74.67819525	61.91426763	63.32117646	65.98385084	78.31367406	100.2581669	102.5506478	150.924537	124.2005036	128.3251097	121.5278243	155.5969633	143.411098
HGNC:2896	4.858551276	3.938360408	5.237142101	34.04770252	34.61205974	36.27788467	18.39632838	16.07252774	14.04951599	22.68157212	17.13914063	27.99616625	42.15235607	15.19547408	25.39875758
HGNC:21350	2.841864928	2.49996683	2.758888875	4.963118706	5.385202568	5.770697311	4.869445066	4.673732643	4.184345627	5.311021666	4.04055694	6.160700271	3.115227552	1.85547003	3.422822079
HGNC:8636	2.090111953	2.224753513	2.519783255	4.505160209	4.171018741	3.009275499	8.694376828	7.476704692	5.482666312	3.123385701	4.175461845	3.908792841	8.145913635	9.413732704	7.97581877
HGNC:8724	0.59318993	0.106550226	0.377029228	0.0	0.0	0.0	0.0	0.0	0.0	0.847867393	1.1879173	0.651230943	0.0	0.0	0.0
HGNC:2422	64.84524747	58.08161473	69.58562282	104.0691156	108.7031529	105.4144617	121.1686522	79.02394609	95.25355272	63.86323123	54.04534215	69.79340218	89.76976493	28.7563164	36.08118069
HGNC:117	6.772669212	6.471943367	7.967498732	42.98184143	45.22790055	46.06112144	3.367876283	2.502500798	2.66606875	0.575274286	0.890172705	0.500436891	6.683867787	4.222034269	4.386791797
HGNC:118	8.121883214	7.810999241	9.560072101	22.31348426	21.4862701	19.89891178	14.76218991	6.373958715	9.34579454	4.260170723	4.093692856	6.254468642	10.84947853	3.447667915	3.070009228
HGNC:5385	107.6914632	100.601815	123.3641576	301.1438334	298.1788557	273.2654722	96.01303598	80.14436639	88.64932067	319.7880704	282.89267	343.9994693	108.618615	71.17056542	57.23969822
HGNC:5384	3.675257483	3.13070177	3.62712457	13.57327056	14.44086388	15.27864823	9.161475716	5.874652726	6.595765003	3.322406903	3.245498936	3.689191147	11.45227919	2.81501297	2.788194606
HGNC:5386	160.3579417	160.1326473	162.7885326	44.62590559	39.85586689	37.93646283	82.96084533	88.29463814	91.88696362	86.36562366	103.7979541	86.37600395	84.16095293	94.41801861	76.80795801
HGNC:5383	255.0190321	271.5784165	281.1980792	11.36735349	11.01298152	9.342410803	127.7387387	121.4888831	132.5892763	83.15932187	74.12974285	125.9960979	27.71872999	20.84646572	21.08226662
HGNC:2911	27.64436809	28.18486763	34.55856001	64.81332362	64.81914503	62.44409554	95.97648504	55.66176433	63.25031207	40.48616265	39.53816777	53.70178335	57.58934491	29.32875337	28.92894837
HGNC:8124	7.585651446	7.377062777	8.627973349	27.575439	26.49975701	23.02425026	7.751250364	4.748324928	6.022195663	8.749218864	8.655849825	10.59806588	11.7496588	8.8229767	7.847651544
HGNC:11449	19.81315464	22.51816922	22.56715329	25.99440236	28.87960872	31.87732995	28.32541668	29.52828771	33.10403602	48.37767959	34.08369337	47.10986536	39.34472679	24.71132527	25.7385808
HGNC:11450	1.654215644	1.257204465	1.655654622	2.6056911	2.834084412	2.997151124	2.484054994	2.135209529	1.812625095	1.147695763	0.81284131	1.480484308	2.545861167	0.939065313	2.06074889
HGNC:10680	46.12111437	43.95667241	48.85942616	54.80941659	53.71704804	49.14919728	52.85162683	43.49392437	50.14195045	55.6494214	35.70828866	66.08366697	46.86196395	23.38580397	25.01478343
HGNC:10683	8.123582874	6.785586765	8.562018722	18.37419217	22.73372911	22.83232437	16.81359867	22.60266897	14.19889548	30.23385291	23.45792108	34.64141543	27.94853984	28.69003871	45.88039175
HGNC:10681	14.50766114	15.75936275	14.07519238	31.03135966	33.00299018	35.56418194	22.54903445	23.33812091	24.98747435	43.63236727	28.77541277	34.96010265	45.81056757	26.90303187	27.17754055
HGNC:10682	11.89003168	12.50704621	11.96664542	16.76509698	17.36571776	19.0534145	27.35701627	24.841924	21.36696929	19.90707524	14.28297556	21.04451946	23.77640983	13.16592543	16.91222947
HGNC:3700	39.86217883	48.42703205	53.03133571	64.12408913	73.09624079	79.12497026	33.87235715	36.51621521	39.2152415	89.48706756	70.0199795	73.51376272	79.72224273	62.34932087	64.56724579
HGNC:6971	120.3400335	120.0228472	136.1391158	229.4684911	225.9331678	212.0006815	254.7133599	191.1352569	207.1228128	159.4050831	108.3844891	210.0804653	194.1245368	46.6579055	53.69256084
HGNC:6984	1.185137449	1.26508642	1.281514479	7.064763245	7.538899652	8.34119475	3.461754642	3.213635851	2.785154951	2.283642201	2.207173988	2.663299641	6.919732614	3.492610403	5.610687353
HGNC:6985	0.132684846	0.17639493	0.122162796	2.461689892	2.428079384	2.225387347	0.155530055	0.176839851	0.111701853	0.003962322	0.082478997	0.0	0.063300244	0.06532117	0.034934656
HGNC:6983	0.971004563	0.786098756	1.087415043	2.300173048	2.445951527	2.696305339	3.406256331	2.970409869	3.42981074	1.540190809	1.074446784	1.400910978	5.202757471	2.630401636	3.461540378
HGNC:115	14.17286022	13.71907624	15.26497248	83.62302019	81.89636485	79.08443514	39.42291238	26.01509064	30.37952104	80.47277507	66.01998169	68.74179415	62.85805841	38.15904343	39.92538525
HGNC:6970	46.10989293	51.5797527	59.29318885	153.1675334	156.0717153	171.686576	96.73652691	100.4780158	88.62355739	113.8042471	91.85677964	120.8738645	141.4916073	100.0471159	123.4523013
HGNC:17836	0.218399321	0.134851132	0.159057439	0.148066898	0.201465456	0.328589554	0.72900725	0.577280647	0.775664877	0.21461405	0.214777305	0.192314501	0.192977992	0.096055289	0.194070804
HGNC:10980	18.96104396	26.8393297	26.27186549	5.04555662	6.556943958	4.38494424	21.1450984	27.30348987	34.45939581	96.84806573	108.8269745	90.53983354	8.019534741	18.99624333	16.58022397
HGNC:10981	245.7563149	261.7506471	268.1090427	328.4257021	332.7278892	299.4293246	249.0662558	195.0954922	259.146828	266.5198638	231.9241743	272.3809227	70.18664771	44.3106299	40.87660338
HGNC:5382	38.75487187	35.28666437	38.60025567	54.61366719	55.86036586	61.53476997	22.34421026	21.02856005	21.86377567	19.20967316	13.28885161	22.16040665	99.37682529	61.02659001	86.15844847
HGNC:9226	32.32322641	31.08904512	31.52253409	65.6713258	72.61694046	80.38112875	86.23876819	97.15245561	87.06164702	167.6022592	125.5007068	186.6258862	161.2719741	86.88238021	128.8269863
HGNC:30042	1.207870579	1.339743035	1.169598358	0.586064183	0.438128373	0.358655704	1.060008604	1.144132921	1.19322016	1.313877979	1.060530523	1.372080437	0.247384788	0.165322034	0.164129455
HGNC:7703	17.80923763	18.73120129	11.92909197	5.003990959	6.89704419	4.374633808	2.695983927	5.528202603	8.054835612	35.75208028	19.57106875	11.21678817	6.451514294	26.00266226	17.22490747
HGNC:7690	149.862032	183.7199679	140.0443053	98.53461644	96.73831517	114.4585587	175.9819435	224.7668651	269.5270775	363.0887902	247.9627248	277.8761423	162.4397366	180.4326501	180.5362026
HGNC:7716	288.4515443	281.4743357	316.3719757	240.2992373	228.9003392	200.5004914	297.7580492	273.5768564	301.8168807	474.5133719	572.051277	598.9701561	403.1796762	431.5905044	334.2491174
HGNC:7717	0.514199617	0.567058449	0.7942566	0.129714931	0.138674699	0.100126237	0.473075079	0.652125936	0.557211372	0.520654097	0.4892082	0.336956642	0.338119151	0.350624317	0.368370038
HGNC:7461	92881.18485	99472.57085	82019.09637	1565.905562	933.3942709	904.3109993	6311.305913	13513.6743	14261.32923	33138.27332	46732.04964	28807.23987	12506.7448	37822.86447	41640.953
HGNC:7696	760.5258857	958.1158439	780.022449	258.2494091	293.7214108	264.5800322	597.6086054	849.1568161	856.4851347	1140.04978	1009.267011	1136.211769	579.0613234	654.9681795	598.4720994
HGNC:20371	18.20205382	19.15946896	21.59196923	3.753526227	4.177073139	2.494386727	3.682951363	5.83531026	5.857308634	22.59072773	33.21836679	21.58561254	6.06482337	14.15053756	7.412183056
HGNC:7460	80728.33677	79542.73629	90788.3904	6336.749143	5067.294232	4941.164576	17932.86994	37170.24919	49248.51387	102786.5729	84210.62849	68074.47802	34778.28831	93168.74019	79802.07926
HGNC:7685	17.69284079	23.8992475	16.85492785	14.83318109	19.53658462	12.68170298	12.64712307	19.31779532	27.97023024	97.66183903	49.60895125	50.58910529	18.53289151	35.20763655	23.04892936
HGNC:7714	2.892505554	3.137119361	3.150703312	2.597196999	3.082553179	1.711135234	1.616949679	3.009240693	3.394554619	8.023286974	5.078938134	6.422958397	3.615192497	2.876204148	2.756549221
HGNC:7686	193.4653322	239.2124125	160.6012581	49.19012051	53.45446894	44.25420222	65.42730497	95.02064105	99.40913942	260.9581323	221.3399188	212.4641366	56.10965628	111.2380679	84.57228437
HGNC:7705	19.41399958	20.40846488	17.43135004	7.425454209	7.991807738	8.112157742	22.81816747	42.92928167	35.41627512	48.19448253	36.32434811	40.96871156	18.98928791	33.65548541	31.7692515
HGNC:7455	107588.013	116108.4956	97143.36766	5479.536805	4332.543159	3865.284418	11203.99125	25037.15188	31152.79139	30634.28879	48530.96763	34873.01303	44231.88222	136145.8113	124011.5767
HGNC:7710	37.16302643	50.95950068	40.3164653	36.6221228	37.70242066	36.58377432	62.25349906	87.83565164	83.32888263	110.1472216	94.16788991	89.72661984	38.03829369	53.02534715	49.12590286
HGNC:17194	1.366819986	1.350313518	1.59270009	1.544424788	1.380922067	1.400756212	0.985700358	0.665520562	1.067964569	0.172196208	0.388310615	0.286564758	0.187868231	0.233779731	0.371116639
HGNC:7699	267.0528663	290.4526123	233.3894342	91.43330503	109.1286327	113.7899031	154.1719366	229.8637147	220.8786036	256.1646747	192.8157817	201.5631811	212.5013992	253.6572054	274.8959759
HGNC:7692	41.29026426	51.53626633	42.39404477	33.93129282	35.28570213	36.49163988	45.62041992	55.21933095	57.40049518	82.2114537	58.98681119	62.03863035	72.36730593	83.67463142	85.55473138
HGNC:7684	9.3565858	8.727865824	10.58041941	5.862613936	6.216204482	5.893663349	8.983041509	6.752788553	8.156935327	5.295847092	4.174299405	5.457306859	9.778496481	4.570176696	4.660746527
HGNC:7707	17.44443668	16.76527732	20.07073893	61.81328541	62.37660412	65.51583847	32.86438539	25.90815995	28.3816293	28.56417862	20.6616627	22.72822091	29.21962784	23.41921111	26.63801827
HGNC:7701	27.86330213	24.25997314	32.22715198	26.79272086	31.81106645	31.91571431	18.32209518	28.87734173	22.93340475	30.58581023	23.09855821	24.08871082	35.39887412	26.59729282	35.39453533
HGNC:7702	91.06139843	98.53841456	88.9051089	134.094239	135.2831882	116.3990093	165.5208604	173.4941178	172.1267108	188.6134494	204.7359422	197.7570661	119.7504479	113.1921169	102.9349031
HGNC:7708	45.97140251	43.81279117	49.01937414	92.0733863	94.17858046	90.21601539	77.72309211	53.75091855	62.11798144	79.57950374	60.78481737	74.80329714	70.24332676	39.02301199	28.53293671
HGNC:7458	103524.8415	93761.93118	74561.59348	8916.799414	6636.600484	5536.655946	11842.79145	19392.13196	16272.26859	64656.28692	48121.29105	38832.7347	30609.28333	94047.73687	89307.31321
HGNC:7697	20.80301456	26.67284749	20.41703247	6.148589083	7.456196544	6.85680042	16.22775049	25.09069263	31.78853913	30.40399396	16.51553209	17.38248976	18.01031675	22.96747998	17.39084665
HGNC:7456	103531.0838	109437.5353	87147.64513	9839.859843	6896.228577	7085.299184	13349.21202	26362.92705	31429.29663	64631.71163	79005.43566	50373.8536	35017.65849	108457.8458	103643.9804
HGNC:7683	141.9309322	187.4867123	143.5283961	122.6483434	124.4469421	142.9512504	243.7868121	326.1966723	313.4511522	739.2666532	499.8354058	426.1405143	237.8459711	424.6205609	343.7876553
HGNC:7712	205.2010557	251.3205907	188.1662885	137.4427585	145.2467062	159.8967445	183.9208942	255.7757552	268.6014743	536.7170802	446.5707513	424.8027883	378.2136198	509.300724	470.3127798
HGNC:7700	16.83378727	15.86343416	17.34423405	35.04019547	39.81302085	44.81643054	42.61102923	48.42788714	37.23087012	47.79168276	32.73447923	48.94385275	36.5587186	27.49342068	38.18673942
HGNC:7462	65115.66769	70581.16319	58766.38036	781.2152701	410.4992979	358.3895651	3356.620154	7304.313937	8153.577472	18336.49219	21761.42318	11996.97291	6351.205399	19016.94453	19296.57785
HGNC:7459	226017.9918	247961.5977	210041.6451	13520.24613	9494.242215	8924.472018	33181.2153	69051.69912	77567.88709	144974.9806	183748.2812	127183.5615	67304.60389	197978.3201	190716.5357
HGNC:7688	36.60801886	31.31912304	27.89806424	21.92728899	23.58509671	27.93348228	25.42550793	37.08923217	26.3378817	115.5640983	109.1769915	159.8588625	43.33097993	47.22469488	89.66381063
HGNC:7694	54.46286394	66.83550111	64.5858557	43.5074308	48.79807865	50.61732438	88.40712165	114.850375	104.5099738	77.78867208	49.66836018	60.67535941	102.4538946	58.92255375	66.86914086
HGNC:7715	139.1096318	163.9086537	144.0634123	166.3696186	169.0750594	143.4237091	210.014375	268.1879946	260.5671412	276.2222001	291.6475199	300.2497849	273.9060612	354.9378107	312.1181881
HGNC:7693	5.644135055	6.636485411	5.658268873	2.029381301	2.289936037	1.852078559	1.642306871	2.538769881	3.231133132	13.68288822	9.606624134	10.20378574	3.960092049	6.344257167	4.689990783
HGNC:20372	473.1287571	613.3469004	536.5371806	108.9199865	105.6425462	107.4143862	373.7326641	462.9094763	466.6836907	488.8204286	418.2814889	477.9938593	350.1777813	333.1048621	316.4200839
HGNC:7706	8.307143542	8.081046874	8.975305863	6.825392869	7.415573367	5.329982783	8.310399869	9.032822755	6.366440679	14.16584622	10.88415293	17.2644469	5.159705053	3.061003254	5.995922207
HGNC:7698	22.27692998	24.80795562	21.20502384	29.59533393	29.5172291	34.93208474	29.7083947	44.66260778	47.71571457	37.99509455	22.95119057	28.12318479	47.33505641	41.47432639	43.15287148
HGNC:7704	52.65693691	61.98439291	48.10437435	7.382163362	7.722640226	8.625249894	64.3365957	92.43451784	105.5753302	686.172669	458.7839856	451.4227686	68.20272125	113.5333634	89.60202643
HGNC:7695	78.52258192	103.5616907	81.4342802	44.49941047	44.01242103	50.06397376	108.9838634	169.5385255	172.9799858	207.1888902	137.6237952	137.6955975	71.97296651	178.7399142	134.2017104
HGNC:3481	16.92361055	16.10332161	21.67450754	19.7679204	21.09046673	22.16476789	22.50185912	19.0018538	17.04541846	11.61558393	7.665558222	14.78368531	18.17830542	5.497840657	8.728285675
HGNC:3482	10.45876449	11.88409074	12.39514785	7.44622398	7.150025968	6.033647109	6.566478011	8.302925668	8.235341684	2.914070355	3.519706455	2.370879032	11.65738727	11.95246849	8.648757763
HGNC:3483	2.771230043	2.208195825	2.687073505	5.451774164	5.971058107	6.679531324	7.912346283	5.954561542	6.471474318	4.513691559	2.747815743	4.834686546	5.938753295	4.021244179	4.014343028
HGNC:2579	870.3799301	956.1260656	1006.967822	839.3464718	867.5134443	744.0240059	1351.204993	1478.949345	1494.571975	1165.004065	1140.663299	1357.323358	1761.121321	1305.790486	1293.221101
HGNC:12590	108.7073649	108.0215934	112.9225722	147.4475262	155.3299444	170.7255397	105.2600364	146.8643322	132.4325522	386.3641931	283.1116192	338.3284487	277.8972134	209.6854528	208.0308195
HGNC:29594	340.6162374	563.0439675	459.6547652	564.1324037	650.5499752	570.6162974	376.3753515	692.7920932	834.8413099	712.3503052	496.4881371	404.2338743	572.372417	1061.877407	811.4028455
HGNC:12587	57.98989622	56.37804975	66.55188833	132.7295538	136.7645765	162.4305283	178.9498876	152.7482082	159.3384453	138.7080527	80.38083512	157.8050566	127.2696935	30.62472633	41.37715165
HGNC:12582	124.7296661	168.5788158	126.0544283	124.9244911	130.5900909	163.2747369	135.6773776	238.6605277	243.2264213	147.5476903	121.9521379	82.85680329	334.2421719	692.1548105	609.808887
HGNC:30863	489.9917419	586.943205	518.4281073	238.3097348	275.618331	243.6454595	419.324988	516.9147073	564.3824003	899.7677367	667.1155183	716.722854	330.5767287	435.1747011	379.9962372
HGNC:7427	186681.6866	204114.3743	167702.1203	3484.992711	2696.183797	2887.89293	20916.24951	45114.22737	54657.45251	67830.76466	93499.5249	62690.80297	40132.27687	118750.677	115964.6438
HGNC:30862	21.1082179	25.53741486	21.40909493	13.84698701	14.08249005	12.45390937	8.567043369	11.06112173	12.79794833	45.8200014	35.67592423	41.47550714	13.32040697	18.44711284	13.61190083
HGNC:12586	57.26702735	69.03629769	69.79592899	57.83968148	59.35452969	69.09276229	85.9559092	81.59853792	82.67300531	68.56548069	50.88327058	72.31903759	105.4932929	66.31849645	68.5461348
HGNC:12585	161.4920665	176.1248855	193.8635962	221.8819293	219.4345405	197.8288427	138.0748412	133.9083239	140.0195259	353.4738274	336.6765806	391.0143033	328.3851932	264.5123154	212.9885341
HGNC:2285	92.58457135	111.0240945	102.9282354	45.15721006	46.57066854	59.68622045	99.31741346	167.419117	133.0113612	245.6288459	159.3416107	173.2477567	167.1731289	273.5033352	251.9557179
HGNC:2291	124.1592812	137.8625126	113.8265619	111.1374263	118.852751	124.247097	160.3727917	231.3138042	250.931302	1020.3911	633.7052454	623.7337296	315.7499445	478.8946816	421.723079
HGNC:24381	0.010872835	0.023631364	0.030407222	2.476787715	2.684546679	3.197744423	0.0	0.002420165	0.0	0.018410024	0.093523875	0.019695546	0.0	0.005100838	0.0
HGNC:2267	65.31563738	80.16416238	66.97170235	70.51486592	85.32814395	83.67537882	63.74149215	86.31222876	89.57069308	133.5804974	86.46042044	133.1856368	129.9092634	83.59966161	90.19859399
HGNC:2287	0.0	0.0	0.907476578	1.462105068	2.052551224	0.611320022	0.0	0.0	0.221271546	0.706411077	0.204229548	0.391864067	0.183500804	0.0	0.0
HGNC:7419	250368.8889	267928.3682	225871.45	12822.149	9408.615281	10748.29629	30987.93485	63334.48296	79346.30337	130709.6935	195097.7959	131773.1302	93019.69542	268851.1956	260989.1575
HGNC:24380	0.550755594	1.020195688	1.443989778	0.057445003	0.072578867	0.072054904	0.0	0.076619803	0.156484651	0.499578428	1.588756858	0.762104124	1.557275293	3.148997154	2.528589215
HGNC:7421	403005.2252	472481.8377	383776.0892	22699.85191	14611.58642	15160.14191	62433.51591	113342.7022	132736.0712	281027.9083	292055.24	207920.574	123031.9386	339366.0199	308593.077
HGNC:2288	109.0507886	131.4311274	142.270862	102.3774854	111.7735438	116.5526158	100.855347	100.3439142	120.4272797	198.1797026	121.4684827	111.4942959	172.8093326	174.3887036	149.4178337
HGNC:16232	0.0	0.0	0.0	0.0	0.0	0.0	0.0	0.0	0.060547404	0.0	0.111768271	0.107227308	0.050212048	0.0	0.378722945
HGNC:2294	649.0760941	828.869583	779.8423635	446.1871976	527.1985767	387.3187321	464.1805108	627.590946	858.7360229	1125.546372	692.57287	658.1293287	374.0684259	506.8193014	408.7574142
HGNC:2277	513.2144794	645.5635014	545.721456	167.2383173	248.9750051	132.2669482	150.8605401	315.181725	397.4053654	794.2897159	423.9318909	311.6130242	270.8231166	662.4455898	442.7491061
HGNC:2280	244.1207215	291.7455755	225.9760832	177.4331099	189.9779985	178.8310548	215.5271944	308.4703252	339.5140359	1051.392705	906.2162059	762.7772012	231.7993748	393.8497076	355.8007909
HGNC:24382	0.0	0.0	0.0	0.0	0.0	0.0	0.0	0.362005569	0.369671503	0.0	0.0	0.0	0.0	0.0	0.0
HGNC:2292	416.95491	501.824065	475.3142197	703.691291	745.2992649	836.5935487	1080.178731	1753.385277	1609.167121	1584.518919	1108.201205	1248.83658	1115.848774	1446.1247	1261.983282
HGNC:7422	239744.2357	287925.4375	244647.09	21810.21798	17209.81995	17637.46115	45355.19304	93083.48572	94333.32107	89447.52583	116076.6793	80333.46436	112553.2572	301678.8866	268126.6692
HGNC:2269	847.5192842	1032.458667	897.6457112	476.7219356	543.6350044	411.853045	605.6988725	957.1047334	852.5116911	1851.810027	1545.191006	1644.917632	1008.176277	1906.40865	1627.377421
HGNC:2265	1006.817161	1234.113883	1034.926011	353.1069873	357.4386683	345.090201	552.4404593	738.572008	728.5918581	932.2243525	878.3486553	711.71701	675.8671425	1064.660726	968.5272709
HGNC:2279	0.0	0.0	0.0	0.0	0.0	0.0	0.0	0.0	0.0	0.0	0.0	0.0	0.0	0.0	0.0
HGNC:7415	8065.316131	13405.35623	17590.10952	1169.542788	936.816109	479.4087774	2564.097783	7740.511511	5507.694647	13705.48969	8137.444471	8684.502821	5662.366753	13658.216	7337.290508
HGNC:845	152.5834031	194.8374574	203.5877844	61.75012469	73.19433546	70.1736885	82.61185538	139.313808	180.6290599	481.057914	248.3127593	231.0821875	151.8642082	246.9679075	210.8753413
HGNC:833	81.58598768	97.25374993	106.8093526	121.4290129	141.274243	156.0823676	155.0171997	199.5249954	219.5361265	364.4965858	247.1060728	291.4282341	205.6477395	216.6803355	217.8413146
HGNC:843	174.5523142	180.9251932	215.8366204	348.9826697	369.4302142	379.8839746	269.7584298	294.2557285	275.9669047	340.7536405	219.4071059	349.7245543	599.9755475	301.4094754	355.0709937
HGNC:838	259.9900172	310.7557371	306.789935	325.9364907	360.4082886	409.864559	649.9187456	852.1922022	982.1111351	945.7791586	443.1109099	678.1971471	398.653215	332.1970525	307.8431055
HGNC:847	25.16425319	28.41741937	23.30616273	36.63005414	41.87953955	46.29811934	32.01009926	48.98905372	54.45576898	128.4617504	72.23817837	91.91989218	57.63431848	67.63542532	64.71590059
HGNC:848	22.57701222	27.23523901	20.12085508	17.24365667	22.43583202	13.71554229	31.99188968	58.78697174	80.83904466	164.7576754	103.5535878	84.3845705	28.5054837	64.81555245	45.24499542
HGNC:850	9.384727164	14.14634981	9.771526417	7.47713104	9.638471224	10.86797657	9.970363166	21.12514014	26.04525767	82.7469306	39.53621925	42.80445565	21.65643445	42.42937105	30.73890813
HGNC:840	75.63468958	76.68763318	84.00375641	281.9969601	319.8695828	344.6135045	248.9798462	240.3624853	230.3615279	206.1330207	134.9106628	213.2279727	267.1566967	127.0491806	152.3477436
HGNC:841	553.5766207	613.9412879	550.8972822	243.0268242	262.2683496	257.0532157	409.6293772	424.2721585	510.3910593	573.1119664	475.9472673	447.5198638	411.3028483	396.1396736	366.6283719
HGNC:830	561.2089701	615.42324	684.6895839	1849.236805	1910.191534	1950.809906	1252.127252	993.2735777	1132.195544	1875.227475	1236.05311	1702.986831	1639.586519	933.8657372	903.4342049
HGNC:846	95.06514016	122.0725167	103.5763152	18.45904447	29.415227	8.76086161	16.55727975	45.9140243	69.31020155	169.4500633	80.27863249	53.35034685	37.38016484	102.8476379	52.42078811
HGNC:823	109.1956794	111.3147247	126.7459242	243.2179673	250.9210681	274.3238048	199.6428685	154.9289154	173.5099632	112.9077977	80.91559958	106.4039384	139.677396	60.55348425	57.58949585
HGNC:842	50.34163336	62.28659189	56.81153105	51.88593128	52.2312388	54.52816442	64.84080979	81.5895238	81.34938988	46.64672926	45.09668885	45.00702158	44.78344454	49.82441308	51.89156127
HGNC:7414	144493.4848	155405.2243	137710.4023	12231.05161	8232.179552	7659.220479	25354.86026	53344.3242	51343.40253	88950.70196	108887.5851	71400.80022	53214.75893	137810.6697	132894.8598
HGNC:14247	18.72384332	24.62247096	18.03127818	14.92471828	17.15676584	18.06639409	33.56292524	52.54147617	54.08027399	94.82917431	64.49496854	66.91870286	32.96219446	57.89073321	53.83134833
HGNC:837	253.0889092	290.2857505	251.4517161	198.9587061	202.0597778	150.7406839	326.6460893	585.9510738	463.3542527	794.2695698	1072.913205	870.383894	714.1069882	1299.798362	1162.546868
HGNC:4312	6.239747823	4.681230932	5.922433426	53.29214482	57.29150174	69.49743056	7.965410427	7.344778345	8.282336678	9.343392389	8.546684917	10.84341455	23.74514932	8.547100107	14.9896096
HGNC:4311	4.603288729	3.764691228	4.407219968	3.55536499	3.719957845	3.795965352	4.088706884	3.768295507	3.642718207	2.358089105	1.852348177	2.951182242	5.432261904	2.342506907	4.011626668
HGNC:4624	71.82583922	73.9184268	71.97257746	62.65068556	61.75412945	58.50326335	32.18842956	31.34190303	36.75412198	46.14389623	47.73493243	45.31144306	38.91315591	37.13919703	32.66554362
HGNC:11180	3.427475117	2.332853728	2.560042326	9.190897831	9.16479085	10.77235868	3.897347606	3.260132857	3.244242548	6.001070202	3.976823869	5.865761907	10.31106276	5.579920036	8.629406005
HGNC:9352	247.5383212	258.5231363	291.3161488	248.7297307	264.7605167	312.7158072	278.3281108	244.6428334	288.3986136	390.3042348	244.6253779	359.4652083	554.4313337	254.3287147	302.338102
HGNC:4553	1501.143105	1614.022824	1565.027761	1898.787115	1873.082461	1662.195385	5.508479608	5.313127895	3.014244562	32.39742812	462.940114	5.871932334	5248.906275	5545.269536	5547.1747
HGNC:4556	1652.432118	1909.894157	1521.504805	662.1904122	663.3722375	548.1960751	881.6056833	1031.681769	1023.148822	1319.271901	1454.486645	1333.867002	657.0471024	865.2649647	794.915807
HGNC:9353	208.5952389	247.6333275	230.79146	201.1810157	208.8037554	177.5250703	411.867105	323.4413459	400.8472797	154.8099876	126.7717642	176.9793415	281.6412575	87.99237813	96.64693943
HGNC:4554	248.2290415	244.2331991	246.9878568	0.590104324	0.213019168	0.211481336	5.495622716	4.834905497	6.659601598	23.82679025	16.85040664	22.36777634	3.618397315	3.554736552	4.189509078
HGNC:9354	188.3202335	177.7316353	218.5287737	251.6136012	279.6811351	296.6697458	160.9791194	158.9647728	113.0353897	127.7475882	98.07480517	185.0600326	287.1944032	164.8029219	318.51668
HGNC:4623	13.76891328	11.82446142	13.67266044	14.90467468	15.02821459	14.37126185	22.75890042	18.40061718	18.97153057	22.3933495	14.35563722	18.02945082	14.2585846	10.26107994	10.94165692
HGNC:21606	13.01591533	11.86481666	10.57532432	9.531537051	10.49585879	9.783913159	12.62429673	16.39874226	15.03091072	69.53323238	49.55675422	71.58922311	25.52294886	30.23618246	40.15510744
HGNC:24515	8.047598192	9.463018178	10.00851236	12.96270579	16.12182382	15.00876128	10.41537485	17.08177245	14.91822526	52.97860501	35.70602548	43.72583326	19.49907441	37.29429429	40.30742407
HGNC:10922	0.335877141	0.315229859	0.362030254	0.112104685	0.070819311	0.061519545	26.03543201	25.2789963	16.70057125	1.279600786	3.998914669	0.650674637	57.94759326	36.00521221	54.65838171
HGNC:10979	1108.788295	1258.804316	1277.095746	417.9353293	464.7982075	326.1187043	645.9436729	769.0074526	727.5734644	513.4975019	735.4403891	781.989539	1023.853782	954.1139989	897.4674734
HGNC:10989	507.583379	519.7936679	563.8213218	575.3967835	602.9913053	646.6235901	474.5885534	478.7677498	467.9088504	467.7346095	343.2447648	363.2618206	677.6610513	504.0483199	513.7591291
HGNC:10992	17.82939264	15.56194987	17.8847301	11.7958021	14.35592985	10.68921844	13.98140902	19.58619209	27.01768334	35.79966243	15.97893479	18.63956613	20.39363112	20.57265698	16.33893061
HGNC:10991	290.0331061	321.8175156	420.9034868	1825.415033	1976.180573	2017.78623	4163.880577	3943.585278	3711.789271	1165.59118	884.3746543	1097.448066	1831.613024	1137.327572	1165.244639
HGNC:10990	75.56605609	67.83341413	74.50253105	83.21483716	87.72676355	85.20373383	45.85037443	41.07511247	50.63567906	15.15714327	14.76160425	16.78047311	44.89515976	24.60127883	26.86565225
HGNC:7863	1.640722578	1.313186205	1.747269828	10.84660274	10.69144087	10.7279812	5.143967062	3.587559062	3.437132303	0.210262433	0.611686163	0.280659905	3.406847673	3.457801742	5.037936707
HGNC:642	0.22968301	0.170181924	0.100365123	0.0	0.0	0.0	0.028395248	0.127811807	0.19577758	0.069446822	0.0	0.057785859	0.054119541	0.0	0.068032517
HGNC:1371	16.30391249	14.5474785	15.26843078	11.32907992	11.10365918	10.70350448	33.68777338	24.76314868	31.68388379	11.66662966	12.37684016	16.35106717	22.21772574	24.01760699	23.19073975
HGNC:1372	0.239434388	0.189234278	0.279003216	1.598305652	0.605813604	1.05252018	1.657644326	2.025220046	1.632715804	1.44790486	0.90417991	1.204784096	2.61775945	1.460254657	1.645364702
HGNC:1368	0.0	0.0	0.0	0.0	0.0	0.0	0.0	0.008210915	0.0	0.02676851	0.015478015	0.0	0.006953519	0.0	0.0
HGNC:1375	0.0	0.0	0.0	0.0	0.0	0.0	0.017892636	0.020134444	0.0	0.0	0.0	0.0	0.0	0.0	0.0
HGNC:1380	0.0	0.0	0.0	0.043312738	0.0	0.040746301	0.0	0.0	0.0	0.0	0.0	0.0	0.0	0.0	0.0
HGNC:1381	0.0	0.0	0.0	0.032374887	0.0	0.0	0.0	0.0	0.088191708	0.0	0.0	0.0	0.0	0.0	0.0
HGNC:1374	0.0	0.0	0.0	0.020928809	0.015865497	0.021001281	0.0	0.0	0.0	0.0	0.121027719	0.005048285	0.023639942	0.105901575	0.136699422
HGNC:14914	0.167268795	0.159347024	0.118339165	3.344742898	3.130073532	3.069962034	0.124074627	0.199457445	0.05431499	0.130050761	0.244392195	0.078154312	2.758914226	2.732500405	3.489405759
HGNC:1383	0.10385106	0.0	0.060506721	5.285962669	3.503500359	3.53255482	1.489312114	3.351822651	0.531124418	0.439604849	5.065586244	0.0	53.44275006	149.3276171	114.1228238
HGNC:1373	3.590131493	3.291917006	4.258586664	8.987003973	8.906922828	10.37264288	1.211924393	1.220214442	1.050594593	0.130001207	0.090202734	0.259613832	158.285576	101.0051599	115.5098004
HGNC:1377	0.0	0.013628833	0.008037631	0.0	0.0	0.0	0.0	0.0	0.007839316	0.0	0.0	0.0	0.0	0.0	0.0
HGNC:1378	1.950022135	1.753391076	2.134702411	0.394071102	0.409553844	0.398624691	0.372916467	0.305192725	0.341955421	0.225709146	0.279661993	0.218472678	0.373325918	0.415423691	0.523450028
HGNC:4331	2.28294356	1.313423381	1.663942696	12.39697069	13.23257191	15.11415869	8.022135231	6.705669721	4.49219421	3.194188244	3.620305369	4.459774398	15.35296558	5.129302281	9.615468744
HGNC:4341	1056.002902	920.6028702	1101.717953	23.80338666	20.06227627	19.08597412	106.7483174	103.002803	78.67255794	407.5989898	207.4233307	453.7008366	1296.935323	790.3181956	874.579671
HGNC:21016	0.008614352	0.0	0.010037956	0.0	0.036326525	0.0	0.0085198	0.019174529	0.009790287	0.020837044	0.009036254	0.0	0.0	0.020206511	0.020412691
HGNC:10988	5.395250243	5.39808014	5.067984671	0.218203871	0.188629726	0.216078423	0.204184876	0.076589217	0.140779966	0.299627401	0.317624529	0.235465424	1.919872834	1.533514415	2.038370835
HGNC:19954	89.03705439	95.01780794	93.91037364	78.48191218	75.65308398	55.91349634	59.42244966	63.37653936	56.38198341	70.272337	138.5527144	109.709274	40.16246304	32.43155458	28.01677556
HGNC:29570	0.282206681	0.21446046	0.303548344	0.054341111	0.068657257	0.0	0.128819609	0.217439554	0.074014705	0.052509445	0.25048542	0.043692473	0.45012366	0.305523004	0.180040262
HGNC:9238	6.579272112	5.21404164	5.093608004	9.946156138	10.51306108	11.46115328	14.14153122	11.06842266	10.5275277	5.851216072	5.903468396	7.461164552	7.41076774	2.937086985	5.051439332
HGNC:4163	8.656895827	7.737840845	9.461947533	58.85963277	62.53106306	67.81901902	49.56975892	35.3909331	35.71545703	18.08766626	15.59739486	18.34041907	41.5820865	17.49535524	19.84335051
HGNC:8863	8.406351484	7.534955851	9.853543664	58.42570886	54.24036654	50.01360706	28.95990089	22.01466745	21.93438121	17.22567487	26.48898493	19.30570391	19.86233754	19.97141151	16.16765667
HGNC:8587	104.459049	108.7452405	117.4617179	169.1563703	177.1183952	199.9411385	177.0736902	171.8603459	164.1255589	147.7613042	126.7638977	148.6654195	139.8156631	81.05372093	95.88852864
HGNC:291	0.526228467	0.579531052	0.673506807	2.44021181	2.273661282	2.356566101	1.817317853	1.718579529	1.774581294	1.86758781	1.384528058	1.536634098	2.829495248	1.274834416	1.962426452
HGNC:794	15.23770867	16.0901733	16.80114335	79.57260507	84.65078797	94.50803216	82.82328457	68.07932607	75.80082173	22.34447886	19.15983838	20.61372035	54.4519117	28.55907144	26.77873642
HGNC:20093	9.75203639	8.614166757	9.224613148	0.423958517	0.276464635	0.360240269	7.326955755	8.190243032	8.084271651	1.248827327	1.564536024	1.286546972	9.052346839	19.01136809	17.94312061
HGNC:292	6.413622148	5.623563501	7.493788165	16.57702369	17.60011997	22.00277678	8.715488822	7.447488378	7.032339413	7.315428076	6.226350143	6.55060667	18.27392343	6.115570686	9.956831104
HGNC:4693	402.8446031	418.1609852	436.7002983	114.4435028	109.1431318	90.18602004	130.9923503	136.3177448	141.0197431	164.0996925	209.8322692	240.0541992	270.0259785	199.5090867	182.2718023
HGNC:17296	7.73494046	5.530908441	6.86842616	15.28522622	16.29748322	17.46412348	16.62204372	12.7420899	10.74572918	3.94868086	4.746441727	4.730012223	58.12577343	36.45443245	55.06436
HGNC:10452	228.0819556	210.2311286	217.6730942	98.84719965	114.7079412	143.3493948	119.5412147	104.1270767	144.1614049	168.1287353	133.5777819	157.5186101	121.7202832	50.77922267	55.06921961
HGNC:10451	7.693470848	6.455386574	8.224486733	62.11789407	69.33102599	77.99712722	53.0593726	29.27071965	41.64966715	10.65479652	7.448788447	12.07156023	13.62829771	3.051375555	3.326669935
HGNC:20091	0.105224472	0.14630524	0.108990066	0.061785976	0.041086036	0.057105198	8.256181711	7.781217034	7.458781728	0.028280543	0.020440373	0.039219828	0.022038877	0.027424769	0.0138523
HGNC:365	0.002729314	0.0	0.0	0.015941707	0.014386817	0.009998069	0.0	0.003037565	0.0	0.001650467	0.012883439	0.0	0.0	0.0	0.0
HGNC:361	3.973114377	4.823256492	4.276596166	5.45047201	4.756583373	4.757485187	3.196885487	3.485010647	3.90321122	5.416069116	6.392834521	6.776910541	13.86806023	18.83675854	16.5555958
HGNC:362	13.68957601	14.22174974	12.83048934	30.65144938	30.79626426	33.20372186	23.29460945	23.03552973	21.78873399	32.74921896	28.60573402	28.95336771	49.72639956	37.45107826	35.58819443
HGNC:1424	20.42432858	16.62188743	21.68596991	83.40056884	75.52844332	66.61185826	58.35441677	33.58793845	43.94129262	14.26840063	27.11790617	19.15995997	37.30211864	30.31999026	21.57593344
HGNC:2867	10.73557678	9.584616475	9.660294389	9.936690621	8.844745238	9.134625745	21.82535859	19.78068111	20.10918412	14.13814544	13.09655568	14.20504677	9.350124422	6.925112023	6.218465181
HGNC:12563	17.06969136	17.33913614	19.30629064	27.0973163	29.81648718	34.15688656	59.15759833	42.70543785	57.88041426	19.04360925	14.87583491	18.87384639	22.30813879	7.29283745	7.391016217
HGNC:18170	15.25712089	11.8702991	14.47201814	35.16428565	38.39209049	41.10243504	26.52348687	29.70610807	17.7226311	22.69906451	21.54229764	31.50478181	47.58403214	31.11727289	49.6511935
HGNC:12441	26.09146878	26.31582485	35.07864205	30.90357746	39.64580744	35.68205769	26.69734579	24.38791298	34.18615612	16.39534048	11.38106393	14.71750677	24.27816147	12.22373952	14.03618354
HGNC:3061	58.2212489	56.81872729	66.82149336	111.3955107	125.0334658	122.4371665	69.58544604	59.61906727	66.70536612	33.3930877	34.44403043	44.91897748	72.09562275	33.80601857	36.5475216
HGNC:20461	0.096653645	0.109809363	0.099486818	1.69901567	1.903767262	2.159786054	0.425387805	0.326295042	0.302081238	0.116896561	0.168979031	0.176703919	0.815316994	0.190821406	0.190859879
HGNC:20567	20.33995563	17.80466036	20.7991248	18.41521007	17.0306338	20.45576562	14.95067838	11.81906582	13.52396192	10.24996202	10.23263802	10.40870165	15.19300966	10.54835542	7.828051968
HGNC:7851	1172.175322	1331.229749	1334.386845	127.6808406	137.5217843	97.24599694	238.8187765	396.3928417	337.0738953	367.9093182	517.053248	480.9904987	208.2913182	462.9780726	331.1853523
HGNC:7850	8.23050494	6.053818268	10.71075358	1.253225563	2.533419791	1.760591335	1.723100853	2.808195271	2.731107064	2.034451967	4.978503671	4.050731081	4.416576299	2.607032038	1.06768915
HGNC:7849	106.8745936	148.2640884	107.590517	53.62780056	72.43195461	52.22445151	89.50464534	137.5510441	186.9458678	382.5133769	272.6672308	175.7948122	92.57049154	199.0242886	155.5789214
HGNC:2519	12.08632454	12.60559618	13.07297689	26.51251005	26.90365875	30.86635998	28.88519902	18.82428961	25.79917962	25.67407068	25.63189921	25.22222086	40.63922968	22.95626066	21.35148469
HGNC:2520	6.842502564	6.804854569	6.360238898	2.064438689	2.016242948	1.963559872	4.368484882	3.723186164	4.046987758	0.249662587	0.442630856	0.262731536	1.974219194	1.598623267	1.834336006
HGNC:4335	40.92507232	42.44013911	42.44052503	63.80488311	68.56896517	75.43498895	49.15591709	45.3855031	41.06316485	27.26483704	22.04291241	25.27533389	60.59278334	44.0796944	51.63717235
HGNC:4336	22.97187111	26.75239825	34.92274186	27.54624976	35.92598603	14.17111578	22.71972956	20.65624399	28.70121838	7.727734818	4.62789236	8.267341553	11.75759504	2.319538083	1.4419728
HGNC:4432	13.51665463	15.42913877	14.87320641	31.21049872	31.84007697	34.03272563	30.8259758	29.02356997	30.85129093	26.56646978	20.46063643	24.02786709	42.00983853	31.17863238	28.60801092
HGNC:4433	54.21441081	56.36703019	57.94724738	104.283236	115.3824931	113.5581295	84.57584213	69.31363596	75.87909827	141.2967102	124.2452852	136.4959538	133.6780881	103.7256032	94.43596486
HGNC:10982	0.682883008	0.655509856	0.758820385	1.706491119	1.729305601	1.76287344	0.91212142	0.718873949	0.676089362	1.351673511	1.107724239	1.402789348	1.728492589	1.104350912	1.040549594
HGNC:10983	1.870701509	1.599468602	1.816544054	5.820635197	6.348190211	6.534325872	6.091066789	4.826598701	4.971500281	3.70722384	2.663714517	2.859807384	2.696064535	1.632307957	2.189716619
HGNC:2323	0.005648686	0.018601564	0.015358433	1.253754164	1.288285519	1.436641203	0.752340299	0.678958585	0.547821358	14.33753165	9.593125031	16.91737795	0.008873223	0.004416669	0.015616074
HGNC:8512	0.0	0.0	0.0	0.0	0.0	0.0	0.0	0.0	0.0	0.0	0.0	0.0	0.0	0.0	0.0
HGNC:10985	2.784934239	2.244483085	3.522718863	11.26735993	10.3146351	11.87016133	13.84431594	6.912627509	8.620739447	3.168771262	1.941147595	2.028227835	2.15857226	0.494240038	0.716362683
HGNC:22921	0.267652837	0.264420515	0.0	0.0	0.0	0.0	0.0	0.595763576	1.216759273	0.0	1.123046325	1.077418777	0.0	0.0	0.0
HGNC:758	16.5380297	19.5700605	18.42401642	5.374943116	4.860830054	3.923994792	115.4608267	132.3093671	101.2683676	74.55259193	55.72967901	66.03761475	66.6374771	88.40902217	94.13594131
HGNC:746	3.544723593	3.101093906	4.87700323	8.980244223	8.577100884	7.956442008	10.32737468	4.158957065	5.411927529	7.95441968	8.80303981	9.047093537	7.969933464	3.68154704	3.390211119
HGNC:663	0.372857698	0.133947223	0.31598255	0.028283539	0.107204481	0.177384247	0.201144641	0.113173249	0.423756073	0.204976432	0.07111255	0.27289345	0.191684458	0.0	0.160641621
HGNC:8109	34.38566132	35.68208811	39.70584735	247.5518401	265.7461656	312.4177337	212.3977214	133.7939	207.5662403	113.4785639	107.3238358	112.4416233	228.7037778	87.63975272	89.63935571
HGNC:11296	115.6403406	133.0434179	123.1359489	223.8109667	253.0120781	213.7593954	317.4675917	359.1056659	377.008813	457.5160082	636.4987855	526.0403119	436.099357	407.7820946	372.5490506
HGNC:11123	35.92535104	35.20839342	31.04655933	40.91766151	42.81836024	47.30077077	38.2200524	47.07701537	40.63883587	31.85167621	30.74175036	28.84565252	67.24558637	49.02870646	60.43512409
HGNC:7413	0.816865232	0.729350804	0.88316911	0.004684581	0.005918732	0.011752007	0.049973149	0.043737863	0.022332034	2.892547596	3.880955477	2.6215497	0.039685687	0.006584551	0.003325869
HGNC:626	1519.239307	1917.990339	1676.696697	488.0548359	505.2429663	457.726844	1251.536914	1635.429199	1454.54303	730.8161434	768.8096746	826.6220629	935.3479596	926.5009332	828.5301948
HGNC:633	0.301808926	0.460799088	0.415628606	0.297622712	0.28925485	0.229733324	0.027136022	0.0	0.031182592	0.895955944	1.467828777	1.049242051	0.20687814	0.868844167	0.585139689
HGNC:634	0.093173829	0.0	0.108571697	0.03887293	0.0	0.0	0.0	0.0	0.0	0.0	0.0	0.0	0.0	0.0	0.0
HGNC:638	1.094413635	0.0	0.34780254	0.166035949	0.0	0.0	0.098400113	0.0	0.0	0.842306877	0.313094827	0.600748586	0.0	0.0	0.0
HGNC:637	0.082562384	0.0	0.03206887	0.091855314	0.02901364	0.028804185	0.0	0.0	0.0	0.0	0.1154746859999999	0.083087353	0.0	0.0	0.0
HGNC:7103	0.115717489	0.019053337	0.112367428	0.0	0.0	0.0	0.057223681	0.128786726	0.175351934	0.699765461	0.424847311	0.524039728	0.054532352	0.022619681	0.068551453
HGNC:4175	0.322159074	0.245521417	0.225239369	0.061443456	0.038815356	0.115605417	0.09103515	0.081952916	0.094149421	0.033396971	0.019310706	0.083367644	0.052052165	0.021590915	0.098150494
HGNC:406	23.03262282	21.83425077	21.93353986	0.948828298	0.930980461	0.886276242	7.393868347	6.206538839	7.094127256	17.73219784	18.42505936	26.98950016	2.097874464	1.858602336	2.049557688
HGNC:30262	106.2007366	120.5300262	100.5851593	140.72179	141.3402222	114.7101486	56.29879579	83.1148244	83.6196277	90.73225743	88.05221562	66.86163094	116.9911349	183.2474656	154.7173582
HGNC:17325	0.0	0.0	0.0	0.0	0.0	0.0	0.0	0.0	0.0	0.0	0.0	0.0	0.0	0.0	0.0
HGNC:30324	8.637832962	7.867487102	8.445047007	48.27305686	53.70546683	51.81833125	47.92427675	56.46112506	37.73548875	22.11689553	22.05552062	27.60480132	28.15674175	15.36915749	33.69786382
HGNC:24671	47.41770968	51.40690295	46.07509458	33.67332719	34.93562304	31.10948008	81.24506905	74.62514809	86.43671637	90.19993972	98.66606558	88.29225859	78.08227687	82.19129908	63.76663302
HGNC:753	0.204254824	0.091721878	0.086549051	0.57327722	0.508972408	0.194345394	1.010064513	1.239946616	0.675308843	0.134745535	0.331126841	0.261613632	0.945058339	0.740452639	0.968010284
HGNC:16448	3.449395372	3.467993292	3.806229021	0.135712471	0.092877347	0.170228022	2.332443995	1.598943638	2.11032128	2.286719493	1.435960161	2.284665891	0.006387199	0.015896222	0.032116843
HGNC:20123	0.063415723	0.087709831	0.088674934	0.0	0.0	0.0	0.112895398	0.268196214	0.201803084	0.030678946	0.066521613	0.0	0.01195397	0.0	0.0
HGNC:7468	3.346006419	2.667917639	3.329773928	7.269591856	6.970414938	7.544545739	4.913884437	4.220946108	3.93362229	2.278690906	2.737635275	2.306886508	2.95633113	1.411776632	1.802363192
HGNC:6904	209.3517826	148.3174704	305.5145428	390.1475596	383.8853397	431.4791873	411.3479321	212.1534942	279.5820257	129.748942	155.8571989	238.5784541	227.9418425	37.89227496	39.82182593
HGNC:6905	12.4839434	8.938091452	11.16907159	75.72676221	80.86452113	85.3701647	36.85578261	38.09111725	29.43900422	16.0598826	17.68119551	24.89137561	55.7903977	21.19477249	43.79152421
HGNC:6903	1.188849032	0.964761154	1.261628647	0.053142656	0.0	0.02221945	0.062989291	0.02362712	0.0	0.025675693	0.044538389	0.0	0.0	0.0	0.0
HGNC:257	0.876606335	0.879446623	1.027016816	1.314918897	1.481517152	1.703393667	1.731280909	1.687277695	1.916856021	3.531536872	2.060766634	3.211409441	3.219652511	2.007621295	2.525672706
HGNC:1550	0.526910888	0.457450942	0.595382267	0.0	0.0	0.0	11.11738586	9.133946275	9.54512893	0.115866525	0.200988083	0.112479654	0.240784451	0.430714806	0.54861653
HGNC:2501	0.913921243	0.876713672	0.740838601	2.287775214	1.899065065	2.093298897	1.899478886	1.857386681	1.384906107	2.274738732	2.028515661	2.745867638	9.350325319	9.911036866	11.40884684
HGNC:7436	10.87803354	9.756840087	10.48666714	7.330129206	7.167565422	5.168333291	4.529951646	3.703666377	3.578757767	3.765126387	4.203980184	4.213231946	4.805923974	4.007918788	3.730844428
HGNC:3791	18.55400641	20.71116869	21.48959796	0.841909746	0.945520493	0.762689341	0.277195707	0.811008043	0.445944252	3.999863925	2.116791277	2.3692544	0.475485678	1.380599573	0.597722874
HGNC:3795	0.0	0.0	0.0	0.0	0.01597814	0.0	0.0	0.0	0.0	0.0	0.0	0.0	0.014284669	0.0	0.0
HGNC:976	0.008159843	0.010748401	0.003169445	12.0582337	11.79971863	11.21634592	0.478836609	0.339039798	0.173109701	0.10855704	1.298188571	0.0	6.901139951	5.072200504	8.146766792
HGNC:977	36.22104884	33.0851864	34.01462952	27.52813233	28.32011665	23.26813864	40.59211712	42.08296607	40.81462314	31.13894948	35.70287556	39.20014947	22.38599488	19.55541431	16.71572743
HGNC:986	0.04130517	0.163225384	0.0	0.011488583	0.116121972	0.043231373	0.068086334	0.10726383	0.046943691	0.0	0.02888544	0.013855936	0.012976823	0.016148117	0.0
HGNC:2698	2.471521854	2.102222107	2.46553061	13.74183143	13.59354213	15.41971745	3.100207258	2.220652958	1.685343874	2.646492819	2.270078495	2.893687806	6.226964281	3.018889415	4.349562229
HGNC:987	1.636559982	1.199306114	1.412741953	0.915225152	0.944428479	0.949206332	0.702853022	0.574250113	0.518055988	0.463244478	0.25402043	0.410945086	0.660846108	0.432519847	0.568200583
HGNC:6186	29.53311571	28.94036192	33.19724661	22.16605527	22.63528413	21.76098972	22.35455547	16.77027147	20.74203717	45.98676061	38.14389987	48.35342415	19.6790661	18.74974892	15.36446694
HGNC:6937	24.46042692	23.11049815	25.68712603	22.32449203	23.51422364	23.67240352	54.51854281	52.0227809	57.54241279	36.57777837	26.71684072	31.34980578	23.38950885	19.08392018	22.52531036
HGNC:6936	4.087529446	4.127325343	4.35990589	3.316573765	3.532240852	3.672041746	4.295563279	3.029995732	3.940352659	6.107885111	3.380477112	4.370851295	2.697125959	1.631818324	1.68856669
HGNC:890	0.394375836	0.43768229	0.498343423	0.925253626	0.993524656	0.930065782	0.643324482	0.689726707	0.628660464	1.025182222	0.685007906	0.950973991	1.67990235	1.456699751	1.580792829
HGNC:87	20.92533745	20.12701962	24.63372005	26.856345	26.29782894	28.64491685	15.81002678	13.42000713	14.75031464	21.04043194	26.32735485	23.71384695	27.12540031	23.96630358	23.19297352
HGNC:89	2.777195033	2.530326471	2.83774983	18.52870755	19.66649802	24.17650526	4.514574584	4.866592893	3.497160588	5.208747795	3.422867724	7.008261614	10.18744782	4.263210181	7.931169677
HGNC:4801	19.13428324	19.6859343	21.94508943	65.66001069	66.94748787	70.44894791	55.82969767	37.02686818	44.45676383	38.71935076	27.67634328	36.35980137	71.41657793	33.46070476	34.73253548
HGNC:4803	25.63494437	24.09751437	27.85315546	27.5925427	28.98668046	30.29643731	25.79767654	23.00619289	21.75279082	21.276974	17.17557593	24.81347333	43.6517993	28.8619296	32.89004475
HGNC:3151	123.3876954	143.2221572	130.2168985	168.8187176	189.7531423	185.5150313	284.7891679	305.1836122	332.1407107	261.7964914	195.4415929	243.4756671	169.8331535	130.3894279	109.9536257
HGNC:4907	4.62934102	4.810414195	4.594383035	7.030806596	7.185519947	7.318335971	3.921336852	3.755968976	3.378003229	7.886478429	4.65650616	7.527850207	3.830462224	2.435018055	2.940076598
HGNC:407	18.40044091	17.74095016	24.60959074	117.7112941	130.1903333	130.4417092	88.99117221	64.9544698	69.27636568	20.26584008	24.01096634	22.0172988	185.8217619	86.47140639	78.28871933
HGNC:412	13.90883298	14.03735411	16.11092832	29.34256811	30.19943125	33.07920564	15.58827696	13.60233359	13.09059567	12.36607467	10.84482977	12.66419809	19.79058776	9.285206994	9.661961408
HGNC:877	20.91831605	22.95864196	23.7903169	28.45859634	29.93531809	28.70549171	15.39095505	17.31274908	16.10876429	20.62808199	17.54434828	19.91020205	26.64568031	28.21183304	29.18542427
HGNC:404	70.44877106	77.41084316	77.95469837	7.148774952	7.492551637	6.693831318	0.103694829	0.100017415	0.034045137	71.99764167	45.16275366	69.81144676	0.02823368	0.070266933	0.124221844
HGNC:403	20.26140065	16.73570148	18.49483652	59.07595477	60.01015235	65.32983125	33.77604332	29.01094424	30.06418146	15.41286688	10.62686825	15.22142457	50.07078811	32.12736382	35.84101138
HGNC:7179	8.615896267	7.142902598	8.041396691	6.078811303	5.988008576	5.916061088	22.72806255	17.34567679	15.98223472	4.463510846	2.80634627	6.171646432	1.189635368	0.917179639	1.674270789
HGNC:16732	8.690084515	9.131962385	8.019265808	1.739661932	1.96456192	2.066243435	2.77366156	3.901474695	3.711497573	7.475347682	4.199800439	6.925715092	4.364776763	3.007853119	3.650624986
HGNC:7526	7.069615353	5.97996917	7.120700492	11.85585278	10.71687808	12.85204518	14.86375185	11.89209024	12.28833474	5.11339032	3.514052039	5.44055134	6.532521314	3.834153801	5.734638468
HGNC:8923	20.72937649	24.39339964	22.74371225	4.75938645	4.168793745	3.827985224	44.3939212	44.90765683	37.22583855	4.169704873	5.983199364	4.664587643	23.20860777	25.32428263	25.22626
HGNC:19129	8.690005565	7.118208932	7.470522569	51.8813187	51.59499962	57.2338221	44.20254553	45.83376563	34.8481835	21.66038602	23.97828815	24.1160694	133.6174768	135.9651329	222.106801
HGNC:9577	6.293946826	5.774459206	5.830213669	12.07987068	12.25519959	12.4114315	9.628652683	8.160112917	7.535760058	3.48371179	3.727841421	3.670500682	19.33000022	11.659502	14.04995446
HGNC:10850	15.51940419	15.15358246	16.61116255	18.56029305	17.11155341	17.66620808	21.75763635	19.02185964	22.39450996	10.45761694	10.39614432	11.49174523	23.10712186	16.33301088	14.93905771
HGNC:30404	10.02543429	9.600690181	13.00475039	10.55539387	10.49447431	9.131840561	28.03905083	21.36807837	23.191079	6.262748182	4.811770395	8.20935677	4.278817751	2.800898966	1.961024574
HGNC:10691	0.112019396	0.044266636	0.117478508	0.084123835	0.094476647	0.0468973	0.044315944	0.124670967	0.165504346	0.013548048	0.07050344	0.011273167	0.137252986	0.052552327	0.092904965
HGNC:4552	5.957027288	5.795918977	6.520787198	0.376564159	0.666077784	0.377868127	2.856553873	6.12756024	5.436687181	1.200775549	5.11264033	2.724956699	1.871516054	2.011305246	1.176321397
HGNC:18062	9.457352146	11.1878112	10.29500459	11.74938603	11.06965548	9.915301538	28.47635513	28.74264041	26.16354001	20.6569735	21.17230144	24.93256008	24.85151546	23.78609184	26.96894806
HGNC:10852	241.190041	263.7282792	280.0247187	788.3684661	781.6388784	683.3577672	633.7064111	550.4814553	498.4321274	308.0600481	241.0157724	284.1642561	432.7242744	295.7245481	300.5045028
HGNC:29683	8.041177216	6.518209273	7.501386126	42.38005672	46.85495248	50.32914719	25.94327447	20.93282171	16.76761161	14.38014852	16.05294831	16.36905329	40.80933738	19.31879966	31.73033709
HGNC:2861	13.45282209	14.09820376	12.46398063	32.34417936	33.37073127	41.35705944	65.95186469	56.58609313	61.5916998	13.38316045	12.3961569	15.48947792	22.90993117	13.56599185	13.7356672
HGNC:21055	0.837677425	0.8497563	0.804076645	3.926029856	4.105984822	4.333318694	6.554855871	4.259580128	5.177791074	0.927721671	0.690169865	0.822009407	3.961202358	1.710838138	1.956452647
HGNC:7432	7.079743481	7.64995505	6.462686125	22.74456307	25.561323	26.56090008	49.40214543	37.80178618	51.28875372	22.34887711	16.80453372	15.98516746	19.28358513	17.06090373	17.23498695
HGNC:7434	40.61262807	34.66082105	45.4638412	27.92627861	29.81314452	28.74151987	96.97286598	82.82494652	68.58849739	50.47010517	44.54860732	48.72369026	84.68127592	63.17398839	145.1583328
HGNC:26777	0.076093973	0.057826939	0.061386391	1.47013335	1.190982758	1.102742294	0.121571841	0.091202564	0.093133895	0.566344118	0.601726051	0.636184909	8.766293961	6.267818609	8.502468633
HGNC:3978	0.192778747	0.162676593	0.196557622	0.006702414	0.008468162	0.004203514	0.003972141	0.00893964	0.0	1.11719568	1.588272781	1.758165967	0.015141299	0.01884155	0.009516901
HGNC:31865	0.445659272	0.404579092	0.378955026	0.381916255	0.402109958	0.506362611	0.371277273	0.426732225	0.401546146	0.327768518	0.370619672	0.41010844	0.788989547	1.068918409	1.412811024
HGNC:94	12.73799127	15.84523841	16.73089681	37.09096644	39.83851996	42.85742448	28.58123963	24.38651059	38.32104651	13.49538867	11.44998438	14.71431997	48.63343523	17.5285259	17.75536803
HGNC:5007	29.67374166	24.93438971	37.93092561	31.12421591	34.6819371	35.18865992	38.33752936	25.13199425	30.38240538	11.14503724	9.435442399	12.70774974	43.6486617	10.01472371	15.89267858
HGNC:85	0.297644458	0.23474575	0.253567025	1.406675939	1.263070544	1.178034389	0.536805997	0.214345152	0.412184506	0.341832049	0.438160413	0.344845134	0.978327266	0.812586007	0.73493711
HGNC:84	1.127783575	1.083893978	1.146629173	6.931459044	6.170910422	6.035088722	3.525705175	2.265052462	2.599633856	1.113136332	0.982758443	1.172904941	6.317694732	3.630886151	3.27558967
HGNC:3594	651.1395198	578.3994899	769.1321824	548.1481936	495.4779837	337.4872877	440.9314964	281.0542822	314.7000935	1265.841133	2262.133358	2136.162008	511.1493069	548.7917818	417.6527944
HGNC:18308	0.172939186	0.166683588	0.194146396	0.0	0.0	0.0	0.63201731	0.530469108	0.678326548	0.0	0.048670753	0.004244849	0.564524923	0.395765809	0.362322428
HGNC:964	0.0	0.004302508	0.0	0.0	0.0	0.0	0.0	0.0	0.0	0.100077269	0.105073212	0.131483815	0.114932168	0.204313502	0.350877012
HGNC:3569	9.931027348	8.364418638	11.16269835	5.758424363	6.416568381	5.233299017	7.273037168	4.936651205	4.587302385	4.759302143	4.328953013	6.468078895	22.98112089	21.97724957	29.84173986
HGNC:3570	19.31978589	14.90123292	18.46832898	28.27560914	29.41958701	31.45974486	29.8580687	22.19262026	23.06938136	10.29115685	7.594998906	13.478521	22.67591687	11.22322729	16.75430971
HGNC:3571	0.104231606	0.061783709	0.068825564	15.18832554	15.68799724	18.61478055	0.800646635	0.71148885	0.655479456	0.14286985	0.466502497	0.069929572	8.759658665	6.075675215	11.68668196
HGNC:16496	0.042633786	0.018050964	0.028388245	0.0	0.006420918	0.0	0.0	0.006778412	0.0	0.0	0.0	0.0	0.005740386	0.028572917	0.0
HGNC:18540	0.215925064	0.131272268	0.116127116	2.952042681	2.889248552	1.981797027	1.708440394	1.774610467	1.378019575	1.245474647	0.818885896	0.936052978	0.187856477	0.136362978	0.177112769
HGNC:2329	2.053277634	1.521360846	2.300578312	0.230635256	0.249768024	0.206637412	0.663895983	0.922859799	0.628268362	0.716339812	1.532540233	1.072903826	0.669887787	0.926217666	0.982451874
HGNC:2328	31.86475425	30.57443078	29.96444386	8.994414283	8.482915259	7.665713836	20.38616347	15.39544684	14.67976814	19.06487778	14.46631465	17.78072459	15.82056461	13.34086467	14.38780027
HGNC:1421	0.432795459	0.338491954	0.38874594	3.776839232	4.134966256	4.123989121	3.611630134	2.368239178	2.736059521	0.0	0.416159643	0.0	2.549458429	1.226699473	1.207167568
HGNC:2330	4.012698818	3.711202718	5.421979764	6.037563847	6.570566589	4.333861823	6.121861491	4.15708461	6.185740782	3.665646286	2.955415003	3.071619733	7.463419388	3.98028867	3.312818693
HGNC:88	0.0	0.0	0.0	0.033708574	0.074530899	0.073992844	0.009988582	0.022480148	0.080346678	0.0	0.0	0.010163651	0.019037604	0.07107012	0.011965882
HGNC:83	3.161130362	4.301428335	3.169232225	18.49377482	19.92016651	20.38812712	21.70806643	21.46736065	20.55268447	15.14848942	10.2481686	15.78610481	14.6496136	10.18513156	10.86852302
HGNC:92	1175.909438	1200.330974	1134.056965	523.6868377	480.5501739	441.4241181	174.7311659	196.5200253	187.5108685	551.0659444	801.5856149	678.7165473	415.3180972	619.8166726	433.253216
HGNC:119	44.92220971	41.35111626	43.98748028	10.67504533	10.93143336	10.95737218	27.39664797	23.77140262	25.7891207	24.14828553	16.99305076	22.70474298	13.04934677	11.12715704	12.40393424
HGNC:13444	76.07590234	63.6074028	71.80041446	1.93217606	1.696936657	1.655130203	30.19131306	25.75553522	18.50212684	2.219966261	1.762512941	2.387159863	0.026615507	0.016559921	0.066915569
HGNC:23155	0.010498514	0.0	0.024466988	0.026280427	0.016601998	0.005494048	0.041533125	0.075947467	0.029829135	0.0	0.027531741	0.0	0.029684813	0.0	0.024877429
HGNC:11010	0.007106049	0.0	0.0	0.0	0.0	0.007437429	0.0	0.015817226	0.0	0.146103508	0.186352001	0.092966028	0.709936184	0.925102671	1.10292804
HGNC:15956	0.277640197	0.177166091	0.207709255	0.441701245	0.432786865	0.478282183	0.083339446	0.067330114	0.0699837	0.148948992	0.140519544	0.239179855	0.131348208	0.077289017	0.124156257
HGNC:22146	0.029219112	0.057732492	0.153215325	0.0	0.0	0.0	0.0	0.0	0.0	0.0	0.015325083	0.0	0.027539258	0.01713467	0.0
HGNC:11038	3.236615658	2.120225	2.933386882	14.93606439	14.57821792	15.94212719	13.87139105	8.340489617	6.012077796	2.581595808	2.482463792	4.074413024	5.226368724	2.680352328	6.473743567
HGNC:18301	0.10610539	0.057176729	0.106780279	0.060365576	0.061015091	0.12114922	0.014310105	0.021470732	0.032888104	0.046664675	0.192249044	0.101926417	0.018182767	0.050909169	0.034285752
HGNC:14025	0.0	0.0	0.0	0.0	0.0	0.0	0.0	0.0	0.0	0.0	0.0	0.0	0.0	0.0	0.0
HGNC:11039	0.0	0.010163399	0.011987769	0.660982151	0.422981668	0.613741026	0.04069888	0.011449533	0.0	0.0	0.032374477	0.0	0.0	0.0	0.0
HGNC:11011	3.395127824	4.378998355	4.06609983	10.23011003	10.34018296	7.057555251	23.27185304	21.72681543	25.0808533	13.63028796	20.57703478	14.995585	29.82162986	21.45823961	17.04006042
HGNC:11040	0.0	0.032297549	0.0	0.0	0.034465734	0.0	0.970005768	1.036962941	0.854568603	0.711708704	0.754457506	0.987006987	0.16947053	0.134200165	0.174303636
HGNC:14239	19.33020849	13.71828672	17.35999905	1.04750643	0.93183205	0.777624451	3.002634229	3.934852714	3.901709346	7.653458716	9.123950078	7.257856715	2.462990223	3.185091336	2.716739437
HGNC:11007	0.355991149	0.219807503	0.233337431	26.47415255	22.4946417	24.40479234	0.132031408	0.173336235	0.379300398	3.067662419	4.457777757	2.21670096	0.335524643	0.208760312	0.237251728
HGNC:11041	132.2262263	129.4805685	134.8429302	39.569898	43.14723003	41.20305483	110.9146175	84.88056013	129.8074998	229.9312764	228.5224792	251.0918537	44.90966732	34.42900053	28.36190764
HGNC:13446	0.0	0.0	0.0	0.00111516	0.002817897	0.001398777	0.0	0.001487394	0.0	0.001616357	0.0	0.0	1.44352276	1.042351445	0.894643275
HGNC:11036	0.0	0.0	0.0	0.0	0.0	0.0	0.005358742	0.006030151	0.0	0.0	0.005683579	0.0	0.005106711	0.0	0.025678149
HGNC:23091	0.588024187	0.42714918	0.591153649	0.0	0.0	0.006033782	0.0	0.0	0.0	0.069723393	0.012094581	0.023206396	0.010867014	0.006761355	0.068303456
HGNC:18067	0.385551526	0.298856387	0.366325899	2.420255706	2.201166976	1.843826852	0.263990544	0.165036946	0.134825453	1.033035054	0.566208377	1.301302489	0.167716406	0.097394815	0.091360839
HGNC:28750	0.221874423	0.318829012	0.305548807	0.0	0.0	0.0	0.099745049	0.097276683	0.114619202	0.0	0.021158281	0.0	0.0	0.0	0.0
HGNC:19119	0.034531919	0.013645957	0.01609546	0.0	0.0	0.0	0.013661157	0.007686397	0.007849166	1.854330686	1.354746845	3.676707517	0.0	0.0	0.008182733
HGNC:13812	32.76180286	33.89317189	35.94417684	6.673035843	7.084911464	5.662179968	23.72838474	23.07387	26.1593272	24.13976948	23.86259517	33.98458224	9.279317173	8.157784975	7.723471791
HGNC:11005	135.8425568	112.6645421	132.4829626	88.84824232	88.96437829	78.98612052	75.75930715	62.09975179	68.54102498	104.7475424	69.17048536	100.562183	70.2186711	53.92746307	47.63144649
HGNC:11037	0.096517132	0.143027307	0.056233757	0.040267785	0.101752635	0.0	0.09545775	0.053708932	0.109692575	0.0	0.253110549	0.0	0.136452309	0.226398287	0.914833488
HGNC:13445	0.0	0.0	0.0	0.0	0.0	0.0	0.0	0.0	0.0	0.0	0.0	0.0	0.0	0.0	0.0
HGNC:11006	0.0	0.0	0.0	0.0	0.026302469	0.0	0.0	0.0	0.0	0.0	0.0	0.0	0.0	0.0	0.0
HGNC:11009	0.05754272	0.0	0.335261033	0.288087864	0.303320421	0.18067841	1.024400265	2.17741599	1.30795622	3.270933728	2.474799815	3.242881762	0.108468993	0.269953594	0.0
HGNC:14679	0.0	0.005538728	0.0	1.71218682	1.60766997	1.584328085	0.0	0.0	0.0	0.020341899	0.011762038	0.005642083	0.052841114	0.0263018	0.05978289
HGNC:18070	0.161802078	0.511513815	0.263957991	0.13501046	0.034115783	0.101608482	0.192031347	0.144060919	0.257445291	0.078275812	0.033945321	0.195397066	0.30499963	0.75907173	1.226907232
HGNC:26441	0.0	0.0	0.0	0.0	0.0	0.0	0.0	0.0	0.0	0.0	0.0	0.018318963	0.0	0.0	0.0
HGNC:13447	35.73469647	27.35745949	36.86273075	62.72151714	59.64332641	64.77293067	46.18289659	38.0279409	32.84020404	33.81338651	27.88602936	42.58104781	68.53209626	50.9194273	84.01598426
HGNC:29437	0.191070089	0.099348748	0.128900462	0.008391168	0.053009092	0.021050563	0.467459241	0.537220335	0.548596666	0.072974958	0.031646537	0.060721578	0.549733649	0.63690051	1.310628019
HGNC:11047	7.360199785	5.596799763	9.501813585	0.14015822	0.16098441	0.079911114	0.0	0.0	0.017354631	0.0	0.064072015	0.046101655	0.561296577	0.161184696	0.343750884
HGNC:27960	0.016123117	0.047785215	0.0	0.901378344	0.594919621	0.523124793	0.015946148	0.0	0.0	0.03899981	0.0	0.0	0.0	0.0	0.0
HGNC:13448	105.8807931	79.51088321	119.0733037	353.1794913	329.6428308	351.7902197	382.9972915	316.4804158	218.0291246	96.83900186	107.787066	109.4661955	576.6985114	355.6952521	653.8434915
HGNC:18044	7.869711953	8.213007676	7.428724744	0.0	0.0	0.0	0.0	0.0	0.0	0.960265552	2.204637919	1.222038747	0.330145526	0.24649617	0.58102643
HGNC:9225	0.497546696	0.527504248	0.650474844	4.263000754	3.850860094	3.416621631	2.664463353	2.849735456	1.461937064	0.058707485	0.381888933	0.036637341	0.057188041	0.185025708	0.17253567
HGNC:3793	0.0	0.0	0.0	0.0	0.0	0.0	0.0	0.0	0.0	0.0	0.0	0.0	0.0	0.0	0.0
HGNC:11060	2.172797183	2.049681785	2.183063672	4.069604695	3.9120756	4.110705521	33.31635592	25.50879639	19.04549233	0.093629316	0.324828534	0.041550837	0.12160805	0.096849149	0.165100548
HGNC:11061	0.0	0.0	0.0	0.0	0.0	0.0	0.0	0.0	0.0	0.0	0.0	0.0	0.0	0.0	0.0
HGNC:11057	7.244256291	6.409826167	7.401625892	22.48802104	20.16818148	18.86778785	24.94182546	15.89003011	16.50628956	9.776914676	8.64115934	9.086355728	8.679722661	5.88764254	7.687243084
HGNC:17027	0.242826981	0.205996337	0.246049102	0.110119046	0.139129868	0.127075422	0.391567969	0.390690503	0.320970938	0.252185261	0.215958122	0.220465126	0.0	0.0	0.0
HGNC:23087	8.994958	7.541439849	8.732079979	4.294193157	4.131156973	2.942839764	6.19716055	4.72223575	6.260953004	6.262642658	7.974132787	9.813966746	5.27615596	4.252686	3.542380806
HGNC:18761	2.049298054	1.638598679	1.940720069	5.250007745	5.108514236	4.9783798	2.365735316	1.876467932	2.344624271	3.017302271	2.430057038	3.193505197	2.047757021	0.924422508	1.047541669
HGNC:13557	0.009224245	0.009112848	0.0	0.0	0.009724608	0.0	0.018245998	0.01026604	0.052417182	0.01115615	0.0	0.018565794	0.121715	0.173097007	0.043715806
HGNC:11056	6.689881151	6.121611465	7.120948367	2.256614991	1.940761955	1.370575574	4.166957224	3.537905211	2.954967235	5.63500459	6.1614902	8.212595513	6.546747462	10.68413212	9.59016268
HGNC:18762	0.0	0.0	0.013551071	0.0	0.0	0.0	0.0	0.0	0.0	0.070324144	0.012198791	0.011703174	0.054803233	0.040917674	0.055113577
HGNC:11051	0.0	0.0	0.0	0.0	0.0	0.0	0.0	0.0	0.0	0.0	0.0	0.0	0.017907002	0.0	0.0
HGNC:1663	0.352686452	0.255271329	0.301093534	0.006130994	0.009037235	0.008971993	0.007266986	0.005451655	0.006958876	0.001481084	0.0	0.0	0.045013846	0.047396793	0.014509216
HGNC:10995	5.31375329	4.678539231	4.785725747	3.088490628	2.715470389	1.899843148	1.644828925	1.88477135	1.34843117	0.833993199	1.94664616	0.714366099	1.261621999	3.19934527	1.46580969
HGNC:10998	32.52656088	31.50403151	35.1855142	48.11172474	44.39006455	35.22518436	36.99677922	27.32238991	29.55682096	32.70895296	31.94175637	41.89725933	42.89514796	27.85306642	21.96605809
HGNC:10969	17.55322633	13.35724889	16.96815938	6.142566161	6.013864773	5.203039422	9.949326996	9.123189811	8.149753682	10.30439341	14.42884169	12.80958985	18.57579001	20.94830179	21.96127418
HGNC:10924	2.004481234	1.659767242	2.227729828	84.87587492	82.68403468	68.95366632	4.984848173	4.758327811	3.766125137	21.83266955	20.953616	37.63934996	72.39175954	31.85313853	30.36607581
HGNC:16270	2.609031359	2.388924002	4.078315462	0.902667253	0.536693931	0.333012137	2.643330819	3.399450958	3.616081983	0.07696246	0.934521518	0.448276713	0.119952875	0.074633563	0.452370578
HGNC:10928	0.037184863	0.01933463	0.036488436	1.26233725	1.221449573	1.46048374	0.557457618	0.48136771	0.255789812	0.026036869	0.053376704	0.019695421	0.684339664	0.420051366	0.862587535
HGNC:10919	0.005640309	0.011144388	0.005633507	0.0	0.000849466	0.0	0.000796914	0.0	0.0	0.0	0.008452218	0.0	0.0	0.0	0.0
HGNC:10918	0.330066753	0.280314975	0.371118239	0.004831814	0.006104754	0.012121365	0.011454172	0.070891099	0.013162238	0.189092449	0.631722131	0.0	0.0	0.0	0.0
HGNC:11004	80.20335722	77.76603529	79.91775709	19.81575852	19.50927283	15.80595013	53.20447616	46.19831876	60.16020462	38.32720964	46.16969832	35.98633175	16.1140737	18.58371093	10.7077525
HGNC:11003	39.85030414	29.82736344	40.58242445	63.84601994	64.04161613	55.93676284	56.41756064	17.78075857	30.69376406	12.27616124	10.15852024	11.72622522	9.127458033	2.551003403	1.380553343
HGNC:19660	3.080982989	2.27064248	2.653585405	5.606400096	5.998223624	5.740927685	1.86874242	1.906716995	1.562482983	2.404586853	2.337011092	2.838053327	4.99037317	2.80314971	4.385456672
HGNC:10941	0.0508893	0.077697314	0.059299244	0.413048348	0.473093278	0.474519954	0.009151042	0.0	0.015773493	0.386070284	1.019104949	0.256064383	9.156685646	6.961441467	8.654930321
HGNC:10944	0.0	0.0	0.0	0.0	0.0	0.0	0.0	0.0	0.0	0.383520044	0.376261388	0.538845991	0.0	0.03658177	0.104705938
HGNC:10945	0.0	0.0	0.0	0.05136114	0.086522951	0.042949162	0.020292561	0.007611687	0.0	0.0	0.007174219	0.0	0.0	0.0	0.0
HGNC:10939	0.551153649	0.559944356	0.624017581	1.12852971	1.153859316	1.219170525	0.266753086	0.321926994	0.168814596	0.231650452	0.188615437	0.208488517	0.022104976	0.0	0.0
HGNC:10940	0.134762401	0.099851202	0.143947081	0.0	0.0	0.0	0.264345083	0.214975041	0.188895682	0.146688053	0.082461525	0.187606671	0.008467646	0.0	0.0
HGNC:13724	30.14001672	28.61446082	38.4643345	21.37878021	22.97786078	22.07729327	33.21968143	18.81787428	24.41186629	5.730519622	5.099086038	6.07516227	21.76646258	6.514171512	5.062830252
HGNC:865	5.69181589	4.630079185	4.788942663	6.789039365	5.837539627	5.558850327	7.382261388	5.24909211	5.549513146	2.841315746	4.236180999	4.064071847	9.507141897	7.366166914	5.940378783
HGNC:11647	1.181209648	0.599241879	1.376415864	92.27551299	77.27489079	55.80027619	15.85023718	20.78515311	15.74663687	55.7539898	120.7582502	98.72804074	95.29246183	166.6188006	100.7265793
HGNC:851	9.213647893	6.947765107	8.303638126	11.19143261	11.98195318	13.95838924	21.51823074	17.17261624	12.50602366	7.080953359	5.52979183	9.395470929	15.10895704	5.806587115	10.99930502
HGNC:18266	0.0	0.0	0.0	0.0	0.004791164	0.00951315	0.0	0.0	0.002582513	0.008244693	0.0	0.0	0.0	0.0	0.0
HGNC:16832	253.3870919	320.0760849	240.3667691	93.60808731	89.66201869	80.86271535	167.7332432	254.4614968	288.5477712	1444.156326	1198.129727	1032.25614	263.0921353	539.9969408	466.4716333
HGNC:853	0.423343064	0.202778444	0.343818332	0.085635102	0.0	0.0	0.01268777	0.099942141	0.07289896	0.031030731	0.0	0.232382656	0.06045521	0.030091735	0.0
HGNC:854	5.730231605	5.470208944	7.292410672	29.84885866	30.78906282	33.3700933	19.1161154	11.35035505	15.07378133	20.32385899	15.89843791	16.28921439	15.9717784	7.339849674	9.871067076
HGNC:862	0.573773178	1.228161954	1.225756942	0.638355056	0.403264729	0.50044184	0.945792311	0.638575634	0.434732196	2.313143013	1.404374243	2.790870512	0.270393015	0.672944075	0.566508792
HGNC:18303	4.109617553	3.796542079	4.415889274	4.76172766	4.86668968	5.706073816	3.830075375	3.248129064	3.569469154	3.995612017	3.207528114	3.452917507	12.82086896	8.604275713	10.63690383
HGNC:18264	0.854602157	1.015499442	0.995833355	0.114693579	0.126008313	0.093823974	0.490583375	0.611910457	0.387146756	1.250424709	1.473199753	1.461459948	0.090122484	0.133174256	0.063726214
HGNC:863	17.30164404	20.02846897	19.22040625	24.2939738	24.40530223	27.31631128	45.87803941	55.99507386	52.71945171	30.39398497	19.72686197	26.0067223	45.73274995	42.52898759	43.50193054
HGNC:18265	0.0	0.0	0.0	0.0	0.0	0.0	0.0	0.0	0.0	0.0	0.0	0.0	0.0	0.0	0.0
HGNC:18481	5.899390557	5.312783542	6.069784429	9.941126224	10.58672691	10.63073788	7.094131042	4.875161617	5.736929646	3.321600002	3.532735779	3.40464704	3.998445329	3.014146433	2.781313175
HGNC:13527	4.938289288	5.441573161	5.606840493	11.61738632	12.03242626	14.45153915	12.1874457	12.58704819	12.95825544	9.494828106	7.214778007	9.568678868	11.24537038	6.507362572	8.817296038
HGNC:866	1.866493062	1.647103334	2.340794711	0.071255159	0.047157159	0.03830459	1.118060429	0.724112055	0.536098393	0.531154599	0.226076485	0.933042096	0.022995887	0.0	0.0
HGNC:864	289.6938018	325.2219326	259.2266445	54.49097385	56.31877651	64.16643805	138.0335823	198.5785161	172.8528017	174.5359121	140.8982499	165.3400894	143.9524787	167.4965909	213.7690756
HGNC:18125	1.683731012	1.71402249	1.816967514	1.325525028	1.142214963	1.103321251	2.193786149	2.370882136	2.030053684	0.761424458	0.58361211	0.692509006	0.689969824	0.540908936	0.537754709
HGNC:855	1.851817009	1.829453452	1.670591628	0.049844782	0.251905483	0.187565192	0.413562547	0.930757429	0.339452648	0.361235045	0.814602156	0.661274471	0.788223961	1.961702465	0.778532448
HGNC:857	35.14212513	35.13650771	36.27524011	49.70881769	51.89389784	59.27799423	33.45776589	31.53973153	36.1674836	22.40775556	17.84056427	21.82906012	57.93138843	37.78444406	35.37705713
HGNC:856	10.05262439	9.585288174	11.9179329	19.51538303	19.69613768	23.37922122	15.67821989	16.20551643	14.1028658	8.611197548	7.904900128	9.316323425	20.54452258	11.79011896	17.16552695
HGNC:861	378.9653592	485.0528123	474.428231	182.2848924	180.9711081	172.1612425	222.8548397	231.4948159	209.2379527	723.8706264	760.4796344	772.770344	522.0655205	473.6607596	408.7724576
HGNC:4136	122.7497135	152.016954	132.0475259	106.7414979	117.0040003	85.15439077	35.90077783	58.50870212	43.62530413	31.08436698	62.76142532	55.92870203	16.59493256	34.44999866	24.02490869
HGNC:1994	0.0	0.067861121	0.026680819	0.0	0.0	0.02396465	0.0	0.050965768	0.0	0.027692361	0.024018302	0.115212389	0.12948306	0.026854385	0.081385192
HGNC:1991	214.5099131	245.44886	249.8317448	50.86527893	53.84424992	37.82122904	65.5042114	94.85908812	68.03218938	231.2743087	257.0458057	262.0772811	10.55918788	8.244490637	10.8011718
HGNC:80	0.0	0.0	0.023967737	0.008581391	0.0	0.010763883	0.020342819	0.045783231	0.035064562	0.149258504	0.097091828	0.279441435	0.455572418	0.542782188	0.377731927
HGNC:549	3.166743223	3.373872436	2.387697461	6.217377587	3.796749304	3.509385275	1.105406377	1.865857782	0.917400236	2.478221442	5.27586313	1.624683308	4.857423707	7.500990748	10.07884807
HGNC:550	2.565914974	1.510169621	1.463170456	3.143234752	2.474879815	2.171313916	0.593941778	0.972157176	0.310232455	0.660279631	1.660765173	0.604351752	7.358099609	4.097916535	6.921111385
HGNC:4806	0.992000185	0.806145687	0.950851999	0.05340272	0.067471647	0.016746139	0.0	0.035614115	0.054552435	0.019351007	0.083918149	0.032203476	0.663526026	0.187654419	0.417052186
HGNC:28577	0.641455123	0.604233742	0.886524378	1.630618786	1.52549508	1.37396323	0.206553541	0.415059092	0.11867758	0.036083721	0.062592694	0.030024827	0.2671386	0.034991821	0.229767623
HGNC:3974	0.373252737	0.329929855	0.503610487	0.032784059	0.082842014	0.041121979	0.11657554	0.677771331	0.312572134	0.047518519	0.164856173	0.059309376	0.07406186	0.0	0.023275395
HGNC:10920	0.605905943	0.473429237	0.545574592	0.0	0.0	0.0	0.0	0.0	0.0	4.656645735	2.819669305	4.844808956	0.0	0.006460279	0.013052394
HGNC:29268	0.962418224	0.528219741	0.99685961	0.237943247	0.263050644	0.037307375	1.445408877	1.229798243	1.174818816	1.163984869	1.944326724	1.363127149	0.235170767	0.292642128	0.126697775
HGNC:4092	1.344936107	1.227087915	1.216884465	1.333482819	1.301123691	1.465617405	0.485122266	0.616343574	0.458559536	0.0	0.008298862	0.0	0.082022054	0.018557585	0.03749388
HGNC:17366	0.602322227	0.371222763	0.540884283	5.307146043	5.097435035	5.945523805	0.060117632	0.067649903	0.018840675	0.046782554	0.179692484	0.055610281	0.33332477	0.116657759	0.222601951
HGNC:17929	14.27752474	12.45057907	13.53425295	4.152101354	4.458440163	4.590189029	5.457664513	3.902111371	5.189751971	0.480874788	1.428166501	0.485006165	3.588449805	2.600106431	3.069168192
HGNC:4189	9.0145157	9.309719137	9.417604187	7.945058673	7.382030316	7.636955768	11.09996739	10.30574357	10.3752321	6.727492375	7.37946851	7.310153013	5.597352367	4.240546264	4.128745009
HGNC:23408	10.18947332	8.857491732	9.755655871	5.095298139	4.687735076	3.854996077	6.806296486	8.629940775	8.069120078	7.312060618	11.37482186	10.37619196	9.192567833	17.35042575	11.74239545
HGNC:5008	57.06192092	51.3376034	51.38014341	0.0	0.019121807	0.0	0.0	0.0	0.0	0.043873387	0.0	0.018253257	0.034190298	0.021272885	0.0
HGNC:7223	68.38516862	73.22296671	71.70481231	64.60995287	66.87497166	48.50837577	41.56746066	56.13893396	39.85441971	35.56832009	49.71037017	51.13733768	64.24307675	71.77832349	67.48260736
HGNC:1795	0.124125044	0.122626042	0.289275794	0.103572089	0.163572647	0.0	0.061381317	0.0	0.035267303	0.150121505	0.260408549	0.0	0.029247224	0.036394701	0.0
HGNC:11573	138.4011333	121.2145272	128.7566154	0.0	0.0	0.0	0.588599263	0.735940186	0.638795966	0.039987469	0.034682169	0.0	0.0	0.038777442	0.195865563
HGNC:5147	0.094540275	0.217929962	0.220327924	0.065738371	0.033222848	0.016491503	0.576599316	0.455943533	0.393968151	0.057170286	0.082642119	0.079284504	0.16335917	0.092400506	0.112011992
HGNC:4892	8.345357316	6.777494585	7.872220441	0.0	0.0	0.0	0.02068611	0.0	0.023770858	0.10961693	0.138953732	0.063146021	0.026284275	0.065415325	0.148686298
HGNC:4643	23.32789085	23.64068471	22.06818043	31.93001169	33.7364783	30.38075262	109.12736	109.1688377	117.6762315	43.41217166	35.94440054	46.34683198	17.48262206	17.06359809	13.79855521
HGNC:3579	8.69543535	9.079752484	10.24787224	14.09794924	13.79708528	14.08916685	10.13492891	8.562754948	8.644006962	9.717859055	8.936573416	10.37902426	12.45926631	11.55383087	7.681166722
HGNC:21298	6.538784055	6.464624526	6.247438718	7.887762949	7.329447017	7.052484097	9.464744023	7.20147517	7.586206479	5.831158915	6.547721671	6.526503458	10.89046848	12.21667794	9.851161674
HGNC:11063	205.6325086	185.0444258	237.140489	75.89663695	68.26386157	55.76175425	529.2818457	449.8312612	456.2224804	136.948716	151.64178	177.0759709	561.305535	532.5259202	554.3780452
HGNC:6469	0.648641835	0.577778138	0.609625194	4.393787812	3.972922454	5.028239586	4.639993912	4.501815882	5.689634861	1.576700071	1.494671475	1.299111729	13.49580991	9.887295025	11.21276666
HGNC:6381	0.794251545	0.820057912	0.974220238	0.004982987	0.0	0.018750908	0.029531344	0.013292557	0.027148088	0.55613554	0.732922606	0.582949399	0.135083682	0.336191243	0.162735357
HGNC:4796	0.0	0.0	0.034655251	0.0	0.0	0.0	0.161776653	0.165496371	0.084500485	0.8093053	0.904711676	0.70334261	0.014015274	0.0	0.017618301
HGNC:19288	0.005973791	0.0	0.020883053	0.019938541	0.025191342	0.01250474	0.0	0.0	0.0	0.0	0.0	0.006011775	0.0	0.007006301	0.0
HGNC:14411	0.009204768	0.006820205	0.011619773	0.083846751	0.097040744	0.110791214	0.050070547	0.047807028	0.061896029	0.007421729	0.002413897	0.00540359	0.0506075	0.036885375	0.027264688
HGNC:18155	10.29802707	10.56257254	11.6342276	5.055739204	5.13058762	4.227705204	6.878398218	7.422726087	7.151961317	8.64592354	11.90357558	10.09365347	5.613872484	6.550858914	6.881327993
HGNC:12437	10.31842306	9.193927274	11.71812262	21.83519789	22.87678476	24.01289634	16.59036715	11.63126448	14.46327424	24.86350788	16.0375372	25.27632323	12.10335713	5.204460349	7.191573646
HGNC:18606	1.246212719	0.41038759	1.694188201	3.119584526	2.846594042	1.739103911	1.643378885	3.005082377	3.068718861	0.251202771	1.960872094	1.045113915	2.153370881	2.192411996	1.722608662
HGNC:8527	2.173703869	2.2008059	2.023196919	1.816029351	1.978474957	2.340073243	1.265871512	1.147994907	1.074101601	0.039189457	0.430540404	0.021739381	7.372897822	4.037880055	4.981277866
HGNC:93	15.10643989	15.1950924	16.10516076	40.9243177	44.99136634	48.71754151	19.89703416	17.64838149	19.564985	37.76327303	21.13345375	33.64605376	42.89079218	16.29462033	17.48755107
HGNC:4455	0.556179813	1.448584485	1.001599599	0.084379288	0.266522449	0.211678692	0.850116107	0.787812147	1.149278689	0.794967521	1.48506819	1.170315803	0.476549215	1.660425136	0.958495718
HGNC:25625	0.027333691	0.036004792	0.042467794	0.038012843	0.019210925	0.019072237	0.036044898	0.030420782	0.051774969	0.363642352	0.124247083	0.320920724	0.025762233	0.117546158	0.010795051
HGNC:10547	16.25217296	13.67981374	15.48235946	10.52153924	11.61944673	11.75552118	22.17074136	22.99945617	16.87843335	7.879340993	5.364288643	9.141227008	47.6480705	23.60740187	49.02454495
HGNC:3133	191.2125114	246.4516736	188.2590715	41.48913064	44.00904433	41.64330214	146.6859687	172.6588892	186.1801448	210.2635983	161.472489	196.9221916	240.7496563	242.3861944	193.9733598
HGNC:5215	3.669854907	3.69330275	3.836710526	9.444139204	9.672308893	10.01529938	5.223873168	5.343985273	5.457151034	2.364413709	2.87819975	2.174494746	8.517869029	6.456228381	6.379878773
HGNC:13398	9.412378712	9.095723281	9.622533939	9.282567352	10.64499037	11.97108317	14.55388516	12.09791365	14.65590201	8.236013638	7.091991329	7.749108648	18.43411689	10.32774632	9.088412729
HGNC:457	19.86500599	14.92008916	22.5570583	83.46781913	91.04385744	98.47949916	89.67398113	66.93034273	49.59888767	34.29709427	33.41286685	43.04420222	64.97558102	25.93202718	46.64330014
HGNC:5006	22.54161066	20.03081831	24.67230112	38.64953082	41.6031493	44.02860751	59.78103098	35.20762577	43.59533624	18.8987984	14.2305907	16.62871278	60.2699905	31.02805823	37.74259331
HGNC:7530	38.74555522	43.41649154	44.84645374	12.48649372	13.71761021	11.60692555	12.31076717	11.25573348	14.44129019	29.86885107	33.69863942	41.00291727	30.3502049	29.94900216	27.001409
HGNC:9141	17.5121116	18.33988594	17.16136079	16.91012074	16.4070811	15.7057413	33.17096866	26.7556314	28.72876541	27.39155343	19.92765904	26.99565563	33.68133457	14.73285281	14.84652336
HGNC:5387	56.40318049	44.8020038	51.12383747	63.39398043	73.90938059	83.99391073	97.90295614	90.45268654	86.64621842	88.49784107	70.99874428	90.01890875	97.36572078	63.93203801	71.26706612
HGNC:23487	0.0	0.0	0.06356121	0.0	0.115011356	0.0	0.0	0.060707392	0.0	0.0	0.0	0.054893658	0.205643358	0.0	0.0
HGNC:7529	73.47460174	74.02234108	96.56021224	31.28846676	31.1977548	25.66901573	66.82127558	54.66564622	67.49470005	24.55477438	36.88880075	35.39006871	96.72772446	90.09634462	66.48065192
HGNC:4249	11.30089066	11.38246989	12.60263842	2.431084009	2.629434823	2.633553705	4.082170174	6.853604132	7.174333591	21.62276496	12.98887092	16.25947392	7.093855096	12.11510818	11.66340156
HGNC:11279	29.62427558	28.85697438	34.65002479	8.953656257	11.00993067	11.51451729	154.7586276	144.0710334	144.44006	99.92701967	78.60781327	104.9379256	160.25345	119.8854666	151.4095309
HGNC:6708	19.5579594	17.04699251	20.71530984	28.02629197	27.45906297	21.64084499	9.588665806	6.110903867	9.217435994	12.97707685	17.36708163	17.05550693	23.41534127	23.74742959	19.73741472
HGNC:2649	0.221633442	0.048657083	0.114782441	2.95895661	2.557232802	2.126382286	2.484275405	0.671476729	0.923590682	0.178701224	0.18082424	0.260216468	1.172112726	0.0	0.08753096
HGNC:6518	14.34133756	12.17340023	14.14907673	49.0321522	49.84840393	53.4400936	16.76903838	15.14530769	11.91387198	12.81218403	14.41992873	18.3712002	35.07598064	13.86806115	27.93720424
HGNC:11863	251.3668698	269.1286563	220.873203	41.47497553	44.3871888	26.23020712	145.1658286	180.3680789	185.9915042	61.83306406	79.83072141	79.95010952	18.10918508	44.97148889	24.7442056
HGNC:1334	0.223304492	0.128687851	0.184313787	0.287257426	0.235417484	0.204503209	1.113469626	1.273689092	0.729639151	0.168795542	0.448962303	0.224724362	0.517396458	0.556538387	0.308668212
HGNC:19340	0.0	0.0	0.0	1.337617311	2.286486948	1.973895911	0.0	0.0	0.0	3.079263801	1.483736302	1.992836309	0.088876073	0.0	0.0
HGNC:10545	30.3401493	27.0318328	33.70447908	46.72220408	53.00966506	56.12692609	54.87225491	52.59252698	45.38399323	41.44739017	29.03524314	41.80794659	116.9369916	71.9698487	98.87655885
HGNC:3629	14.56806911	15.03464324	16.70276031	51.770895	55.65556679	54.21005427	37.04957623	26.33712394	35.75467306	20.0732707	17.79210732	19.17235514	62.97244801	31.52776151	32.07548766
HGNC:4378	11.87474149	12.51138529	14.44452391	22.56431509	24.51001603	30.2205422	40.05653014	34.13385788	37.70715728	27.56259518	22.04894342	25.18848115	15.77878697	9.024516016	8.878136526
HGNC:6052	110.6186873	100.736935	113.8780121	65.13789057	65.3494127	47.83014648	55.94383616	52.85623664	48.82016443	225.775729	296.6973623	306.3426558	155.1656095	169.5774522	142.3606718
HGNC:6053	193.2128134	230.1608429	208.6267948	698.9732662	693.1870827	656.4829923	514.1779062	396.1117062	458.3371111	285.1964745	315.751576	258.7796615	402.3177888	358.3726347	304.7551652
